Protein1,Protein2,tmscore_max,tmscore_cp_max,tmscore_min,tmscore_cp_min,progres_score,cirpin_score,Protein1_sccs,Protein2_sccs,tm_score_min_difference
1fp3A,1vd5A,0.6776,0.6776,0.6776,0.6776,0.9394007325172424,0.9837052226066588,a.102.1.3,a.102.1.7,0.0
1fp3A,1wu4A,0.67768,0.67887,0.67768,0.67887,0.9716490507125854,0.990783989429474,a.102.1.3,a.102.1.2,0.0011900000000000244
1fp3A,2drqA,0.67558,0.67691,0.67558,0.67691,0.976585566997528,0.9908779859542848,a.102.1.3,a.102.1.2,0.0013300000000000534
1fp3A,1wu6A,0.67434,0.67558,0.67434,0.67558,0.9746748208999634,0.9909331798553468,a.102.1.3,a.102.1.2,0.0012399999999999078
1fp3A,1hzfA,0.54695,0.55763,0.54695,0.55763,0.9116744995117188,0.9482427835464478,a.102.1.3,a.102.4.4,0.010679999999999912
1fp3A,1ks8A,0.63233,0.69125,0.59385,0.64707,0.958749771118164,0.9824199676513672,a.102.1.3,l.1.1.1,0.053220000000000045
1nc5A,2drqA,0.6585,0.66306,0.63718,0.64225,0.9683833122253418,0.9936727285385132,a.102.1.6,a.102.1.2,0.005070000000000019
1nc5A,1ghqA,0.58885,0.64552,0.58885,0.64552,0.9208002090454102,0.9636214971542358,a.102.1.6,l.1.1.1,0.05667
1nc5A,1c3dA,0.57529,0.62801,0.57529,0.62801,0.9138580560684204,0.9693883061408995,a.102.1.6,l.1.1.1,0.05271999999999999
1nc5A,1qqfA,0.53718,0.59195,0.53718,0.59195,0.9080404043197632,0.9644803404808044,a.102.1.6,a.102.4.4,0.054769999999999985
1v5cA,1fo2A,0.65778,0.67728,0.57082,0.58921,0.9280219078063964,0.9805784225463868,a.102.1.2,a.102.2.1,0.018390000000000017
1vd5A,2afaA,0.73364,0.73364,0.69877,0.69877,0.971409022808075,0.9937114715576172,a.102.1.7,l.1.1.1,0.0
1vd5A,1ghqA,0.57596,0.61819,0.57596,0.61819,0.9151842594146729,0.9391846656799316,a.102.1.7,l.1.1.1,0.04222999999999999
1vd5A,2nvpA,0.61825,0.62826,0.56273,0.57304,0.9313035011291504,0.9689638018608092,a.102.1.7,l.1.1.1,0.010310000000000041
1wzzA,2ahfA,0.74067,0.74067,0.62434,0.62434,0.9641945362091064,0.9836954474449158,a.102.1.2,a.102.1.7,0.0
1wzzA,1kktA,0.69636,0.69412,0.4842,0.4825,0.9230562448501588,0.9715998768806458,a.102.1.2,a.102.2.1,-0.0017000000000000348
1wzzA,2h6gB,0.62184,0.56706,0.49232,0.45035,0.9066227078437804,0.971098780632019,a.102.1.2,,-0.04197000000000001
1wzzA,1ks8A,0.62796,0.67413,0.47413,0.50758,0.9838312864303588,0.9850889444351196,a.102.1.2,l.1.1.1,0.033450000000000035
2ahfA,1fp3A,0.71519,0.71519,0.67707,0.67707,0.9414584040641784,0.9827525019645692,a.102.1.7,a.102.1.3,0.0
2ahfA,2afaA,0.73321,0.73321,0.69841,0.69841,0.9735706448554992,0.9930429458618164,a.102.1.7,l.1.1.1,0.0
2ahfA,1ghqA,0.57578,0.61872,0.57578,0.61872,0.9154540300369264,0.93919038772583,a.102.1.7,l.1.1.1,0.04294000000000009
2ahfA,1qqfA,0.53496,0.56075,0.53496,0.56075,0.8936168551445007,0.9422563314437866,a.102.1.7,a.102.4.4,0.02578999999999998
2gh4A,1hzfA,0.59563,0.64756,0.59563,0.64756,0.932772159576416,0.9608749151229858,a.102.1.6,a.102.4.4,0.05193000000000003
2gh4A,1gszA,0.69203,0.69203,0.42755,0.42755,0.8472675085067749,0.9462058544158936,a.102.1.6,a.102.4.2,0.0
2gh4A,1c3dA,0.57534,0.62831,0.57534,0.62831,0.9136641025543212,0.9700316190719604,a.102.1.6,l.1.1.1,0.05297000000000007
2gh4A,1qqfA,0.53695,0.59287,0.53695,0.59287,0.907025933265686,0.9652262330055236,a.102.1.6,a.102.4.4,0.05591999999999997
2sqcA,1kwfA,0.41481,0.41481,0.41481,0.41481,0.8591132760047913,0.9589436650276184,a.102.4.2,a.102.1.2,0.0
1a22A,2ffxJ,0.41235,0.53224,0.41235,0.53224,0.6564913988113403,0.926900327205658,a.26.1.1,a.25.1.1,0.11989000000000005
1a22A,1gwgA,0.41125,0.53075,0.41125,0.53075,0.6418503522872925,0.9374778270721436,a.26.1.1,a.25.1.1,0.11950000000000005
1a22A,1z4aA,0.41745,0.51502,0.41745,0.51502,0.6326425075531006,0.9488695859909058,a.26.1.1,a.25.1.1,0.09757000000000005
1a22A,2fg4A,0.41156,0.53157,0.41156,0.53157,0.6565232872962952,0.9235975742340088,a.26.1.1,a.25.1.1,0.12001
1a22A,1h96A,0.41031,0.52546,0.41031,0.52546,0.646377682685852,0.9328633546829224,a.26.1.1,a.25.1.1,0.11515000000000003
1a22A,2chiA,0.41688,0.52909,0.41688,0.52909,0.6483619213104248,0.9391372799873352,a.26.1.1,a.25.1.1,0.11220999999999998
1a22A,2gydA,0.41096,0.52951,0.41096,0.52951,0.6422522664070129,0.9404563903808594,a.26.1.1,a.25.1.1,0.11855000000000004
1a22A,1mfrA,0.4096,0.52833,0.4096,0.52833,0.6453571319580078,0.9361695647239684,a.26.1.1,a.25.1.1,0.11872999999999995
1a22A,1s3qA,0.39113,0.4875,0.39113,0.4875,0.585935115814209,0.9654630422592164,a.26.1.1,a.25.1.1,0.09637000000000001
1a22A,1vlgA,0.41867,0.52106,0.41867,0.52106,0.631264328956604,0.9496623277664183,a.26.1.1,a.25.1.1,0.10238999999999998
1a22A,1rcdA,0.41812,0.53148,0.41812,0.53148,0.6581583619117737,0.9329793453216552,a.26.1.1,a.25.1.1,0.11335999999999996
1a22A,2itbA,0.45927,0.57668,0.43136,0.54236,0.7276570200920105,0.9272656440734864,a.26.1.1,a.25.1.7,0.11099999999999993
1a22A,1rccA,0.43432,0.5325,0.43432,0.5325,0.6629314422607422,0.9352961778640748,a.26.1.1,a.25.1.1,0.09817999999999999
1a22A,2cn7A,0.41229,0.53343,0.41229,0.53343,0.6527019143104553,0.9353854656219482,a.26.1.1,a.25.1.1,0.12113999999999997
1a22A,1bcfA,0.43853,0.54378,0.43853,0.54378,0.637854278087616,0.958999514579773,a.26.1.1,a.25.1.1,0.10525000000000007
1a22A,1aewA,0.40835,0.5268,0.40835,0.5268,0.6500692367553711,0.9293696880340576,a.26.1.1,a.25.1.1,0.11845000000000006
1a22A,2cluA,0.41268,0.53287,0.41268,0.53287,0.6512675285339355,0.9369253516197203,a.26.1.1,a.25.1.1,0.12018999999999996
1a22A,1yuzA,0.4347,0.52277,0.39885,0.48143,0.7283245325088501,0.8776348829269409,a.26.1.1,g.41.5.1,0.08258000000000004
1a22A,1sofA,0.43463,0.54075,0.43463,0.54075,0.6330497860908508,0.9522469639778136,a.26.1.1,a.25.1.1,0.10611999999999994
1a22A,1yuxA,0.43475,0.52275,0.39886,0.48144,0.7190495729446411,0.8883278369903564,a.26.1.1,g.41.5.1,0.08257999999999999
1a22A,1jgcA,0.43411,0.53146,0.43411,0.53146,0.6108015179634094,0.9324508905410768,a.26.1.1,a.25.1.1,0.09735000000000005
1a22A,1fhaA,0.41618,0.52396,0.41618,0.52396,0.6456060409545898,0.9371616840362548,a.26.1.1,a.25.1.1,0.10777999999999999
1a22A,1n1qA,0.43114,0.53084,0.43114,0.53084,0.6098855137825012,0.9329615831375122,a.26.1.1,a.25.1.1,0.09969999999999996
1a22A,1krqA,0.42379,0.53164,0.42379,0.53164,0.6297049522399902,0.9430052042007446,a.26.1.1,a.25.1.1,0.10785
1a22A,1eumA,0.42241,0.53311,0.42241,0.53311,0.6402709484100342,0.9411520957946776,a.26.1.1,a.25.1.1,0.11069999999999997
1a22A,1rytA,0.44573,0.56599,0.42584,0.54161,0.6303572654724121,0.8950601816177368,a.26.1.1,g.41.5.1,0.11577000000000004
1a22A,1umnA,0.42445,0.54107,0.42445,0.54107,0.5982449054718018,0.9519091844558716,a.26.1.1,a.25.1.1,0.11662000000000006
1a22A,1nf4A,0.43218,0.5399,0.43218,0.5399,0.649833619594574,0.9507951736450196,a.26.1.1,a.25.1.1,0.10772000000000004
1a22A,2clbA,0.45272,0.53663,0.45272,0.53663,0.5994457602500916,0.9454264640808104,a.26.1.1,,0.08391000000000004
1a22A,2fjcA,0.42277,0.54352,0.42277,0.54352,0.6469355225563049,0.9574409127235411,a.26.1.1,a.25.1.1,0.12075000000000002
1a7dA,1ji4A,0.46125,0.46125,0.39781,0.39781,0.4267063736915588,0.7587981224060059,a.24.4.1,a.25.1.1,0.0
1a7dA,2bkcA,0.48649,0.56661,0.40322,0.46935,0.4489962160587311,0.7734907865524292,a.24.4.1,a.25.1.1,0.06612999999999997
1a7mA,1krqA,0.42017,0.50843,0.42017,0.50843,0.5492837429046631,0.9623934030532836,a.26.1.1,a.25.1.1,0.08826000000000006
1a7mA,2fzfA,0.46697,0.5884,0.46697,0.5884,0.5855056047439575,0.988734006881714,a.26.1.1,a.25.1.1,0.12143000000000004
1aewA,1lkiA,0.47263,0.56956,0.46807,0.56431,0.6052674651145935,0.9276395440101624,a.25.1.1,a.26.1.1,0.09623999999999999
1aewA,1pvhB,0.4754,0.57409,0.4754,0.57409,0.6192752122879028,0.9473930597305298,a.25.1.1,a.26.1.1,0.09869
1aewA,1f6fA,0.49907,0.59085,0.46934,0.55673,0.6050724983215332,0.9425144791603088,a.25.1.1,a.26.1.1,0.08738999999999997
1aluA,2gs4A,0.5025,0.63595,0.5025,0.63595,0.6096274852752686,0.9111160039901732,a.26.1.1,a.25.1.4,0.13345000000000007
1aluA,2gyqA,0.50613,0.65562,0.49262,0.63897,0.6097630262374878,0.8925144672393799,a.26.1.1,a.25.1.4,0.14635000000000004
1aluA,2clbA,0.48948,0.64593,0.4703,0.61984,0.5859416723251343,0.9619321823120116,a.26.1.1,,0.14953999999999995
1aluA,1n1qA,0.48005,0.62326,0.48005,0.62326,0.5996958613395691,0.9476841688156128,a.26.1.1,a.25.1.1,0.14321000000000006
1aluA,2ib0A,0.49646,0.65294,0.49646,0.65294,0.5935946702957153,0.9908885955810548,a.26.1.1,a.25.1.9,0.15647999999999995
1aluA,1mfrA,0.48437,0.57711,0.45104,0.54098,0.6518023014068604,0.95079505443573,a.26.1.1,a.25.1.1,0.08994000000000002
1aluA,2cf7A,0.49906,0.62925,0.49906,0.62925,0.6288533210754395,0.9707269668579102,a.26.1.1,a.25.1.1,0.13018999999999997
1aluA,2chiA,0.47754,0.57918,0.44246,0.53886,0.6546446084976196,0.9537229537963868,a.26.1.1,a.25.1.1,0.09639999999999999
1aluA,2ffxJ,0.48226,0.58944,0.44494,0.54571,0.6630786061286926,0.9416078329086304,a.26.1.1,a.25.1.1,0.10077000000000003
1aluA,1bcfA,0.48743,0.63199,0.48483,0.62869,0.6273817420005798,0.9747380018234252,a.26.1.1,a.25.1.1,0.14386
1aluA,1jigA,0.48924,0.61423,0.48924,0.61423,0.5823158621788025,0.949720859527588,a.26.1.1,a.25.1.1,0.12499000000000005
1aluA,1krqA,0.48551,0.58768,0.46573,0.56519,0.6277754306793213,0.959850549697876,a.26.1.1,a.25.1.1,0.09945999999999999
1aluA,1h96A,0.47864,0.57687,0.45458,0.55112,0.6500716805458069,0.9455618858337402,a.26.1.1,a.25.1.1,0.09654000000000007
1aluA,1gwgA,0.4839,0.57678,0.45741,0.54829,0.6448895335197449,0.9511306881904602,a.26.1.1,a.25.1.1,0.09088000000000007
1aluA,1vlgA,0.47614,0.58057,0.45936,0.56081,0.6280271410942078,0.9645718336105348,a.26.1.1,a.25.1.1,0.10145000000000004
1aluA,1z4aA,0.47551,0.57569,0.45891,0.55622,0.630426287651062,0.964504897594452,a.26.1.1,a.25.1.1,0.09731000000000006
1aluA,1umnA,0.46151,0.62819,0.46151,0.62819,0.5843909978866577,0.971064567565918,a.26.1.1,a.25.1.1,0.16668000000000005
1aluA,1jgcA,0.47991,0.61118,0.47242,0.60195,0.6076205968856812,0.9535001516342164,a.26.1.1,a.25.1.1,0.12952999999999998
1aluA,2fg4A,0.48493,0.5722,0.4513,0.53698,0.6635029315948486,0.9309502243995668,a.26.1.1,a.25.1.1,0.08568000000000003
1aluA,1yuzA,0.51177,0.62378,0.417,0.50817,0.6241288781166077,0.8920960426330566,a.26.1.1,g.41.5.1,0.09117000000000003
1aluA,1r03A,0.47671,0.59514,0.44396,0.55559,0.6516406536102295,0.9284743070602416,a.26.1.1,a.25.1.1,0.11163000000000001
1aluA,1vjxA,0.48158,0.65284,0.48158,0.65284,0.6356519460678101,0.9776172637939452,a.26.1.1,l.1.1.1,0.17125999999999997
1aluA,2fkzA,0.48844,0.62883,0.48844,0.62883,0.6413314342498779,0.9680583477020264,a.26.1.1,a.25.1.1,0.14039000000000001
1aluA,2d5kA,0.48104,0.62659,0.48104,0.62659,0.5809414386749268,0.9479607343673706,a.26.1.1,l.1.1.1,0.14554999999999996
1aluA,1bg7A,0.47102,0.53339,0.47102,0.53339,0.6317970156669617,0.968514084815979,a.26.1.1,a.25.1.1,0.062370000000000037
1aluA,1rciA,0.48774,0.59294,0.45403,0.55377,0.6561839580535889,0.946189820766449,a.26.1.1,a.25.1.1,0.09974
1aluA,2cluA,0.48003,0.58155,0.44533,0.5411,0.6563782691955566,0.950796365737915,a.26.1.1,a.25.1.1,0.09577000000000002
1aluA,2c41A,0.50233,0.64973,0.50233,0.64973,0.625258207321167,0.9453760385513306,a.26.1.1,a.25.1.0,0.14739999999999998
1aluA,2bw1A,0.46174,0.63343,0.46174,0.63343,0.5953787565231323,0.9662176370620728,a.26.1.1,a.25.1.1,0.17169000000000006
1aluA,1rccA,0.48675,0.59065,0.4532,0.55148,0.6661025285720825,0.9487482309341432,a.26.1.1,a.25.1.1,0.09827999999999998
1aluA,1sofA,0.48782,0.62717,0.48782,0.62717,0.6186765432357788,0.9711924195289612,a.26.1.1,a.25.1.1,0.13935000000000003
1aluA,2fjcA,0.49354,0.63723,0.49354,0.63723,0.6322133541107178,0.9698594212532043,a.26.1.1,a.25.1.1,0.14368999999999998
1aluA,2ah6A,0.39849,0.39849,0.39849,0.39849,0.6823467016220093,0.8552194237709045,a.26.1.1,a.25.2.2,0.0
1aluA,1ji4A,0.50824,0.612,0.50824,0.612,0.5658919811248779,0.9609977006912231,a.26.1.1,a.25.1.1,0.10375999999999996
1aluA,1z6oM,0.48509,0.57232,0.41122,0.48968,0.6495164632797241,0.944920301437378,a.26.1.1,a.25.1.1,0.07846000000000003
1aluA,1rytA,0.45546,0.63173,0.3899,0.53876,0.5602283477783203,0.9266806840896606,a.26.1.1,g.41.5.1,0.14886
1aluA,2iy4A,0.44579,0.64378,0.44579,0.64378,0.5782277584075928,0.9690986275672911,a.26.1.1,a.25.1.1,0.19799
1aluA,1qghA,0.51676,0.6366,0.51676,0.6366,0.5737810730934143,0.970632016658783,a.26.1.1,a.25.1.1,0.11984000000000006
1aluA,2bk6A,0.51576,0.64066,0.51576,0.64066,0.575198769569397,0.9689330458641052,a.26.1.1,a.25.1.1,0.12490000000000001
1aluA,2bjyA,0.51851,0.64433,0.51851,0.64433,0.5946807265281677,0.9658589363098145,a.26.1.1,a.25.1.1,0.12581999999999993
1aluA,1o9rA,0.50103,0.64791,0.48826,0.63138,0.629660964012146,0.9650471210479736,a.26.1.1,a.25.1.1,0.14312000000000002
1aluA,1wy1A,0.43883,0.55885,0.43883,0.55885,0.6483132839202881,0.8636353015899658,a.26.1.1,,0.12001999999999996
1aluA,2bkcA,0.52037,0.63935,0.52037,0.63935,0.5984276533126831,0.9715312719345092,a.26.1.1,a.25.1.1,0.11897999999999997
1aluA,1ji5A,0.48022,0.60701,0.48022,0.60701,0.5813419222831726,0.953462302684784,a.26.1.1,a.25.1.1,0.12679000000000007
1au1A,1vjxA,0.50883,0.60777,0.50883,0.60777,0.6544356942176819,0.9554430842399596,a.26.1.3,l.1.1.1,0.09894000000000003
1au1A,1r03A,0.46848,0.60236,0.45721,0.5879,0.6852854490280151,0.8873897790908813,a.26.1.3,a.25.1.1,0.13068999999999997
1ax8A,2gyqA,0.5666,0.68539,0.46545,0.56649,0.6401215195655823,0.8605917692184448,a.26.1.1,a.25.1.4,0.10104000000000007
1ax8A,2cj4A,0.47776,0.47776,0.43071,0.43071,0.6478878259658813,0.683692216873169,a.26.1.1,a.29.6.1,0.0
1ax8A,1wy1A,0.45162,0.57933,0.41979,0.53835,0.6441447138786316,0.8333635330200195,a.26.1.1,,0.11856
1ax8A,2g2dA,0.3909,0.57633,0.3401,0.48739,0.6854546070098877,0.8277615308761597,a.26.1.1,a.25.2.0,0.14728999999999998
1ax8A,2nt8A,0.44627,0.56971,0.33863,0.43118,0.6718425750732422,0.8362360000610352,a.26.1.1,a.25.2.0,0.09255000000000002
1ax8A,1yuxA,0.54628,0.65,0.38044,0.45578,0.6782581806182861,0.9205089211463928,a.26.1.1,g.41.5.1,0.07534000000000002
1ax8A,1rytA,0.49263,0.61238,0.35558,0.44263,0.628495991230011,0.9337469339370728,a.26.1.1,g.41.5.1,0.08705000000000002
1ax8A,1rkeB,0.39482,0.39482,0.30959,0.30959,0.663070023059845,0.6875514984130859,a.26.1.1,a.24.9.1,0.0
1ax8A,1wvtA,0.45249,0.56937,0.40749,0.51355,0.6838769316673279,0.8616623878479004,a.26.1.1,a.25.2.0,0.10605999999999993
1axiA,2gydA,0.43806,0.53825,0.43806,0.53825,0.6340347528457642,0.943574070930481,a.26.1.1,a.25.1.1,0.10019
1axiA,1jgcA,0.43107,0.54152,0.43107,0.54152,0.595887303352356,0.9339160919189452,a.26.1.1,a.25.1.1,0.11044999999999999
1axiA,1gwgA,0.43812,0.53995,0.43812,0.53995,0.633677065372467,0.9402801394462584,a.26.1.1,a.25.1.1,0.10183000000000003
1axiA,2ffxJ,0.414,0.54251,0.414,0.54251,0.6473820805549622,0.9289171695709229,a.26.1.1,a.25.1.1,0.12851000000000007
1axiA,2fkzA,0.42289,0.5528,0.42289,0.5528,0.6347809433937073,0.9542090892791748,a.26.1.1,a.25.1.1,0.12990999999999997
1axiA,1rciA,0.44045,0.54199,0.44045,0.54199,0.6465101838111877,0.933076024055481,a.26.1.1,a.25.1.1,0.10153999999999996
1axiA,1aewA,0.43723,0.54153,0.43723,0.54153,0.6425468921661377,0.9329023361206056,a.26.1.1,a.25.1.1,0.10429999999999995
1axiA,2fg4A,0.41225,0.54154,0.41225,0.54154,0.6543247699737549,0.9241264462471008,a.26.1.1,a.25.1.1,0.12929000000000002
1axiA,1rcdA,0.43686,0.54296,0.43686,0.54296,0.6502964496612549,0.9349002838134766,a.26.1.1,a.25.1.1,0.10609999999999997
1axiA,2cluA,0.40695,0.54299,0.40695,0.54299,0.6402220726013184,0.9366942644119264,a.26.1.1,a.25.1.1,0.13604
1axiA,1s3qA,0.39306,0.51558,0.39306,0.51558,0.5806658267974854,0.9682217836380004,a.26.1.1,a.25.1.1,0.12252000000000002
1axiA,1rccA,0.4366,0.54124,0.4366,0.54124,0.6557863354682922,0.9371804594993592,a.26.1.1,a.25.1.1,0.10464000000000007
1axiA,1bcfA,0.42756,0.55635,0.42756,0.55635,0.6244893670082092,0.961063027381897,a.26.1.1,a.25.1.1,0.12879000000000002
1axiA,1z6oM,0.4002,0.5251,0.37527,0.49016,0.6272739768028259,0.9271891117095948,a.26.1.1,a.25.1.1,0.11488999999999999
1axiA,1fhaA,0.406,0.53934,0.406,0.53934,0.6357119679450989,0.93888521194458,a.26.1.1,a.25.1.1,0.13334000000000001
1axiA,1mfrA,0.43558,0.54367,0.43558,0.54367,0.6358290314674377,0.936963677406311,a.26.1.1,a.25.1.1,0.10808999999999996
1axiA,1vlgA,0.41605,0.53249,0.41605,0.53249,0.6203662157058716,0.9498921632766724,a.26.1.1,a.25.1.1,0.11644000000000004
1axiA,1eumA,0.40756,0.5479,0.40756,0.5479,0.6286773085594177,0.9415905475616456,a.26.1.1,a.25.1.1,0.14034000000000008
1axiA,1yuxA,0.44218,0.52862,0.39648,0.47652,0.6876393556594849,0.8904299736022949,a.26.1.1,g.41.5.1,0.08004
1axiA,1krqA,0.41406,0.54562,0.41406,0.54562,0.6184902787208557,0.943656861782074,a.26.1.1,a.25.1.1,0.13156
1axiA,2itbA,0.46394,0.59862,0.4266,0.5507,0.7058650255203247,0.9251612424850464,a.26.1.1,a.25.1.7,0.12409999999999999
1axiA,1mojA,0.45425,0.57818,0.4437,0.56518,0.6259083151817322,0.9215881824493408,a.26.1.1,a.25.1.1,0.12148000000000003
1axiA,2d5kA,0.44354,0.55199,0.44354,0.55199,0.5732054114341736,0.933603584766388,a.26.1.1,l.1.1.1,0.10844999999999999
1axiA,1n1qA,0.43686,0.53666,0.43686,0.53666,0.5990349650382996,0.9358181953430176,a.26.1.1,a.25.1.1,0.0998
1axiA,2cf7A,0.42512,0.54778,0.42512,0.54778,0.6355053186416626,0.9576961398124696,a.26.1.1,a.25.1.1,0.12266000000000005
1axiA,2bw1A,0.43043,0.53433,0.43043,0.53433,0.612468957901001,0.9572196006774902,a.26.1.1,a.25.1.1,0.10389999999999999
1axiA,1jreA,0.43217,0.56788,0.43217,0.56788,0.6134651303291321,0.9565712809562684,a.26.1.1,a.25.1.1,0.13571000000000005
1axiA,2clbA,0.45054,0.54972,0.45054,0.54972,0.5887733101844788,0.9394344091415404,a.26.1.1,,0.09917999999999999
1axiA,1jigA,0.44262,0.54214,0.44262,0.54214,0.5747575759887695,0.9358360767364502,a.26.1.1,a.25.1.1,0.09951999999999994
1axiA,1vjxA,0.43877,0.55853,0.43877,0.55853,0.6192014813423157,0.9576940536499025,a.26.1.1,l.1.1.1,0.11975999999999998
1axiA,1umnA,0.42806,0.52493,0.42806,0.52493,0.587446928024292,0.9556170701980592,a.26.1.1,a.25.1.1,0.09687000000000001
1b5lA,1vjxA,0.5166,0.65088,0.5166,0.65088,0.656674325466156,0.9534577131271362,a.26.1.3,l.1.1.1,0.13428000000000007
1b5lA,2gyqA,0.53253,0.66539,0.50583,0.63239,0.6576892733573914,0.864761233329773,a.26.1.3,a.25.1.4,0.12656
1bbhA,1x90A,0.49141,0.59414,0.44781,0.54413,0.7210545539855957,0.943905234336853,a.24.3.2,a.29.6.1,0.09632000000000002
1bcfA,1pvhB,0.53993,0.64595,0.5094,0.61057,0.6021669507026672,0.9732543230056764,a.25.1.1,a.26.1.1,0.10116999999999998
1bg7A,1bgcA,0.50362,0.57815,0.48975,0.56311,0.5936670303344727,0.956938087940216,a.25.1.1,a.26.1.1,0.07335999999999998
1bgcA,1z4aA,0.50688,0.63328,0.49135,0.6143,0.6027156710624695,0.9574143886566162,a.26.1.1,a.25.1.1,0.12294999999999995
1bgcA,1s3qA,0.49086,0.61063,0.49086,0.61063,0.5581055879592896,0.9729740619659424,a.26.1.1,a.25.1.1,0.11976999999999999
1bgcA,1umnA,0.55405,0.70029,0.55405,0.70029,0.5618224143981934,0.9616059064865112,a.26.1.1,a.25.1.1,0.14623999999999993
1bgcA,1vlgA,0.50797,0.6345,0.49229,0.61545,0.5989327430725098,0.9568260908126832,a.26.1.1,a.25.1.1,0.12316000000000005
1bgcA,2fg4A,0.49638,0.63467,0.46547,0.59501,0.6268149018287659,0.9320008754730223,a.26.1.1,a.25.1.1,0.12954000000000004
1bgcA,1h96A,0.5147,0.66406,0.4918,0.63448,0.6142750978469849,0.9390303492546082,a.26.1.1,a.25.1.1,0.14268000000000003
1bgcA,2bw1A,0.5544,0.70233,0.5544,0.70233,0.5814252495765686,0.9598550796508788,a.26.1.1,a.25.1.1,0.14793
1bgcA,2cluA,0.49306,0.63631,0.46033,0.59346,0.6169944405555725,0.9398505687713624,a.26.1.1,a.25.1.1,0.13312999999999997
1bgcA,1aewA,0.49492,0.63462,0.46628,0.59769,0.615861713886261,0.9405308365821838,a.26.1.1,a.25.1.1,0.13141000000000008
1bgcA,2cn7A,0.51312,0.63785,0.47852,0.59476,0.6190845966339111,0.9396445155143738,a.26.1.1,a.25.1.1,0.11623999999999995
1bgcA,1rcdA,0.51611,0.63999,0.48328,0.59978,0.62353515625,0.9413047432899476,a.26.1.1,a.25.1.1,0.11649999999999999
1bgcA,1nf4A,0.55877,0.6698,0.52642,0.63211,0.6053325533866882,0.957135796546936,a.26.1.1,a.25.1.1,0.10568999999999995
1bgcA,1rccA,0.49534,0.66658,0.46458,0.62449,0.6286284923553467,0.94410640001297,a.26.1.1,a.25.1.1,0.15991
1bgcA,2cf7A,0.55365,0.69232,0.55365,0.69232,0.6021063327789307,0.9629222750663756,a.26.1.1,a.25.1.1,0.13867000000000007
1bgcA,1jgcA,0.54293,0.63978,0.53709,0.63321,0.5772855281829834,0.9447709321975708,a.26.1.1,a.25.1.1,0.0961200000000001
1bgcA,2fkzA,0.5548,0.6342,0.5548,0.6342,0.6125099658966064,0.9659676551818848,a.26.1.1,a.25.1.1,0.07940000000000003
1bgcA,1mojA,0.57105,0.72642,0.50926,0.64861,0.5942199230194092,0.938384473323822,a.26.1.1,a.25.1.1,0.13934999999999997
1bgcA,1krqA,0.5103,0.64513,0.49148,0.62243,0.5987627506256104,0.9522963762283324,a.26.1.1,a.25.1.1,0.13095000000000007
1bgcA,1mfrA,0.51384,0.63513,0.4813,0.59522,0.6124752759933472,0.9408482909202576,a.26.1.1,a.25.1.1,0.11391999999999997
1bgcA,1jreA,0.56889,0.71616,0.56889,0.71616,0.5803024768829346,0.9697309136390686,a.26.1.1,a.25.1.1,0.14727
1bgcA,1dpsA,0.56958,0.71772,0.56647,0.7138,0.5831648707389832,0.9755082130432128,a.26.1.1,a.25.1.1,0.14732999999999996
1bgcA,1o9rA,0.57529,0.72665,0.56312,0.71123,0.5970665216445923,0.9613825082778932,a.26.1.1,a.25.1.1,0.14811000000000007
1bgcA,1bcfA,0.55917,0.65809,0.55917,0.65809,0.5974264740943909,0.9716033935546876,a.26.1.1,a.25.1.1,0.09892000000000001
1bgcA,2chiA,0.48999,0.63154,0.45769,0.58938,0.6142328977584839,0.9417064189910888,a.26.1.1,a.25.1.1,0.13169000000000003
1bgcA,1rciA,0.49893,0.66938,0.46769,0.62709,0.620818555355072,0.938496708869934,a.26.1.1,a.25.1.1,0.15940000000000004
1bgcA,1f30A,0.56823,0.7174,0.56823,0.7174,0.5896199941635132,0.9691139459609984,a.26.1.1,a.25.1.1,0.14917000000000002
1bgcA,1fhaA,0.48955,0.62811,0.45702,0.58639,0.6076493859291077,0.9439253211021424,a.26.1.1,a.25.1.1,0.12936999999999999
1bgcA,1n1qA,0.54272,0.69894,0.54272,0.69894,0.5766517519950867,0.9371625185012816,a.26.1.1,a.25.1.1,0.15622000000000003
1bgcA,1jigA,0.54579,0.70358,0.54579,0.70358,0.5556633472442627,0.9402174949645996,a.26.1.1,a.25.1.1,0.15778999999999999
1bgcA,1qghA,0.56136,0.71388,0.56136,0.71388,0.5453906059265137,0.9615941643714904,a.26.1.1,a.25.1.1,0.15252
1bgcA,2bk6A,0.56157,0.71527,0.56157,0.71527,0.5454354882240295,0.958502233028412,a.26.1.1,a.25.1.1,0.15369999999999995
1bgcA,2d5kA,0.55114,0.71299,0.55114,0.71299,0.5544109344482422,0.938069462776184,a.26.1.1,l.1.1.1,0.16185000000000005
1bgcA,2fjcA,0.54883,0.7103,0.54883,0.7103,0.6089867353439331,0.959244966506958,a.26.1.1,a.25.1.1,0.16147
1bgcA,1ji4A,0.5183,0.66821,0.5183,0.66821,0.5313360095024109,0.9455116987228394,a.26.1.1,a.25.1.1,0.14991
1bgcA,2fzfA,0.5774,0.74591,0.5774,0.74591,0.6451854705810547,0.9782480001449584,a.26.1.1,a.25.1.1,0.16850999999999994
1bgcA,2ib0A,0.54662,0.67058,0.54662,0.67058,0.5628258585929871,0.9805608987808228,a.26.1.1,a.25.1.9,0.12395999999999996
1bgcA,2gs4A,0.5617,0.72404,0.5617,0.72404,0.5864888429641724,0.9214889407157898,a.26.1.1,a.25.1.4,0.16234000000000004
1bgcA,2gyqA,0.51253,0.72793,0.50217,0.71238,0.5977150201797485,0.911398947238922,a.26.1.1,a.25.1.4,0.21021
1bgcA,1vjxA,0.54535,0.6921,0.54535,0.6921,0.6042540073394775,0.972811222076416,a.26.1.1,l.1.1.1,0.14675000000000005
1bgcA,1b71A,0.49507,0.65084,0.41909,0.55274,0.5895453691482544,0.9294275045394896,a.26.1.1,g.41.5.1,0.13365
1bgdA,1z4aA,0.49481,0.60988,0.4771,0.58935,0.5984652638435364,0.9511541128158568,a.26.1.1,a.25.1.1,0.11225000000000002
1bgdA,1s3qA,0.48328,0.59619,0.48328,0.59619,0.5551618337631226,0.9702339768409728,a.26.1.1,a.25.1.1,0.11291000000000001
1bgdA,1vlgA,0.49736,0.60947,0.4795,0.5889,0.5953474044799805,0.9502960443496704,a.26.1.1,a.25.1.1,0.1094
1bgdA,2fkzA,0.54568,0.6413,0.54568,0.6413,0.6097171306610107,0.9606125354766846,a.26.1.1,a.25.1.1,0.09561999999999993
1bgdA,2fg4A,0.4921,0.64668,0.45864,0.60371,0.6205101013183594,0.9259806871414183,a.26.1.1,a.25.1.1,0.14506999999999998
1bgdA,2ffxJ,0.49304,0.6465,0.45518,0.5979,0.6189432740211487,0.9321356415748596,a.26.1.1,a.25.1.1,0.14272
1bgdA,1nf4A,0.49952,0.64737,0.46983,0.60941,0.6034191846847534,0.9523360729217528,a.26.1.1,a.25.1.1,0.13957999999999998
1bgdA,2gydA,0.49014,0.6459,0.46377,0.61158,0.6032305955886841,0.9451377391815186,a.26.1.1,a.25.1.1,0.14781
1bgdA,1fhaA,0.48358,0.64013,0.44877,0.59496,0.6060935258865356,0.9376872777938844,a.26.1.1,a.25.1.1,0.14619000000000004
1bgdA,1eumA,0.50604,0.63472,0.49522,0.62182,0.607316255569458,0.9475972056388856,a.26.1.1,a.25.1.1,0.12660000000000005
1bgdA,1jgcA,0.53559,0.62863,0.52698,0.61922,0.5738033652305603,0.9387774467468262,a.26.1.1,a.25.1.1,0.09223999999999999
1bgdA,1krqA,0.49839,0.63005,0.47826,0.60513,0.595740795135498,0.945097804069519,a.26.1.1,a.25.1.1,0.12686999999999993
1bgdA,1gwgA,0.48922,0.62382,0.4629,0.59163,0.6033020615577698,0.9408683776855468,a.26.1.1,a.25.1.1,0.12873
1bgdA,1aewA,0.49929,0.63346,0.46738,0.59343,0.6124019026756287,0.9357861876487732,a.26.1.1,a.25.1.1,0.12605
1bgdA,1sofA,0.54482,0.64572,0.54482,0.64572,0.5906368494033813,0.9649122953414916,a.26.1.1,a.25.1.1,0.10089999999999999
1bgdA,2cn7A,0.48853,0.64955,0.45331,0.60339,0.6157993674278259,0.9333347082138062,a.26.1.1,a.25.1.1,0.15008
1bgdA,1umnA,0.53565,0.67638,0.53565,0.67638,0.5611496567726135,0.9563000202178956,a.26.1.1,a.25.1.1,0.14073000000000002
1bgdA,1o9rA,0.56954,0.71767,0.55455,0.69892,0.5949742794036865,0.9547271728515624,a.26.1.1,a.25.1.1,0.14437
1bgdA,1r03A,0.48695,0.6317,0.454,0.59012,0.6184574365615845,0.9167548418045044,a.26.1.1,a.25.1.1,0.13611999999999996
1bgdA,1rciA,0.50423,0.65322,0.46975,0.60942,0.617003321647644,0.9324017763137816,a.26.1.1,a.25.1.1,0.13966999999999996
1bgdA,2chiA,0.48438,0.64672,0.44985,0.60081,0.6110311150550842,0.9353509545326232,a.26.1.1,a.25.1.1,0.15095999999999993
1bgdA,1bcfA,0.54944,0.65235,0.54656,0.64887,0.5948992967605591,0.9672208428382874,a.26.1.1,a.25.1.1,0.1023099999999999
1bgdA,1rccA,0.50362,0.65057,0.46911,0.60699,0.6251832246780396,0.9384701251983644,a.26.1.1,a.25.1.1,0.13788
1bgdA,1mfrA,0.48858,0.65063,0.45541,0.60719,0.6090470552444458,0.9348351359367372,a.26.1.1,a.25.1.1,0.15178000000000003
1bgdA,2bw1A,0.53537,0.67875,0.53537,0.67875,0.5808937549591064,0.9552116394042968,a.26.1.1,a.25.1.1,0.14337999999999995
1bgdA,1n1qA,0.52738,0.67893,0.52738,0.67893,0.5743194818496704,0.9330304861068726,a.26.1.1,a.25.1.1,0.15155000000000007
1bgdA,2cluA,0.48762,0.62632,0.45263,0.58299,0.6139174103736877,0.933456301689148,a.26.1.1,a.25.1.1,0.13036000000000003
1bgdA,1jreA,0.56418,0.7073,0.56418,0.7073,0.5793044567108154,0.9659979343414308,a.26.1.1,a.25.1.1,0.14312000000000002
1bgdA,2ib0A,0.53728,0.68481,0.53728,0.68481,0.5654802322387695,0.9743994474411012,a.26.1.1,a.25.1.9,0.14753000000000005
1bgdA,2fjcA,0.53333,0.69146,0.53333,0.69146,0.606326699256897,0.9549645781517028,a.26.1.1,a.25.1.1,0.15813
1bgdA,2d5kA,0.53901,0.69841,0.53901,0.69841,0.5539132356643677,0.9333124756813048,a.26.1.1,l.1.1.1,0.1594
1bgdA,1rcdA,0.50305,0.64892,0.46861,0.60561,0.6199491620063782,0.9356974959373474,a.26.1.1,a.25.1.1,0.13699999999999996
1bgdA,1jigA,0.53045,0.68524,0.53045,0.68524,0.554737389087677,0.9357104301452636,a.26.1.1,a.25.1.1,0.15478999999999998
1bgdA,1mojA,0.56556,0.72381,0.50236,0.64259,0.5945285558700562,0.9291876554489136,a.26.1.1,a.25.1.1,0.14022999999999997
1bgdA,1rytA,0.48092,0.60658,0.41125,0.52085,0.5830042958259583,0.933936893939972,a.26.1.1,g.41.5.1,0.10960000000000003
1bgdA,1zs3A,0.54204,0.69818,0.50547,0.65073,0.5803022980690002,0.9610118865966796,a.26.1.1,a.25.1.1,0.14526000000000006
1bgdA,2cf7A,0.53505,0.66136,0.53505,0.66136,0.5981992483139038,0.956884503364563,a.26.1.1,a.25.1.1,0.12630999999999992
1bgdA,2iy4A,0.54813,0.70001,0.54813,0.70001,0.5503832697868347,0.9568499326705932,a.26.1.1,a.25.1.1,0.15188000000000001
1bgdA,1qghA,0.54744,0.69361,0.54744,0.69361,0.5446158051490784,0.9567413926124572,a.26.1.1,a.25.1.1,0.1461699999999999
1bgdA,2c41A,0.55479,0.71476,0.55479,0.71476,0.5959221124649048,0.9380578994750975,a.26.1.1,a.25.1.0,0.15996999999999995
1bgdA,2bk6A,0.54792,0.69413,0.54792,0.69413,0.5445125102996826,0.9535568356513976,a.26.1.1,a.25.1.1,0.14621000000000006
1bgdA,2gyqA,0.50184,0.70537,0.48934,0.68711,0.601742684841156,0.9006084203720093,a.26.1.1,a.25.1.4,0.19777
1bgdA,1b71A,0.4891,0.63959,0.41232,0.54128,0.5951288938522339,0.9240106344223022,a.26.1.1,g.41.5.1,0.12895999999999996
1bgdA,1ji4A,0.52346,0.65265,0.52346,0.65265,0.5334754586219788,0.9418518543243408,a.26.1.1,a.25.1.1,0.12918999999999992
1bgdA,2bjyA,0.55371,0.70006,0.55371,0.70006,0.5638697147369385,0.9526771306991576,a.26.1.1,a.25.1.1,0.14634999999999998
1bgdA,2bkcA,0.55304,0.69852,0.55304,0.69852,0.5684283971786499,0.9608885645866394,a.26.1.1,a.25.1.1,0.14548000000000005
1bgdA,2fzfA,0.56757,0.73843,0.56455,0.7346,0.6412261128425598,0.973571240901947,a.26.1.1,a.25.1.1,0.17005000000000003
1bgdA,1z6oM,0.48847,0.62246,0.41438,0.53176,0.5889713764190674,0.9304641485214232,a.26.1.1,a.25.1.1,0.11737999999999998
1bgdA,1ji5A,0.5225,0.66309,0.5225,0.66309,0.549845814704895,0.9386383295059204,a.26.1.1,a.25.1.1,0.14059
1buyA,1qghA,0.48562,0.61377,0.48562,0.61377,0.5282931923866272,0.9356013536453248,a.26.1.2,a.25.1.1,0.12815000000000004
1buyA,1vjxA,0.50293,0.63035,0.50293,0.63035,0.5665119290351868,0.9674990773200988,a.26.1.2,l.1.1.1,0.12741999999999998
1cd9A,1eumA,0.46894,0.62807,0.46894,0.62807,0.5520618557929993,0.9598499536514282,a.26.1.1,a.25.1.1,0.15913
1cd9A,1vlgA,0.48217,0.60516,0.48217,0.60516,0.5404535531997681,0.9599647521972656,a.26.1.1,a.25.1.1,0.12299000000000004
1cd9A,1s3qA,0.45567,0.591,0.45567,0.591,0.5083750486373901,0.9754407405853271,a.26.1.1,a.25.1.1,0.13532999999999995
1cd9A,1z4aA,0.47147,0.60461,0.47147,0.60461,0.5422060489654541,0.96142840385437,a.26.1.1,a.25.1.1,0.13313999999999998
1cd9A,1bcfA,0.51821,0.65025,0.51821,0.65025,0.5424572229385376,0.9707675576210022,a.26.1.1,a.25.1.1,0.13204000000000005
1cd9A,2cluA,0.49951,0.6115,0.49707,0.6087,0.5628682374954224,0.9434317350387572,a.26.1.1,a.25.1.1,0.11163000000000001
1cd9A,1nf4A,0.5116,0.65279,0.5116,0.65279,0.5541560649871826,0.9657096862792968,a.26.1.1,a.25.1.1,0.14118999999999993
1cd9A,1krqA,0.47922,0.62532,0.47922,0.62532,0.5403581261634827,0.9538460969924928,a.26.1.1,a.25.1.1,0.1461
1cd9A,2chiA,0.49722,0.6231,0.49481,0.62013,0.5601056814193726,0.9447940587997437,a.26.1.1,a.25.1.1,0.12531999999999993
1cd9A,2gydA,0.49656,0.61954,0.49656,0.61954,0.552543044090271,0.9509098529815674,a.26.1.1,a.25.1.1,0.12297999999999998
1cd9A,2cn7A,0.49942,0.62647,0.49698,0.62348,0.5651190280914307,0.9429486989974976,a.26.1.1,a.25.1.1,0.12650000000000006
1cd9A,1gwgA,0.49928,0.60908,0.49928,0.60908,0.5512784719467163,0.9467134475708008,a.26.1.1,a.25.1.1,0.10979999999999995
1cd9A,1mfrA,0.50001,0.6243,0.50001,0.6243,0.5581948161125183,0.943099856376648,a.26.1.1,a.25.1.1,0.12429000000000001
1cd9A,1jgcA,0.50713,0.63257,0.50713,0.63257,0.5206445455551147,0.9457868337631226,a.26.1.1,a.25.1.1,0.12544
1cd9A,2fkzA,0.51418,0.64401,0.51418,0.64401,0.5567117929458618,0.9678038954734802,a.26.1.1,a.25.1.1,0.12983
1cd9A,1fhaA,0.49715,0.60396,0.49473,0.60124,0.5569180846214294,0.9446831941604614,a.26.1.1,a.25.1.1,0.10651
1cd9A,1rcdA,0.50516,0.60713,0.50516,0.60713,0.5694897174835205,0.9428252577781676,a.26.1.1,a.25.1.1,0.1019699999999999
1cd9A,1aewA,0.4996,0.60464,0.4996,0.60464,0.5629051923751831,0.9413170218467712,a.26.1.1,a.25.1.1,0.10503999999999997
1cd9A,2fg4A,0.49959,0.62013,0.49959,0.62013,0.5713821053504944,0.9357329607009888,a.26.1.1,a.25.1.1,0.12053999999999998
1cd9A,1rccA,0.50639,0.60971,0.50639,0.60971,0.5747511386871338,0.9460114240646362,a.26.1.1,a.25.1.1,0.10331999999999997
1cd9A,1sofA,0.5134,0.64621,0.5134,0.64621,0.5383778214454651,0.9716540575027466,a.26.1.1,a.25.1.1,0.13280999999999998
1cd9A,1o9rA,0.5474,0.68882,0.5474,0.68882,0.5394325256347656,0.9632930755615234,a.26.1.1,a.25.1.1,0.14142
1cd9A,1rciA,0.5059,0.60745,0.5059,0.60745,0.5651811957359314,0.9414685368537904,a.26.1.1,a.25.1.1,0.10155000000000003
1cd9A,2ffxJ,0.49935,0.61973,0.4945,0.61387,0.565537691116333,0.9417352676391602,a.26.1.1,a.25.1.1,0.11937000000000003
1cd9A,1umnA,0.52255,0.66249,0.52255,0.66249,0.5117121338844299,0.9606766700744628,a.26.1.1,a.25.1.1,0.13994000000000006
1cd9A,1jreA,0.53586,0.67244,0.53586,0.67244,0.527755081653595,0.9711486101150512,a.26.1.1,a.25.1.1,0.13658000000000003
1cd9A,1yuxA,0.5151,0.66474,0.44927,0.57987,0.6413172483444214,0.915196418762207,a.26.1.1,g.41.5.1,0.1306
1cd9A,1mojA,0.53949,0.68378,0.51546,0.65357,0.5412474870681763,0.9434244632720948,a.26.1.1,a.25.1.1,0.13810999999999996
1cd9A,2fzfA,0.54401,0.655,0.54401,0.655,0.5934378504753113,0.9834643602371216,a.26.1.1,a.25.1.1,0.11099000000000003
1cd9A,2bw1A,0.52223,0.66281,0.52223,0.66281,0.5326478481292725,0.958932399749756,a.26.1.1,a.25.1.1,0.14058000000000004
1cd9A,1rytA,0.50698,0.62029,0.46308,0.56668,0.5562123656272888,0.9491724371910096,a.26.1.1,g.41.5.1,0.10359999999999997
1cd9A,2c41A,0.50689,0.65024,0.50689,0.65024,0.5419371128082275,0.944312334060669,a.26.1.1,a.25.1.0,0.1433500000000001
1cd9A,2fjcA,0.52624,0.66569,0.52624,0.66569,0.5548648834228516,0.9594059586524964,a.26.1.1,a.25.1.1,0.13944999999999996
1cd9A,1ji4A,0.50074,0.62834,0.50074,0.62834,0.4879697859287262,0.9400689005851746,a.26.1.1,a.25.1.1,0.12760000000000005
1cd9A,2c2fA,0.52867,0.67662,0.51089,0.65401,0.6044922471046448,0.9517192840576172,a.26.1.1,a.25.1.0,0.14312000000000002
1cd9A,2d5kA,0.512,0.66082,0.512,0.66082,0.5002790093421936,0.9378314018249512,a.26.1.1,l.1.1.1,0.14881999999999995
1cd9A,1jigA,0.50428,0.65257,0.50428,0.65257,0.5032715201377869,0.9406757354736328,a.26.1.1,a.25.1.1,0.14829000000000003
1cd9A,1n1qA,0.49971,0.62747,0.49971,0.62747,0.5229039192199707,0.9379873871803284,a.26.1.1,a.25.1.1,0.12775999999999998
1cd9A,1qghA,0.52591,0.66319,0.52591,0.66319,0.4951411485671997,0.9571082592010498,a.26.1.1,a.25.1.1,0.13727999999999996
1cd9A,2ib0A,0.50013,0.65473,0.50013,0.65473,0.52008056640625,0.9799535870552064,a.26.1.1,a.25.1.9,0.15460000000000007
1cd9A,1uvhA,0.54007,0.64727,0.54007,0.64727,0.5555769801139832,0.9655468463897704,a.26.1.1,a.25.1.1,0.10719999999999996
1cd9A,1b71A,0.50781,0.62044,0.46173,0.56419,0.5663527846336365,0.9444722533226012,a.26.1.1,g.41.5.1,0.10246
1cd9A,2bk6A,0.52697,0.6633,0.52697,0.6633,0.4948776066303253,0.9550166726112366,a.26.1.1,a.25.1.1,0.13632999999999995
1cd9A,2iy4A,0.52698,0.6694,0.52698,0.6694,0.498823344707489,0.9581964015960692,a.26.1.1,a.25.1.1,0.14242
1cd9A,2bjyA,0.52851,0.66493,0.52851,0.66493,0.5141791105270386,0.9548326134681702,a.26.1.1,a.25.1.1,0.13641999999999999
1cd9A,1zs3A,0.526,0.67573,0.526,0.67573,0.5274546146392822,0.9644538164138794,a.26.1.1,a.25.1.1,0.14973000000000003
1cd9A,1vjxA,0.5189,0.64844,0.5189,0.64844,0.5491037964820862,0.9736948609352112,a.26.1.1,l.1.1.1,0.12954
1cnt1,1fhaA,0.55474,0.6674,0.49443,0.59911,0.6556955575942993,0.9266365766525269,a.26.1.1,a.25.1.1,0.10468000000000005
1cnt1,1r03A,0.55958,0.68088,0.50063,0.61281,0.6654151678085327,0.9014089107513428,a.26.1.1,a.25.1.1,0.11217999999999995
1cnt1,2cn7A,0.55961,0.67816,0.49826,0.60807,0.6639623045921326,0.9168155193328856,a.26.1.1,a.25.1.1,0.10981000000000002
1cnt1,1aewA,0.56148,0.66884,0.50506,0.60498,0.6601072549819946,0.919605016708374,a.26.1.1,a.25.1.1,0.09992000000000001
1cnt1,1z4aA,0.54612,0.65503,0.50625,0.61006,0.6485925912857056,0.9351034164428712,a.26.1.1,a.25.1.1,0.10381000000000007
1cnt1,1vlgA,0.54633,0.65647,0.50672,0.61153,0.6452125310897827,0.9367716908454896,a.26.1.1,a.25.1.1,0.10481000000000007
1cnt1,2chiA,0.55745,0.67235,0.49626,0.60337,0.6600831747055054,0.9192063808441162,a.26.1.1,a.25.1.1,0.10710999999999998
1cnt1,2cluA,0.5589,0.67834,0.49768,0.60817,0.6619534492492676,0.9177345633506776,a.26.1.1,a.25.1.1,0.11048999999999998
1cnt1,1mfrA,0.55977,0.67449,0.50103,0.60751,0.6577802896499634,0.917016327381134,a.26.1.1,a.25.1.1,0.10648000000000002
1cnt1,1s3qA,0.48014,0.59141,0.46991,0.57919,0.6023609638214111,0.9434128999710084,a.26.1.1,a.25.1.1,0.10927999999999999
1cnt1,2gydA,0.56274,0.67223,0.51086,0.6137,0.6520007848739624,0.9259645938873292,a.26.1.1,a.25.1.1,0.10284000000000004
1cnt1,1gwgA,0.56279,0.67484,0.51135,0.61607,0.6538840532302856,0.922598123550415,a.26.1.1,a.25.1.1,0.10472000000000004
1cnt1,2fg4A,0.56527,0.67052,0.50519,0.60324,0.6717604398727417,0.905980348587036,a.26.1.1,a.25.1.1,0.09804999999999997
1cnt1,2ffxJ,0.5653,0.67148,0.50026,0.59842,0.6736657619476318,0.9132179021835328,a.26.1.1,a.25.1.1,0.09815999999999991
1cnt1,1h96A,0.56544,0.67537,0.51613,0.61963,0.6598432064056396,0.9173234701156616,a.26.1.1,a.25.1.1,0.10350000000000004
1cnt1,1rccA,0.56412,0.6756,0.50456,0.60821,0.6722894906997681,0.9230290651321412,a.26.1.1,a.25.1.1,0.10365000000000002
1cnt1,1eumA,0.55891,0.67946,0.52608,0.64172,0.6540307998657227,0.9341971278190612,a.26.1.1,a.25.1.1,0.11563999999999997
1cnt1,1krqA,0.55231,0.67267,0.50944,0.62306,0.645656943321228,0.9343785047531128,a.26.1.1,a.25.1.1,0.11361999999999994
1cnt1,1rcdA,0.56295,0.67281,0.5037,0.60597,0.6675567626953125,0.9203029870986938,a.26.1.1,a.25.1.1,0.10226999999999997
1cnt1,1rciA,0.56371,0.67359,0.50423,0.6064,0.6647101044654846,0.9171581268310548,a.26.1.1,a.25.1.1,0.1021700000000001
1cnt1,1bcfA,0.57414,0.70958,0.54897,0.67902,0.6476366519927979,0.9530198574066162,a.26.1.1,a.25.1.1,0.13005
1cnt1,1rytA,0.52681,0.67501,0.42963,0.55281,0.579809308052063,0.8824208378791809,a.26.1.1,g.41.5.1,0.12318000000000001
1cnt1,2fkzA,0.56813,0.7029,0.55254,0.68397,0.6588619351387024,0.9403876066207886,a.26.1.1,a.25.1.1,0.13142999999999994
1cnt1,2ib0A,0.55285,0.69442,0.55285,0.69442,0.6110309958457947,0.9475551843643188,a.26.1.1,a.25.1.9,0.14157000000000008
1cnt1,1n1qA,0.56437,0.68476,0.56437,0.68476,0.6244357824325562,0.920150339603424,a.26.1.1,a.25.1.1,0.12039
1cnt1,1b71A,0.5293,0.67592,0.43007,0.55093,0.5931684374809265,0.8729113936424255,a.26.1.1,g.41.5.1,0.12086000000000002
1cnt1,2fjcA,0.57709,0.69321,0.57376,0.68936,0.6549767255783081,0.9418072700500488,a.26.1.1,a.25.1.1,0.11559999999999993
1csmA,2f6lA,0.38555,0.5157,0.38555,0.5157,0.939456343650818,0.947185218334198,a.130.1.2,a.130.1.4,0.13015000000000004
1csmA,2ao2A,0.39478,0.52749,0.39478,0.52749,0.939806342124939,0.9522130489349364,a.130.1.2,a.130.1.4,0.13271
1ddnA,2fxaA,0.56714,0.59614,0.46207,0.49089,0.9060755372047424,0.9560226202011108,a.76.1.1,a.4.5.28,0.028820000000000012
1ddnA,2a61A,0.55535,0.60185,0.47237,0.52055,0.9042033553123474,0.960917592048645,a.76.1.1,a.4.5.28,0.048179999999999945
1dpsA,1bgdA,0.55769,0.70275,0.55769,0.70275,0.5836982727050781,0.972421169281006,a.25.1.1,a.26.1.1,0.14505999999999997
1dpsA,1cd9A,0.57235,0.71337,0.5365,0.66945,0.5343288779258728,0.9761909246444702,a.25.1.1,a.26.1.1,0.13295
1dpsA,1cnt1,0.49015,0.65008,0.49015,0.65008,0.6310204267501831,0.9544211626052856,a.25.1.1,a.26.1.1,0.15993000000000002
1dpsA,1axiA,0.45507,0.61527,0.42238,0.56871,0.6187788248062134,0.963916540145874,a.25.1.1,a.26.1.1,0.14633000000000007
1dpsA,1a22A,0.49746,0.60992,0.44801,0.55187,0.6148354411125183,0.9598226547241212,a.25.1.1,a.26.1.1,0.10385999999999995
1dpsA,1aluA,0.49592,0.6209,0.49592,0.6209,0.6125368475914001,0.9790730476379396,a.25.1.1,a.26.1.1,0.12497999999999998
1ea8A,2avkA,0.60449,0.61742,0.60449,0.61742,0.7956782579421997,0.8640566468238831,a.24.1.1,,0.012929999999999997
1ea8A,2awcA,0.60493,0.59199,0.60493,0.59199,0.7874307632446289,0.8105172514915466,a.24.1.1,,-0.012939999999999952
1eerA,1vjxA,0.48402,0.6074,0.48402,0.6074,0.5469873547554016,0.9668275117874146,a.26.1.2,l.1.1.1,0.12338000000000005
1eerA,1z7cA,0.52553,0.52553,0.52553,0.52553,0.9548628330230712,0.9483603239059448,a.26.1.2,a.26.1.1,0.0
1emrA,1vjxA,0.47744,0.61846,0.47744,0.61846,0.6284373998641968,0.9785833358764648,a.26.1.1,l.1.1.1,0.14102000000000003
1emrA,1krqA,0.50335,0.59318,0.48753,0.5763,0.6161075234413147,0.957512378692627,a.26.1.1,a.25.1.1,0.08877000000000002
1emrA,1nf4A,0.50952,0.63215,0.4836,0.60114,0.6159570813179016,0.9718096852302552,a.26.1.1,a.25.1.1,0.11754000000000003
1emrA,1uvhA,0.51936,0.63853,0.51936,0.63853,0.6291912794113159,0.9698457717895508,a.26.1.1,a.25.1.1,0.11917
1emrA,1sofA,0.51709,0.6345,0.51709,0.6345,0.6078045964241028,0.9740504622459412,a.26.1.1,a.25.1.1,0.1174099999999999
1emrA,1rytA,0.53171,0.64173,0.45595,0.55211,0.571086049079895,0.943745493888855,a.26.1.1,g.41.5.1,0.09615999999999997
1emrA,1jgcA,0.5085,0.63308,0.50576,0.62978,0.5946314334869385,0.9534364938735962,a.26.1.1,a.25.1.1,0.12402000000000002
1emrA,2cn7A,0.5036,0.60723,0.47101,0.57071,0.6440730094909668,0.950844407081604,a.26.1.1,a.25.1.1,0.09970000000000007
1emrA,2gydA,0.507,0.60341,0.48369,0.57754,0.6325719356536865,0.9575008153915404,a.26.1.1,a.25.1.1,0.09385000000000004
1emrA,1z4aA,0.49268,0.57582,0.48001,0.56212,0.622414231300354,0.9652364253997804,a.26.1.1,a.25.1.1,0.08210999999999996
1emrA,2fkzA,0.51019,0.63878,0.51019,0.63878,0.6276872158050537,0.9717631340026855,a.26.1.1,a.25.1.1,0.12858999999999998
1emrA,2ffxJ,0.5087,0.60399,0.47311,0.56467,0.6499454975128174,0.9460179805755616,a.26.1.1,a.25.1.1,0.09156000000000003
1emrA,1vlgA,0.49357,0.58351,0.48086,0.5696,0.6183980703353882,0.9637138843536376,a.26.1.1,a.25.1.1,0.08873999999999999
1emrA,1h96A,0.50632,0.60286,0.48555,0.57981,0.639139711856842,0.949487566947937,a.26.1.1,a.25.1.1,0.09426000000000007
1emrA,1ji4A,0.52115,0.63004,0.52115,0.63004,0.5645273327827454,0.9557100534439088,a.26.1.1,a.25.1.1,0.10889000000000004
1emrA,2ib0A,0.51256,0.63456,0.51256,0.63456,0.5867921113967896,0.9861445426940918,a.26.1.1,a.25.1.9,0.122
1emrA,1bcfA,0.52135,0.64032,0.52135,0.64032,0.6158965826034546,0.9740034341812134,a.26.1.1,a.25.1.1,0.11897000000000002
1emrA,2c41A,0.54473,0.67165,0.54473,0.67165,0.6151158213615417,0.94736647605896,a.26.1.1,a.25.1.0,0.12691999999999992
1emrA,2fg4A,0.51011,0.58806,0.47908,0.55677,0.6576243042945862,0.9385404586791992,a.26.1.1,a.25.1.1,0.07768999999999998
1emrA,2chiA,0.50195,0.60295,0.46959,0.56706,0.6387409567832947,0.9534494876861572,a.26.1.1,a.25.1.1,0.09747
1emrA,1fhaA,0.50221,0.59996,0.46978,0.56413,0.6337835788726807,0.9522378444671632,a.26.1.1,a.25.1.1,0.09435000000000004
1emrA,1b71A,0.53431,0.64477,0.45571,0.55181,0.5851674675941467,0.93429696559906,a.26.1.1,g.41.5.1,0.09610000000000002
1emrA,2bkcA,0.53519,0.6413,0.53519,0.6413,0.5982191562652588,0.9675893187522888,a.26.1.1,a.25.1.1,0.10610999999999993
1emrA,2cluA,0.50283,0.60609,0.47033,0.57002,0.6410292983055115,0.9516774415969848,a.26.1.1,a.25.1.1,0.09968999999999995
1emrA,1s3qA,0.44811,0.55329,0.44811,0.55329,0.5886685252189636,0.9815971851348876,a.26.1.1,a.25.1.1,0.10517999999999994
1emrA,2fzfA,0.54534,0.71846,0.54534,0.71846,0.6701703071594238,0.9888789653778076,a.26.1.1,a.25.1.1,0.17311999999999994
1emrA,2d5kA,0.53546,0.64095,0.53546,0.64095,0.5803350806236267,0.9483606815338136,a.26.1.1,l.1.1.1,0.10548999999999997
1emrA,1ji5A,0.51822,0.62874,0.51822,0.62874,0.5756621956825256,0.9525296688079834,a.26.1.1,a.25.1.1,0.11051999999999995
1emrA,1qghA,0.533,0.64341,0.533,0.64341,0.5746999382972717,0.9662717580795288,a.26.1.1,a.25.1.1,0.11041000000000001
1emrA,1mojA,0.55081,0.65822,0.49457,0.59454,0.614005446434021,0.9404510259628296,a.26.1.1,a.25.1.1,0.09996999999999995
1emrA,1f30A,0.51316,0.6359,0.51316,0.6359,0.6171250343322754,0.9753423929214478,a.26.1.1,a.25.1.1,0.12274000000000007
1emrA,2iy4A,0.52915,0.63933,0.52915,0.63933,0.5799962878227234,0.9672808051109314,a.26.1.1,a.25.1.1,0.11017999999999994
1emrA,1dpsA,0.51221,0.63484,0.51221,0.63484,0.6114100813865662,0.980758249759674,a.26.1.1,a.25.1.1,0.1226299999999999
1emrA,1rcdA,0.50396,0.60627,0.47414,0.57219,0.648200273513794,0.948671579360962,a.26.1.1,a.25.1.1,0.09804999999999997
1emrA,1aewA,0.50773,0.60329,0.47942,0.57192,0.6424692273139954,0.9461394548416138,a.26.1.1,a.25.1.1,0.09249999999999997
1emrA,2itbA,0.56884,0.67169,0.48433,0.5724,0.6140719056129456,0.9434000253677368,a.26.1.1,a.25.1.7,0.08807000000000004
1emrA,1rccA,0.50484,0.6069,0.47492,0.57286,0.6534428596496582,0.951327919960022,a.26.1.1,a.25.1.1,0.09794000000000003
1emrA,1mfrA,0.50267,0.60797,0.47278,0.57397,0.6393806338310242,0.9517242908477784,a.26.1.1,a.25.1.1,0.10119
1emrA,1rciA,0.50576,0.61029,0.47578,0.57613,0.6432777047157288,0.9477755427360536,a.26.1.1,a.25.1.1,0.10035000000000005
1emrA,2clbA,0.52967,0.65433,0.51324,0.63459,0.572650671005249,0.9617806673049928,a.26.1.1,,0.12134999999999996
1emrA,1zujA,0.54433,0.66538,0.51945,0.63612,0.6160525679588318,0.9763898253440856,a.26.1.1,a.25.1.1,0.11667000000000005
1emrA,2bjyA,0.53306,0.63836,0.53306,0.63836,0.5911102294921875,0.963378369808197,a.26.1.1,a.25.1.1,0.10530000000000006
1emrA,1n1qA,0.52727,0.64529,0.52727,0.64529,0.5973181128501892,0.9498313665390016,a.26.1.1,a.25.1.1,0.11802000000000001
1emrA,2bk6A,0.52934,0.63939,0.52934,0.63939,0.5745877027511597,0.96617192029953,a.26.1.1,a.25.1.1,0.11004999999999998
1emrA,2bw1A,0.53053,0.63644,0.53053,0.63644,0.601707935333252,0.9693320393562316,a.26.1.1,a.25.1.1,0.10591000000000006
1emrA,1o9rA,0.54522,0.65705,0.53673,0.64708,0.6226516962051392,0.9661072492599488,a.26.1.1,a.25.1.1,0.11034999999999995
1emrA,2c2fA,0.54572,0.67687,0.49589,0.61546,0.6641424298286438,0.950779378414154,a.26.1.1,a.25.1.0,0.11957000000000001
1emrA,1umnA,0.53247,0.63633,0.53247,0.63633,0.5850348472595215,0.970533847808838,a.26.1.1,a.25.1.1,0.10385999999999995
1eumA,1bgcA,0.50623,0.62281,0.50623,0.62281,0.6111539602279663,0.95535010099411,a.25.1.1,a.26.1.1,0.11658000000000002
1eumA,1aluA,0.48032,0.58458,0.48032,0.58458,0.6355346441268921,0.959011435508728,a.25.1.1,a.26.1.1,0.10425999999999996
1evsA,2c2fA,0.46077,0.65307,0.43144,0.60806,0.6372002959251404,0.970643162727356,a.26.1.1,a.25.1.0,0.17662000000000005
1evsA,2bw1A,0.48684,0.59896,0.48684,0.59896,0.5768208503723145,0.9793490171432496,a.26.1.1,a.25.1.1,0.11212000000000005
1evsA,1qghA,0.49418,0.61926,0.49418,0.61926,0.5364972949028015,0.9804823398590088,a.26.1.1,a.25.1.1,0.12508000000000002
1evsA,2c41A,0.51554,0.66111,0.51554,0.66111,0.5913723707199097,0.9792675971984864,a.26.1.1,a.25.1.0,0.14556999999999998
1evsA,1z6oM,0.50132,0.61098,0.4379,0.53842,0.5945906043052673,0.9694175720214844,a.26.1.1,a.25.1.1,0.10052
1evsA,1ji5A,0.49907,0.6215,0.49907,0.6215,0.5404272675514221,0.9760177731513976,a.26.1.1,a.25.1.1,0.12243000000000004
1evsA,1umnA,0.48597,0.59517,0.48597,0.59517,0.5520992875099182,0.9792662858963012,a.26.1.1,a.25.1.1,0.10919999999999996
1evsA,1jigA,0.50481,0.63485,0.50481,0.63485,0.549447238445282,0.9779946208000184,a.26.1.1,a.25.1.1,0.13004000000000004
1evsA,2cf7A,0.48635,0.60551,0.48635,0.60551,0.5954890251159668,0.979137361049652,a.26.1.1,a.25.1.1,0.11915999999999999
1evsA,1n1qA,0.50193,0.63506,0.50193,0.63506,0.5718067288398743,0.978567898273468,a.26.1.1,a.25.1.1,0.13312999999999997
1evsA,2fjcA,0.45775,0.63004,0.45775,0.63004,0.6030514240264893,0.9888916015625,a.26.1.1,a.25.1.1,0.17229000000000005
1evsA,1o9rA,0.49431,0.61623,0.49431,0.61623,0.5973923802375793,0.98301500082016,a.26.1.1,a.25.1.1,0.12192000000000003
1evsA,1eumA,0.46171,0.54146,0.46171,0.54146,0.6008558869361877,0.9805868864059448,a.26.1.1,a.25.1.1,0.07975000000000004
1evsA,1z4aA,0.45088,0.59226,0.44884,0.58937,0.5975407958030701,0.9834709167480468,a.26.1.1,a.25.1.1,0.14052999999999993
1evsA,2gydA,0.45541,0.60091,0.44518,0.58682,0.6025380492210388,0.9780267477035522,a.26.1.1,a.25.1.1,0.14164
1evsA,2d5kA,0.50396,0.63602,0.50396,0.63602,0.5486041307449341,0.9767065048217772,a.26.1.1,l.1.1.1,0.13206000000000007
1evsA,2ffxJ,0.45407,0.6064,0.43439,0.57868,0.621340811252594,0.9705595970153807,a.26.1.1,a.25.1.1,0.14428999999999997
1evsA,2clbA,0.48936,0.62547,0.48465,0.61943,0.5546537637710571,0.963134229183197,a.26.1.1,,0.13478
1evsA,1gwgA,0.4572,0.60682,0.44695,0.59251,0.6031252145767212,0.9768127202987672,a.26.1.1,a.25.1.1,0.14555999999999997
1evsA,2iy4A,0.49424,0.62508,0.49424,0.62508,0.5447677373886108,0.9829632639884948,a.26.1.1,a.25.1.1,0.13083999999999996
1evsA,1rciA,0.48673,0.53869,0.46799,0.51884,0.6160709261894226,0.9736263751983644,a.26.1.1,a.25.1.1,0.05084999999999995
1evsA,2bjyA,0.49899,0.61406,0.49899,0.61406,0.5544394850730896,0.9795584678649902,a.26.1.1,a.25.1.1,0.11507000000000006
1evsA,1h96A,0.45637,0.6021,0.44812,0.59086,0.6086276769638062,0.973907232284546,a.26.1.1,a.25.1.1,0.14274000000000003
1f1mA,1rj1A,0.4513,0.55314,0.4513,0.55314,0.6434707641601562,0.8978258967399597,a.24.12.1,l.1.1.1,0.10183999999999999
1f1mA,2cj4A,0.45365,0.54476,0.45365,0.54476,0.6534969806671143,0.8975645899772644,a.24.12.1,a.29.6.1,0.09111000000000002
1f30A,1yuxA,0.71851,0.71851,0.57282,0.57282,0.8568049669265747,0.8982892036437988,a.25.1.1,g.41.5.1,0.0
1f30A,1cnt1,0.53383,0.65928,0.53383,0.65928,0.6424964070320129,0.9468952417373656,a.25.1.1,a.26.1.1,0.12544999999999995
1f30A,1cd9A,0.58101,0.72547,0.53534,0.66943,0.5356482267379761,0.970408022403717,a.25.1.1,a.26.1.1,0.13408999999999993
1f30A,1rhgA,0.53165,0.68791,0.53165,0.68791,0.5488219857215881,0.9558813571929932,a.25.1.1,a.26.1.1,0.15626000000000007
1f30A,1bgdA,0.56637,0.71088,0.5632,0.70701,0.5885420441627502,0.965427041053772,a.25.1.1,a.26.1.1,0.14381
1f30A,1aluA,0.50318,0.63154,0.50048,0.62814,0.6226308345794678,0.9729309678077698,a.25.1.1,a.26.1.1,0.12766
1f30A,1axiA,0.46076,0.6219,0.42173,0.56641,0.6210678219795227,0.9564486742019652,a.25.1.1,a.26.1.1,0.14467999999999998
1f6fA,1jigA,0.47323,0.57067,0.47323,0.57067,0.5497605800628662,0.9437110424041748,a.26.1.1,a.25.1.1,0.09744000000000003
1f6fA,1n1qA,0.46584,0.5416,0.46584,0.5416,0.5687779188156128,0.9448184370994568,a.26.1.1,a.25.1.1,0.07576
1f6fA,1r03A,0.46383,0.51911,0.46383,0.51911,0.6104055047035217,0.925517201423645,a.26.1.1,a.25.1.1,0.05527999999999994
1f6fA,2fjcA,0.47731,0.58497,0.47731,0.58497,0.5993698239326477,0.9688608646392822,a.26.1.1,a.25.1.1,0.10765999999999998
1f6fA,2cf7A,0.48381,0.58439,0.48381,0.58439,0.5910027027130127,0.9691888093948364,a.26.1.1,a.25.1.1,0.10057999999999995
1f6fA,2bw1A,0.48551,0.58725,0.48551,0.58725,0.5825069546699524,0.9655433297157288,a.26.1.1,a.25.1.1,0.10174000000000005
1f6fA,1umnA,0.48385,0.58471,0.48385,0.58471,0.5586713552474976,0.965842604637146,a.26.1.1,a.25.1.1,0.10085999999999995
1f6fA,1dpsA,0.48073,0.5831,0.48073,0.5831,0.5831866264343262,0.9758695363998412,a.26.1.1,a.25.1.1,0.10236999999999996
1f6fA,1mojA,0.44132,0.59477,0.44132,0.59477,0.5888051986694336,0.9414936304092408,a.26.1.1,a.25.1.1,0.15345000000000003
1f6fA,1o9rA,0.48639,0.60092,0.48639,0.60092,0.5852457880973816,0.9646347761154176,a.26.1.1,a.25.1.1,0.11453000000000002
1fhaA,1aluA,0.44315,0.54513,0.44315,0.54513,0.6509816646575928,0.954631805419922,a.25.1.1,a.26.1.1,0.10198000000000002
1fhaA,1wozA,0.52274,0.52274,0.52274,0.52274,0.7080486416816711,0.8290667533874512,a.25.1.1,a.25.2.0,0.0
1fxkA,1jq0A,0.53588,0.53588,0.53588,0.53588,0.6390323042869568,0.809165894985199,a.2.5.1,h.3.2.1,0.0
1fxkC,2fcwA,0.49388,0.54295,0.49388,0.54295,0.4743321239948272,0.8172972202301025,a.2.5.1,a.13.1.1,0.04907000000000006
1gncA,1dpsA,0.41989,0.53023,0.41989,0.53023,0.5691349506378174,0.96602463722229,l.1.1.1,a.25.1.1,0.11034
1gncA,1f30A,0.41727,0.52927,0.41727,0.52927,0.5752595663070679,0.9599220156669616,l.1.1.1,a.25.1.1,0.11200000000000004
1gwgA,1pvhB,0.47988,0.5822,0.47744,0.5794,0.6093857288360596,0.9537091851234436,a.25.1.1,a.26.1.1,0.10196000000000005
1gwgA,1lkiA,0.47772,0.57743,0.46838,0.56674,0.5956836938858032,0.9350431561470032,a.25.1.1,a.26.1.1,0.09836
1gwgA,1bgcA,0.46927,0.60088,0.46927,0.60088,0.6072614192962646,0.9456776976585388,a.25.1.1,a.26.1.1,0.13160999999999995
1gwgA,1f6fA,0.50287,0.5934,0.46848,0.55478,0.5932549834251404,0.9484127163887024,a.25.1.1,a.26.1.1,0.08630000000000004
1h96A,1cd9A,0.51148,0.63938,0.50136,0.62702,0.5567411184310913,0.9421489238739014,a.25.1.1,a.26.1.1,0.12566
1h96A,1f6fA,0.50454,0.60189,0.46777,0.55878,0.5957110524177551,0.9422264099121094,a.25.1.1,a.26.1.1,0.09101000000000004
1h96A,1axiA,0.4545,0.5579,0.4376,0.53767,0.6372178792953491,0.934180498123169,a.25.1.1,a.26.1.1,0.10006999999999999
1h96A,1bgdA,0.46705,0.60211,0.46705,0.60211,0.6089800596237183,0.9334099292755128,a.25.1.1,a.26.1.1,0.13506
1huwA,1yuzA,0.42403,0.55661,0.3643,0.47864,0.6756001710891724,0.853165864944458,a.26.1.1,g.41.5.1,0.11434
1huwA,1yuxA,0.42378,0.55291,0.36408,0.47603,0.6650961637496948,0.8688141703605652,a.26.1.1,g.41.5.1,0.11195
1huwA,1aewA,0.42361,0.42361,0.41578,0.41578,0.6324188709259033,0.9271159172058104,a.26.1.1,a.25.1.1,0.0
1hwgA,1z6oM,0.39793,0.50645,0.3868,0.49174,0.6246221661567688,0.9215311408042908,a.26.1.1,a.25.1.1,0.10494000000000003
1hwgA,1rytA,0.43618,0.55681,0.42458,0.54244,0.617011308670044,0.8850942254066467,a.26.1.1,g.41.5.1,0.11786000000000002
1hwgA,2cf7A,0.41452,0.51436,0.41452,0.51436,0.6283011436462402,0.9566202163696288,a.26.1.1,a.25.1.1,0.09984000000000004
1hwgA,1mojA,0.42567,0.5563,0.42567,0.5563,0.6244737505912781,0.9189014434814452,a.26.1.1,a.25.1.1,0.13063000000000002
1hwgA,2fkzA,0.42499,0.53471,0.42499,0.53471,0.6335822939872742,0.9455379843711852,a.26.1.1,a.25.1.1,0.10972000000000004
1hwgA,1nf4A,0.42492,0.52538,0.42492,0.52538,0.6305723786354065,0.9426039457321168,a.26.1.1,a.25.1.1,0.10045999999999994
1hwgA,1jgcA,0.42388,0.5244,0.42388,0.5244,0.5954226851463318,0.9267855882644652,a.26.1.1,a.25.1.1,0.10052
1hwgA,2fzfA,0.49359,0.62132,0.49359,0.62132,0.6539665460586548,0.9568501710891724,a.26.1.1,a.25.1.1,0.12773
1hwgA,1b71A,0.43539,0.55719,0.42202,0.5405,0.624305248260498,0.8715027570724487,a.26.1.1,g.41.5.1,0.11847999999999997
1hwgA,2iy4A,0.40998,0.52382,0.40998,0.52382,0.5672788023948669,0.9523112773895264,a.26.1.1,a.25.1.1,0.11383999999999994
1hwgA,1umnA,0.40525,0.5216,0.40525,0.5216,0.5835667252540588,0.9504197239875792,a.26.1.1,a.25.1.1,0.11634999999999995
1hwgA,1jigA,0.42839,0.50825,0.42839,0.50825,0.5730831623077393,0.9307368993759156,a.26.1.1,a.25.1.1,0.07985999999999999
1hwgA,2gydA,0.40896,0.51681,0.40896,0.51681,0.6293711066246033,0.9346972703933716,a.26.1.1,a.25.1.1,0.10785
1hwgA,1eumA,0.41591,0.51955,0.41591,0.51955,0.6283749341964722,0.935103952884674,a.26.1.1,a.25.1.1,0.10363999999999995
1hwgA,1z4aA,0.41177,0.50349,0.41177,0.50349,0.6209211349487305,0.9423794746398926,a.26.1.1,a.25.1.1,0.09171999999999997
1hwgA,1sofA,0.42368,0.53232,0.42368,0.53232,0.6161143183708191,0.9463661909103394,a.26.1.1,a.25.1.1,0.10864000000000001
1hwgA,2bw1A,0.42673,0.52379,0.42673,0.52379,0.6087347269058228,0.9517768025398254,a.26.1.1,a.25.1.1,0.09705999999999998
1hwgA,1krqA,0.41503,0.49588,0.41503,0.49588,0.6188910007476807,0.938179850578308,a.26.1.1,a.25.1.1,0.08084999999999998
1hwgA,2d5kA,0.42599,0.52789,0.42599,0.52789,0.5713492035865784,0.9298832416534424,a.26.1.1,l.1.1.1,0.10189999999999999
1hwgA,1aewA,0.41014,0.52004,0.41014,0.52004,0.6378213167190552,0.92348974943161,a.26.1.1,a.25.1.1,0.10989999999999994
1hwgA,1s3qA,0.3821,0.3821,0.3821,0.3821,0.5751955509185791,0.9619898796081544,a.26.1.1,a.25.1.1,0.0
1hwgA,2c2fA,0.42231,0.5454,0.42231,0.5454,0.6773309707641602,0.9263945817947388,a.26.1.1,a.25.1.0,0.12308999999999998
1hwgA,2fg4A,0.39583,0.52221,0.39583,0.52221,0.6498128771781921,0.9148322343826294,a.26.1.1,a.25.1.1,0.12637999999999994
1hwgA,1rccA,0.40799,0.52212,0.40799,0.52212,0.6510443091392517,0.9291484355926514,a.26.1.1,a.25.1.1,0.11413000000000001
1hwgA,1bcfA,0.42854,0.53728,0.42854,0.53728,0.6205518841743469,0.9538933038711548,a.26.1.1,a.25.1.1,0.10874
1hwgA,1rcdA,0.40875,0.52307,0.40875,0.52307,0.6459605693817139,0.926764965057373,a.26.1.1,a.25.1.1,0.11432000000000003
1hwgA,2bjyA,0.41545,0.51513,0.41545,0.51513,0.5806135535240173,0.9482185244560242,a.26.1.1,a.25.1.1,0.09967999999999999
1hwgA,2cluA,0.4075,0.51996,0.4075,0.51996,0.6385245323181152,0.930183172225952,a.26.1.1,a.25.1.1,0.11246
1hwgA,1n1qA,0.42121,0.50999,0.42121,0.50999,0.5987887382507324,0.9314061403274536,a.26.1.1,a.25.1.1,0.08878000000000008
1hwgA,1qghA,0.41353,0.5269,0.41353,0.5269,0.560734748840332,0.9534299373626708,a.26.1.1,a.25.1.1,0.11337000000000003
1hwgA,1o9rA,0.43133,0.54102,0.43133,0.54102,0.6242509484291077,0.9443036913871764,a.26.1.1,a.25.1.1,0.10968999999999995
1hwgA,1vlgA,0.41314,0.51017,0.41314,0.51017,0.6194958090782166,0.9435153007507324,a.26.1.1,a.25.1.1,0.09703
1hwgA,2bk6A,0.41235,0.51754,0.41235,0.51754,0.5612881183624268,0.9503546357154846,a.26.1.1,a.25.1.1,0.10519
1hwgA,1ji5A,0.41255,0.50685,0.41255,0.50685,0.5700037479400635,0.9315805435180664,a.26.1.1,a.25.1.1,0.09430000000000005
1hwgA,1jreA,0.42429,0.52987,0.42429,0.52987,0.6076983213424683,0.9508652687072754,a.26.1.1,a.25.1.1,0.10557999999999995
1hwgA,2bkcA,0.41628,0.53077,0.41628,0.53077,0.5864453315734863,0.954859733581543,a.26.1.1,a.25.1.1,0.11448999999999998
1hwgA,2fjcA,0.41748,0.52766,0.41748,0.52766,0.6316660046577454,0.9554030299186708,a.26.1.1,a.25.1.1,0.11018
1hwgA,1f30A,0.42424,0.53399,0.42424,0.53399,0.6164447069168091,0.9506686925888062,a.26.1.1,a.25.1.1,0.10974999999999996
1i1rB,2gs4A,0.45132,0.56365,0.45132,0.56365,0.6099469661712646,0.9107723236083984,a.26.1.1,a.25.1.4,0.11232999999999999
1i1rB,1nf4A,0.44297,0.56238,0.43873,0.55707,0.6359279155731201,0.9634891748428344,a.26.1.1,a.25.1.1,0.11833999999999995
1i1rB,1z4aA,0.42984,0.52497,0.42984,0.52497,0.6235954761505127,0.963272213935852,a.26.1.1,a.25.1.1,0.09513000000000005
1i1rB,1vlgA,0.43072,0.52882,0.43072,0.52882,0.6240029335021973,0.9634976387023926,a.26.1.1,a.25.1.1,0.09809999999999997
1i1rB,2fzfA,0.49672,0.64795,0.49672,0.64795,0.6734822392463684,0.983153223991394,a.26.1.1,a.25.1.1,0.15123000000000003
1i1rB,2fkzA,0.4437,0.56157,0.4437,0.56157,0.6408258080482483,0.9667589664459229,a.26.1.1,a.25.1.1,0.11787000000000003
1i1rB,2fg4A,0.3958,0.53438,0.38876,0.52501,0.65622878074646,0.930180549621582,a.26.1.1,a.25.1.1,0.13624999999999998
1i1rB,1umnA,0.46157,0.59068,0.46157,0.59068,0.5922696590423584,0.9743943214416504,a.26.1.1,a.25.1.1,0.12911
1i1rB,1vjxA,0.45851,0.5866,0.45851,0.5866,0.6282966732978821,0.9800174236297609,a.26.1.1,l.1.1.1,0.12809000000000004
1i1rB,2gydA,0.42998,0.53388,0.42798,0.5315,0.6396485567092896,0.9542149305343628,a.26.1.1,a.25.1.1,0.10351999999999995
1i1rB,2cn7A,0.39516,0.55153,0.38645,0.53917,0.6531955003738403,0.9502291679382324,a.26.1.1,a.25.1.1,0.15272000000000002
1i1rB,1qghA,0.46023,0.59065,0.46023,0.59065,0.5753980278968811,0.9751816987991332,a.26.1.1,a.25.1.1,0.13042000000000004
1i1rB,1krqA,0.43442,0.54164,0.43442,0.54164,0.6222423911094666,0.9599402546882628,a.26.1.1,a.25.1.1,0.10722000000000004
1i1rB,1gwgA,0.43134,0.53685,0.42934,0.53444,0.6390138268470764,0.9516539573669434,a.26.1.1,a.25.1.1,0.10510000000000003
1i1rB,2bw1A,0.46456,0.59523,0.46456,0.59523,0.6029691696166992,0.9695407152175904,a.26.1.1,a.25.1.1,0.13067000000000006
1i1rB,1aewA,0.43042,0.53413,0.42446,0.52707,0.6505738496780396,0.9425973296165466,a.26.1.1,a.25.1.1,0.10261000000000003
1i1rB,2cluA,0.39418,0.55188,0.38564,0.53944,0.6511095762252808,0.9515132904052734,a.26.1.1,a.25.1.1,0.15380000000000005
1i1rB,1n1qA,0.44765,0.56468,0.44765,0.56468,0.6046435832977295,0.9520890116691588,a.26.1.1,a.25.1.1,0.11702999999999997
1i1rB,2d5kA,0.45526,0.57178,0.45526,0.57178,0.582123339176178,0.9528229236602784,a.26.1.1,l.1.1.1,0.11651999999999996
1i1rB,1sofA,0.44227,0.55992,0.44227,0.55992,0.622162938117981,0.9702073335647584,a.26.1.1,a.25.1.1,0.11764999999999998
1i1rB,1o9rA,0.46944,0.59943,0.46944,0.59943,0.6284424066543579,0.9668325185775756,a.26.1.1,a.25.1.1,0.12999
1i1rB,1mojA,0.46311,0.61218,0.43592,0.5757,0.6304616928100586,0.9440749883651732,a.26.1.1,a.25.1.1,0.13978000000000002
1i1rB,1rcdA,0.43453,0.5373,0.42659,0.52788,0.6564663648605347,0.9466379880905152,a.26.1.1,a.25.1.1,0.10128999999999999
1i1rB,2chiA,0.39328,0.5502,0.38481,0.53766,0.6487171649932861,0.954547882080078,a.26.1.1,a.25.1.1,0.15285000000000004
1i1rB,1jigA,0.45762,0.58265,0.45762,0.58265,0.585296630859375,0.9539940357208252,a.26.1.1,a.25.1.1,0.12502999999999997
1i1rB,1mfrA,0.39382,0.54965,0.38667,0.5398,0.6467821598052979,0.9514817595481871,a.26.1.1,a.25.1.1,0.15312999999999993
1i1rB,2ib0A,0.46715,0.60502,0.46715,0.60502,0.6095913648605347,0.9910273551940918,a.26.1.1,a.25.1.9,0.13787
1i1rB,1jgcA,0.43638,0.55169,0.43638,0.55169,0.6031020879745483,0.9546948075294496,a.26.1.1,a.25.1.1,0.11531000000000002
1i1rB,1dpsA,0.45626,0.59407,0.45626,0.59407,0.6231356263160706,0.9822788238525392,a.26.1.1,a.25.1.1,0.13781
1i1rB,1r03A,0.4318,0.54113,0.42387,0.53149,0.6450862288475037,0.9282456636428832,a.26.1.1,a.25.1.1,0.10762
1i1rB,1s3qA,0.40236,0.51479,0.40236,0.51479,0.5992410182952881,0.981443464756012,a.26.1.1,a.25.1.1,0.11242999999999997
1i1rB,2bjyA,0.46492,0.59636,0.46492,0.59636,0.5931656360626221,0.9704796075820924,a.26.1.1,a.25.1.1,0.13144
1i1rB,1bcfA,0.43736,0.56408,0.43736,0.56408,0.6278058886528015,0.9735482931137084,a.26.1.1,a.25.1.1,0.12672
1i1rB,2iy4A,0.46476,0.5995,0.46476,0.5995,0.579367995262146,0.9734782576560974,a.26.1.1,a.25.1.1,0.13474000000000003
1i1rB,1rccA,0.43458,0.53752,0.42653,0.52809,0.6612780094146729,0.9490679502487184,a.26.1.1,a.25.1.1,0.10155999999999993
1i1rB,1fhaA,0.39115,0.52965,0.38261,0.51819,0.6490321159362793,0.9557983875274658,a.26.1.1,a.25.1.1,0.13558000000000003
1i1rB,1rciA,0.43677,0.53857,0.42866,0.5291,0.6504064798355103,0.9470394849777222,a.26.1.1,a.25.1.1,0.10044000000000003
1i1rB,1jreA,0.45701,0.59215,0.45701,0.59215,0.6197119951248169,0.9764019250869752,a.26.1.1,a.25.1.1,0.13513999999999993
1i1rB,1f30A,0.45617,0.59147,0.45617,0.59147,0.6275179982185364,0.976597249507904,a.26.1.1,a.25.1.1,0.13530000000000003
1i1rB,2bk6A,0.4609,0.59173,0.4609,0.59173,0.575617253780365,0.9733936190605164,a.26.1.1,a.25.1.1,0.13083
1i1rB,1ji4A,0.4631,0.55701,0.4631,0.55701,0.5728029012680054,0.9648094177246094,a.26.1.1,a.25.1.1,0.09391
1il6A,1zujA,0.4847,0.61733,0.48008,0.61154,0.59285569190979,0.9750640392303468,a.26.1.1,a.25.1.1,0.13145999999999997
1il6A,1zs3A,0.48636,0.61966,0.47497,0.6053,0.5886452198028564,0.9720546007156372,a.26.1.1,a.25.1.1,0.13032999999999995
1il6A,1vjxA,0.46173,0.60824,0.46173,0.60824,0.5959076881408691,0.9763350486755372,a.26.1.1,l.1.1.1,0.14651000000000003
1jgcA,1lkiA,0.52668,0.62161,0.49473,0.58559,0.5635212659835815,0.9326645731925964,a.25.1.1,a.26.1.1,0.09086000000000005
1jgcA,1pvhB,0.47952,0.62593,0.45995,0.59822,0.5804126262664795,0.9528271555900574,a.25.1.1,a.26.1.1,0.13826999999999995
1jgcA,1cnt1,0.53522,0.65383,0.53522,0.65383,0.6286351680755615,0.9232367277145386,a.25.1.1,a.26.1.1,0.11861
1ji5A,1wu3I,0.52614,0.67202,0.47438,0.6061,0.6178469657897949,0.9308124780654908,a.25.1.1,a.26.1.3,0.13171999999999995
1jmwA,1ea8A,0.53092,0.64808,0.53092,0.64808,0.8060379028320312,0.9733067750930786,a.24.2.1,a.24.1.1,0.11716000000000004
1jreA,1cnt1,0.53186,0.64994,0.53186,0.64994,0.6333834528923035,0.9459967613220216,a.25.1.1,a.26.1.1,0.11807999999999996
1jreA,1rhgA,0.5293,0.65138,0.5293,0.65138,0.5380398035049438,0.9566044807434082,a.25.1.1,a.26.1.1,0.12207999999999997
1jreA,1aluA,0.50245,0.62737,0.50245,0.62737,0.6150943636894226,0.9727364182472228,a.25.1.1,a.26.1.1,0.12492000000000003
1jreA,1a22A,0.50322,0.62413,0.44816,0.55836,0.6126133799552917,0.9537249803543092,a.25.1.1,a.26.1.1,0.11019999999999996
1k33A,1wcrA,0.74368,0.7176,0.49263,0.47725,0.6762878894805908,0.7337864637374878,h.3.2.1,a.7.2.0,-0.015380000000000005
1k33A,2e2aA,0.74145,0.74145,0.48719,0.48719,0.6872689127922058,0.6931436657905579,h.3.2.1,a.7.2.1,0.0
1k40A,2cj4A,0.53717,0.67357,0.477,0.59567,0.8457938432693481,0.8121392726898193,a.24.14.1,a.29.6.1,0.11867000000000005
1l3pA,1nlxA,0.62705,0.678,0.61776,0.6679,0.9906891584396362,0.9894404411315918,a.24.17.1,a.24.17.1,0.05014000000000007
1lihA,1ea8A,0.53659,0.62132,0.53659,0.62132,0.8025578856468201,0.9478742480278016,a.24.2.1,a.24.1.1,0.08472999999999997
1lihA,1gs9A,0.54111,0.6331,0.54111,0.6331,0.7631316184997559,0.9633126258850098,a.24.2.1,a.24.1.1,0.09199000000000002
1lihA,1b68A,0.53611,0.62047,0.53611,0.62047,0.8063333034515381,0.9484032392501832,a.24.2.1,a.24.1.1,0.08435999999999999
1lkiA,1z4aA,0.45084,0.54044,0.45084,0.54044,0.588215708732605,0.9478182196617126,a.26.1.1,a.25.1.1,0.08960000000000001
1lkiA,2cf7A,0.49433,0.59228,0.49433,0.59228,0.5831625461578369,0.9531842470169068,a.26.1.1,a.25.1.1,0.09795000000000004
1lkiA,1nf4A,0.4902,0.5955,0.4902,0.5955,0.5906626582145691,0.9545202255249025,a.26.1.1,a.25.1.1,0.1053
1lkiA,2bw1A,0.49795,0.59377,0.49795,0.59377,0.5625560283660889,0.954212486743927,a.26.1.1,a.25.1.1,0.09582000000000002
1lkiA,2c2fA,0.51202,0.6337,0.49722,0.61568,0.6445407271385193,0.9264041185379028,a.26.1.1,a.25.1.0,0.11846000000000001
1lkiA,1s3qA,0.42383,0.52262,0.42383,0.52262,0.5499346852302551,0.9691838026046752,a.26.1.1,a.25.1.1,0.09878999999999999
1lkiA,2fkzA,0.49888,0.60194,0.49888,0.60194,0.5996792316436768,0.9565615057945251,a.26.1.1,a.25.1.1,0.10306000000000004
1lkiA,1krqA,0.46278,0.55613,0.46278,0.55613,0.5855788588523865,0.9391698837280272,a.26.1.1,a.25.1.1,0.09334999999999999
1lkiA,1sofA,0.4967,0.59387,0.4967,0.59387,0.5787454843521118,0.96069073677063,a.26.1.1,a.25.1.1,0.09717000000000003
1lkiA,1o9rA,0.5125,0.61107,0.5125,0.61107,0.5858743190765381,0.949009895324707,a.26.1.1,a.25.1.1,0.09857000000000005
1lkiA,1umnA,0.49629,0.59404,0.49629,0.59404,0.547041118144989,0.9559953212738036,a.26.1.1,a.25.1.1,0.09775
1lkiA,1bcfA,0.49922,0.59832,0.49922,0.59832,0.5841006636619568,0.9603116512298584,a.26.1.1,a.25.1.1,0.09909999999999997
1lkiA,2c41A,0.51308,0.58996,0.51308,0.58996,0.5856630206108093,0.925832748413086,a.26.1.1,a.25.1.0,0.07688000000000006
1lkiA,2d5kA,0.50175,0.61192,0.50175,0.61192,0.5425169467926025,0.9280360341072084,a.26.1.1,l.1.1.1,0.11016999999999999
1lkiA,1jigA,0.49533,0.60699,0.49533,0.60699,0.5431376099586487,0.9327496886253356,a.26.1.1,a.25.1.1,0.11166000000000004
1lkiA,2fg4A,0.4707,0.56593,0.4707,0.56593,0.6098275184631348,0.9177331924438475,a.26.1.1,a.25.1.1,0.09523000000000004
1lkiA,2chiA,0.46817,0.56503,0.46817,0.56503,0.604832649230957,0.9315940141677856,a.26.1.1,a.25.1.1,0.09686000000000006
1lkiA,2cn7A,0.46885,0.56774,0.46885,0.56774,0.6095990538597107,0.9290238618850708,a.26.1.1,a.25.1.1,0.09889000000000003
1lkiA,2bjyA,0.5022,0.60763,0.5022,0.60763,0.5548157095909119,0.9457874894142152,a.26.1.1,a.25.1.1,0.10543000000000002
1lkiA,2cluA,0.46931,0.56668,0.46931,0.56668,0.6075021624565125,0.9298077821731568,a.26.1.1,a.25.1.1,0.09736999999999996
1lkiA,2bk6A,0.49908,0.60703,0.49908,0.60703,0.5346719026565552,0.9492986798286438,a.26.1.1,a.25.1.1,0.10794999999999993
1lkiA,1qghA,0.49999,0.60452,0.49999,0.60452,0.5341317057609558,0.9496034979820251,a.26.1.1,a.25.1.1,0.10452999999999996
1lkiA,1dpsA,0.48114,0.59439,0.48114,0.59439,0.5749047994613647,0.9675429463386536,a.26.1.1,a.25.1.1,0.11324999999999996
1lkiA,1n1qA,0.49469,0.60437,0.49469,0.60437,0.5604802966117859,0.9294883608818054,a.26.1.1,a.25.1.1,0.10967999999999994
1lkiA,2fjcA,0.50219,0.61521,0.50219,0.61521,0.5920738577842712,0.9549379348754884,a.26.1.1,a.25.1.1,0.11302000000000001
1lkiA,1fhaA,0.46512,0.56123,0.46512,0.56123,0.5999085903167725,0.9326187968254088,a.26.1.1,a.25.1.1,0.09611000000000003
1lkiA,1ji4A,0.48876,0.59279,0.48876,0.59279,0.521957516670227,0.9387729167938232,a.26.1.1,a.25.1.1,0.10403000000000007
1lkiA,2iy4A,0.50033,0.60706,0.50033,0.60706,0.539469838142395,0.9508008360862732,a.26.1.1,a.25.1.1,0.10672999999999999
1lkiA,1jreA,0.48152,0.59542,0.48152,0.59542,0.570621132850647,0.9593452215194702,a.26.1.1,a.25.1.1,0.11389999999999995
1lkiA,1uvhA,0.50669,0.60644,0.50669,0.60644,0.5949109196662903,0.9540095925331116,a.26.1.1,a.25.1.1,0.09975
1lkiA,2ib0A,0.48856,0.58951,0.48856,0.58951,0.5566014647483826,0.9809225797653198,a.26.1.1,a.25.1.9,0.10094999999999998
1lkiA,1f30A,0.48081,0.59465,0.48081,0.59465,0.5784242749214172,0.958978533744812,a.26.1.1,a.25.1.1,0.11384
1lkiA,2bkcA,0.4981,0.59509,0.4981,0.59509,0.5588696599006653,0.9523266553878784,a.26.1.1,a.25.1.1,0.09699000000000002
1lkiA,1eerA,0.55437,0.55437,0.55437,0.55437,0.9403867721557616,0.9386942982673644,a.26.1.1,a.26.1.2,0.0
1lkiA,1b71A,0.49776,0.57221,0.45482,0.52498,0.5801956653594971,0.9336453676223756,a.26.1.1,g.41.5.1,0.07016
1lkiA,1ji5A,0.48976,0.594,0.48976,0.594,0.5405723452568054,0.9342315196990968,a.26.1.1,a.25.1.1,0.10424
1m62A,1itfA,0.52853,0.53229,0.32607,0.3342,0.7521263957023621,0.632420539855957,l.1.1.1,a.26.1.3,0.00812999999999997
1mfrA,1pvhB,0.47568,0.57898,0.47568,0.57898,0.6170425415039062,0.9509793519973756,a.25.1.1,a.26.1.1,0.10330000000000006
1mfrA,1lkiA,0.47241,0.57297,0.47013,0.57031,0.6028690338134766,0.9308265447616576,a.25.1.1,a.26.1.1,0.10017999999999999
1mfrA,1f6fA,0.49191,0.59241,0.46507,0.56129,0.6013990044593811,0.9435595273971558,a.25.1.1,a.26.1.1,0.09621999999999997
1nf4A,1axiA,0.44749,0.55652,0.43513,0.5413,0.6316730380058289,0.9521727561950684,a.25.1.1,a.26.1.1,0.10616999999999999
1nf4A,1pvhB,0.50576,0.60777,0.50576,0.60777,0.6102441549301147,0.9698435068130492,a.25.1.1,a.26.1.1,0.10201000000000005
1nf4A,1cnt1,0.51113,0.63695,0.51113,0.63695,0.6483485698699951,0.9322752952575684,a.25.1.1,a.26.1.1,0.12582000000000004
1nf4A,1aluA,0.456,0.58201,0.456,0.58201,0.6287108659744263,0.9658981561660768,a.25.1.1,a.26.1.1,0.12601
1nf4A,1f6fA,0.50038,0.60524,0.46762,0.56685,0.5904116630554199,0.9599590301513672,a.25.1.1,a.26.1.1,0.09922999999999998
1nz6A,1cd9A,0.48551,0.48551,0.312,0.312,0.5870828628540039,0.6331307888031006,a.2.3.1,a.26.1.1,0.0
1nzeA,1u89A,0.59336,0.7895,0.49075,0.65442,0.9382664561271667,0.8972457051277161,a.24.18.1,l.1.1.1,0.16366999999999998
1o9rA,1cnt1,0.52231,0.64971,0.52231,0.64971,0.6504820585250854,0.9454137086868286,a.25.1.1,a.26.1.1,0.12739999999999996
1oryA,1p68A,0.40475,0.56788,0.40475,0.56788,0.9064529538154602,0.9196180105209352,a.24.19.1,k.8.1.1,0.16313000000000005
1p68A,1ktmA,0.56359,0.7259,0.4398,0.57207,0.8341721892356873,0.8938195705413818,k.8.1.1,a.24.14.1,0.13226999999999994
1p9mB,1ji5A,0.45748,0.56124,0.45748,0.56124,0.5655844211578369,0.9423236846923828,a.26.1.1,a.25.1.1,0.10375999999999996
1pvhB,2cf7A,0.5046,0.60517,0.5046,0.60517,0.6010340452194214,0.968359351158142,a.26.1.1,a.25.1.1,0.10056999999999994
1pvhB,1umnA,0.50587,0.60716,0.50587,0.60716,0.5697330236434937,0.9703027009963988,a.26.1.1,a.25.1.1,0.10128999999999999
1pvhB,2ffxJ,0.47665,0.58054,0.46744,0.56969,0.6213319301605225,0.9459307193756104,a.26.1.1,a.25.1.1,0.10225000000000001
1pvhB,2bw1A,0.50383,0.60795,0.50383,0.60795,0.5865461230278015,0.968656837940216,a.26.1.1,a.25.1.1,0.10411999999999999
1pvhB,2fg4A,0.47972,0.57859,0.47509,0.5732,0.6232953071594238,0.937908411026001,a.26.1.1,a.25.1.1,0.09811000000000003
1pvhB,1s3qA,0.43483,0.53722,0.43483,0.53722,0.5712215304374695,0.9815013408660888,a.26.1.1,a.25.1.1,0.10239000000000004
1pvhB,1yuxA,0.47858,0.626,0.41307,0.54165,0.6628056168556213,0.9174907207489014,a.26.1.1,g.41.5.1,0.12857999999999997
1pvhB,1krqA,0.47633,0.57566,0.47633,0.57566,0.6008169651031494,0.9598239064216614,a.26.1.1,a.25.1.1,0.09932999999999997
1pvhB,2d5kA,0.51374,0.62272,0.51374,0.62272,0.5620163679122925,0.9509127140045166,a.26.1.1,l.1.1.1,0.10898000000000008
1pvhB,1r03A,0.48399,0.58472,0.4792,0.57926,0.622151255607605,0.9289755821228028,a.26.1.1,a.25.1.1,0.10005999999999998
1pvhB,2fkzA,0.47895,0.60551,0.47895,0.60551,0.6166183352470398,0.971176266670227,a.26.1.1,a.25.1.1,0.12656
1pvhB,2clbA,0.49938,0.6233,0.49938,0.6233,0.567050576210022,0.9582878947257996,a.26.1.1,,0.12391999999999997
1pvhB,1yuzA,0.47858,0.62663,0.41322,0.54208,0.6685351133346558,0.9087731838226318,a.26.1.1,g.41.5.1,0.12886000000000003
1pvhB,2itbA,0.54579,0.64025,0.48786,0.57226,0.6474831700325012,0.9468902945518494,a.26.1.1,a.25.1.7,0.08439999999999998
1pvhB,1eumA,0.48038,0.58251,0.48038,0.58251,0.6140957474708557,0.9621882438659668,a.26.1.1,a.25.1.1,0.10213
1pvhB,2chiA,0.47809,0.57922,0.47095,0.5712,0.6178551912307739,0.952445149421692,a.26.1.1,a.25.1.1,0.10025000000000006
1pvhB,2c41A,0.52544,0.64381,0.52544,0.64381,0.6025248765945435,0.9498853087425232,a.26.1.1,a.25.1.0,0.11836999999999998
1pvhB,1o9rA,0.51621,0.62373,0.51621,0.62373,0.599962592124939,0.967793345451355,a.26.1.1,a.25.1.1,0.10752000000000006
1pvhB,1uvhA,0.51398,0.61123,0.51398,0.61123,0.6113872528076172,0.970569908618927,a.26.1.1,a.25.1.1,0.09725000000000006
1pvhB,1mojA,0.52764,0.63668,0.49942,0.60323,0.5961989164352417,0.9423221349716188,a.26.1.1,a.25.1.1,0.10381000000000007
1pvhB,1rytA,0.51478,0.581,0.46479,0.52783,0.6037447452545166,0.9420149326324464,a.26.1.1,g.41.5.1,0.06304000000000004
1pvhB,1n1qA,0.50623,0.6191,0.50623,0.6191,0.5793112516403198,0.9529412984848022,a.26.1.1,a.25.1.1,0.11287000000000003
1pvhB,1qghA,0.50844,0.61397,0.50844,0.61397,0.5564543008804321,0.9671619534492492,a.26.1.1,a.25.1.1,0.10553000000000001
1pvhB,1jigA,0.50874,0.61849,0.50874,0.61849,0.5638298988342285,0.9547852277755736,a.26.1.1,a.25.1.1,0.10975000000000001
1pvhB,1f30A,0.49095,0.61062,0.49095,0.61062,0.5930561423301697,0.97333163022995,a.26.1.1,a.25.1.1,0.11967000000000005
1pvhB,2ib0A,0.4954,0.61182,0.4954,0.61182,0.5779051184654236,0.9834423661231996,a.26.1.1,a.25.1.9,0.11642000000000002
1pvhB,1sofA,0.47823,0.61355,0.47823,0.61355,0.5973372459411621,0.9735933542251588,a.26.1.1,a.25.1.1,0.13532000000000005
1pvhB,1jreA,0.49106,0.61088,0.49106,0.61088,0.5864288210868835,0.9730153679847716,a.26.1.1,a.25.1.1,0.11981999999999998
1pvhB,2bk6A,0.5097,0.616,0.5097,0.616,0.5568714737892151,0.9666756391525269,a.26.1.1,a.25.1.1,0.10629999999999995
1pvhB,1vjxA,0.45693,0.57288,0.45693,0.57288,0.6114426851272583,0.9777482748031616,a.26.1.1,l.1.1.1,0.11594999999999994
1pvhB,2fjcA,0.50957,0.62084,0.50957,0.62084,0.6120378971099854,0.9725003242492676,a.26.1.1,a.25.1.1,0.11126999999999998
1pvhB,2bkcA,0.50786,0.61322,0.50786,0.61322,0.5803407430648804,0.96915864944458,a.26.1.1,a.25.1.1,0.10536000000000001
1pvhB,1dpsA,0.49186,0.61164,0.49186,0.61164,0.5922151207923889,0.9791566729545592,a.26.1.1,a.25.1.1,0.11977999999999994
1pvhB,1ji4A,0.49644,0.60091,0.49644,0.60091,0.5441129803657532,0.9569525718688964,a.26.1.1,a.25.1.1,0.10447000000000006
1pvhB,2bjyA,0.51075,0.61713,0.51075,0.61713,0.5773460865020752,0.9640621542930604,a.26.1.1,a.25.1.1,0.10637999999999992
1pvhB,2fzfA,0.51842,0.65303,0.51842,0.65303,0.6530230641365051,0.9885101914405824,a.26.1.1,a.25.1.1,0.13461
1pvhB,1zujA,0.52123,0.63857,0.52123,0.63857,0.5969583988189697,0.9714537858963012,a.26.1.1,a.25.1.1,0.11734
1qghA,1cnt1,0.57934,0.6963,0.57934,0.6963,0.5906674861907959,0.9372766017913818,a.25.1.1,a.26.1.1,0.11696000000000006
1qq3A,2cj4A,0.58911,0.68486,0.45108,0.52792,0.723295271396637,0.8884036540985107,a.24.3.1,a.29.6.1,0.07683999999999996
1r03A,1cd9A,0.49725,0.61317,0.49725,0.61317,0.5666269659996033,0.9272843599319458,a.25.1.1,a.26.1.1,0.11591999999999997
1r03A,1bgcA,0.46164,0.59529,0.46164,0.59529,0.6239586472511292,0.9241195917129515,a.25.1.1,a.26.1.1,0.13365
1rccA,1pvhB,0.47753,0.57579,0.47753,0.57579,0.6313030123710632,0.9517852067947388,a.25.1.1,a.26.1.1,0.09826000000000001
1rccA,1f6fA,0.49564,0.59859,0.46862,0.56682,0.6157318353652954,0.9461780786514282,a.25.1.1,a.26.1.1,0.09820000000000001
1rcdA,1pvhB,0.47748,0.57529,0.47748,0.57529,0.6259076595306396,0.9491931200027466,a.25.1.1,a.26.1.1,0.09780999999999995
1rcdA,1lkiA,0.47361,0.57151,0.4713,0.56886,0.6124860644340515,0.9286062717437744,a.25.1.1,a.26.1.1,0.09756000000000004
1rcdA,1f6fA,0.49354,0.59781,0.46687,0.56617,0.6108917593955994,0.9434800744056702,a.25.1.1,a.26.1.1,0.09929999999999994
1rciA,1lkiA,0.47491,0.57628,0.47259,0.57358,0.6095685958862305,0.926073431968689,a.25.1.1,a.26.1.1,0.10098999999999997
1rciA,1pvhB,0.47904,0.57915,0.47904,0.57915,0.6230078935623169,0.9468403458595276,a.25.1.1,a.26.1.1,0.10011000000000003
1rciA,1f6fA,0.49715,0.60131,0.46992,0.56942,0.6062453389167786,0.9412934184074402,a.25.1.1,a.26.1.1,0.09950000000000003
1rhgA,1s3qA,0.49717,0.6174,0.47255,0.58849,0.509202778339386,0.956229329109192,a.26.1.1,a.25.1.1,0.11593999999999993
1rhgA,1eumA,0.48435,0.68523,0.44607,0.62796,0.5586445927619934,0.934897243976593,a.26.1.1,a.25.1.1,0.18188999999999994
1rhgA,1krqA,0.48896,0.66997,0.44005,0.60281,0.5493652820587158,0.931998610496521,a.26.1.1,a.25.1.1,0.16275999999999996
1rhgA,2gydA,0.51808,0.68035,0.45676,0.60302,0.5608305335044861,0.932154893875122,a.26.1.1,a.25.1.1,0.14626
1rhgA,1vlgA,0.51622,0.67293,0.46476,0.60765,0.5510098338127136,0.9362022280693054,a.26.1.1,a.25.1.1,0.14289000000000002
1rhgA,1jgcA,0.52733,0.71811,0.48292,0.66053,0.5332329273223877,0.924101948738098,a.26.1.1,a.25.1.1,0.17760999999999993
1rhgA,2cn7A,0.51871,0.68108,0.44804,0.59194,0.5731876492500305,0.9203169345855712,a.26.1.1,a.25.1.1,0.14390000000000003
1rhgA,1sofA,0.56667,0.73286,0.53456,0.69184,0.5445792078971863,0.9527308940887452,a.26.1.1,a.25.1.1,0.15727999999999998
1rhgA,2fg4A,0.52211,0.68184,0.45269,0.59537,0.5828250646591187,0.913517951965332,a.26.1.1,a.25.1.1,0.14267999999999997
1rhgA,1dpsA,0.56718,0.73548,0.52323,0.6788,0.5383781790733337,0.9630488753318788,a.26.1.1,a.25.1.1,0.15556999999999999
1rhgA,2fkzA,0.56774,0.73458,0.53562,0.69334,0.5648999810218811,0.9467341303825378,a.26.1.1,a.25.1.1,0.15771999999999997
1rhgA,1h96A,0.52114,0.66167,0.46139,0.58909,0.5685743689537048,0.920236349105835,a.26.1.1,a.25.1.1,0.12769999999999998
1rhgA,1gwgA,0.51964,0.68312,0.4579,0.60518,0.562046468257904,0.9276319146156312,a.26.1.1,a.25.1.1,0.14728000000000008
1rhgA,1rcdA,0.52178,0.68334,0.45282,0.59624,0.576532244682312,0.9232176542282104,a.26.1.1,a.25.1.1,0.14342
1rhgA,2cluA,0.51855,0.68028,0.44784,0.59134,0.5708244442939758,0.9206063151359558,a.26.1.1,a.25.1.1,0.14349999999999996
1rhgA,2ffxJ,0.52182,0.68153,0.44786,0.58948,0.5826311111450195,0.9186055064201356,a.26.1.1,a.25.1.1,0.14162000000000002
1rhgA,1nf4A,0.56338,0.73222,0.4925,0.64126,0.552710235118866,0.9374963641166688,a.26.1.1,a.25.1.1,0.14876000000000006
1rhgA,2chiA,0.51618,0.67757,0.44608,0.58915,0.5688710808753967,0.922320544719696,a.26.1.1,a.25.1.1,0.14306999999999997
1rhgA,1mojA,0.57542,0.749,0.47513,0.61977,0.5516495108604431,0.9218200445175172,a.26.1.1,a.25.1.1,0.14464000000000005
1rhgA,1r03A,0.52013,0.68512,0.45127,0.59792,0.5766358375549316,0.9066256880760192,a.26.1.1,a.25.1.1,0.14665
1rhgA,1aewA,0.51952,0.68121,0.45319,0.59771,0.568934440612793,0.9236544966697692,a.26.1.1,a.25.1.1,0.14451999999999998
1rhgA,1rccA,0.52352,0.68375,0.45413,0.59641,0.5809875130653381,0.9258702993392944,a.26.1.1,a.25.1.1,0.14228000000000002
1rhgA,2iy4A,0.54836,0.71948,0.52996,0.69534,0.507211446762085,0.9471525549888612,a.26.1.1,a.25.1.1,0.16537999999999997
1rhgA,1mfrA,0.51824,0.68351,0.44977,0.59678,0.5669165849685669,0.9211605787277222,a.26.1.1,a.25.1.1,0.14700999999999997
1rhgA,1n1qA,0.52913,0.70737,0.51662,0.69179,0.5351182222366333,0.9267692565917968,a.26.1.1,a.25.1.1,0.17517000000000005
1rhgA,1jigA,0.49141,0.71406,0.48873,0.70999,0.513455331325531,0.9276384115219116,a.26.1.1,a.25.1.1,0.22126
1rhgA,1umnA,0.5443,0.70518,0.52541,0.68195,0.5138473510742188,0.9424888491630554,a.26.1.1,a.25.1.1,0.1565399999999999
1rhgA,1o9rA,0.57312,0.74292,0.52081,0.67568,0.5530688762664795,0.9461756944656372,a.26.1.1,a.25.1.1,0.15486999999999995
1rhgA,2bk6A,0.53582,0.71331,0.52027,0.69327,0.4996706545352936,0.9418963193893432,a.26.1.1,a.25.1.1,0.17300000000000004
1rhgA,2bkcA,0.54074,0.7162,0.52479,0.69599,0.5234732031822205,0.9512941837310792,a.26.1.1,a.25.1.1,0.17120000000000002
1rhgA,1uvhA,0.57025,0.73871,0.5323,0.68995,0.5666241645812988,0.956199049949646,a.26.1.1,a.25.1.1,0.15764999999999996
1rhgA,1bcfA,0.57051,0.73887,0.52901,0.68556,0.549415647983551,0.9544628262519836,a.26.1.1,a.25.1.1,0.15654999999999997
1rhgA,1rciA,0.52232,0.68921,0.45306,0.60112,0.5741852521896362,0.9198057651519777,a.26.1.1,a.25.1.1,0.14805999999999997
1rhgA,2ib0A,0.55589,0.72236,0.55589,0.72236,0.5216217637062073,0.948483109474182,a.26.1.1,a.25.1.9,0.16647
1rhgA,2cf7A,0.54731,0.69653,0.51269,0.65563,0.5558530688285828,0.947701096534729,a.26.1.1,a.25.1.1,0.14294000000000007
1s3qA,1f6fA,0.43174,0.55614,0.37855,0.48626,0.5506525039672852,0.968582034111023,a.25.1.1,a.26.1.1,0.10771000000000003
1s3qA,1aluA,0.45709,0.55966,0.45013,0.55144,0.5943885445594788,0.9823331236839294,a.25.1.1,a.26.1.1,0.10131000000000007
1sofA,1bgcA,0.56342,0.65877,0.55407,0.64828,0.5927707552909851,0.9700436592102052,a.25.1.1,a.26.1.1,0.09421000000000002
1sofA,1cnt1,0.55343,0.68285,0.55343,0.68285,0.6403195261955261,0.9444807171821594,a.25.1.1,a.26.1.1,0.12941999999999998
1sofA,1axiA,0.46566,0.59141,0.42295,0.53783,0.6181176900863647,0.9546911716461182,a.25.1.1,a.26.1.1,0.11488000000000004
1sofA,1f6fA,0.54074,0.66569,0.47014,0.58087,0.5770434141159058,0.96552836894989,a.25.1.1,a.26.1.1,0.11073
1umnA,1cnt1,0.56423,0.68597,0.56423,0.68597,0.6062681078910828,0.936118483543396,a.25.1.1,a.26.1.1,0.12173999999999996
1uvhA,1bgcA,0.57962,0.7265,0.57646,0.72258,0.6103134751319885,0.9673914909362792,a.25.1.1,a.26.1.1,0.14612000000000003
1v74B,1zv4X,0.46615,0.49273,0.33209,0.35729,0.5795360207557678,0.6396710276603699,a.24.20.1,l.1.1.1,0.0252
1vlgA,1pvhB,0.47935,0.57353,0.46731,0.5603,0.6008521318435669,0.9645106792449952,a.25.1.1,a.26.1.1,0.09299000000000002
1vlsA,1le4A,0.56926,0.6539,0.56926,0.6539,0.7938003540039062,0.9798473119735718,a.24.2.1,a.24.1.1,0.08464000000000005
1vlsA,1gs9A,0.56809,0.65941,0.56809,0.65941,0.763770580291748,0.9847700595855712,a.24.2.1,a.24.1.1,0.09132000000000007
1vlsA,1lpeA,0.55856,0.65369,0.55856,0.65369,0.7491631507873535,0.985987663269043,a.24.2.1,a.24.1.1,0.09513000000000005
1vlsA,1ea8A,0.5368,0.64786,0.5368,0.64786,0.8037815093994141,0.9760404825210572,a.24.2.1,a.24.1.1,0.11105999999999994
1vlsA,1h7iA,0.55224,0.64717,0.55224,0.64717,0.8019243478775024,0.9784825444221495,a.24.2.1,a.24.1.1,0.09493000000000007
1wozA,1gwgA,0.5732,0.5732,0.53834,0.53834,0.7248694896697998,0.8229576349258423,a.25.2.0,a.25.1.1,0.0
1wu3I,2inpC,0.63133,0.80169,0.35605,0.44058,0.6252724528312683,0.8891899585723877,a.26.1.3,,0.08453000000000005
1wu3I,2a6bA,0.54236,0.65446,0.43227,0.51668,0.4828409850597381,0.8985245227813721,a.26.1.3,a.132.1.3,0.08441000000000004
1wu3I,2itbA,0.56216,0.68952,0.48277,0.59323,0.5940090417861938,0.9147096872329712,a.26.1.3,a.25.1.7,0.11046000000000006
1wu3I,2iyhA,0.63055,0.75911,0.40078,0.48197,0.6544130444526672,0.930496335029602,a.26.1.3,a.25.1.2,0.08118999999999998
1wu3I,1z4aA,0.47117,0.59161,0.46423,0.58276,0.6702221035957336,0.9377527832984924,a.26.1.3,a.25.1.1,0.11852999999999997
1wvtA,1rhgA,0.4464,0.5933,0.4464,0.5933,0.6544145941734314,0.8705761432647705,a.25.2.0,a.26.1.1,0.14690000000000003
1yjgA,1bcfA,0.52451,0.52451,0.52175,0.52175,0.4817143082618713,0.7791319489479065,a.24.12.0,a.25.1.1,0.0
1yjgA,1x91A,0.51037,0.59464,0.51037,0.59464,0.6750017404556274,0.940215826034546,a.24.12.0,a.29.6.1,0.08426999999999996
1yjgA,1yo7A,0.42959,0.55859,0.42959,0.55859,0.8148415088653564,0.8502453565597534,a.24.12.0,,0.129
1z4aA,1rhgA,0.46441,0.43607,0.46441,0.43607,0.554456889629364,0.9366592168807985,a.25.1.1,a.26.1.1,-0.028339999999999976
1z4aA,1f6fA,0.4892,0.59181,0.44764,0.54267,0.583169162273407,0.9573164582252502,a.25.1.1,a.26.1.1,0.09503
1z4aA,1axiA,0.43017,0.55093,0.40921,0.52384,0.6221987009048462,0.949741005897522,a.25.1.1,a.26.1.1,0.11462999999999995
1z6oM,1a22A,0.38511,0.47431,0.38511,0.47431,0.6291604042053223,0.9279998540878296,a.25.1.1,a.26.1.1,0.0892
1z6oM,1lkiA,0.43609,0.50951,0.43609,0.50951,0.5850619673728943,0.9228698015213012,a.25.1.1,a.26.1.1,0.07342000000000004
1z6oM,1bgcA,0.43146,0.55315,0.43146,0.55315,0.5909515023231506,0.9392457008361816,a.25.1.1,a.26.1.1,0.12169000000000002
1z6oM,1pvhB,0.43859,0.52419,0.43859,0.52419,0.590986967086792,0.9429219961166382,a.25.1.1,a.26.1.1,0.08560000000000006
1z6oM,1cd9A,0.42613,0.56767,0.42613,0.56767,0.5423449277877808,0.9434177279472352,a.25.1.1,a.26.1.1,0.14154
1z7cA,2fg4A,0.45122,0.57021,0.43024,0.54455,0.6127689480781555,0.9252690076828004,a.26.1.1,a.25.1.1,0.11430999999999997
1z7cA,2cn7A,0.44894,0.57071,0.42638,0.54241,0.6095459461212158,0.9410383701324464,a.26.1.1,a.25.1.1,0.11602999999999997
1z7cA,2chiA,0.4473,0.56632,0.42453,0.53847,0.6046056151390076,0.9446157217025756,a.26.1.1,a.25.1.1,0.11393999999999999
1z7cA,1krqA,0.44913,0.56052,0.44042,0.5498,0.5872139930725098,0.9528223872184752,a.26.1.1,a.25.1.1,0.10937999999999998
1z7cA,2cluA,0.44845,0.56854,0.42553,0.53934,0.6072372198104858,0.942258596420288,a.26.1.1,a.25.1.1,0.11381000000000002
1z7cA,1f30A,0.46719,0.58646,0.46719,0.58646,0.5861341953277588,0.9647618532180786,a.26.1.1,a.25.1.1,0.11926999999999999
1z7cA,2fkzA,0.4649,0.59307,0.4649,0.59307,0.6037203669548035,0.9619134664535522,a.26.1.1,a.25.1.1,0.12817
1z7cA,2gs4A,0.45174,0.58394,0.45174,0.58394,0.5844202041625977,0.9122043251991272,a.26.1.1,a.25.1.4,0.13220000000000004
1z7cA,1gwgA,0.42844,0.56559,0.41424,0.54737,0.5987489223480225,0.9437862634658812,a.26.1.1,a.25.1.1,0.13313000000000003
1z7cA,2d5kA,0.45547,0.55861,0.45547,0.55861,0.5514431595802307,0.9394281506538392,a.26.1.1,l.1.1.1,0.10314000000000006
1zujA,1rhgA,0.48914,0.60515,0.48914,0.60515,0.5438107252120972,0.954869508743286,a.25.1.1,a.26.1.1,0.11600999999999995
1zwiC,1cxzB,0.47199,0.5121,0.47199,0.5121,0.4595352113246918,0.7508656978607178,l.1.1.1,a.2.6.1,0.04010999999999998
1zzpA,1p68A,0.47875,0.63391,0.47875,0.63391,0.9087839126586914,0.9766826629638672,,k.8.1.1,0.15515999999999996
2asrA,1b68A,0.59736,0.66062,0.59736,0.66062,0.8096928596496582,0.95211261510849,a.24.2.1,a.24.1.1,0.06325999999999998
2asrA,1bz4A,0.60093,0.66151,0.59433,0.65423,0.7803207635879517,0.9662656188011168,a.24.2.1,a.24.1.1,0.05989999999999995
2atkC,1cxzB,0.4654,0.51353,0.4654,0.51353,0.4665020406246185,0.7545340657234192,f.14.1.1,a.2.6.1,0.04813000000000006
2b0hA,2ib0A,0.52028,0.5204,0.50542,0.50555,0.5315847396850586,0.70947265625,l.1.1.1,a.25.1.9,0.0001300000000000745
2bjyA,1cnt1,0.58064,0.6997,0.58064,0.6997,0.6097816228866577,0.9348324537277222,a.25.1.1,a.26.1.1,0.11905999999999994
2bk6A,1yo7A,0.50557,0.50557,0.50557,0.50557,0.5304332971572876,0.7271369099617004,a.25.1.1,,0.0
2bk6A,1cnt1,0.57848,0.69708,0.57848,0.69708,0.5912302732467651,0.9319063425064088,a.25.1.1,a.26.1.1,0.11860000000000004
2bkcA,1cnt1,0.58257,0.7003,0.58257,0.7003,0.6167311668395996,0.9442764520645142,a.25.1.1,a.26.1.1,0.11773
2c2fA,1pvhB,0.49883,0.61619,0.49883,0.61619,0.657792329788208,0.9494963884353638,a.25.1.0,a.26.1.1,0.11736000000000002
2c2fA,1bgcA,0.50618,0.64764,0.50618,0.64764,0.6455979943275452,0.9429965615272522,a.25.1.0,a.26.1.1,0.14146000000000003
2c41A,1bgcA,0.57331,0.73255,0.56402,0.72064,0.5982096195220947,0.9440379738807678,a.25.1.0,a.26.1.1,0.15661999999999998
2c41A,1rhgA,0.53458,0.69936,0.53458,0.69936,0.5550962090492249,0.9330418705940248,a.25.1.0,a.26.1.1,0.16477999999999993
2cf7A,1cd9A,0.56277,0.70778,0.5214,0.65539,0.548896312713623,0.9614627957344056,a.25.1.1,a.26.1.1,0.13399000000000005
2chiA,1axiA,0.41187,0.55229,0.4066,0.5448,0.6371591091156006,0.9387476444244384,a.25.1.1,a.26.1.1,0.13819999999999993
2chiA,1f6fA,0.48727,0.59137,0.46292,0.56272,0.6017124652862549,0.9450594186782836,a.25.1.1,a.26.1.1,0.0998
2clbA,1cd9A,0.55043,0.66147,0.53348,0.64172,0.5127882361412048,0.967082977294922,,a.26.1.1,0.10824
2clbA,1b71A,0.6915,0.6915,0.60724,0.60724,0.9040887355804444,0.9120532274246216,,g.41.5.1,0.0
2clbA,1i1rB,0.46292,0.60774,0.45854,0.60194,0.6038249135017395,0.9658552408218384,,a.26.1.1,0.14340000000000003
2clbA,1lkiA,0.50947,0.63061,0.49176,0.60922,0.5534743666648865,0.9424570202827454,,a.26.1.1,0.11746000000000001
2clbA,1cnt1,0.47355,0.62018,0.47355,0.62018,0.613195538520813,0.9398757815361024,,a.26.1.1,0.14662999999999993
2clbA,1rhgA,0.49694,0.60103,0.49694,0.60103,0.5206149220466614,0.9506466388702391,,a.26.1.1,0.10408999999999996
2cluA,1pvhB,0.47236,0.57411,0.47236,0.57411,0.6206651329994202,0.9508689045906068,a.25.1.1,a.26.1.1,0.10175000000000001
2cluA,1f6fA,0.48955,0.59128,0.46508,0.56259,0.60455322265625,0.9437751770019532,a.25.1.1,a.26.1.1,0.09751000000000004
2cn7A,1pvhB,0.47164,0.57493,0.47164,0.57493,0.6230570077896118,0.9501086473464966,a.25.1.1,a.26.1.1,0.10329000000000005
2cn7A,1axiA,0.44025,0.55293,0.43412,0.5453,0.642107367515564,0.935415744781494,a.25.1.1,a.26.1.1,0.11118
2cn7A,1aluA,0.44499,0.55127,0.44499,0.55127,0.6589781045913696,0.9495819211006165,a.25.1.1,a.26.1.1,0.10628000000000004
2erjD,1a7mA,0.64936,0.64936,0.50497,0.50497,0.8711647391319275,0.9149962663650512,a.26.1.2,a.26.1.1,0.0
2erjD,1ax8A,0.58023,0.58023,0.58023,0.58023,0.9097208976745604,0.9256802201271056,a.26.1.2,a.26.1.1,0.0
2ffxJ,1bgcA,0.46127,0.58658,0.46127,0.58658,0.6242690682411194,0.9386820793151855,a.25.1.1,a.26.1.1,0.12530999999999998
2ffxJ,1lkiA,0.46796,0.56324,0.46796,0.56324,0.61045241355896,0.9262402653694152,a.25.1.1,a.26.1.1,0.09527999999999998
2ffxJ,2ah6A,0.50269,0.54117,0.50269,0.54117,0.732609748840332,0.7815108895301819,a.25.1.1,a.25.2.2,0.03848000000000007
2ffxJ,1f6fA,0.49361,0.59052,0.47096,0.56436,0.6074929237365723,0.9405652284622192,a.25.1.1,a.26.1.1,0.09339999999999998
2fg4A,1wozA,0.52725,0.52725,0.52725,0.52725,0.7209275364875793,0.7962137460708618,a.25.1.1,a.25.2.0,0.0
2fkzA,1f6fA,0.54162,0.6664,0.47075,0.58149,0.5940739512443542,0.9634645581245422,a.25.1.1,a.26.1.1,0.11073999999999995
2fzfA,1cnt1,0.4934,0.66222,0.4934,0.66222,0.6809749603271484,0.9445005655288696,a.25.1.1,a.26.1.1,0.16882000000000003
2fzfA,1f6fA,0.60822,0.75462,0.53629,0.66671,0.625796914100647,0.973633885383606,a.25.1.1,a.26.1.1,0.13041999999999998
2fzfA,1x91A,0.52182,0.52182,0.52182,0.52182,0.4847978055477142,0.7687399983406067,a.25.1.1,a.29.6.1,0.0
2g2dA,2gydA,0.55924,0.57419,0.5373,0.5509,0.7365739345550537,0.7860300540924072,a.25.2.0,a.25.1.1,0.013599999999999945
2g2dA,1z4aA,0.56869,0.56869,0.55715,0.55715,0.7147934436798096,0.7963098287582397,a.25.2.0,a.25.1.1,0.0
2g2dA,2fg4A,0.55691,0.58807,0.5275,0.55622,0.7321985960006714,0.7522251605987549,a.25.2.0,a.25.1.1,0.02872000000000008
2g2dA,2cn7A,0.56776,0.56776,0.53482,0.53482,0.7241798639297485,0.7804350256919861,a.25.2.0,a.25.1.1,0.0
2g2dA,2chiA,0.56734,0.56734,0.53445,0.53445,0.7210605144500732,0.7869882583618164,a.25.2.0,a.25.1.1,0.0
2g2dA,2cluA,0.56868,0.56868,0.53564,0.53564,0.7232525944709778,0.7833278179168701,a.25.2.0,a.25.1.1,0.0
2g2dA,1fhaA,0.56042,0.58475,0.52825,0.55056,0.7189788222312927,0.7874557971954346,a.25.2.0,a.25.1.1,0.022310000000000052
2gscA,1orjA,0.52067,0.65921,0.47884,0.60576,0.9421210885047911,0.952590823173523,a.29.16.1,l.1.1.1,0.12691999999999998
2gydA,1lkiA,0.47806,0.57554,0.46868,0.56489,0.595436155796051,0.9396311044692992,a.25.1.1,a.26.1.1,0.09621000000000002
2gydA,1pvhB,0.48143,0.58021,0.47902,0.57741,0.60968017578125,0.9573493003845216,a.25.1.1,a.26.1.1,0.09838999999999998
2gydA,1bgcA,0.47004,0.60073,0.47004,0.60073,0.6070899367332458,0.9497846961021424,a.25.1.1,a.26.1.1,0.13068999999999997
2gydA,1f6fA,0.50293,0.53874,0.46845,0.50562,0.5951287746429443,0.9516491889953612,a.25.1.1,a.26.1.1,0.03716999999999998
2gyqA,1cnt1,0.48346,0.6344,0.48346,0.6344,0.6452172994613647,0.932747721672058,a.25.1.4,a.26.1.1,0.15093999999999996
2iy4A,1bgcA,0.5872,0.74601,0.56496,0.71783,0.5515134334564209,0.9615522027015686,a.25.1.1,a.26.1.1,0.15286999999999995
2nt8A,1rhgA,0.38077,0.51021,0.38077,0.51021,0.6585126519203186,0.8578927516937256,a.25.2.0,a.26.1.1,0.12944000000000006
3csmA,2ao2A,0.39933,0.52552,0.39933,0.52552,0.9423848986625672,0.9575860500335692,a.130.1.2,a.130.1.4,0.12618999999999997
3csmA,2f6lA,0.38826,0.51712,0.38826,0.51712,0.9417614936828612,0.951887845993042,a.130.1.2,a.130.1.4,0.12886000000000003
3hhrA,2fzfA,0.49437,0.61965,0.49437,0.61965,0.6541998982429504,0.9592019319534302,a.26.1.1,a.25.1.1,0.12528000000000006
3hhrA,1z4aA,0.41016,0.50741,0.41016,0.50741,0.6211851835250854,0.9440843462944032,a.26.1.1,a.25.1.1,0.09725
3hhrA,2gydA,0.4106,0.51901,0.4106,0.51901,0.6285181045532227,0.9372389316558838,a.26.1.1,a.25.1.1,0.10840999999999995
3hhrA,1aewA,0.41177,0.52076,0.41177,0.52076,0.6371918320655823,0.926388382911682,a.26.1.1,a.25.1.1,0.10898999999999998
3hhrA,1rcdA,0.41105,0.5231,0.41105,0.5231,0.6449055075645447,0.92925226688385,a.26.1.1,a.25.1.1,0.11204999999999998
3hhrA,2ffxJ,0.40196,0.52115,0.40196,0.52115,0.6440696716308594,0.9227932691574096,a.26.1.1,a.25.1.1,0.11919000000000002
3hhrA,1eumA,0.41528,0.52291,0.41528,0.52291,0.6285437345504761,0.936784029006958,a.26.1.1,a.25.1.1,0.10763
3hhrA,2cluA,0.4086,0.52212,0.4086,0.52212,0.638559877872467,0.9320231080055236,a.26.1.1,a.25.1.1,0.11352000000000001
3hhrA,1gwgA,0.41154,0.51955,0.41154,0.51955,0.628203809261322,0.9340089559555054,a.26.1.1,a.25.1.1,0.10800999999999994
3hhrA,1s3qA,0.3844,0.48863,0.3844,0.48863,0.57856285572052,0.9629864692687988,a.26.1.1,a.25.1.1,0.10422999999999999
3hhrA,1z6oM,0.39433,0.51039,0.38324,0.49552,0.6216385960578918,0.9216497540473938,a.26.1.1,a.25.1.1,0.11227999999999999
3hhrA,2fg4A,0.3949,0.52045,0.3949,0.52045,0.6458500027656555,0.918532371520996,a.26.1.1,a.25.1.1,0.12555
3hhrA,1ji5A,0.41564,0.50523,0.41564,0.50523,0.5724649429321289,0.933236837387085,a.26.1.1,a.25.1.1,0.08958999999999995
3hhrA,1h96A,0.41044,0.51691,0.41044,0.51691,0.632107675075531,0.9290852546691896,a.26.1.1,a.25.1.1,0.10646999999999995
3hhrA,2cn7A,0.40842,0.52109,0.40842,0.52109,0.6400630474090576,0.9306228160858154,a.26.1.1,a.25.1.1,0.11267000000000005
3hhrA,1vlgA,0.41207,0.51151,0.41207,0.51151,0.6197347044944763,0.9448248147964478,a.26.1.1,a.25.1.1,0.09944000000000003
3hhrA,1krqA,0.41463,0.49698,0.41463,0.49698,0.6188299059867859,0.9395145177841188,a.26.1.1,a.25.1.1,0.08234999999999998
3hhrA,2chiA,0.39963,0.51619,0.39963,0.51619,0.63573157787323,0.934154748916626,a.26.1.1,a.25.1.1,0.11656000000000005
3hhrA,1r03A,0.40675,0.5267,0.40675,0.5267,0.6434708833694458,0.9144517183303832,a.26.1.1,a.25.1.1,0.11994999999999995
3hhrA,1b71A,0.43539,0.55714,0.422,0.54037,0.6206587553024292,0.873130202293396,a.26.1.1,g.41.5.1,0.11837000000000003
3hhrA,1bcfA,0.42631,0.53552,0.42631,0.53552,0.6224378347396851,0.9547793865203856,a.26.1.1,a.25.1.1,0.10920999999999997
3hhrA,2ib0A,0.42937,0.54662,0.42937,0.54662,0.5932382345199585,0.9572890400886536,a.26.1.1,a.25.1.9,0.11725000000000002
3hhrA,1mfrA,0.41167,0.5206,0.41167,0.5206,0.6335023641586304,0.93159282207489,a.26.1.1,a.25.1.1,0.10892999999999997
3hhrA,2cf7A,0.41322,0.51228,0.41322,0.51228,0.6272033452987671,0.957521677017212,a.26.1.1,a.25.1.1,0.09905999999999998
3hhrA,1mojA,0.42378,0.55439,0.42378,0.55439,0.6215147972106934,0.9184117317199708,a.26.1.1,a.25.1.1,0.13061000000000006
5csmA,2ao2A,0.39858,0.52753,0.39858,0.52753,0.9413316249847412,0.955810248851776,a.130.1.2,a.130.1.4,0.12895000000000006
5csmA,2f6lA,0.38628,0.51702,0.38628,0.51702,0.940665602684021,0.9507047533988952,a.130.1.2,a.130.1.4,0.13074000000000002
1a29A,1k9uA,0.38914,0.39703,0.38914,0.39703,0.450554609298706,0.7251013517379761,a.39.1.5,a.39.1.10,0.007890000000000008
1bocA,1m39A,0.49743,0.51824,0.47958,0.50312,0.9558629989624025,0.9914435148239136,a.39.1.1,a.39.1.5,0.023540000000000005
1c7vA,1pvaA,0.69905,0.68897,0.4822,0.4751,0.9110237956047058,0.9857325553894044,a.39.1.5,a.39.1.4,-0.007099999999999995
1cb1A,2bl0B,0.60307,0.59512,0.37133,0.37138,0.9738203287124634,0.9721974730491638,a.39.1.1,,4.999999999999449e-05
1cdmA,1sraA,0.50189,0.50189,0.45836,0.45836,0.7397774457931519,0.8273518085479736,a.39.1.5,a.39.1.3,0.0
1d1oA,2bl0B,0.64884,0.64884,0.38123,0.38123,0.972375214099884,0.977340042591095,a.39.1.1,,0.0
1d1oA,1y6wA,0.66766,0.66766,0.40914,0.40914,0.9758750200271606,0.9829878807067872,a.39.1.1,a.39.1.5,0.0
1d1oA,1a29A,0.57038,0.57038,0.35388,0.35388,0.9710865020751952,0.9812337160110474,a.39.1.1,a.39.1.5,0.0
1f71A,1wy9A,0.4144,0.42599,0.30594,0.31525,0.8042649030685425,0.9023774862289428,a.39.1.5,,0.009309999999999985
1g33A,1c07A,0.58284,0.58284,0.4865,0.4865,0.9114713668823242,0.9565145969390868,a.39.1.4,a.39.1.6,0.0
1g33A,1f8hA,0.53783,0.61038,0.44844,0.51154,0.9052258729934692,0.9256399869918824,a.39.1.4,a.39.1.6,0.06309999999999999
1ig5A,1cdlA,0.51893,0.52626,0.33207,0.33177,0.9631260633468628,0.9752190113067628,a.39.1.1,a.39.1.5,-0.00029999999999996696
1ig5A,1f70A,0.66589,0.66589,0.65963,0.65963,0.979782223701477,0.9860831499099731,a.39.1.1,a.39.1.5,0.0
1ig5A,1ggwA,0.61125,0.61304,0.36715,0.36889,0.9281710386276244,0.9756301045417786,a.39.1.1,a.39.1.5,0.0017400000000000193
1ig5A,1b7tY,0.53229,0.53508,0.34037,0.33964,0.980072259902954,0.9767187833786012,a.39.1.1,a.39.1.5,-0.0007300000000000084
1ig5A,1oe9B,0.64513,0.64513,0.39387,0.39387,0.9825924038887024,0.979279398918152,a.39.1.1,a.39.1.5,0.0
1irjA,2fcdA,0.52712,0.53643,0.52712,0.53643,0.9586153030395508,0.966701865196228,a.39.1.2,,0.00930999999999993
1jf0A,1prwA,0.45598,0.52366,0.45598,0.52366,0.9737546443939208,0.9790537357330322,a.39.1.5,a.39.1.5,0.06768000000000002
1kcyA,1palA,0.43732,0.48713,0.34937,0.38983,0.9706472754478456,0.9450998902320862,a.39.1.1,a.39.1.4,0.040459999999999996
1kcyA,1pvaA,0.43924,0.49103,0.34388,0.38033,0.9635484218597412,0.9480730295181274,a.39.1.1,a.39.1.4,0.03644999999999998
1kqvA,1m39A,0.44874,0.56277,0.43299,0.54041,0.952707827091217,0.9946001172065736,a.39.1.1,a.39.1.5,0.10741999999999996
1kqvA,1rjvA,0.55249,0.57446,0.41999,0.43848,0.9612849950790404,0.9767976403236388,a.39.1.1,a.39.1.4,0.018490000000000006
1nyaA,1prwA,0.41997,0.58432,0.41997,0.58432,0.9671751260757446,0.979064166545868,a.39.1.5,a.39.1.5,0.16434999999999994
1oofA,1iq5A,0.39818,0.40723,0.36001,0.37031,0.8342428207397461,0.7960726022720337,a.39.2.1,a.39.1.5,0.010299999999999976
1pmzA,1rtp1,0.40454,0.40454,0.32628,0.32628,0.4651206433773041,0.7770321369171143,a.39.1.10,a.39.1.4,0.0
1prwA,2sasA,0.55797,0.68087,0.47243,0.57017,0.9630184173583984,0.9743409156799316,a.39.1.5,a.39.1.5,0.09773999999999994
1puoA,1zkrA,0.83421,0.95979,0.80958,0.92789,0.9590587019920348,0.9923290014266968,l.1.1.1,a.101.1.1,0.11831000000000003
1qv0A,1dtlA,0.53604,0.58661,0.53604,0.58661,0.9598135948181152,0.9708974361419678,a.39.1.5,a.39.1.5,0.050570000000000004
1qx2A,2a4jA,0.56893,0.56893,0.54952,0.54952,0.9454646110534668,0.9792259931564332,a.39.1.1,,0.0
1qx2A,1m39A,0.50595,0.58516,0.48394,0.56149,0.9565454721450806,0.9916117787361144,a.39.1.1,a.39.1.5,0.07755000000000006
1qx2A,1ggwA,0.57347,0.57492,0.35755,0.35905,0.9166606664657592,0.977209746837616,a.39.1.1,a.39.1.5,0.0015000000000000013
1snlA,1ahrA,0.51918,0.50337,0.3829,0.37827,0.9669977426528932,0.9876856207847596,a.39.1.7,a.39.1.5,-0.004630000000000023
1snlA,1clmA,0.48493,0.48493,0.36304,0.36304,0.9596521854400636,0.9868535995483398,a.39.1.7,a.39.1.5,0.0
1snlA,1oojA,0.46607,0.46607,0.35938,0.35938,0.9611701369285583,0.98893004655838,a.39.1.7,a.39.1.5,0.0
1sw8A,1kcyA,0.45823,0.49878,0.45823,0.49878,0.9715067148208618,0.9413928985595704,a.39.1.5,a.39.1.1,0.040549999999999975
1trfA,1wy9A,0.49777,0.47603,0.39037,0.37509,0.7666967511177063,0.9253403544425964,a.39.1.5,,-0.015280000000000016
1vkuA,1sv0C,0.41653,0.44624,0.41653,0.44624,0.8122303485870361,0.90953266620636,l.1.1.1,l.1.1.1,0.029710000000000014
2a4jA,1wy9A,0.50831,0.52122,0.40797,0.41618,0.766629695892334,0.9289100170135498,,,0.008209999999999995
2b1uA,1scmB,0.5091,0.5091,0.3267,0.3267,0.979435920715332,0.9793105721473694,a.39.1.0,a.39.1.5,0.0
2fceA,1b8rA,0.45075,0.428,0.34444,0.33887,0.8861922025680542,0.976967990398407,a.39.1.5,a.39.1.4,-0.005570000000000019
2fceA,1rtp1,0.46236,0.44473,0.35907,0.34833,0.8905582427978516,0.9806588292121888,a.39.1.5,a.39.1.4,-0.010740000000000027
2fj6A,2d58A,0.32088,0.38613,0.27528,0.33107,0.7964357137680054,0.7066972255706787,l.1.1.1,,0.05578999999999995
4icbA,1ahrA,0.59004,0.59004,0.35353,0.35353,0.9591066241264344,0.978583812713623,a.39.1.1,a.39.1.5,0.0
4icbA,2bl0B,0.59678,0.59678,0.36691,0.36691,0.9689555168151855,0.9783639907836914,a.39.1.1,,0.0
4icbA,1m45A,0.55334,0.55843,0.34722,0.35324,0.96263188123703,0.9816094636917114,a.39.1.1,a.39.1.5,0.006020000000000025
4icbA,2a4jA,0.60537,0.60537,0.58875,0.58875,0.952845335006714,0.9817491769790648,a.39.1.1,,0.0
1ucpA,1ak4C,0.43907,0.52235,0.31612,0.37378,0.3793702721595764,0.8153916001319885,a.77.1.5,a.73.1.1,0.05765999999999999
1x3uA,1of9A,0.36142,0.38496,0.36142,0.38496,0.5861127376556396,0.7742803692817688,,a.64.1.4,0.023540000000000005
2gtgA,2o5hA,0.46513,0.58882,0.33557,0.39932,0.6326900720596313,0.4801585078239441,a.64.1.1,l.1.1.1,0.06375000000000003
2igpA,1wkuA,0.61714,0.61714,0.36436,0.36436,0.9064690470695496,0.8697575926780701,,a.40.1.0,0.0
2igpA,1tjtA,0.61787,0.61787,0.36497,0.36497,0.903352677822113,0.86810302734375,,a.40.1.0,0.0
2o8xA,1m12A,0.40246,0.41253,0.32781,0.34745,0.754003643989563,0.6583951115608215,,l.1.1.1,0.01963999999999999
1a3kA,1mvqA,0.51577,0.72725,0.32732,0.46213,0.9749793410301208,0.9329122304916382,b.29.1.3,b.29.1.1,0.13480999999999999
1a3kA,1azdA,0.51434,0.72862,0.32676,0.46153,0.9759221076965332,0.9341576099395752,b.29.1.3,b.29.1.1,0.13477
1a3kA,1apnA,0.5186,0.72391,0.34162,0.48044,0.927548885345459,0.9328222274780272,b.29.1.3,b.29.1.1,0.13882
1a3kA,1h9pA,0.51468,0.73168,0.3317,0.46724,0.9729562401771544,0.9342594146728516,b.29.1.3,b.29.1.1,0.13554
1a3kA,1h9wA,0.51317,0.72629,0.33226,0.4698,0.9693009853363036,0.9355334043502808,b.29.1.3,b.29.1.1,0.13754
1a3kA,1dglA,0.51767,0.73402,0.32733,0.46246,0.9758753180503844,0.9349243640899658,b.29.1.3,b.29.1.1,0.13512999999999997
1a3kA,2d3pA,0.51842,0.72366,0.32798,0.45963,0.9762877225875854,0.9319453835487366,b.29.1.3,b.29.1.1,0.13165
1a78A,2cwmA,0.50984,0.72152,0.31815,0.44982,0.9755825996398926,0.9356595277786256,b.29.1.3,b.29.1.1,0.13167
1a78A,1wuvA,0.51204,0.7233,0.31958,0.45109,0.9774147868156432,0.9359058141708374,b.29.1.3,b.29.1.1,0.13151000000000002
1a78A,1azdA,0.51312,0.72215,0.31952,0.45008,0.9716563820838928,0.9331499338150024,b.29.1.3,b.29.1.1,0.13055999999999995
1a78A,1apnA,0.50727,0.71991,0.33049,0.47038,0.9241693019866944,0.9340912103652954,b.29.1.3,b.29.1.1,0.13989000000000001
1a78A,2gdfA,0.51316,0.7257,0.33317,0.47206,0.9334836006164552,0.9266703128814696,b.29.1.3,b.29.1.1,0.13888999999999996
1a78A,2d3pA,0.51054,0.72328,0.31964,0.45334,0.9717761278152466,0.9315552711486816,b.29.1.3,b.29.1.1,0.13370000000000004
1a78A,1h9wA,0.50876,0.72692,0.3246,0.46176,0.9640346765518188,0.9343812465667723,b.29.1.3,b.29.1.1,0.13716
1a78A,1dglA,0.51592,0.72802,0.32097,0.45388,0.9714069366455078,0.9347491264343262,b.29.1.3,b.29.1.1,0.13291000000000003
1a78A,1h9pA,0.51096,0.72834,0.32434,0.46056,0.9676425457000732,0.9338574409484864,b.29.1.3,b.29.1.1,0.13622
1ajkA,1u0aA,0.56902,0.94342,0.56382,0.93477,0.9867583513259888,0.9975162148475648,b.29.1.2,b.29.1.2,0.37095
1ajkA,1cpmA,0.83039,0.9479,0.82277,0.93919,0.9742190837860109,0.998608648777008,b.29.1.2,b.29.1.2,0.11641999999999997
1ajkA,1cpnA,0.807,0.92456,0.807,0.92456,0.9793177843093872,0.997952938079834,b.29.1.2,b.29.1.2,0.11756
1ajkA,1byhA,0.56919,0.93909,0.564,0.9305,0.9864158630371094,0.9985718727111816,b.29.1.2,b.29.1.2,0.36650000000000005
1ajkA,1zm1A,0.74912,0.8587,0.67517,0.77365,0.959108829498291,0.9935545325279236,b.29.1.2,b.29.1.2,0.0984799999999999
1ajkA,1mveA,0.75033,0.8602,0.67369,0.77197,0.960792064666748,0.9937618374824524,b.29.1.2,b.29.1.2,0.09828000000000003
1ajkA,1umzA,0.53451,0.76297,0.43246,0.61758,0.988067865371704,0.9805597066879272,b.29.1.2,b.29.1.2,0.18512
1ajkA,1upsA,0.52441,0.81041,0.28868,0.4486,0.9533382058143616,0.907940685749054,b.29.1.2,b.42.2.3,0.15992
1ajkA,1bkzA,0.40612,0.49901,0.40612,0.49901,0.9770562648773192,0.9770002365112304,b.29.1.2,b.29.1.3,0.09289000000000003
1ajkA,1o4zA,0.52994,0.85159,0.38953,0.62595,0.9796348810195924,0.9831436276435852,b.29.1.2,b.29.1.2,0.23642000000000002
1ajkA,1g86A,0.40411,0.50458,0.40411,0.50458,0.9753565788269044,0.9817070960998536,b.29.1.2,b.29.1.3,0.10047
1ajkA,1qtjA,0.49715,0.62456,0.48753,0.61244,0.9727195501327516,0.9869765043258668,b.29.1.2,i.12.1.1,0.12490999999999997
1ajkA,2d6kA,0.3981,0.51989,0.3981,0.51989,0.967918574810028,0.9752308130264282,b.29.1.2,b.29.1.0,0.12178999999999995
1ajkA,1hdkA,0.39924,0.49744,0.39924,0.49744,0.973832368850708,0.9785945415496826,b.29.1.2,b.29.1.3,0.09820000000000001
1ajkA,1kjlA,0.39523,0.49016,0.39523,0.49016,0.9760591983795166,0.9734251499176024,b.29.1.2,b.29.1.3,0.09492999999999996
1ajkA,1pvxA,0.35767,0.51842,0.35767,0.51842,0.9637584686279296,0.9552606344223022,b.29.1.2,b.29.1.11,0.16075
1ajkA,1a3kA,0.39545,0.48594,0.39545,0.48594,0.9768604040145874,0.9734048843383788,b.29.1.2,b.29.1.3,0.09048999999999996
1ajkA,1ganA,0.38481,0.47862,0.38481,0.47862,0.9733864068984984,0.9749621152877808,b.29.1.2,b.29.1.3,0.09381
1ajkA,2a6yA,0.4629,0.69403,0.42952,0.64404,0.9498445987701416,0.9875104427337646,b.29.1.2,b.29.1.13,0.21451999999999993
1ajkA,1hv0A,0.33983,0.52167,0.33983,0.52167,0.9708874225616456,0.9543139934539796,b.29.1.2,b.29.1.11,0.18183999999999995
1ajkA,1gzwA,0.38946,0.47543,0.38946,0.47543,0.976186990737915,0.970247745513916,b.29.1.2,b.29.1.3,0.08597000000000005
1ajkA,1m4wA,0.34272,0.51694,0.34272,0.51694,0.9623311758041382,0.9650224447250366,b.29.1.2,b.29.1.11,0.17421999999999993
1ajkA,2ihsA,0.35475,0.53281,0.35475,0.53281,0.9273462295532228,0.9702112674713136,b.29.1.2,l.1.1.1,0.17806
1ajkA,1ynaA,0.35871,0.51601,0.35871,0.51601,0.9650816321372986,0.9583052396774292,b.29.1.2,b.29.1.11,0.1573
1ajkA,1oq1A,0.41771,0.66101,0.41277,0.65306,0.890927791595459,0.9549548625946044,b.29.1.2,l.1.1.1,0.24028999999999995
1ajkA,1bvvA,0.34156,0.52074,0.34156,0.52074,0.970550537109375,0.9543399810791016,b.29.1.2,b.29.1.11,0.17918
1ajkA,1q56A,0.46652,0.59218,0.46652,0.59218,0.963092565536499,0.9771025776863098,b.29.1.2,l.1.1.1,0.12566000000000005
1ajkA,1xndA,0.34596,0.50562,0.34596,0.50562,0.9626030921936036,0.9573477506637572,b.29.1.2,b.29.1.11,0.15965999999999997
1ajkA,1enxA,0.3092,0.50971,0.3092,0.50971,0.9645771980285645,0.955458641052246,b.29.1.2,l.1.1.1,0.20051000000000002
1ajkA,1xncA,0.31272,0.52168,0.31272,0.52168,0.9704102277755736,0.95454204082489,b.29.1.2,b.29.1.11,0.20896000000000003
1ajkA,1hv1A,0.34064,0.52183,0.34064,0.52183,0.9710227251052856,0.9549039602279664,b.29.1.2,b.29.1.11,0.18119000000000002
1ajkA,1c5hA,0.33987,0.52163,0.33987,0.52163,0.97082257270813,0.9546589255332948,b.29.1.2,b.29.1.11,0.18176000000000003
1ajkA,1a78A,0.38106,0.47644,0.38106,0.47644,0.9759200811386108,0.9721680879592896,b.29.1.2,b.29.1.3,0.09537999999999996
1ajkA,1w6qA,0.38176,0.47049,0.38176,0.47049,0.9783916473388672,0.962120532989502,b.29.1.2,b.29.1.3,0.08873000000000003
1ajkA,1slaA,0.38794,0.47742,0.38794,0.47742,0.9751364588737488,0.9693920612335204,b.29.1.2,b.29.1.3,0.08948
1ajkA,1pz7A,0.46311,0.58556,0.46311,0.58556,0.9698944091796876,0.9854386448860168,b.29.1.2,b.29.1.4,0.12244999999999995
1ajkA,2fnjA,0.3143,0.5356,0.30939,0.52623,0.9242762327194214,0.974266231060028,b.29.1.2,b.29.1.22,0.21683999999999998
1ajkA,1w6mA,0.39072,0.47928,0.39072,0.47928,0.978712558746338,0.9711306095123292,b.29.1.2,b.29.1.3,0.08855999999999997
1ajkA,1te1B,0.34334,0.49736,0.34334,0.49736,0.9593082666397096,0.94821035861969,b.29.1.2,b.29.1.11,0.15402000000000005
1ajkA,1s2bA,0.52034,0.60471,0.52034,0.60471,0.917085587978363,0.9799183011054992,b.29.1.2,b.29.1.20,0.08436999999999995
1ajkA,1wldA,0.38687,0.4726,0.38687,0.4726,0.9783188104629515,0.9633010029792786,b.29.1.2,b.29.1.3,0.08573000000000003
1ajkA,1is3A,0.38881,0.47336,0.38881,0.47336,0.9791748523712158,0.9611291885375975,b.29.1.2,b.29.1.3,0.08455000000000001
1ajkA,1wlcA,0.38713,0.47271,0.38713,0.47271,0.979004979133606,0.9637460708618164,b.29.1.2,b.29.1.3,0.08558000000000004
1ajkA,2bvvA,0.34022,0.52221,0.34022,0.52221,0.9702596664428712,0.9534518122673036,b.29.1.2,b.29.1.11,0.18198999999999993
1ajkA,1bcxA,0.3398,0.52105,0.3398,0.52105,0.9703986644744872,0.9536629915237428,b.29.1.2,b.29.1.11,0.18125000000000002
1ajkA,2b45X,0.34448,0.52367,0.34448,0.52367,0.969064712524414,0.9493862390518188,b.29.1.2,b.29.1.11,0.17918999999999996
1ajkA,2dczA,0.34183,0.52305,0.34183,0.52305,0.9670025110244752,0.9495503902435304,b.29.1.2,b.29.1.11,0.18122
1ajkA,2fbeA,0.31595,0.53057,0.31595,0.53057,0.9514014720916748,0.9754610657691956,b.29.1.2,l.1.1.1,0.21461999999999998
1ajoA,1cpnA,0.64425,0.96345,0.64425,0.96345,0.9810370206832886,0.997639775276184,b.29.1.2,b.29.1.2,0.31920000000000004
1ajoA,1ajkA,0.75309,0.94698,0.75309,0.94698,0.9800019264221193,0.9978266358375548,b.29.1.2,b.29.1.2,0.19389
1ajoA,1axkA,0.64461,0.64461,0.35044,0.35044,0.9291373491287231,0.9590081572532654,b.29.1.2,b.29.1.11,0.0
1ajoA,1zm1A,0.60356,0.88532,0.54294,0.79623,0.9606873393058776,0.9921265244483948,b.29.1.2,b.29.1.2,0.25329
1ajoA,1mveA,0.60319,0.88687,0.54047,0.79453,0.9615784287452698,0.9927348494529724,b.29.1.2,b.29.1.2,0.25405999999999995
1ajoA,1umzA,0.31726,0.77771,0.26941,0.62954,0.9847478866577148,0.9786159992218018,b.29.1.2,b.29.1.2,0.36013
1ajoA,1o4zA,0.50009,0.85107,0.37028,0.62602,0.981142520904541,0.9877172112464904,b.29.1.2,b.29.1.2,0.25574
1ajoA,1hdkA,0.27399,0.49544,0.27399,0.49544,0.9755271673202516,0.9773191213607788,b.29.1.2,b.29.1.3,0.22144999999999998
1ajoA,1kjlA,0.27374,0.48479,0.27374,0.48479,0.9783056974411012,0.9718092679977416,b.29.1.2,b.29.1.3,0.21105000000000002
1ajoA,1a3kA,0.28118,0.48063,0.28118,0.48063,0.973987877368927,0.9726173877716064,b.29.1.2,b.29.1.3,0.19945000000000002
1ajoA,1bkzA,0.27404,0.49263,0.27404,0.49263,0.9794987440109252,0.9766619205474854,b.29.1.2,b.29.1.3,0.21859
1ajoA,1za4A,0.35262,0.56321,0.35262,0.56321,0.9787149429321288,0.9673062562942504,b.29.1.2,b.29.1.4,0.21059
1ajoA,1kdkA,0.3373,0.59227,0.3373,0.59227,0.9792160987854004,0.9809468984603882,b.29.1.2,b.29.1.4,0.25497
1ajoA,2erfA,0.29334,0.58,0.29334,0.58,0.9803826212882996,0.961158812046051,b.29.1.2,b.29.1.4,0.28665999999999997
1ajoA,1z78A,0.33941,0.57014,0.33941,0.57014,0.9818273782730104,0.9608386754989624,b.29.1.2,b.29.1.4,0.23073
1ajoA,2d97A,0.32242,0.50577,0.32242,0.50577,0.9504907727241516,0.9610180854797364,b.29.1.2,b.29.1.11,0.18335000000000007
1ajoA,1pvxA,0.32643,0.52182,0.32643,0.52182,0.9519288539886476,0.9595759510993958,b.29.1.2,b.29.1.11,0.19538999999999995
1ajoA,1c4rA,0.35255,0.60837,0.35255,0.60837,0.9833123087882996,0.9862050414085388,b.29.1.2,b.29.1.4,0.25582
1ajoA,1b09A,0.34768,0.58304,0.34768,0.58304,0.9666153192520142,0.9770001173019408,b.29.1.2,b.29.1.5,0.23536
1ajoA,2cwsA,0.37972,0.67061,0.35867,0.63426,0.9838098287582396,0.99609112739563,b.29.1.2,l.1.1.1,0.27559000000000006
1ajoA,1s2bA,0.40096,0.62067,0.40096,0.62067,0.9333148002624512,0.9772761464118958,b.29.1.2,b.29.1.20,0.21971000000000007
1ajoA,2a5zA,0.36703,0.63744,0.34094,0.59126,0.9759699106216432,0.9822116494178772,b.29.1.2,b.29.1.24,0.25032
1ajoA,1gzwA,0.27862,0.47254,0.27862,0.47254,0.9754126071929932,0.971566915512085,b.29.1.2,b.29.1.3,0.19392000000000004
1ajoA,1xndA,0.32751,0.51197,0.32751,0.51197,0.9465389251708984,0.9621015787124634,b.29.1.2,b.29.1.11,0.18446
1ajoA,2h0bA,0.34517,0.58618,0.34517,0.58618,0.977587342262268,0.9691022634506226,b.29.1.2,b.29.1.4,0.24101000000000006
1ajoA,1ww4A,0.28349,0.52916,0.28349,0.52916,0.9794434905052184,0.9769011735916138,b.29.1.2,b.29.1.0,0.24566999999999994
1ajoA,1w6mA,0.27563,0.47642,0.27563,0.47642,0.9744540452957152,0.971855878829956,b.29.1.2,b.29.1.3,0.20079000000000002
1ajoA,2a6vA,0.38829,0.38829,0.37917,0.37917,0.9296151995658876,0.9854913949966432,b.29.1.2,b.29.1.13,0.0
1ajoA,1j1tA,0.33693,0.64211,0.31956,0.60563,0.9832198619842528,0.9866831302642822,b.29.1.2,b.29.1.18,0.28607
1ajoA,1gykA,0.33457,0.59457,0.33457,0.59457,0.969369888305664,0.9769138693809508,b.29.1.2,b.29.1.5,0.26000000000000006
1ajoA,1pz8A,0.34237,0.59061,0.34237,0.59061,0.9829503893852234,0.9798991680145264,b.29.1.2,b.29.1.4,0.24823999999999996
1ajoA,1mvqA,0.58291,0.65691,0.53232,0.60028,0.9822198152542114,0.9709206819534302,b.29.1.2,b.29.1.1,0.06796000000000002
1apnA,2fmdA,0.47348,0.93748,0.45757,0.9061,0.9528512954711914,0.9966081380844116,b.29.1.1,b.29.1.0,0.44853000000000004
1apnA,1q8oA,0.47129,0.91694,0.44276,0.86146,0.9552962183952332,0.993364691734314,b.29.1.1,b.29.1.1,0.4187
1apnA,1n3oA,0.4724,0.91876,0.44033,0.8563,0.9554046392440796,0.9916335344314576,b.29.1.1,b.29.1.1,0.41596999999999995
1apnA,1ciwA,0.46433,0.90249,0.44907,0.87315,0.9493539333343506,0.997121036052704,b.29.1.1,b.29.1.1,0.42407999999999996
1apnA,2bqpA,0.46577,0.90637,0.45788,0.89113,0.944271683692932,0.99720299243927,b.29.1.1,b.29.1.1,0.43324999999999997
1apnA,1n47A,0.46688,0.91799,0.44941,0.88371,0.949167251586914,0.9977929592132568,b.29.1.1,b.29.1.1,0.4343
1apnA,1bzwA,0.4646,0.90294,0.44932,0.87355,0.949565052986145,0.9972251653671264,b.29.1.1,b.29.1.1,0.42423000000000005
1apnA,1lteA,0.46844,0.912,0.44008,0.85719,0.9507171511650084,0.9969052076339722,b.29.1.1,b.29.1.1,0.41711
1apnA,1dzqA,0.4626,0.91551,0.44348,0.87799,0.9478738903999328,0.996687948703766,b.29.1.1,b.29.1.1,0.43451000000000006
1apnA,1ax0A,0.4689,0.91212,0.44048,0.85731,0.9507944583892822,0.9968513250350952,b.29.1.1,b.29.1.1,0.41683000000000003
1apnA,1uzyA,0.46936,0.90868,0.44267,0.85746,0.952702522277832,0.9960098266601562,b.29.1.1,b.29.1.1,0.41479
1apnA,1dbnA,0.46337,0.91533,0.43516,0.86,0.9487736225128174,0.9961604475975036,b.29.1.1,b.29.1.1,0.42484
1apnA,1gz9A,0.46896,0.91277,0.44051,0.85787,0.951176106929779,0.99627286195755,b.29.1.1,b.29.1.1,0.41736
1apnA,1bjqA,0.49631,0.90349,0.44543,0.80972,0.9435085654258728,0.994185209274292,b.29.1.1,b.29.1.1,0.36429
1apnA,1fnyA,0.47222,0.90803,0.45266,0.87072,0.9496721029281616,0.997912347316742,b.29.1.1,b.29.1.1,0.41806000000000004
1apnA,1g9fA,0.47571,0.91466,0.4435,0.85267,0.941253662109375,0.9959567785263062,b.29.1.1,b.29.1.1,0.40917000000000003
1apnA,1sfyA,0.46958,0.91362,0.44108,0.85863,0.9511306285858154,0.9965415000915528,b.29.1.1,b.29.1.1,0.41755
1apnA,1fyuA,0.46788,0.91102,0.43955,0.85632,0.9519977569580078,0.9966830611228944,b.29.1.1,b.29.1.1,0.41677
1apnA,1g7yA,0.48859,0.90695,0.43849,0.81288,0.9476299285888672,0.9935140609741212,b.29.1.1,b.29.1.1,0.37439000000000006
1apnA,1wblA,0.47019,0.90086,0.44527,0.85345,0.948720932006836,0.9970710277557372,b.29.1.1,b.29.1.1,0.40818000000000004
1apnA,1fatA,0.46689,0.89906,0.45131,0.86937,0.9439700841903688,0.9972171783447266,b.29.1.1,b.29.1.1,0.41806
1apnA,1g8wA,0.46665,0.89917,0.44921,0.86589,0.9451701641082764,0.996969997882843,b.29.1.1,b.29.1.1,0.41668000000000005
1apnA,1avbA,0.45487,0.88893,0.451,0.88143,0.9468762874603271,0.99531888961792,b.29.1.1,b.29.1.1,0.43043000000000003
1apnA,1fx5A,0.47046,0.90727,0.44021,0.8493,0.951013445854187,0.9964250326156616,b.29.1.1,b.29.1.1,0.40909000000000006
1apnA,1lemA,0.44388,0.71021,0.44388,0.71021,0.5012511610984802,0.6828386783599854,b.29.1.1,b.29.1.1,0.26633
1apnA,1bqpA,0.44032,0.70577,0.44032,0.70577,0.5069230794906616,0.7025455832481384,b.29.1.1,b.29.1.1,0.26545
1apnA,1wbfA,0.47011,0.90547,0.44519,0.85792,0.9497634768486024,0.9966790676116944,b.29.1.1,b.29.1.1,0.41273000000000004
1apnA,1ofsA,0.4406,0.70707,0.4406,0.70707,0.497692734003067,0.7047430276870728,b.29.1.1,b.29.1.1,0.26647
1apnA,1gnzA,0.45984,0.88578,0.43731,0.8429,0.948718786239624,0.9966718554496764,b.29.1.1,b.29.1.1,0.40559
1apnA,1lofC,0.44251,0.70436,0.44251,0.70436,0.4993057250976562,0.6984386444091797,b.29.1.1,b.29.1.1,0.26184999999999997
1apnA,1rinA,0.44049,0.70276,0.44049,0.70276,0.5002466440200806,0.7019141912460327,b.29.1.1,b.29.1.1,0.26227000000000006
1apnA,1loaA,0.44374,0.70561,0.44374,0.70561,0.5040069222450256,0.6992337703704834,b.29.1.1,b.29.1.1,0.26186999999999994
1apnA,1lgcA,0.44317,0.70817,0.44317,0.70817,0.5100455284118652,0.6910735368728638,b.29.1.1,b.29.1.1,0.26499999999999996
1apnA,1gslA,0.46871,0.89306,0.43535,0.82985,0.9471362233161926,0.9937314987182616,b.29.1.1,b.29.1.1,0.39449999999999996
1apnA,1hqlA,0.45931,0.88636,0.4368,0.84343,0.947329878807068,0.9962236285209656,b.29.1.1,b.29.1.1,0.40663
1apnA,1ioaA,0.45491,0.89199,0.44722,0.87703,0.9489902257919312,0.9953293204307556,b.29.1.1,b.29.1.1,0.42980999999999997
1apnA,2b7yA,0.44164,0.70815,0.44164,0.70815,0.5035403966903687,0.7038497924804688,b.29.1.1,,0.26650999999999997
1apnA,1f9kA,0.46255,0.89256,0.44343,0.85624,0.9484339952468872,0.9963971376419068,b.29.1.1,b.29.1.1,0.41281
1apnA,1lgbA,0.4423,0.7066,0.4423,0.7066,0.5097653865814209,0.6908192038536072,b.29.1.1,b.29.1.1,0.2643
1apnA,1dhkB,0.43714,0.76085,0.43714,0.76085,0.9444597363471984,0.9823646545410156,b.29.1.1,b.29.1.1,0.32371000000000005
1apnA,2a6vA,0.39521,0.7276,0.39521,0.7276,0.8930811285972595,0.988220989704132,b.29.1.1,b.29.1.13,0.33239
1apnA,2a6xA,0.39514,0.72938,0.39514,0.72938,0.8950825929641724,0.9875219464302064,b.29.1.1,b.29.1.13,0.33424000000000004
1apnA,1viwB,0.44065,0.77468,0.44065,0.77468,0.93949556350708,0.9838328957557678,b.29.1.1,b.29.1.1,0.33403000000000005
1apnA,2a6zA,0.39656,0.72834,0.39656,0.72834,0.8917844891548157,0.989067554473877,b.29.1.1,l.1.1.1,0.33177999999999996
1apnA,2a6yA,0.40129,0.74191,0.39033,0.72191,0.8994174599647522,0.9899693727493286,b.29.1.1,b.29.1.13,0.33158000000000004
1apnA,1s2bA,0.43455,0.57425,0.43455,0.57425,0.8668681383132935,0.986025869846344,b.29.1.1,b.29.1.20,0.13970000000000005
1apnA,1oq1A,0.35454,0.65385,0.35454,0.65385,0.8476864099502563,0.978718876838684,b.29.1.1,l.1.1.1,0.29931
1ax0A,1h9wA,0.46637,0.91451,0.46637,0.91451,0.9875601530075072,0.9969582557678224,b.29.1.1,b.29.1.1,0.44814000000000004
1ax0A,1h9pA,0.46573,0.91492,0.46573,0.91492,0.989037275314331,0.9972065687179564,b.29.1.1,b.29.1.1,0.44919
1ax0A,2gdfA,0.4587,0.88073,0.4587,0.88073,0.9663766622543336,0.9940195083618164,b.29.1.1,b.29.1.1,0.42203
1axkA,1uaiA,0.30849,0.38614,0.30849,0.38614,0.9176238775253296,0.954237699508667,b.29.1.11,b.29.1.18,0.07765
1axkA,1o4zA,0.36793,0.50037,0.36793,0.50037,0.9403516054153442,0.9535396695137024,b.29.1.11,b.29.1.2,0.13244
1axkA,1gv9A,0.30974,0.30974,0.30974,0.30974,0.9247469902038574,0.9355826377868652,b.29.1.11,b.29.1.13,0.0
1azdA,2fmdA,0.48473,0.95505,0.48473,0.95505,0.9914296865463256,0.9974502325057985,b.29.1.1,b.29.1.0,0.47031999999999996
1azdA,1q8oA,0.4784,0.93246,0.47451,0.92487,0.9929358959197998,0.996533453464508,b.29.1.1,b.29.1.1,0.45036
1azdA,1n47A,0.4674,0.91716,0.4674,0.91716,0.9907876253128052,0.9952791333198548,b.29.1.1,b.29.1.1,0.44976
1azdA,1ciwA,0.47072,0.89267,0.47072,0.89267,0.9920921325683594,0.9973841905593872,b.29.1.1,b.29.1.1,0.42194999999999994
1azdA,1bjqA,0.49877,0.91405,0.47206,0.86447,0.9867897629737854,0.9945538640022278,b.29.1.1,b.29.1.1,0.39241
1azdA,1g7yA,0.49393,0.91709,0.46746,0.8674,0.9904147386550904,0.993832230567932,b.29.1.1,b.29.1.1,0.39993999999999996
1azdA,1ax0A,0.47003,0.92002,0.46623,0.91261,0.9903368949890136,0.9959650039672852,b.29.1.1,b.29.1.1,0.44638000000000005
1azdA,1lteA,0.46972,0.91706,0.46592,0.90966,0.9902060031890868,0.9961711168289183,b.29.1.1,b.29.1.1,0.44374
1azdA,2bqpA,0.47217,0.89701,0.47217,0.89701,0.9919700622558594,0.9958068132400512,b.29.1.1,b.29.1.1,0.42484
1azdA,1uzyA,0.47117,0.91685,0.46925,0.91313,0.990547776222229,0.9951695203781128,b.29.1.1,b.29.1.1,0.44388
1azdA,1gz9A,0.47017,0.92098,0.46635,0.91355,0.990472972393036,0.99591326713562,b.29.1.1,b.29.1.1,0.4472
1azdA,1bzwA,0.47083,0.89529,0.47083,0.89529,0.992374062538147,0.998101770877838,b.29.1.1,b.29.1.1,0.42446
1azdA,1fnyA,0.47616,0.91347,0.47616,0.91347,0.9917315244674684,0.9959119558334352,b.29.1.1,b.29.1.1,0.43731
1azdA,1sfyA,0.47074,0.92101,0.46692,0.91358,0.9901479482650756,0.9960566163063048,b.29.1.1,b.29.1.1,0.44665999999999995
1azdA,1dbnA,0.46981,0.92088,0.46598,0.91342,0.9930933713912964,0.995952844619751,b.29.1.1,b.29.1.1,0.44744
1azdA,1fyuA,0.46919,0.92009,0.46539,0.91268,0.990440547466278,0.99628883600235,b.29.1.1,b.29.1.1,0.44729
1azdA,1hqlA,0.46548,0.89818,0.46548,0.89818,0.9919037818908693,0.9963895082473756,b.29.1.1,b.29.1.1,0.4327
1azdA,1fatA,0.47159,0.90455,0.47159,0.90455,0.9892677664756776,0.9962466359138488,b.29.1.1,b.29.1.1,0.43295999999999996
1azdA,1g8wA,0.47157,0.90756,0.47157,0.90756,0.9893372058868408,0.9963049292564392,b.29.1.1,b.29.1.1,0.43599000000000004
1azdA,1gnzA,0.46199,0.89411,0.46199,0.89411,0.9922472238540648,0.9958351254463196,b.29.1.1,b.29.1.1,0.43211999999999995
1azdA,1g9fA,0.47309,0.90501,0.46553,0.89052,0.9896565675735474,0.9968664646148682,b.29.1.1,b.29.1.1,0.42499
1azdA,1dzqA,0.467,0.89974,0.467,0.89974,0.9929815530776978,0.9961036443710328,b.29.1.1,b.29.1.1,0.43273999999999996
1azdA,1fx5A,0.47306,0.89333,0.46736,0.88261,0.9922069311141968,0.996121346950531,b.29.1.1,b.29.1.1,0.41525
1azdA,1f9kA,0.46372,0.88609,0.46372,0.88609,0.9910370707511902,0.9945281744003296,b.29.1.1,b.29.1.1,0.42237
1azdA,1ioaA,0.43732,0.87137,0.43732,0.87137,0.9890286326408386,0.99271821975708,b.29.1.1,b.29.1.1,0.43405
1azdA,1ofsA,0.42479,0.70287,0.42479,0.70287,0.5480124950408936,0.7212103605270386,b.29.1.1,b.29.1.1,0.27808
1azdA,1lemA,0.42546,0.70327,0.42546,0.70327,0.5503372550010681,0.7012929916381836,b.29.1.1,b.29.1.1,0.27780999999999995
1azdA,1lofC,0.4255,0.70041,0.4255,0.70041,0.5514143705368042,0.7155897617340088,b.29.1.1,b.29.1.1,0.27491
1azdA,1rinA,0.42528,0.70009,0.42528,0.70009,0.5529434680938721,0.7185198068618774,b.29.1.1,b.29.1.1,0.27481
1azdA,1bqpA,0.42502,0.70234,0.42502,0.70234,0.5544301867485046,0.7191831469535828,b.29.1.1,b.29.1.1,0.27731999999999996
1azdA,1loaA,0.42649,0.70092,0.42649,0.70092,0.5523892641067505,0.7165415287017822,b.29.1.1,b.29.1.1,0.27443
1azdA,1lgcA,0.42628,0.70458,0.42628,0.70458,0.5611851811408997,0.7094353437423706,b.29.1.1,b.29.1.1,0.2783
1azdA,2b7yA,0.424,0.70268,0.424,0.70268,0.550152599811554,0.7191704511642456,b.29.1.1,,0.27868
1azdA,1avbA,0.43519,0.8565,0.43519,0.8565,0.989956796169281,0.9921154975891112,b.29.1.1,b.29.1.1,0.42131
1azdA,1lgbA,0.425,0.70224,0.425,0.70224,0.5588130354881287,0.710781991481781,b.29.1.1,b.29.1.1,0.27724
1azdA,2a6vA,0.37964,0.69978,0.37964,0.69978,0.9632375836372375,0.98915696144104,b.29.1.1,b.29.1.13,0.32014
1azdA,1gv9A,0.38447,0.73411,0.38447,0.73411,0.955854833126068,0.9892850518226624,b.29.1.1,b.29.1.13,0.34964000000000006
1azdA,1dhkB,0.41809,0.73105,0.41809,0.73105,0.9835116863250732,0.9795398712158204,b.29.1.1,b.29.1.1,0.31295999999999996
1azdA,2a6zA,0.38083,0.69915,0.38083,0.69915,0.963263213634491,0.9914636611938475,b.29.1.1,l.1.1.1,0.31832000000000005
1azdA,1viwB,0.42194,0.74427,0.42194,0.74427,0.9812527894973756,0.9813982844352722,b.29.1.1,b.29.1.1,0.32233
1azdA,1oq1A,0.34192,0.63231,0.34192,0.63231,0.920172929763794,0.9823622107505798,b.29.1.1,l.1.1.1,0.29039000000000004
1b4rA,1nqjA,0.48694,0.55532,0.43012,0.48574,0.3263575434684753,0.4813896119594574,b.1.3.1,b.18.1.36,0.05562
1bjqA,2d3pA,0.4705,0.8662,0.4705,0.8662,0.987551212310791,0.9948574304580688,b.29.1.1,b.29.1.1,0.3957
1bkzA,1h9wA,0.52523,0.7656,0.32749,0.48022,0.9718665480613708,0.9463785886764526,b.29.1.3,b.29.1.1,0.15272999999999998
1bkzA,1mvqA,0.52778,0.76877,0.32335,0.47395,0.9761884212493896,0.9458632469177246,b.29.1.3,b.29.1.1,0.15059999999999996
1byhA,1cpmA,0.72551,0.97464,0.72551,0.97464,0.985767126083374,0.9987342953681946,b.29.1.2,b.29.1.2,0.24912999999999996
1byhA,1ajoA,0.57098,0.97076,0.57098,0.97076,0.9883095622062684,0.9982811212539672,b.29.1.2,b.29.1.2,0.3997799999999999
1byhA,1cpnA,0.72511,0.95524,0.72511,0.95524,0.9882183074951172,0.997755527496338,b.29.1.2,b.29.1.2,0.23012999999999995
1byhA,1axkA,0.72438,0.95064,0.3955,0.52152,0.9309303760528564,0.9584574699401855,b.29.1.2,b.29.1.11,0.12601999999999997
1byhA,1s2bA,0.51442,0.61409,0.51442,0.61409,0.9375330209732056,0.984760284423828,b.29.1.2,b.29.1.20,0.09967000000000004
1bynA,1u9kA,0.38619,0.50844,0.38619,0.50844,0.6342214345932007,0.7534043788909912,b.7.1.2,b.1.1.1,0.12225000000000003
1bz8A,1czyA,0.38902,0.38902,0.3174,0.3174,0.4033581018447876,0.700541079044342,b.3.4.1,h.1.2.1,0.0
1bzwA,1h9wA,0.48026,0.91244,0.48026,0.91244,0.9883889555931092,0.997199535369873,b.29.1.1,b.29.1.1,0.43218
1bzwA,1h9pA,0.47974,0.91386,0.47777,0.91013,0.9900398254394532,0.9976192712783812,b.29.1.1,b.29.1.1,0.43236
1bzwA,2d3pA,0.48076,0.91555,0.47295,0.90077,0.9929473400115968,0.997840404510498,b.29.1.1,b.29.1.1,0.42782
1bzwA,2gdfA,0.46935,0.89482,0.46935,0.89482,0.9660657048225404,0.996125102043152,b.29.1.1,b.29.1.1,0.42546999999999996
1c1fA,1dglA,0.51956,0.70389,0.32431,0.44223,0.9675633907318116,0.892632007598877,b.29.1.3,b.29.1.1,0.11792000000000002
1ciwA,1h9wA,0.4801,0.91189,0.4801,0.91189,0.9882566928863524,0.9962463974952698,b.29.1.1,b.29.1.1,0.43178999999999995
1ciwA,1h9pA,0.47963,0.91347,0.47766,0.90974,0.989874005317688,0.9968282580375672,b.29.1.1,b.29.1.1,0.43208
1ciwA,1axkA,0.48055,0.62037,0.30414,0.39055,0.9579688906669616,0.9480217099189758,b.29.1.1,b.29.1.11,0.08640999999999999
1cn1A,1lgcA,0.41488,0.68615,0.41488,0.68615,0.5643794536590576,0.7279490828514099,b.29.1.1,b.29.1.1,0.27127
1cn1A,1rinA,0.41349,0.68115,0.41349,0.68115,0.5558523535728455,0.7363161444664001,b.29.1.1,b.29.1.1,0.26766
1cn1A,1dhkB,0.41096,0.71772,0.41096,0.71772,0.9826146364212036,0.9756708145141602,b.29.1.1,b.29.1.1,0.30676000000000003
1cn1A,1viwB,0.41569,0.73195,0.41569,0.73195,0.9803574085235596,0.9774377346038818,b.29.1.1,b.29.1.1,0.31626
1cn1A,2fmdA,0.47727,0.93134,0.47727,0.93134,0.9904415607452391,0.996347188949585,b.29.1.1,b.29.1.0,0.4540699999999999
1cn1A,1n3oA,0.47192,0.91276,0.46445,0.89838,0.9928598403930664,0.993030607700348,b.29.1.1,b.29.1.1,0.43393
1cn1A,1q8oA,0.46993,0.91142,0.46618,0.90417,0.9923092126846312,0.9938623309135436,b.29.1.1,b.29.1.1,0.43799000000000005
1cn1A,1bjqA,0.49258,0.89869,0.46657,0.85077,0.9853659272193908,0.9905778169631958,b.29.1.1,b.29.1.1,0.38420000000000004
1cn1A,1n47A,0.46061,0.89869,0.46061,0.89869,0.9897174835205078,0.9931642413139344,b.29.1.1,b.29.1.1,0.43807999999999997
1cn1A,1uzyA,0.46283,0.89566,0.46098,0.89211,0.9894317984580994,0.9940457344055176,b.29.1.1,b.29.1.1,0.43112999999999996
1cn1A,1fatA,0.46246,0.8867,0.46246,0.8867,0.987951159477234,0.9949397444725036,b.29.1.1,b.29.1.1,0.42424000000000006
1cn1A,1g9fA,0.46651,0.8885,0.45916,0.87449,0.9882416725158693,0.993983268737793,b.29.1.1,b.29.1.1,0.41533
1cn1A,1bzwA,0.46353,0.88096,0.46353,0.88096,0.9911881685256958,0.996479332447052,b.29.1.1,b.29.1.1,0.41742999999999997
1cn1A,1fyuA,0.46136,0.89909,0.45768,0.89199,0.9892380237579346,0.9946554899215698,b.29.1.1,b.29.1.1,0.43431
1cn1A,1fnyA,0.46765,0.89768,0.46765,0.89768,0.9905773401260376,0.9940958023071288,b.29.1.1,b.29.1.1,0.43003
1cn1A,1sfyA,0.46327,0.9005,0.45956,0.89337,0.98892080783844,0.9943944215774536,b.29.1.1,b.29.1.1,0.43381
1cn1A,1ciwA,0.46319,0.88042,0.46319,0.88042,0.9908692836761476,0.9953060150146484,b.29.1.1,b.29.1.1,0.41723
1cn1A,1lteA,0.46219,0.89904,0.45853,0.89193,0.9889519810676576,0.9948680400848388,b.29.1.1,b.29.1.1,0.4334
1cn1A,1dbnA,0.46177,0.90148,0.45806,0.89431,0.9922845363616944,0.9954298138618468,b.29.1.1,b.29.1.1,0.43625
1cn1A,1ax0A,0.46284,0.89939,0.45915,0.89228,0.9891939163208008,0.9940271973609924,b.29.1.1,b.29.1.1,0.43312999999999996
1cn1A,1gnzA,0.45565,0.87889,0.45565,0.87889,0.9917148351669312,0.9934314489364624,b.29.1.1,b.29.1.1,0.42323999999999995
1cn1A,1f9kA,0.45644,0.87349,0.45644,0.87349,0.9900033473968506,0.9940025806427002,b.29.1.1,b.29.1.1,0.41705
1cn1A,1hqlA,0.45794,0.88073,0.45794,0.88073,0.9912099242210388,0.9941953420639038,b.29.1.1,b.29.1.1,0.42279
1cn1A,1dzqA,0.45934,0.88297,0.45934,0.88297,0.9918927550315856,0.9951890110969543,b.29.1.1,b.29.1.1,0.42363
1cn1A,1wblA,0.46083,0.88777,0.46083,0.88777,0.988214373588562,0.9947021007537842,b.29.1.1,b.29.1.1,0.42693999999999993
1cn1A,2bqpA,0.46267,0.87579,0.46267,0.87579,0.9909086227416992,0.9912711381912231,b.29.1.1,b.29.1.1,0.41311999999999993
1cn1A,1wbfA,0.46069,0.89111,0.46069,0.89111,0.9891026020050048,0.9942201972007751,b.29.1.1,b.29.1.1,0.43041999999999997
1cn1A,1ioaA,0.43079,0.85777,0.43079,0.85777,0.9882489442825316,0.990340530872345,b.29.1.1,b.29.1.1,0.42698
1cn1A,1fx5A,0.46676,0.87602,0.4612,0.86571,0.9914696216583252,0.9947624206542968,b.29.1.1,b.29.1.1,0.40451
1cn1A,1avbA,0.42984,0.84421,0.42984,0.84421,0.9892395734786988,0.9901663661003112,b.29.1.1,b.29.1.1,0.41437
1cn1A,1bqpA,0.41391,0.68379,0.41391,0.68379,0.5573875308036804,0.7367717027664185,b.29.1.1,b.29.1.1,0.26988
1cn1A,1ofsA,0.4135,0.68529,0.4135,0.68529,0.5512718558311462,0.7400103211402893,b.29.1.1,b.29.1.1,0.27179
1cn1A,1loaA,0.41571,0.68359,0.41571,0.68359,0.555576503276825,0.7351685762405396,b.29.1.1,b.29.1.1,0.26788
1cn1A,2b7yA,0.41528,0.68766,0.41528,0.68766,0.5532270073890686,0.7368305921554565,b.29.1.1,,0.27238000000000007
1cn1A,1lemA,0.41691,0.68746,0.41691,0.68746,0.5530259609222412,0.7196483612060547,b.29.1.1,b.29.1.1,0.27054999999999996
1cn1A,1lofC,0.41465,0.68277,0.41465,0.68277,0.554510235786438,0.7338287830352783,b.29.1.1,b.29.1.1,0.26811999999999997
1cpmA,1ajoA,0.65967,0.97661,0.65967,0.97661,0.9791305065155028,0.998881459236145,b.29.1.2,b.29.1.2,0.31694
1cpmA,1macA,0.72475,0.97341,0.72475,0.97341,0.9883584976196288,0.9988508820533752,b.29.1.2,b.29.1.2,0.24866
1cpmA,1f5jA,0.44574,0.54157,0.44574,0.54157,0.953327775001526,0.9712070226669312,b.29.1.2,b.29.1.11,0.09582999999999997
1cpnA,1oq1A,0.5302,0.5302,0.51525,0.51525,0.8814049959182739,0.9493475556373596,b.29.1.2,l.1.1.1,0.0
1cpnA,1g9fA,0.53543,0.66542,0.47306,0.58762,0.9759845733642578,0.9740507006645204,b.29.1.2,b.29.1.1,0.11456000000000005
1cpnA,1xndA,0.42813,0.52562,0.42813,0.52562,0.951668381690979,0.958655059337616,b.29.1.2,b.29.1.11,0.09748999999999997
1cpnA,2d97A,0.41867,0.51531,0.41867,0.51531,0.9522496461868286,0.9566591382026672,b.29.1.2,b.29.1.11,0.09664000000000006
1cpnA,1te1B,0.42339,0.52394,0.42339,0.52394,0.9468647241592408,0.9498451352119446,b.29.1.2,b.29.1.11,0.10054999999999997
1cpnA,2a6yA,0.57592,0.70161,0.52546,0.64045,0.9355721473693848,0.9834776520729064,b.29.1.2,b.29.1.13,0.11498999999999993
1cpnA,1m4wA,0.44066,0.53809,0.44066,0.53809,0.9485381841659546,0.9681326746940612,b.29.1.2,b.29.1.11,0.09742999999999996
1cx1A,1cpnA,0.41194,0.57613,0.32784,0.45004,0.6390038132667542,0.658298134803772,l.1.1.1,b.29.1.2,0.12219999999999998
1d2sA,1ajoA,0.39962,0.70441,0.33301,0.58661,0.9757875204086304,0.9793063402175904,b.29.1.4,b.29.1.2,0.2536
1dglA,2fmdA,0.48616,0.95952,0.48616,0.95952,0.9917019605636596,0.9975239634513856,b.29.1.1,b.29.1.0,0.47336000000000006
1dglA,1q8oA,0.47854,0.93366,0.47465,0.92605,0.9932233095169068,0.9951950311660768,b.29.1.1,b.29.1.1,0.4514
1dglA,1fnyA,0.47591,0.91859,0.47591,0.91859,0.9918225407600404,0.9967292547225952,b.29.1.1,b.29.1.1,0.44268
1dglA,1ax0A,0.46985,0.92372,0.46604,0.91626,0.9903510808944702,0.9965486526489258,b.29.1.1,b.29.1.1,0.45021999999999995
1dglA,1ciwA,0.47199,0.89813,0.47199,0.89813,0.9914730787277222,0.9968819618225098,b.29.1.1,b.29.1.1,0.42613999999999996
1dglA,1bjqA,0.49757,0.91626,0.47102,0.86651,0.986207127571106,0.9947201013565063,b.29.1.1,b.29.1.1,0.39549
1dglA,1sfyA,0.47046,0.9238,0.46665,0.91634,0.9902243614196776,0.9963946342468262,b.29.1.1,b.29.1.1,0.44969000000000003
1dglA,1n47A,0.46625,0.92019,0.46625,0.92019,0.9909457564353944,0.9959097504615784,b.29.1.1,b.29.1.1,0.45393999999999995
1dglA,1bzwA,0.47221,0.89884,0.47221,0.89884,0.99172705411911,0.9974952936172484,b.29.1.1,b.29.1.1,0.42662999999999995
1dglA,1gz9A,0.47002,0.92403,0.46621,0.91657,0.9904730319976808,0.9961946606636048,b.29.1.1,b.29.1.1,0.45036
1dglA,1fyuA,0.46921,0.92098,0.46541,0.91353,0.9905060529708862,0.9967730045318604,b.29.1.1,b.29.1.1,0.44811999999999996
1dglA,1uzyA,0.47084,0.91944,0.46892,0.91572,0.9908332824707032,0.9954910278320312,b.29.1.1,b.29.1.1,0.4468
1dglA,1dbnA,0.46963,0.93136,0.46579,0.92378,0.9934338331222534,0.9956189393997192,b.29.1.1,b.29.1.1,0.45799000000000006
1dglA,2bqpA,0.47154,0.89927,0.47154,0.89927,0.9909554719924928,0.9963507652282716,b.29.1.1,b.29.1.1,0.42773
1dglA,1fatA,0.47113,0.90707,0.47113,0.90707,0.9887540340423584,0.996635675430298,b.29.1.1,b.29.1.1,0.43594000000000005
1dglA,1g8wA,0.47094,0.9096,0.47094,0.9096,0.9891663789749146,0.9968545436859132,b.29.1.1,b.29.1.1,0.43865999999999994
1dglA,1dzqA,0.46714,0.90571,0.46714,0.90571,0.992554783821106,0.9956830739974976,b.29.1.1,b.29.1.1,0.43857
1dglA,1hqlA,0.46601,0.89932,0.46601,0.89932,0.9924251437187196,0.9958055019378662,b.29.1.1,b.29.1.1,0.43331000000000003
1dglA,1gnzA,0.4627,0.89529,0.4627,0.89529,0.992762327194214,0.9956713914871216,b.29.1.1,b.29.1.1,0.43259000000000003
1dglA,1fx5A,0.47228,0.89683,0.46659,0.88604,0.9922873973846436,0.996117115020752,b.29.1.1,b.29.1.1,0.41945000000000005
1dglA,1f9kA,0.46392,0.89002,0.46392,0.89002,0.9914917945861816,0.994508981704712,b.29.1.1,b.29.1.1,0.42610000000000003
1dglA,1ioaA,0.44177,0.87452,0.44177,0.87452,0.9888875484466552,0.9933974742889404,b.29.1.1,b.29.1.1,0.43274999999999997
1dglA,1avbA,0.43425,0.86226,0.43425,0.86226,0.9896153211593628,0.9926043152809144,b.29.1.1,b.29.1.1,0.42801
1dglA,2b7yA,0.42684,0.70543,0.42684,0.70543,0.5507464408874512,0.7097102403640747,b.29.1.1,,0.27859
1dglA,1ofsA,0.42766,0.70559,0.42766,0.70559,0.5489605069160461,0.7111140489578247,b.29.1.1,b.29.1.1,0.27793000000000007
1dglA,1lemA,0.42888,0.70672,0.42888,0.70672,0.5515190362930298,0.6912626028060913,b.29.1.1,b.29.1.1,0.27784000000000003
1dglA,1loaA,0.4295,0.70373,0.4295,0.70373,0.553199052810669,0.706896185874939,b.29.1.1,b.29.1.1,0.27423
1dglA,1bqpA,0.42734,0.70474,0.42734,0.70474,0.554962694644928,0.7094585299491882,b.29.1.1,b.29.1.1,0.27740000000000004
1dglA,1rinA,0.42781,0.70245,0.42781,0.70245,0.5540984272956848,0.709173321723938,b.29.1.1,b.29.1.1,0.27464
1dglA,1lofC,0.42861,0.70314,0.42861,0.70314,0.552531898021698,0.7062753438949585,b.29.1.1,b.29.1.1,0.27453
1dglA,1lgcA,0.42784,0.70571,0.42784,0.70571,0.5624342560768127,0.6994380950927734,b.29.1.1,b.29.1.1,0.27786999999999995
1dglA,1lgbA,0.42705,0.70365,0.42705,0.70365,0.5607319474220276,0.7002807855606079,b.29.1.1,b.29.1.1,0.2766
1dglA,1dhkB,0.41673,0.73732,0.41673,0.73732,0.983668327331543,0.982315719127655,b.29.1.1,b.29.1.1,0.32059
1dglA,2a6vA,0.36971,0.69718,0.36971,0.69718,0.9589954614639282,0.9887269735336304,b.29.1.1,b.29.1.13,0.32747000000000004
1dglA,2a6xA,0.37894,0.69797,0.37894,0.69797,0.959336519241333,0.9880051612854004,b.29.1.1,b.29.1.13,0.31903
1dglA,2a6yA,0.3846,0.71284,0.3846,0.71284,0.957568109035492,0.993342936038971,b.29.1.1,b.29.1.13,0.32824000000000003
1dglA,1viwB,0.42044,0.7463,0.42044,0.7463,0.9817341566085817,0.9840384125709534,b.29.1.1,b.29.1.1,0.32586
1dglA,2a6zA,0.38067,0.70187,0.38067,0.70187,0.9589630961418152,0.99202960729599,b.29.1.1,l.1.1.1,0.3212
1dglA,1gv9A,0.38312,0.72795,0.38312,0.72795,0.951033890247345,0.9898805022239684,b.29.1.1,b.29.1.13,0.34482999999999997
1dglA,1oq1A,0.3436,0.63174,0.3436,0.63174,0.9147846698760986,0.9821176528930664,b.29.1.1,l.1.1.1,0.28813999999999995
1dhkB,1s2bA,0.53648,0.62473,0.52743,0.6145,0.9220917224884032,0.98170804977417,b.29.1.1,b.29.1.20,0.08707000000000009
1dykA,1ajoA,0.2202,0.36519,0.2202,0.36519,0.9474127888679504,0.9419823884963988,b.29.1.4,b.29.1.2,0.14499
1dypA,1mveA,0.53138,0.70812,0.53138,0.70812,0.9775264263153076,0.9884370565414428,b.29.1.2,b.29.1.2,0.17674
1dypA,1axkA,0.51696,0.7045,0.35796,0.48906,0.933232307434082,0.9635750651359558,b.29.1.2,b.29.1.11,0.1311
1dypA,1cpnA,0.51576,0.67703,0.51576,0.67703,0.9880458116531372,0.9843462109565736,b.29.1.2,b.29.1.2,0.16127000000000002
1dypA,1cpmA,0.51345,0.68322,0.51345,0.68322,0.9845263361930848,0.9881097674369812,b.29.1.2,b.29.1.2,0.1697700000000001
1dypA,1ajoA,0.404,0.67908,0.404,0.67908,0.9786404371261596,0.99099999666214,b.29.1.2,b.29.1.2,0.27508
1dypA,1ajkA,0.41106,0.6738,0.41106,0.6738,0.9881941080093384,0.9859112501144408,b.29.1.2,b.29.1.2,0.26274
1dzbA,1qgc4,0.47065,0.47065,0.47065,0.47065,0.9769030809402466,0.9360111951828004,b.1.1.1,i.6.1.1,0.0
1dzbA,1h8nA,0.81814,0.94221,0.81814,0.94221,0.981954038143158,0.9907610416412354,b.1.1.1,b.1.1.1,0.12407000000000001
1dzbA,2gjjA,0.86115,0.94689,0.81403,0.89287,0.988266944885254,0.9911845922470092,b.1.1.1,l.1.1.1,0.07884000000000002
1dzbA,1x9qA,0.8283,0.91171,0.79913,0.8784,0.988721489906311,0.9941635131835938,b.1.1.1,b.1.1.0,0.07926999999999995
1edyA,1of3A,0.43753,0.52896,0.36628,0.43128,0.7106889486312866,0.8096725344657898,b.1.29.1,b.18.1.18,0.065
1ej8A,1f6lL,0.44667,0.44441,0.44667,0.44441,0.7531204223632812,0.7743902206420898,b.1.8.1,b.1.1.1,-0.0022599999999999842
1f3rB,1qgc4,0.39447,0.39447,0.39447,0.39447,0.9628560543060304,0.9041361808776855,b.1.1.1,i.6.1.1,0.0
1f3rB,1h8oA,0.65739,0.7378,0.65739,0.7378,0.9667710065841676,0.974265158176422,b.1.1.1,b.1.1.1,0.08040999999999998
1f3rB,1h8nA,0.66247,0.749,0.66247,0.749,0.9699335098266602,0.9743705987930298,b.1.1.1,b.1.1.1,0.08653
1f3rB,2gjjA,0.69441,0.76846,0.69441,0.76846,0.9825975298881532,0.9672290086746216,b.1.1.1,l.1.1.1,0.07405000000000006
1f3rB,1jp5A,0.67897,0.77394,0.67897,0.77394,0.9767736792564392,0.9663050174713136,b.1.1.1,b.1.1.1,0.09497
1f3rB,1x9qA,0.66434,0.73933,0.66434,0.73933,0.9771236181259156,0.975356101989746,b.1.1.1,b.1.1.0,0.07499
1f5fA,1ajoA,0.3991,0.70249,0.33562,0.59019,0.9756485223770142,0.9799978137016296,b.29.1.4,b.29.1.2,0.25457
1fatA,1h9wA,0.48103,0.92391,0.48103,0.92391,0.98570716381073,0.9982626438140868,b.29.1.1,b.29.1.1,0.44288
1fatA,1h9pA,0.48072,0.92362,0.47871,0.9198,0.9873145818710328,0.9978249073028564,b.29.1.1,b.29.1.1,0.4410899999999999
1fatA,2gdfA,0.47369,0.89459,0.47369,0.89459,0.96172434091568,0.9957889318466188,b.29.1.1,b.29.1.1,0.4209
1fatA,1ajkA,0.3908,0.61043,0.3908,0.61043,0.9812521934509276,0.9788451790809632,b.29.1.1,b.29.1.2,0.21963000000000005
1fnyA,1h9pA,0.48222,0.92802,0.48222,0.92802,0.9907464385032654,0.9977137446403505,b.29.1.1,b.29.1.1,0.4458
1fnyA,1h9wA,0.48244,0.92759,0.48244,0.92759,0.9893035888671876,0.997779130935669,b.29.1.1,b.29.1.1,0.44515000000000005
1fnyA,2gdfA,0.47437,0.8989,0.47437,0.8989,0.9661407470703124,0.9956952929496764,b.29.1.1,b.29.1.1,0.42453
1fstA,1gff2,0.44711,0.44711,0.37581,0.37581,0.6379409432411194,0.676023006439209,b.1.18.8,b.121.5.1,0.0
1fyuA,1h9pA,0.46467,0.91517,0.46467,0.91517,0.9892637729644777,0.997450828552246,b.29.1.1,b.29.1.1,0.4505
1fyuA,1h9wA,0.46529,0.91472,0.46529,0.91472,0.987902581691742,0.9971442222595216,b.29.1.1,b.29.1.1,0.44943
1fyuA,2gdfA,0.45743,0.87892,0.45743,0.87892,0.9671951532363892,0.9941704273223876,b.29.1.1,b.29.1.1,0.42149000000000003
1g7yA,1dglA,0.46692,0.87173,0.46692,0.87173,0.9903964400291444,0.9938001036643982,b.29.1.1,b.29.1.1,0.40481
1g7yA,1mvqA,0.4677,0.86795,0.4677,0.86795,0.9898854494094848,0.9949506521224976,b.29.1.1,b.29.1.1,0.40025
1g7yA,2d3pA,0.46655,0.86631,0.46655,0.86631,0.9911057353019714,0.994306206703186,b.29.1.1,b.29.1.1,0.39976
1g7yA,1h9wA,0.46725,0.86742,0.46725,0.86742,0.9879242181777954,0.9923851490020752,b.29.1.1,b.29.1.1,0.40016999999999997
1g7yA,1h9pA,0.46712,0.86864,0.46712,0.86864,0.9893884658813475,0.9931646585464478,b.29.1.1,b.29.1.1,0.40152
1g7yA,2gdfA,0.45925,0.83615,0.45925,0.83615,0.9643558263778688,0.9920647740364076,b.29.1.1,b.29.1.1,0.37689999999999996
1g7yA,1cn1A,0.4613,0.85245,0.4613,0.85245,0.9893222451210022,0.9898682832717896,b.29.1.1,b.29.1.1,0.39115000000000005
1g86A,1h9wA,0.49848,0.74198,0.32603,0.48696,0.9707269072532654,0.9535020589828492,b.29.1.3,b.29.1.1,0.16093000000000002
1g86A,1ajoA,0.39077,0.70314,0.27466,0.50145,0.9759197235107422,0.9796069264411926,b.29.1.3,b.29.1.2,0.22678999999999994
1g86A,1mvqA,0.49733,0.74009,0.32061,0.47874,0.9760100245475768,0.9507017135620116,b.29.1.3,b.29.1.1,0.15813
1g86A,1azdA,0.4981,0.74171,0.31987,0.47802,0.976711630821228,0.951373279094696,b.29.1.3,b.29.1.1,0.15815
1g8wA,1h9wA,0.47886,0.9224,0.47886,0.9224,0.9863963723182678,0.9980567693710328,b.29.1.1,b.29.1.1,0.44354
1g8wA,1h9pA,0.47863,0.92253,0.47863,0.92253,0.9879884719848632,0.99761164188385,b.29.1.1,b.29.1.1,0.44389999999999996
1g8wA,2gdfA,0.47163,0.8915,0.47163,0.8915,0.9625893235206604,0.99523663520813,b.29.1.1,b.29.1.1,0.41986999999999997
1g8wA,1cn1A,0.47002,0.90253,0.46241,0.88808,0.9880086183547974,0.9947807788848876,b.29.1.1,b.29.1.1,0.42567
1g8wA,1y43B,0.40376,0.49514,0.40376,0.49514,0.6316834092140198,0.8846176862716675,b.29.1.1,,0.09138000000000002
1g9fA,1mvqA,0.46576,0.8934,0.46576,0.8934,0.9886764287948608,0.9976699352264404,b.29.1.1,b.29.1.1,0.42763999999999996
1g9fA,1dglA,0.46562,0.89386,0.46562,0.89386,0.9891459345817566,0.9968138933181764,b.29.1.1,b.29.1.1,0.42824
1g9fA,2d3pA,0.46479,0.88852,0.46479,0.88852,0.98993182182312,0.9971731901168824,b.29.1.1,b.29.1.1,0.42373
1g9fA,1h9wA,0.46531,0.88911,0.46531,0.88911,0.9847153425216676,0.9960117340087892,b.29.1.1,b.29.1.1,0.42379999999999995
1g9fA,2gdfA,0.46278,0.87735,0.46278,0.87735,0.9577537775039672,0.9939457774162292,b.29.1.1,b.29.1.1,0.41456999999999994
1g9fA,2cnaA,0.46165,0.87944,0.46165,0.87944,0.9899918437004088,0.9973046779632568,b.29.1.1,b.29.1.1,0.41779
1ganA,2cwmA,0.5136,0.73178,0.31996,0.45518,0.9737100601196288,0.9390475749969482,b.29.1.3,b.29.1.1,0.13521999999999995
1ganA,1apnA,0.51025,0.72358,0.33227,0.47233,0.9202283620834352,0.9356065988540648,b.29.1.3,b.29.1.1,0.14006000000000002
1ganA,1wuvA,0.51618,0.72738,0.32161,0.45279,0.9753938913345336,0.939503014087677,b.29.1.3,b.29.1.1,0.13118000000000002
1ganA,1mvqA,0.51689,0.7249,0.3225,0.45283,0.9681624174118042,0.9348065853118896,b.29.1.3,b.29.1.1,0.13033
1ganA,2gdfA,0.5163,0.72884,0.33486,0.47323,0.9297688007354736,0.9281734228134156,b.29.1.3,b.29.1.1,0.13837
1ganA,1h9wA,0.5137,0.72644,0.32621,0.46012,0.9613675475120544,0.9376007318496704,b.29.1.3,b.29.1.1,0.13390999999999997
1ganA,2mcmA,0.37546,0.37546,0.37546,0.37546,0.6146582365036011,0.5745745897293091,b.29.1.3,b.1.7.1,0.0
1gbgA,1cpmA,0.72706,0.97925,0.72706,0.97925,0.9846707582473756,0.9985881447792052,b.29.1.2,b.29.1.2,0.2521899999999999
1gbgA,1ajoA,0.57499,0.97313,0.57499,0.97313,0.9883649945259094,0.9983590245246888,b.29.1.2,b.29.1.2,0.39814000000000005
1gbgA,1cpnA,0.72535,0.95503,0.72535,0.95503,0.9875560998916626,0.9976292848587036,b.29.1.2,b.29.1.2,0.22968
1gbgA,1ajkA,0.56516,0.93308,0.56516,0.93308,0.9875207543373108,0.9972909688949584,b.29.1.2,b.29.1.2,0.36792
1gbgA,1axkA,0.72549,0.95598,0.39585,0.52288,0.929057240486145,0.953734815120697,b.29.1.2,b.29.1.11,0.12703000000000003
1gmiA,1v27A,0.63945,0.71575,0.61559,0.68896,0.9734851121902466,0.9822219610214232,b.7.1.1,l.1.1.1,0.07337000000000005
1gmiA,1bynA,0.68556,0.76149,0.68556,0.76149,0.9874889850616456,0.9863868355751038,b.7.1.1,b.7.1.2,0.07593000000000005
1gnzA,1h9pA,0.46343,0.89705,0.46343,0.89705,0.9915077686309814,0.996325671672821,b.29.1.1,b.29.1.1,0.43362
1gnzA,2gdfA,0.45602,0.86665,0.45602,0.86665,0.9688677787780762,0.9958942532539368,b.29.1.1,b.29.1.1,0.41063000000000005
1gslA,1h9pA,0.46338,0.88771,0.46338,0.88771,0.98948335647583,0.9953227639198304,b.29.1.1,b.29.1.1,0.42433
1gslA,1dglA,0.46558,0.89168,0.46558,0.89168,0.9919217824935912,0.9968327283859252,b.29.1.1,b.29.1.1,0.42610000000000003
1gslA,1h9wA,0.46363,0.88689,0.46363,0.88689,0.9872477650642396,0.9938428997993468,b.29.1.1,b.29.1.1,0.42325999999999997
1gslA,1azdA,0.46544,0.88957,0.46544,0.88957,0.9919406175613404,0.996385931968689,b.29.1.1,b.29.1.1,0.42412999999999995
1gslA,1mvqA,0.46543,0.88727,0.46543,0.88727,0.990941882133484,0.99712336063385,b.29.1.1,b.29.1.1,0.42184
1gslA,2d3pA,0.46232,0.88481,0.46232,0.88481,0.9920764565467834,0.996741771697998,b.29.1.1,b.29.1.1,0.42249
1gslA,2cnaA,0.46017,0.87899,0.46017,0.87899,0.9911921620368958,0.9949181079864502,b.29.1.1,b.29.1.1,0.41882
1gslA,2gdfA,0.45695,0.85858,0.45695,0.85858,0.9628862142562866,0.9930168390274048,b.29.1.1,b.29.1.1,0.40163
1gslA,1cn1A,0.45842,0.87606,0.45842,0.87606,0.9912288188934326,0.9923039674758912,b.29.1.1,b.29.1.1,0.41763999999999996
1guiA,1apnA,0.42654,0.64747,0.33007,0.47692,0.6820774674415588,0.677491307258606,b.18.1.14,b.29.1.1,0.14685000000000004
1gv9A,1h9wA,0.40392,0.7683,0.38992,0.74143,0.939462959766388,0.988361656665802,b.29.1.13,b.29.1.1,0.35151000000000004
1gv9A,1zm1A,0.53169,0.66549,0.50407,0.63123,0.9221618175506592,0.987747073173523,b.29.1.13,b.29.1.2,0.12715999999999994
1gv9A,1cpmA,0.52438,0.64849,0.52438,0.64849,0.9227701425552368,0.9820317029953004,b.29.1.13,b.29.1.2,0.12411000000000005
1gv9A,1apnA,0.40309,0.76567,0.40147,0.76257,0.8802319765090942,0.9860457181930542,b.29.1.13,b.29.1.1,0.3611
1gv9A,1ajoA,0.32222,0.64551,0.32222,0.64551,0.9202229976654052,0.9797750115394592,b.29.1.13,b.29.1.2,0.32329
1gykA,1h6yA,0.42857,0.51404,0.42857,0.51404,0.7240644097328186,0.675011396408081,b.29.1.5,b.18.1.7,0.08547000000000005
1gz9A,2cwmA,0.46504,0.91356,0.46504,0.91356,0.9934608936309814,0.9970499277114868,b.29.1.1,b.29.1.1,0.44852000000000003
1gz9A,1h9pA,0.46558,0.91561,0.46558,0.91561,0.9892234802246094,0.996984839439392,b.29.1.1,b.29.1.1,0.45003000000000004
1gz9A,1h9wA,0.46594,0.91496,0.46594,0.91496,0.9877798557281494,0.9971725344657898,b.29.1.1,b.29.1.1,0.44902
1gz9A,2gdfA,0.45855,0.88038,0.45855,0.88038,0.9663485288619996,0.9934191703796388,b.29.1.1,b.29.1.1,0.42183000000000004
1gz9A,1cn1A,0.45838,0.89265,0.45838,0.89265,0.9892245531082152,0.9947243928909302,b.29.1.1,b.29.1.1,0.43427000000000004
1gzwA,2cwmA,0.51172,0.71814,0.3189,0.4464,0.978114366531372,0.9357223510742188,b.29.1.3,b.29.1.1,0.1275
1gzwA,1mvqA,0.51496,0.71717,0.32126,0.44725,0.9735715389251708,0.9298875331878662,b.29.1.3,b.29.1.1,0.12599
1gzwA,1h9wA,0.51385,0.71824,0.32571,0.45474,0.9672608375549316,0.9342455267906188,b.29.1.3,b.29.1.1,0.12902999999999998
1h4gA,1y43B,0.36182,0.47505,0.36182,0.47505,0.5991305112838745,0.9317066669464112,b.29.1.11,,0.11323
1h4hA,1y43B,0.36221,0.47438,0.36221,0.47438,0.6014696955680847,0.9331902265548706,b.29.1.11,,0.11217000000000005
1h8oA,1dzbA,0.8041,0.9399,0.79114,0.92333,0.9748969078063964,0.9845511317253112,b.1.1.1,b.1.1.1,0.13219000000000003
1h8oA,2ghwB,0.82337,0.92838,0.77768,0.87438,0.974579095840454,0.9886218309402466,b.1.1.1,b.1.1.1,0.09670000000000001
1h9pA,2fmdA,0.49412,0.97416,0.49412,0.97416,0.9909259676933287,0.9974810481071472,b.29.1.1,b.29.1.0,0.48004
1h9pA,1q8oA,0.48443,0.9452,0.47267,0.92216,0.9925718307495116,0.9952869415283204,b.29.1.1,b.29.1.1,0.44949
1h9pA,1dbnA,0.47657,0.94076,0.46491,0.91781,0.9916062355041504,0.9967473745346068,b.29.1.1,b.29.1.1,0.4529
1h9pA,1n47A,0.47238,0.93311,0.47238,0.93311,0.989974081516266,0.9972386360168456,b.29.1.1,b.29.1.1,0.46073
1h9pA,1bjqA,0.50648,0.93028,0.47165,0.8654,0.9850726127624512,0.9936212301254272,b.29.1.1,b.29.1.1,0.39374999999999993
1h9pA,1dzqA,0.47361,0.91876,0.47165,0.91497,0.9904848337173462,0.9969529509544371,b.29.1.1,b.29.1.1,0.44331999999999994
1h9pA,1hqlA,0.47253,0.91299,0.46673,0.90187,0.9909431338310242,0.996363878250122,b.29.1.1,b.29.1.1,0.43513999999999997
1h9pA,2bqpA,0.47793,0.91073,0.47793,0.91073,0.988282322883606,0.9958268404006958,b.29.1.1,b.29.1.1,0.4328
1h9pA,1g9fA,0.48073,0.92324,0.46536,0.89361,0.9870694875717164,0.9965189695358276,b.29.1.1,b.29.1.1,0.42825
1h9pA,1f9kA,0.46966,0.90179,0.46771,0.8981,0.9900485277175904,0.9964558482170104,b.29.1.1,b.29.1.1,0.43039
1h9pA,1fx5A,0.47795,0.90698,0.46457,0.88161,0.9908718466758728,0.9976952075958252,b.29.1.1,b.29.1.1,0.41704
1h9pA,1ioaA,0.44736,0.88675,0.44736,0.88675,0.9883196353912354,0.9945962429046632,b.29.1.1,b.29.1.1,0.43939000000000006
1h9pA,2b7yA,0.43206,0.71436,0.43206,0.71436,0.5456749200820923,0.7188918590545654,b.29.1.1,,0.2823
1h9pA,1avbA,0.44052,0.8728,0.44052,0.8728,0.98860901594162,0.993667721748352,b.29.1.1,b.29.1.1,0.43228
1h9pA,1ofsA,0.43255,0.71419,0.43255,0.71419,0.544167697429657,0.7204456329345703,b.29.1.1,b.29.1.1,0.28164
1h9pA,1bqpA,0.432,0.71267,0.432,0.71267,0.5495544672012329,0.7182683944702148,b.29.1.1,b.29.1.1,0.28067000000000003
1h9pA,1lemA,0.43328,0.71411,0.43328,0.71411,0.5476492643356323,0.7001848816871643,b.29.1.1,b.29.1.1,0.28083
1h9pA,1loaA,0.43486,0.71247,0.43486,0.71247,0.547945499420166,0.7161381244659424,b.29.1.1,b.29.1.1,0.27761
1h9pA,1rinA,0.43228,0.70995,0.43228,0.70995,0.5493273735046387,0.7179107666015625,b.29.1.1,b.29.1.1,0.27767
1h9pA,1lofC,0.43377,0.71154,0.43377,0.71154,0.5477564334869385,0.7147558927536011,b.29.1.1,b.29.1.1,0.27776999999999996
1h9pA,1lgcA,0.43422,0.71564,0.43422,0.71564,0.5573317408561707,0.7083593606948853,b.29.1.1,b.29.1.1,0.28142000000000006
1h9pA,1lgbA,0.43246,0.71264,0.43246,0.71264,0.556753933429718,0.7088615894317627,b.29.1.1,b.29.1.1,0.28018000000000004
1h9pA,2a6vA,0.38077,0.70605,0.38077,0.70605,0.9540307521820068,0.9888485074043274,b.29.1.1,b.29.1.13,0.32527999999999996
1h9pA,2a6zA,0.38444,0.70722,0.38444,0.70722,0.95329749584198,0.9901525378227234,b.29.1.1,l.1.1.1,0.32277999999999996
1h9pA,2a6xA,0.37342,0.70498,0.37342,0.70498,0.9544771909713744,0.9880113005638124,b.29.1.1,b.29.1.13,0.3315600000000001
1h9pA,2a6yA,0.38867,0.71873,0.38867,0.71873,0.9513176083564758,0.9912415742874146,b.29.1.1,b.29.1.13,0.33005999999999996
1h9pA,1dhkB,0.42315,0.74274,0.42315,0.74274,0.9828314781188964,0.9801181554794312,b.29.1.1,b.29.1.1,0.31958999999999993
1h9pA,1viwB,0.42724,0.75543,0.42724,0.75543,0.980705499649048,0.9820844531059264,b.29.1.1,b.29.1.1,0.32819000000000004
1h9pA,1gv9A,0.38849,0.73868,0.38849,0.73868,0.9444916248321532,0.9870234727859496,b.29.1.1,b.29.1.13,0.35019
1h9wA,2fmdA,0.49533,0.97739,0.49533,0.97739,0.9898419380187988,0.9976480007171632,b.29.1.1,b.29.1.0,0.48206
1h9wA,1q8oA,0.4866,0.94976,0.47281,0.92275,0.9913676977157592,0.9946535229682922,b.29.1.1,b.29.1.1,0.44993999999999995
1h9wA,1n47A,0.47448,0.93652,0.4725,0.93262,0.9887112975120544,0.9968711733818054,b.29.1.1,b.29.1.1,0.46012000000000003
1h9wA,1bjqA,0.50892,0.93461,0.47198,0.8658,0.9837043285369872,0.9925426244735718,b.29.1.1,b.29.1.1,0.39382
1h9wA,1dbnA,0.47878,0.94434,0.46512,0.91748,0.9897626638412476,0.9973026514053344,b.29.1.1,b.29.1.1,0.45236
1h9wA,1hqlA,0.47495,0.91614,0.46717,0.90127,0.9895622730255128,0.996681809425354,b.29.1.1,b.29.1.1,0.43410000000000004
1h9wA,1dzqA,0.476,0.92336,0.47206,0.91576,0.9886428117752076,0.9977210760116576,b.29.1.1,b.29.1.1,0.44370000000000004
1h9wA,1gnzA,0.47134,0.911,0.46367,0.89629,0.9903542399406432,0.996288239955902,b.29.1.1,b.29.1.1,0.43262
1h9wA,1fx5A,0.4801,0.91139,0.46472,0.88225,0.9893033504486084,0.997549057006836,b.29.1.1,b.29.1.1,0.41752999999999996
1h9wA,1f9kA,0.47216,0.90502,0.46824,0.89761,0.9886645674705504,0.9967665076255798,b.29.1.1,b.29.1.1,0.42937000000000003
1h9wA,1ioaA,0.44916,0.89079,0.44916,0.89079,0.9875009059906006,0.996043860912323,b.29.1.1,b.29.1.1,0.44162999999999997
1h9wA,2b7yA,0.43468,0.71835,0.43468,0.71835,0.5414629578590393,0.720473051071167,b.29.1.1,,0.28367000000000003
1h9wA,1ofsA,0.43512,0.71814,0.43512,0.71814,0.539595365524292,0.7221613526344299,b.29.1.1,b.29.1.1,0.28302
1h9wA,1bqpA,0.43455,0.71674,0.43455,0.71674,0.5452916622161865,0.7193855047225952,b.29.1.1,b.29.1.1,0.28219000000000005
1h9wA,1rinA,0.43493,0.71396,0.43493,0.71396,0.5448805689811707,0.7191829681396484,b.29.1.1,b.29.1.1,0.27903000000000006
1h9wA,1avbA,0.44237,0.877,0.44237,0.877,0.9878075122833252,0.9952824711799622,b.29.1.1,b.29.1.1,0.43463
1h9wA,1loaA,0.43757,0.71646,0.43757,0.71646,0.5433225035667419,0.7186479568481445,b.29.1.1,b.29.1.1,0.27888999999999997
1h9wA,1lemA,0.43574,0.7181,0.43574,0.7181,0.5434495210647583,0.7016769647598267,b.29.1.1,b.29.1.1,0.28235999999999994
1h9wA,1lofC,0.43638,0.71557,0.43638,0.71557,0.5431681871414185,0.7167075872421265,b.29.1.1,b.29.1.1,0.27919000000000005
1h9wA,1lgcA,0.43694,0.71986,0.43694,0.71986,0.552793025970459,0.7105860710144043,b.29.1.1,b.29.1.1,0.28292000000000006
1h9wA,1lgbA,0.43519,0.71661,0.43519,0.71661,0.5524060130119324,0.7105010151863098,b.29.1.1,b.29.1.1,0.28141999999999995
1h9wA,2a6xA,0.3712,0.71086,0.3712,0.71086,0.9496713876724244,0.9886111617088318,b.29.1.1,b.29.1.13,0.3396600000000001
1h9wA,1dhkB,0.42504,0.74657,0.42504,0.74657,0.9819831848144532,0.9800047874450684,b.29.1.1,b.29.1.1,0.32153
1h9wA,2a6vA,0.38479,0.70995,0.38479,0.70995,0.9490610361099244,0.9893385767936708,b.29.1.1,b.29.1.13,0.32515999999999995
1h9wA,2a6zA,0.38576,0.71133,0.38576,0.71133,0.9481444358825684,0.9901152849197388,b.29.1.1,l.1.1.1,0.32557
1h9wA,2a6yA,0.38996,0.72217,0.38996,0.72217,0.946925938129425,0.9908010959625244,b.29.1.1,b.29.1.13,0.33221
1h9wA,1viwB,0.42889,0.75935,0.42889,0.75935,0.9796867370605468,0.9818732738494872,b.29.1.1,b.29.1.1,0.33046
1h9wA,1oq1A,0.34852,0.64295,0.34852,0.64295,0.9039504528045654,0.9753652811050416,b.29.1.1,l.1.1.1,0.29443
1hdkA,1azdA,0.4975,0.7431,0.31501,0.47277,0.976186752319336,0.9485857486724854,b.29.1.3,b.29.1.1,0.15776
1hixA,1zm1A,0.46486,0.56125,0.38334,0.46332,0.93061363697052,0.933781623840332,b.29.1.11,b.29.1.2,0.07998
1hqlA,2gdfA,0.45945,0.87033,0.45945,0.87033,0.9671812653541564,0.9958577156066896,b.29.1.1,b.29.1.1,0.41088
1is3A,1apnA,0.52004,0.72322,0.33757,0.47154,0.9217126369476318,0.91853129863739,b.29.1.3,b.29.1.1,0.13397000000000003
1is3A,1azdA,0.5236,0.73149,0.3259,0.45499,0.9765866994857788,0.918401539325714,b.29.1.3,b.29.1.1,0.12908999999999998
1is3A,1mvqA,0.52315,0.73151,0.32674,0.45625,0.975238025188446,0.9168855547904968,b.29.1.3,b.29.1.1,0.12951000000000001
1is3A,2cwmA,0.52084,0.72982,0.32468,0.45383,0.9810115098953248,0.9210962653160096,b.29.1.3,b.29.1.1,0.12915
1is3A,1h9wA,0.52155,0.73404,0.33115,0.4644,0.9687135219573976,0.9206154346466064,b.29.1.3,b.29.1.1,0.13324999999999998
1is3A,1wuvA,0.52203,0.73223,0.32525,0.45519,0.98234760761261,0.9217159152030944,b.29.1.3,b.29.1.1,0.12994
1j8kA,1wwbX,0.51114,0.56586,0.47827,0.52797,0.9403497576713562,0.8858457803726196,b.1.2.1,b.1.1.4,0.04970000000000008
1jbjA,1sy6A,0.57763,0.68978,0.57763,0.68978,0.9410233497619628,0.9443520307540894,b.1.1.4,b.1.1.4,0.11214999999999997
1jp5A,1dzbA,0.80556,0.91556,0.80556,0.91556,0.9890261888504028,0.9911218881607056,b.1.1.1,b.1.1.1,0.10999999999999999
1k5jA,1ft3A,0.51547,0.5177,0.41381,0.41488,0.4863592684268951,0.7702782154083252,b.121.3.1,l.1.1.1,0.0010700000000000154
1kjlA,1mvqA,0.51204,0.72971,0.32711,0.4662,0.9735807776451112,0.9328906536102296,b.29.1.3,b.29.1.1,0.13909
1kjlA,1apnA,0.51449,0.73229,0.34115,0.48636,0.9328128099441528,0.9321403503417968,b.29.1.3,b.29.1.1,0.14521
1kjlA,1azdA,0.51196,0.73219,0.3271,0.46693,0.9742772579193116,0.9339699745178224,b.29.1.3,b.29.1.1,0.13983
1kjlA,1h9pA,0.51225,0.73042,0.33203,0.47287,0.971926212310791,0.9333269000053406,b.29.1.3,b.29.1.1,0.14084000000000002
1kjlA,1h9wA,0.51058,0.73008,0.33259,0.47448,0.968924343585968,0.934828758239746,b.29.1.3,b.29.1.1,0.14189000000000002
1kjlA,2d3pA,0.50765,0.72585,0.32641,0.46465,0.9749260544776917,0.93187016248703,b.29.1.3,b.29.1.1,0.13824000000000003
1kjlA,1dglA,0.5147,0.73201,0.32741,0.46589,0.9745303392410278,0.9344786405563354,b.29.1.3,b.29.1.1,0.13848000000000005
1kwnA,2frgP,0.25639,0.30382,0.25639,0.30382,0.3970637321472168,0.6861555576324463,,,0.04742999999999997
1lgbA,1cn1A,0.53405,0.8803,0.41457,0.6838,0.5614704489707947,0.7289363741874695,b.29.1.1,b.29.1.1,0.26922999999999997
1lhnA,1ajoA,0.39537,0.69188,0.33919,0.59262,0.9807772636413574,0.981986165046692,b.29.1.4,b.29.1.2,0.25343000000000004
1lteA,1h9pA,0.46507,0.91419,0.46507,0.91419,0.9888020157814026,0.997392475605011,b.29.1.1,b.29.1.1,0.44911999999999996
1lteA,1h9wA,0.46597,0.9142,0.46597,0.9142,0.9872801303863524,0.9972613453865052,b.29.1.1,b.29.1.1,0.44823
1lteA,1dglA,0.46588,0.9158,0.46588,0.9158,0.9901013374328612,0.9964706897735596,b.29.1.1,b.29.1.1,0.44991999999999993
1lteA,2gdfA,0.45808,0.88003,0.45808,0.88003,0.9657796621322632,0.9940692186355592,b.29.1.1,b.29.1.1,0.42195
1macA,1cpnA,0.72931,0.97259,0.72931,0.97259,0.9904576539993286,0.9976711869239808,b.29.1.2,b.29.1.2,0.24327999999999994
1macA,1ajoA,0.57692,0.98077,0.57692,0.98077,0.9885308742523192,0.9986777305603028,b.29.1.2,b.29.1.2,0.40385000000000004
1macA,1ajkA,0.56829,0.94197,0.56829,0.94197,0.984467387199402,0.9969631433486938,b.29.1.2,b.29.1.2,0.37368
1macA,1axkA,0.7299,0.97281,0.395,0.52657,0.9378305673599244,0.9549713134765624,b.29.1.2,b.29.1.11,0.13156999999999996
1mveA,1gbgA,0.6169,0.79967,0.6169,0.79967,0.9746276140213012,0.9925512671470642,b.29.1.2,b.29.1.2,0.18277
1mveA,1u0aA,0.61593,0.79782,0.61593,0.79782,0.9750697612762452,0.993264138698578,b.29.1.2,b.29.1.2,0.18189
1mveA,1macA,0.6162,0.80159,0.6162,0.80159,0.9787659645080566,0.9928434491157532,b.29.1.2,b.29.1.2,0.18539000000000005
1mveA,1byhA,0.61573,0.79285,0.61573,0.79285,0.9761792421340942,0.9948564767837524,b.29.1.2,b.29.1.2,0.17712000000000006
1mveA,1upsA,0.59647,0.75637,0.36697,0.46857,0.9527432918548584,0.9183855056762696,b.29.1.2,b.42.2.3,0.10159999999999997
1mveA,1o4zA,0.6113,0.79992,0.50039,0.65541,0.9767471551895142,0.984097182750702,b.29.1.2,b.29.1.2,0.15502000000000005
1mveA,1uaiA,0.48375,0.58331,0.48375,0.58331,0.9731012582778932,0.982919454574585,b.29.1.2,b.29.1.18,0.09955999999999998
1mveA,1g8wA,0.48157,0.60213,0.48157,0.60213,0.965793788433075,0.9819793701171876,b.29.1.2,b.29.1.1,0.12056000000000006
1mveA,1guiA,0.33291,0.24456,0.33291,0.24456,0.5582306385040283,0.6431774497032166,b.29.1.2,b.18.1.14,-0.08834999999999998
1mveA,1oh3A,0.31543,0.43816,0.31543,0.43816,0.6125154495239258,0.6841000318527222,b.29.1.2,b.18.1.19,0.12273
1mveA,1mvqA,0.47588,0.60086,0.47588,0.60086,0.9381706714630128,0.980332612991333,b.29.1.2,b.29.1.1,0.12497999999999992
1mveA,1w90A,0.3176,0.43944,0.3176,0.43944,0.6206735968589783,0.7029976844787598,b.29.1.2,l.1.1.1,0.12184
1mveA,1w8uA,0.31547,0.44465,0.31547,0.44465,0.6168899536132812,0.6847606301307678,b.29.1.2,b.18.1.19,0.12918000000000002
1mveA,1gwkA,0.31634,0.43795,0.31634,0.43795,0.6173639893531799,0.6815992593765259,b.29.1.2,b.18.1.19,0.12161
1mveA,1w8tA,0.27574,0.44348,0.27574,0.44348,0.6293106079101562,0.6857360601425171,b.29.1.2,b.18.1.19,0.16774
1mveA,1w8zA,0.31692,0.44151,0.31692,0.44151,0.6195035576820374,0.6919442415237427,b.29.1.2,b.18.1.19,0.12459000000000003
1mvqA,2fmdA,0.48706,0.95636,0.48706,0.95636,0.991113305091858,0.9976215362548828,b.29.1.1,b.29.1.0,0.4693
1mvqA,1q8oA,0.48093,0.93259,0.47506,0.9212,0.9928512573242188,0.9966437220573424,b.29.1.1,b.29.1.1,0.44614000000000004
1mvqA,1dbnA,0.47225,0.93519,0.46646,0.92377,0.992416262626648,0.9956648349761964,b.29.1.1,b.29.1.1,0.45731
1mvqA,1ciwA,0.47468,0.89757,0.47468,0.89757,0.991396427154541,0.9975463151931764,b.29.1.1,b.29.1.1,0.42289
1mvqA,1n47A,0.46927,0.92515,0.46927,0.92515,0.990555465221405,0.9965927004814148,b.29.1.1,b.29.1.1,0.45588
1mvqA,1fnyA,0.47946,0.92303,0.47946,0.92303,0.9913243651390076,0.9970189929008484,b.29.1.1,b.29.1.1,0.44357
1mvqA,1bzwA,0.47479,0.89806,0.47479,0.89806,0.9916596412658693,0.9978790283203124,b.29.1.1,b.29.1.1,0.42327
1mvqA,1ax0A,0.47214,0.91941,0.4664,0.90827,0.9898767471313475,0.9970829486846924,b.29.1.1,b.29.1.1,0.44187000000000004
1mvqA,1lteA,0.47195,0.91935,0.46621,0.90821,0.98970365524292,0.9968914985656738,b.29.1.1,b.29.1.1,0.44199999999999995
1mvqA,2bqpA,0.47512,0.90304,0.47512,0.90304,0.9905359745025636,0.9976373314857484,b.29.1.1,b.29.1.1,0.42791999999999997
1mvqA,1gz9A,0.47235,0.923,0.46661,0.91181,0.9899699687957764,0.9965767860412598,b.29.1.1,b.29.1.1,0.4452
1mvqA,1uzyA,0.47332,0.91868,0.46946,0.91123,0.9902209043502808,0.9959716200828552,b.29.1.1,b.29.1.1,0.44177
1mvqA,1fyuA,0.47157,0.91963,0.46583,0.90848,0.9899899959564208,0.997154414653778,b.29.1.1,b.29.1.1,0.44264999999999993
1mvqA,1sfyA,0.47271,0.92301,0.46696,0.91183,0.9897017478942872,0.9969303607940674,b.29.1.1,b.29.1.1,0.44487000000000004
1mvqA,1bjqA,0.50094,0.91563,0.4722,0.86236,0.9858412742614746,0.9958286285400392,b.29.1.1,b.29.1.1,0.39016
1mvqA,1wblA,0.47222,0.9118,0.47028,0.90807,0.988844394683838,0.9971222281455994,b.29.1.1,b.29.1.1,0.43779000000000007
1mvqA,1dzqA,0.46926,0.90996,0.46926,0.90996,0.991948127746582,0.9958835244178772,b.29.1.1,b.29.1.1,0.4407
1mvqA,1g8wA,0.47418,0.91155,0.47418,0.91155,0.9888149499893188,0.9968920350074768,b.29.1.1,b.29.1.1,0.43737
1mvqA,1fatA,0.47435,0.91093,0.47435,0.91093,0.9884090423583984,0.9967265129089355,b.29.1.1,b.29.1.1,0.43658
1mvqA,1hqlA,0.4674,0.89738,0.4674,0.89738,0.99140727519989,0.995968461036682,b.29.1.1,b.29.1.1,0.42998
1mvqA,1fx5A,0.4755,0.90306,0.46784,0.8886,0.9915951490402222,0.9964850544929504,b.29.1.1,b.29.1.1,0.42075999999999997
1mvqA,1gnzA,0.46391,0.89371,0.46391,0.89371,0.9917364120483398,0.996058225631714,b.29.1.1,b.29.1.1,0.4298
1mvqA,1f9kA,0.46567,0.89096,0.46567,0.89096,0.9906294345855712,0.9944379329681396,b.29.1.1,b.29.1.1,0.42529
1mvqA,1ofsA,0.42716,0.70795,0.42716,0.70795,0.5413726568222046,0.7049576640129089,b.29.1.1,b.29.1.1,0.28079
1mvqA,1loaA,0.42965,0.70614,0.42965,0.70614,0.5455567836761475,0.700226902961731,b.29.1.1,b.29.1.1,0.27649
1mvqA,1avbA,0.43785,0.86598,0.43785,0.86598,0.9888198375701904,0.9928159713745116,b.29.1.1,b.29.1.1,0.42812999999999996
1mvqA,1bqpA,0.42679,0.70665,0.42679,0.70665,0.5471766591072083,0.7035887837409973,b.29.1.1,b.29.1.1,0.27986
1mvqA,2b7yA,0.42743,0.70821,0.42743,0.70821,0.5431411862373352,0.7034397125244141,b.29.1.1,,0.28078000000000003
1mvqA,1ioaA,0.44014,0.87575,0.44014,0.87575,0.988352119922638,0.9937541484832764,b.29.1.1,b.29.1.1,0.43561000000000005
1mvqA,1lofC,0.42831,0.70525,0.42831,0.70525,0.5448759198188782,0.6995625495910645,b.29.1.1,b.29.1.1,0.27694
1mvqA,1rinA,0.42684,0.70387,0.42684,0.70387,0.5462815761566162,0.7028452754020691,b.29.1.1,b.29.1.1,0.27703
1mvqA,1lemA,0.42997,0.71036,0.42997,0.71036,0.5441701412200928,0.6851071119308472,b.29.1.1,b.29.1.1,0.28039
1mvqA,1lgcA,0.42848,0.70869,0.42848,0.70869,0.5546296238899231,0.6927904486656189,b.29.1.1,b.29.1.1,0.28021
1mvqA,1lgbA,0.42764,0.70655,0.42764,0.70655,0.5530839562416077,0.6939288377761841,b.29.1.1,b.29.1.1,0.27891
1mvqA,1dhkB,0.42019,0.74069,0.42019,0.74069,0.9831711053848268,0.9817104935646056,b.29.1.1,b.29.1.1,0.32049999999999995
1mvqA,1viwB,0.42415,0.7515,0.42415,0.7515,0.9809564352035522,0.9836583733558656,b.29.1.1,b.29.1.1,0.3273499999999999
1mvqA,2a6vA,0.38122,0.70203,0.38122,0.70203,0.9587446451187134,0.9869251847267152,b.29.1.1,b.29.1.13,0.32081000000000004
1mvqA,1gv9A,0.38755,0.73285,0.38755,0.73285,0.9498624205589294,0.9872688055038452,b.29.1.1,b.29.1.13,0.3453
1mvqA,2a6zA,0.38262,0.70357,0.38262,0.70357,0.958389699459076,0.9898201823234558,b.29.1.1,l.1.1.1,0.32095
1mvqA,2a6yA,0.3867,0.71484,0.3867,0.71484,0.957145929336548,0.9916262626647948,b.29.1.1,b.29.1.13,0.32814000000000004
1mvqA,1vavA,0.35062,0.56954,0.35062,0.56954,0.97856205701828,0.969593584537506,b.29.1.1,b.29.1.18,0.21892000000000006
1mvqA,1j1tA,0.34409,0.5783,0.34409,0.5783,0.9756960868835448,0.9670230150222778,b.29.1.1,b.29.1.18,0.23421000000000003
1mvqA,1kgyA,0.33663,0.4724,0.33663,0.4724,0.6003581881523132,0.7670062780380249,b.29.1.1,b.18.1.4,0.13577
1mvqA,1oq1A,0.34231,0.63247,0.34231,0.63247,0.9147403240203856,0.980850100517273,b.29.1.1,l.1.1.1,0.29016
1n3oA,1wuvA,0.46865,0.91577,0.46865,0.91577,0.9944602251052856,0.9950117468833924,b.29.1.1,b.29.1.1,0.44711999999999996
1n3oA,2cwmA,0.47026,0.91725,0.47026,0.91725,0.9951247572898864,0.9955607056617736,b.29.1.1,b.29.1.1,0.44699
1n3oA,1h9wA,0.46992,0.9182,0.46992,0.9182,0.9915044903755188,0.9932379722595216,b.29.1.1,b.29.1.1,0.44828
1n3oA,1azdA,0.47197,0.92269,0.47197,0.92269,0.9935153722763062,0.9956747889518738,b.29.1.1,b.29.1.1,0.45072
1n3oA,1mvqA,0.47238,0.91931,0.47238,0.91931,0.9933498501777648,0.99569171667099,b.29.1.1,b.29.1.1,0.44692999999999994
1n3oA,1h9pA,0.46982,0.918,0.46982,0.918,0.9928372502326964,0.9938535094261168,b.29.1.1,b.29.1.1,0.44818
1n3oA,1dglA,0.47177,0.92409,0.47177,0.92409,0.9937967658042908,0.9942482709884644,b.29.1.1,b.29.1.1,0.45231999999999994
1n3oA,2d3pA,0.47016,0.91808,0.47016,0.91808,0.9945032596588136,0.9957080483436584,b.29.1.1,b.29.1.1,0.44792
1n3oA,2cnaA,0.46506,0.90874,0.46506,0.90874,0.9937939047813416,0.9963473081588744,b.29.1.1,b.29.1.1,0.44368
1n47A,2gdfA,0.46693,0.90522,0.46693,0.90522,0.9668680429458618,0.9952867031097412,b.29.1.1,b.29.1.1,0.43829
1nc7A,1al0G,0.4438,0.51321,0.32712,0.36829,0.7736800312995911,0.7641260623931885,l.1.1.1,b.121.5.1,0.041169999999999984
1o4tA,1hixA,0.43624,0.43624,0.32343,0.32343,0.6246578097343445,0.5879271626472473,b.82.1.9,b.29.1.11,0.0
1o4yA,1axkA,0.52035,0.70578,0.36397,0.49602,0.933639407157898,0.9519557356834412,b.29.1.2,b.29.1.11,0.13205
1o4yA,1ajkA,0.4201,0.68098,0.4201,0.68098,0.9837255477905272,0.987433135509491,b.29.1.2,b.29.1.2,0.26088000000000006
1o4yA,1ajoA,0.39937,0.68094,0.39937,0.68094,0.9734574556350708,0.9909068942070008,b.29.1.2,b.29.1.2,0.28157
1o4yA,1mveA,0.53404,0.70138,0.53404,0.70138,0.9699344635009766,0.9849047064781188,b.29.1.2,b.29.1.2,0.16734000000000004
1o4yA,1zm1A,0.53235,0.70618,0.53235,0.70618,0.9674727320671082,0.9842661023139954,b.29.1.2,b.29.1.2,0.17383000000000004
1oo2A,1zldA,0.38766,0.52327,0.38766,0.52327,0.333551287651062,0.8294803500175476,b.3.4.1,,0.13561
1oq1A,1ajoA,0.39155,0.6517,0.39155,0.6517,0.8712559938430786,0.954553246498108,l.1.1.1,b.29.1.2,0.26014999999999994
1oq1A,2gdfA,0.35999,0.6875,0.34741,0.65913,0.872727632522583,0.9810076951980592,l.1.1.1,b.29.1.1,0.31172
1oq1A,1h9pA,0.37262,0.68529,0.34758,0.64038,0.908446967601776,0.9783814549446106,l.1.1.1,b.29.1.1,0.29279999999999995
1oq1A,1wuvA,0.37045,0.68478,0.34062,0.63098,0.9204672574996948,0.9760409593582152,l.1.1.1,b.29.1.1,0.29036
1qokA,2gjjA,0.85766,0.95299,0.82379,0.91391,0.9882326126098632,0.9943186044692992,b.1.1.1,l.1.1.1,0.09011999999999998
1qokA,1jp5A,0.83954,0.96274,0.81958,0.93858,0.98698091506958,0.993022918701172,b.1.1.1,b.1.1.1,0.119
1qokA,1h8oA,0.78923,0.912,0.78923,0.912,0.9734317064285278,0.9802922010421752,b.1.1.1,b.1.1.1,0.12277000000000005
1qokA,1h8nA,0.81498,0.92807,0.81498,0.92807,0.974818229675293,0.9828791618347168,b.1.1.1,b.1.1.1,0.11308999999999991
1qokA,1x9qA,0.82038,0.90649,0.80426,0.88789,0.9864537715911864,0.9892474412918092,b.1.1.1,b.1.1.0,0.08362999999999998
1qu0A,1ajoA,0.40025,0.69195,0.35683,0.60637,0.9763174057006836,0.9720134735107422,b.29.1.4,b.29.1.2,0.24953999999999998
1qvyA,1gff2,0.44861,0.44861,0.37706,0.37706,0.6236305236816406,0.6763102412223816,b.1.18.8,b.121.5.1,0.0
1r1zA,2cwmA,0.38615,0.72566,0.38615,0.72566,0.982072114944458,0.9820373058319092,l.1.1.1,b.29.1.1,0.33951
1r1zA,2d3pA,0.38551,0.72539,0.38551,0.72539,0.975782871246338,0.9781455993652344,l.1.1.1,b.29.1.1,0.33987999999999996
1r1zA,1wuvA,0.38205,0.72341,0.38205,0.72341,0.9824703931808472,0.9835511445999146,l.1.1.1,b.29.1.1,0.34136
1r1zA,1dglA,0.38749,0.71994,0.38749,0.71994,0.9756782054901124,0.9793486595153807,l.1.1.1,b.29.1.1,0.33245
1r1zA,1mvqA,0.38671,0.72721,0.38671,0.72721,0.97409987449646,0.9773502945899964,l.1.1.1,b.29.1.1,0.3405
1r1zA,1h9pA,0.38647,0.71937,0.38647,0.71937,0.9691916704177856,0.9760563373565674,l.1.1.1,b.29.1.1,0.3329
1r1zA,1h9wA,0.38636,0.71901,0.38636,0.71901,0.964443564414978,0.9777233004570008,l.1.1.1,b.29.1.1,0.33265000000000006
1r1zA,1azdA,0.38741,0.72436,0.38741,0.72436,0.977899134159088,0.98072612285614,l.1.1.1,b.29.1.1,0.33695
1r1zA,2gdfA,0.38404,0.7174,0.38404,0.7174,0.9293588399887084,0.9714863896369934,l.1.1.1,b.29.1.1,0.33336000000000005
1r1zA,1cpmA,0.48008,0.59481,0.48008,0.59481,0.946134090423584,0.9767338037490844,l.1.1.1,b.29.1.2,0.11472999999999994
1rlwA,1a25A,0.70971,0.79943,0.68076,0.76662,0.9812268018722534,0.957549810409546,b.7.1.1,b.7.1.2,0.08585999999999994
1rlwA,2bwqA,0.68971,0.78616,0.68971,0.78616,0.9836402535438538,0.9937021732330322,b.7.1.1,b.7.1.2,0.09644999999999992
1rlwA,1v27A,0.68965,0.78152,0.62481,0.70772,0.9686205983161926,0.9755803346633912,b.7.1.1,l.1.1.1,0.08291000000000004
1sfyA,1h9pA,0.46619,0.9153,0.46619,0.9153,0.9889599084854126,0.9972200393676758,b.29.1.1,b.29.1.1,0.44911
1sfyA,1h9wA,0.46656,0.91462,0.46656,0.91462,0.9875531196594238,0.997199535369873,b.29.1.1,b.29.1.1,0.44806
1sfyA,2gdfA,0.45919,0.88076,0.45919,0.88076,0.966620922088623,0.9937143921852112,b.29.1.1,b.29.1.1,0.42157
1sfyA,1y43B,0.40399,0.48795,0.40399,0.48795,0.6428943872451782,0.8797029256820679,b.29.1.1,,0.08395999999999998
1slaA,2cwmA,0.51996,0.7263,0.32323,0.45233,0.9777940511703492,0.9326640367507936,b.29.1.3,b.29.1.1,0.1291
1slaA,1mvqA,0.52361,0.72942,0.32576,0.45511,0.9723538160324096,0.9293273687362672,b.29.1.3,b.29.1.1,0.12935000000000002
1slaA,1wuvA,0.52164,0.72948,0.32441,0.45399,0.9795383214950562,0.932918667793274,b.29.1.3,b.29.1.1,0.12958000000000003
1slaA,1apnA,0.51547,0.72161,0.33506,0.47053,0.920625865459442,0.9291421175003052,b.29.1.3,b.29.1.1,0.13546999999999998
1slaA,1h9wA,0.52164,0.72749,0.33005,0.46136,0.9645026922225952,0.9306389093399048,b.29.1.3,b.29.1.1,0.13130999999999998
1slaA,2gdfA,0.52219,0.72762,0.33788,0.47201,0.9307602047920228,0.9224445819854736,b.29.1.3,b.29.1.1,0.13412999999999997
1slaA,1dglA,0.52626,0.73162,0.32593,0.45467,0.9733587503433228,0.931074857711792,b.29.1.3,b.29.1.1,0.12874000000000002
1sn0A,1cqkA,0.43414,0.47774,0.43414,0.47774,0.4899058043956756,0.5884251594543457,b.3.4.1,b.1.1.2,0.04359999999999997
1tnrA,1apnA,0.46702,0.5623,0.33594,0.39256,0.7843659520149231,0.7250363826751709,b.22.1.1,b.29.1.1,0.056620000000000004
1ttcA,1czyA,0.3627,0.56008,0.30219,0.45365,0.3942443132400512,0.7135819792747498,b.3.4.1,h.1.2.1,0.15145999999999998
1ttrA,2cwrA,0.33854,0.40749,0.33854,0.40749,0.3766655921936035,0.5433619618415833,b.3.4.1,,0.06895000000000001
1u0aA,1cpmA,0.72591,0.9801,0.72591,0.9801,0.9847592711448668,0.999111533164978,b.29.1.2,b.29.1.2,0.2541899999999999
1u0aA,1ajoA,0.57542,0.97558,0.57542,0.97558,0.9876678586006165,0.9988293647766112,b.29.1.2,b.29.1.2,0.40015999999999996
1u0aA,1cpnA,0.72398,0.95794,0.72398,0.95794,0.9873899221420288,0.997789978981018,b.29.1.2,b.29.1.2,0.23396000000000006
1u0aA,1axkA,0.72479,0.95787,0.39562,0.52353,0.928398370742798,0.9576352834701538,b.29.1.2,b.29.1.11,0.12791000000000002
1uaiA,1ajoA,0.34744,0.62957,0.34744,0.62957,0.9819018244743348,0.9936021566390992,b.29.1.18,b.29.1.2,0.28212999999999994
1uaiA,1ajkA,0.40733,0.62753,0.40733,0.62753,0.9750428199768066,0.9885952472686768,b.29.1.18,b.29.1.2,0.2202
1urxA,1axkA,0.52243,0.70999,0.36256,0.49533,0.928318977355957,0.9461344480514526,b.29.1.2,b.29.1.11,0.13277
1urxA,1ajoA,0.40122,0.68415,0.40122,0.68415,0.9754141569137572,0.9920907020568848,b.29.1.2,b.29.1.2,0.28293
1urxA,1ajkA,0.42253,0.68399,0.42253,0.68399,0.9832875728607178,0.9892277121543884,b.29.1.2,b.29.1.2,0.26145999999999997
1urxA,1mveA,0.53812,0.70926,0.53812,0.70926,0.9753458499908448,0.9867745041847228,b.29.1.2,b.29.1.2,0.17113999999999996
1urxA,1zm1A,0.53672,0.71348,0.53672,0.71348,0.9733492136001588,0.9861422777175904,b.29.1.2,b.29.1.2,0.17676000000000003
1usqA,2ixqA,0.60703,0.65015,0.59665,0.63888,0.8078298568725586,0.9759536981582642,b.2.3.6,l.1.1.1,0.04222999999999999
1uzyA,1h9pA,0.4688,0.91546,0.4688,0.91546,0.9899689555168152,0.9965687394142152,b.29.1.1,b.29.1.1,0.44666000000000006
1uzyA,1h9wA,0.46909,0.91468,0.46909,0.91468,0.9889005422592164,0.9969388842582704,b.29.1.1,b.29.1.1,0.44559000000000004
1uzyA,2gdfA,0.46162,0.88122,0.46162,0.88122,0.968741536140442,0.9931451082229614,b.29.1.1,b.29.1.1,0.41960000000000003
1vavA,1h9wA,0.33955,0.60044,0.32954,0.57889,0.975479245185852,0.9747648239135742,b.29.1.18,b.29.1.1,0.24935000000000002
1vavA,2d3pA,0.35832,0.59825,0.34318,0.56862,0.9804818630218506,0.9700939059257508,b.29.1.18,b.29.1.1,0.22544000000000003
1vavA,1h9pA,0.33856,0.59942,0.32748,0.57586,0.977287530899048,0.9732471108436584,b.29.1.18,b.29.1.1,0.24838000000000005
1vavA,2cwmA,0.3723,0.60162,0.35472,0.56984,0.9858148097991944,0.974782407283783,b.29.1.18,b.29.1.1,0.21512000000000003
1vavA,1azdA,0.35557,0.60166,0.33961,0.56985,0.9803013801574708,0.9729394912719728,b.29.1.18,b.29.1.1,0.23023999999999994
1vavA,1wuvA,0.34325,0.60346,0.32829,0.57148,0.9858956933021544,0.975142240524292,b.29.1.18,b.29.1.1,0.24318999999999996
1vavA,1dglA,0.35735,0.60089,0.34114,0.56913,0.9804419875144958,0.9708786010742188,b.29.1.18,b.29.1.1,0.22799000000000003
1vavA,1mveA,0.55066,0.64461,0.51912,0.6078,0.9766232967376708,0.9919503331184388,b.29.1.18,b.29.1.2,0.08867999999999998
1viwB,1wuvA,0.49975,0.88048,0.42089,0.74339,0.9851846694946288,0.9803292751312256,b.29.1.1,b.29.1.1,0.3225
1w6mA,2cwmA,0.52266,0.73299,0.32331,0.45217,0.9809333086013794,0.9349216222763062,b.29.1.3,b.29.1.1,0.12886000000000003
1w6mA,1mvqA,0.52611,0.73389,0.32582,0.45413,0.9756898880004884,0.9303977489471436,b.29.1.3,b.29.1.1,0.12830999999999998
1w6mA,1azdA,0.52533,0.73284,0.32443,0.45217,0.9771604537963868,0.9315400123596193,b.29.1.3,b.29.1.1,0.12774000000000002
1w6qA,2gdfA,0.51084,0.71631,0.33183,0.46353,0.938742995262146,0.9111430048942566,b.29.1.3,b.29.1.1,0.13169999999999998
1w6qA,2d3pA,0.51127,0.71551,0.31968,0.44611,0.9776791930198668,0.9148922562599182,b.29.1.3,b.29.1.1,0.12643
1w8tA,1ajoA,0.47268,0.66535,0.34153,0.4782,0.7224171161651611,0.6718864440917969,b.18.1.19,b.29.1.2,0.13667
1w8zA,1ajoA,0.44408,0.64925,0.33565,0.4774,0.7101221084594727,0.6786795258522034,b.18.1.19,b.29.1.2,0.14175
1w90A,1ajoA,0.41311,0.63533,0.3229,0.47854,0.7115971446037292,0.6892812848091125,l.1.1.1,b.29.1.2,0.15564
1wbfA,1mvqA,0.46956,0.90946,0.46956,0.90946,0.9899536967277528,0.9971128106117249,b.29.1.1,b.29.1.1,0.43990000000000007
1wbfA,1h9pA,0.4683,0.90854,0.4683,0.90854,0.9889357686042786,0.9979699850082396,b.29.1.1,b.29.1.1,0.44024
1wbfA,2d3pA,0.46762,0.90857,0.46762,0.90857,0.9914014935493468,0.9966131448745728,b.29.1.1,b.29.1.1,0.44095
1wbfA,1h9wA,0.46861,0.90898,0.46861,0.90898,0.9876354932785034,0.9975854754447936,b.29.1.1,b.29.1.1,0.44037
1wbfA,1dglA,0.46876,0.91041,0.46876,0.91041,0.9902945160865784,0.996928095817566,b.29.1.1,b.29.1.1,0.44165000000000004
1wbfA,2gdfA,0.46258,0.87765,0.46258,0.87765,0.9656014442443848,0.9947559833526612,b.29.1.1,b.29.1.1,0.41507000000000005
1wbfA,1azdA,0.46921,0.90682,0.46921,0.90682,0.9905104041099548,0.9960383176803588,b.29.1.1,b.29.1.1,0.43760999999999994
1wblA,1h9pA,0.46914,0.90999,0.46914,0.90999,0.9878817796707152,0.9978275299072266,b.29.1.1,b.29.1.1,0.44084999999999996
1wblA,2d3pA,0.46835,0.90916,0.46835,0.90916,0.990497589111328,0.9968840479850768,b.29.1.1,b.29.1.1,0.44081
1wblA,1h9wA,0.46983,0.91015,0.46983,0.91015,0.9866510033607484,0.9976173043251038,b.29.1.1,b.29.1.1,0.44032
1wblA,1dglA,0.46979,0.9105,0.46979,0.9105,0.9893265962600708,0.9970026016235352,b.29.1.1,b.29.1.1,0.44071
1wblA,1azdA,0.4696,0.90631,0.4696,0.90631,0.9896597862243652,0.9961944818496704,b.29.1.1,b.29.1.1,0.43670999999999993
1wblA,2gdfA,0.46338,0.87768,0.46338,0.87768,0.9645859599113464,0.9947830438613892,b.29.1.1,b.29.1.1,0.4143
1wlcA,1azdA,0.52303,0.73098,0.32559,0.45449,0.9785202741622924,0.9209200143814088,b.29.1.3,b.29.1.1,0.12890000000000001
1wlcA,1mvqA,0.52279,0.72966,0.32648,0.45543,0.9771103858947754,0.9190971255302428,b.29.1.3,b.29.1.1,0.12895
1wlcA,1apnA,0.51988,0.72167,0.33715,0.47041,0.9230865240097046,0.920728862285614,b.29.1.3,b.29.1.1,0.13326
1wlcA,2cwmA,0.52106,0.73276,0.32465,0.45524,0.9826923608779908,0.92408549785614,b.29.1.3,b.29.1.1,0.13058999999999998
1wlcA,1wuvA,0.52255,0.73101,0.32531,0.45451,0.9840792417526244,0.9244682788848876,b.29.1.3,b.29.1.1,0.12920000000000004
1wlcA,2d3pA,0.52121,0.72915,0.32582,0.45505,0.9786249995231628,0.9188706874847412,b.29.1.3,b.29.1.1,0.12923
1wldA,1mvqA,0.52359,0.73419,0.32689,0.45665,0.9764050245285034,0.919236958026886,b.29.1.3,b.29.1.1,0.12976
1wldA,1apnA,0.52102,0.72396,0.33775,0.47156,0.921827793121338,0.9209576845169068,b.29.1.3,b.29.1.1,0.13380999999999998
1wldA,2cwmA,0.52172,0.73401,0.32502,0.45585,0.9819685220718384,0.9242952466011048,b.29.1.3,b.29.1.1,0.13083
1wldA,1h9wA,0.52373,0.73395,0.33179,0.46441,0.9698777794837952,0.9235100746154784,b.29.1.3,b.29.1.1,0.13262000000000002
1wldA,1wuvA,0.52321,0.73289,0.32564,0.45544,0.9832902550697328,0.9247987270355223,b.29.1.3,b.29.1.1,0.12980000000000003
1wlwA,1mvqA,0.52198,0.73207,0.32608,0.45565,0.9741339087486268,0.9215482473373412,b.29.1.3,b.29.1.1,0.12957000000000002
1wlwA,1azdA,0.52397,0.73035,0.3256,0.45414,0.9757310152053832,0.922991156578064,b.29.1.3,b.29.1.1,0.12854
1wlwA,1wuvA,0.52182,0.73057,0.32501,0.45434,0.9817687273025512,0.926490306854248,b.29.1.3,b.29.1.1,0.12933
1wlwA,2cwmA,0.52202,0.73216,0.32473,0.45483,0.9800804853439332,0.9262667298316956,b.29.1.3,b.29.1.1,0.1301
1wlwA,1ajoA,0.39567,0.68287,0.28088,0.47134,0.9723286628723145,0.9670839309692384,b.29.1.3,b.29.1.2,0.19045999999999996
1wmxA,1cpnA,0.36506,0.55317,0.3188,0.48016,0.6450685858726501,0.6609952449798584,b.18.1.24,b.29.1.2,0.16136
1wuvA,2fmdA,0.48197,0.9511,0.48197,0.9511,0.9934096336364746,0.9979763627052308,b.29.1.1,b.29.1.0,0.46912999999999994
1wuvA,1q8oA,0.47615,0.92737,0.4723,0.91985,0.9938403964042664,0.9959824681282043,b.29.1.1,b.29.1.1,0.44754999999999995
1wuvA,1bjqA,0.49903,0.91775,0.47231,0.86806,0.9892988204956056,0.9932876825332642,b.29.1.1,b.29.1.1,0.39575000000000005
1wuvA,1ciwA,0.47183,0.89576,0.47183,0.89576,0.992826282978058,0.9956938028335572,b.29.1.1,b.29.1.1,0.42393
1wuvA,1ax0A,0.47069,0.91918,0.46688,0.91178,0.9923967123031616,0.9960254430770874,b.29.1.1,b.29.1.1,0.4449
1wuvA,1lteA,0.47001,0.91844,0.46621,0.91105,0.9920928478240968,0.9964057207107544,b.29.1.1,b.29.1.1,0.44484
1wuvA,1g7yA,0.49378,0.91968,0.46723,0.86997,0.9921251535415648,0.9931846857070924,b.29.1.1,b.29.1.1,0.40274000000000004
1wuvA,1fyuA,0.46982,0.9199,0.46601,0.9125,0.992375373840332,0.9963780641555786,b.29.1.1,b.29.1.1,0.44649
1wuvA,1n47A,0.46395,0.91099,0.46395,0.91099,0.992463767528534,0.9945675134658812,b.29.1.1,b.29.1.1,0.44704
1wuvA,1sfyA,0.47106,0.91956,0.46724,0.91216,0.99209463596344,0.9965829849243164,b.29.1.1,b.29.1.1,0.44492
1wuvA,1uzyA,0.47207,0.91704,0.47014,0.91333,0.992483913898468,0.9963772296905518,b.29.1.1,b.29.1.1,0.44319
1wuvA,1gslA,0.47078,0.90336,0.46149,0.88558,0.9950324296951294,0.9942561388015748,b.29.1.1,b.29.1.1,0.42409
1wuvA,1gz9A,0.47092,0.92088,0.4671,0.91346,0.9925817251205444,0.9968926906585692,b.29.1.1,b.29.1.1,0.44636000000000003
1wuvA,1bzwA,0.47188,0.89593,0.47188,0.89593,0.9929816722869872,0.996615707874298,b.29.1.1,b.29.1.1,0.42405
1wuvA,2bqpA,0.47054,0.89476,0.47054,0.89476,0.9933741092681884,0.9942317605018616,b.29.1.1,b.29.1.1,0.42422
1wuvA,1dbnA,0.46974,0.91996,0.46591,0.91252,0.9950377345085144,0.997139573097229,b.29.1.1,b.29.1.1,0.44661
1wuvA,1fnyA,0.47684,0.91381,0.47684,0.91381,0.9936981797218324,0.9960823059082032,b.29.1.1,b.29.1.1,0.43697
1wuvA,1hqlA,0.46338,0.89563,0.46338,0.89563,0.993610143661499,0.9968714118003844,b.29.1.1,b.29.1.1,0.43225
1wuvA,1gnzA,0.46038,0.89215,0.46038,0.89215,0.993835747241974,0.9961600303649902,b.29.1.1,b.29.1.1,0.43177
1wuvA,1g8wA,0.47185,0.90631,0.47185,0.90631,0.9914411902427672,0.997050166130066,b.29.1.1,b.29.1.1,0.43445999999999996
1wuvA,1dzqA,0.46593,0.89667,0.46593,0.89667,0.9943201541900636,0.9975149631500244,b.29.1.1,b.29.1.1,0.43073999999999996
1wuvA,1fatA,0.47201,0.90411,0.47201,0.90411,0.9914478063583374,0.9970839023590088,b.29.1.1,b.29.1.1,0.4321
1wuvA,1wblA,0.46974,0.90689,0.46974,0.90689,0.992073655128479,0.9959559440612792,b.29.1.1,b.29.1.1,0.43715
1wuvA,1g9fA,0.47271,0.90326,0.46514,0.88883,0.9917861223220824,0.9963132739067078,b.29.1.1,b.29.1.1,0.42369
1wuvA,1wbfA,0.46833,0.90582,0.46833,0.90582,0.992510199546814,0.9954630136489868,b.29.1.1,b.29.1.1,0.43748999999999993
1wuvA,1fx5A,0.46925,0.88744,0.46363,0.87686,0.9937156438827516,0.9961100816726683,b.29.1.1,b.29.1.1,0.41323
1wuvA,1ofsA,0.42484,0.70239,0.42484,0.70239,0.5614708065986633,0.723894476890564,b.29.1.1,b.29.1.1,0.27754999999999996
1wuvA,1ioaA,0.43575,0.86579,0.43575,0.86579,0.9913986921310424,0.9946532249450684,b.29.1.1,b.29.1.1,0.4300399999999999
1wuvA,1f9kA,0.46233,0.8822,0.46233,0.8822,0.9932488203048706,0.9948163032531738,b.29.1.1,b.29.1.1,0.41986999999999997
1wuvA,1lemA,0.4249,0.70058,0.4249,0.70058,0.5628259181976318,0.7037168145179749,b.29.1.1,b.29.1.1,0.27568
1wuvA,1avbA,0.43505,0.84934,0.43505,0.84934,0.9915590882301332,0.9943525791168212,b.29.1.1,b.29.1.1,0.41429
1wuvA,1bqpA,0.42443,0.70065,0.42443,0.70065,0.5685210824012756,0.7211349606513977,b.29.1.1,b.29.1.1,0.27622
1wuvA,1loaA,0.42688,0.69934,0.42688,0.69934,0.5661756992340088,0.7201523184776306,b.29.1.1,b.29.1.1,0.27246
1wuvA,1rinA,0.42442,0.69682,0.42442,0.69682,0.5666775703430176,0.7208867073059082,b.29.1.1,b.29.1.1,0.2724
1wuvA,1lofC,0.42583,0.69853,0.42583,0.69853,0.5647743344306946,0.7183247208595276,b.29.1.1,b.29.1.1,0.2727
1wuvA,2b7yA,0.42345,0.70013,0.42345,0.70013,0.5650041103363037,0.7217598557472229,b.29.1.1,,0.27668000000000004
1wuvA,1lgcA,0.42734,0.70388,0.42734,0.70388,0.5747186541557312,0.7119190096855164,b.29.1.1,b.29.1.1,0.27653999999999995
1wuvA,1lgbA,0.42481,0.69881,0.42481,0.69881,0.5712777376174927,0.7135949730873108,b.29.1.1,b.29.1.1,0.274
1wuvA,1dhkB,0.4166,0.7304,0.4166,0.7304,0.9868645668029784,0.9784493446350098,b.29.1.1,b.29.1.1,0.3138
1wuvA,2a6vA,0.37659,0.69391,0.37659,0.69391,0.966153621673584,0.9898110628128052,b.29.1.1,b.29.1.13,0.31732000000000005
1wuvA,2a6xA,0.37591,0.69451,0.37591,0.69451,0.9663049578666688,0.989121913909912,b.29.1.1,b.29.1.13,0.31859999999999994
1wuvA,1gv9A,0.38171,0.73059,0.38171,0.73059,0.9599953293800354,0.9904512763023376,b.29.1.1,b.29.1.13,0.34887999999999997
1wuvA,2a6zA,0.37751,0.69518,0.37751,0.69518,0.9661185145378112,0.9909216165542604,b.29.1.1,l.1.1.1,0.31767
1wuvA,2a6yA,0.38205,0.70546,0.38205,0.70546,0.9653443694114684,0.99117910861969,b.29.1.1,b.29.1.13,0.32341
1x50A,1ajoA,0.35768,0.35768,0.3002,0.3002,0.9813251495361328,0.9694185853004456,l.1.1.1,b.29.1.2,0.0
1x7tA,1apnA,0.39474,0.39474,0.25541,0.25541,0.5328484177589417,0.4305736422538757,l.1.1.1,b.29.1.1,0.0
1x7tA,2cwrA,0.37257,0.40535,0.37257,0.40535,0.3831413686275482,0.5293307900428772,l.1.1.1,,0.032779999999999976
1xmwA,1sy6A,0.54887,0.65027,0.54887,0.65027,0.9376562833786012,0.926989734172821,b.1.1.4,b.1.1.4,0.10140000000000005
1y2tA,1wgoA,0.35552,0.35552,0.35552,0.35552,0.559173583984375,0.4560509920120239,b.97.1.2,l.1.1.1,0.0
1y2tA,1v8hA,0.2942,0.31832,0.2942,0.31832,0.5103644132614136,0.4264959692955017,b.97.1.2,b.1.18.19,0.024119999999999975
1y43B,1umzA,0.56048,0.6566,0.38528,0.45352,0.6538439393043518,0.8954996466636658,,b.29.1.2,0.06823999999999997
1yj5C,1du5A,0.46495,0.46495,0.28708,0.28708,0.7229410409927368,0.8753343820571899,b.26.1.2,b.25.1.1,0.0
1zcrA,2d4dA,0.41186,0.44802,0.41186,0.44802,0.4792107045650482,0.5946478247642517,b.3.4.1,l.1.1.1,0.03615999999999997
1zldA,1namB,0.48906,0.59647,0.45179,0.55366,0.5768753886222839,0.8823443055152893,,b.1.1.1,0.10187000000000002
1zldA,1fo0B,0.48245,0.58774,0.4492,0.54969,0.5836799144744873,0.8763570785522461,,b.1.1.1,0.10049000000000002
1zm1A,1u0aA,0.6143,0.8003,0.6143,0.8003,0.9728357195854188,0.9922211170196532,b.29.1.2,b.29.1.2,0.18600000000000005
1zm1A,1gbgA,0.61509,0.80309,0.61509,0.80309,0.9723687171936036,0.9913120269775392,b.29.1.2,b.29.1.2,0.18799999999999994
1zm1A,1macA,0.61479,0.80469,0.61479,0.80469,0.9763202667236328,0.991692304611206,b.29.1.2,b.29.1.2,0.18990000000000007
1zm1A,1byhA,0.61376,0.79619,0.61376,0.79619,0.9738734364509584,0.9944334030151368,b.29.1.2,b.29.1.2,0.18242999999999998
1zm1A,1dypA,0.58612,0.7832,0.52685,0.70463,0.975676953792572,0.9875202178955078,b.29.1.2,b.29.1.2,0.17777999999999994
1zm1A,1oq1A,0.48572,0.61646,0.48572,0.61646,0.8732587099075317,0.9675004482269288,b.29.1.2,l.1.1.1,0.13074000000000002
1zm1A,1uaiA,0.48181,0.58578,0.48181,0.58578,0.9711019992828368,0.982118844985962,b.29.1.2,b.29.1.18,0.10396999999999995
1zm1A,1vavA,0.51681,0.61621,0.51681,0.61621,0.9746048450469972,0.9918583035469056,b.29.1.2,b.29.1.18,0.09940000000000004
1zm1A,1mvqA,0.47191,0.59608,0.47191,0.59608,0.9369888305664062,0.980051040649414,b.29.1.2,b.29.1.1,0.12417000000000006
1zm1A,2cwsA,0.52028,0.62417,0.52028,0.62417,0.9728394746780396,0.9918030500411988,b.29.1.2,l.1.1.1,0.10389000000000004
2a5zA,2gdfA,0.35942,0.6314,0.35942,0.6314,0.9443209767341614,0.968807816505432,b.29.1.24,b.29.1.1,0.27197999999999994
2a5zA,2cwmA,0.36266,0.63739,0.35608,0.62603,0.9674838781356812,0.9692107439041138,b.29.1.24,b.29.1.1,0.26994999999999997
2a5zA,1mvqA,0.36226,0.63805,0.35699,0.62893,0.9622387886047364,0.9672743678092957,b.29.1.24,b.29.1.1,0.27194
2a6xA,1mvqA,0.40869,0.75392,0.38068,0.7031,0.9592020511627196,0.9860938787460328,b.29.1.13,b.29.1.1,0.32241999999999993
2a6xA,1azdA,0.40879,0.75429,0.37932,0.70081,0.9636801481246948,0.988178253173828,b.29.1.13,b.29.1.1,0.32149000000000005
2a6xA,2cwmA,0.40523,0.74752,0.37621,0.69492,0.9664430618286132,0.9883588552474976,b.29.1.13,b.29.1.1,0.31871
2a6yA,1ajoA,0.31904,0.6405,0.31904,0.6405,0.930101752281189,0.9834957122802734,b.29.1.13,b.29.1.2,0.32145999999999997
2a6zA,1ajoA,0.37875,0.66491,0.37875,0.66491,0.9274699687957764,0.9817079305648804,l.1.1.1,b.29.1.2,0.28616
2a6zA,1mveA,0.5482,0.68207,0.5158,0.64206,0.9230598211288452,0.9887803792953492,l.1.1.1,b.29.1.2,0.12625999999999993
2a6zA,1cpmA,0.53883,0.66753,0.53883,0.66753,0.9263366460800172,0.9822779297828674,l.1.1.1,b.29.1.2,0.12869999999999993
2amuA,1nqjA,0.39047,0.39047,0.39047,0.39047,0.5489426255226135,0.5976226329803467,l.1.1.1,b.18.1.36,0.0
2avgA,1w15A,0.4868,0.4868,0.4308,0.4308,0.6656858921051025,0.5650792717933655,b.1.1.4,b.7.1.2,0.0
2b14A,1nqjA,0.4034,0.48585,0.4034,0.48585,0.3399101197719574,0.810413658618927,b.3.4.1,b.18.1.36,0.08245000000000002
2bqpA,2gdfA,0.47946,0.91928,0.47946,0.91928,0.9605783820152284,0.9952090978622437,b.29.1.1,b.29.1.1,0.43982
2c24A,1cpnA,0.42063,0.57708,0.36667,0.50287,0.6653969883918762,0.6647757887840271,b.18.1.24,b.29.1.2,0.13620000000000004
2ccvA,2cumA,0.40102,0.51747,0.38694,0.49635,0.5721088647842407,0.7576391100883484,b.154.1.1,l.1.1.1,0.10941000000000001
2cdpA,1h9wA,0.50571,0.59793,0.34223,0.39994,0.6462379693984985,0.6660189628601074,b.18.1.0,b.29.1.1,0.05771000000000004
2cdpA,1rui1,0.39991,0.39991,0.24348,0.24348,0.7728486061096191,0.7499915361404419,b.18.1.0,b.121.4.1,0.0
2chdA,1q8mA,0.38918,0.38918,0.38918,0.38918,0.6730749011039734,0.791113555431366,b.7.1.0,l.1.1.1,0.0
2cjtA,2bwqA,0.68204,0.78396,0.67693,0.77809,0.987541675567627,0.9843133687973022,b.7.1.1,b.7.1.2,0.10115999999999992
2cnaA,2fmdA,0.48268,0.9431,0.48268,0.9431,0.9914329648017884,0.997148096561432,b.29.1.1,b.29.1.0,0.46042000000000005
2cnaA,1q8oA,0.47097,0.91826,0.46719,0.91088,0.993225872516632,0.9967864155769348,b.29.1.1,b.29.1.1,0.44369000000000003
2cnaA,1ciwA,0.46969,0.88655,0.46969,0.88655,0.9923264980316162,0.9960756301879884,b.29.1.1,b.29.1.1,0.41685999999999995
2cnaA,1bzwA,0.47005,0.88745,0.47005,0.88745,0.9925116896629332,0.9968989491462708,b.29.1.1,b.29.1.1,0.41739999999999994
2cnaA,1n47A,0.46058,0.90338,0.46058,0.90338,0.9910403490066528,0.9945496320724488,b.29.1.1,b.29.1.1,0.44279999999999997
2cnaA,1fnyA,0.47222,0.90533,0.47222,0.90533,0.9922760725021362,0.995317816734314,b.29.1.1,b.29.1.1,0.43311
2cnaA,1g7yA,0.49071,0.90678,0.46463,0.85809,0.9909308552742004,0.9943894147872924,b.29.1.1,b.29.1.1,0.39346000000000003
2cnaA,1g8wA,0.46406,0.89485,0.46406,0.89485,0.989857852458954,0.9959855675697328,b.29.1.1,b.29.1.1,0.43079000000000006
2cnaA,1bjqA,0.49483,0.90347,0.46861,0.85493,0.98715078830719,0.9948474168777466,b.29.1.1,b.29.1.1,0.38631999999999994
2cnaA,1uzyA,0.46736,0.90309,0.46547,0.89948,0.990270972251892,0.9950870871543884,b.29.1.1,b.29.1.1,0.43400999999999995
2cnaA,1ax0A,0.46627,0.90587,0.46252,0.89867,0.9898486137390136,0.9955223798751832,b.29.1.1,b.29.1.1,0.43615
2cnaA,1gz9A,0.46732,0.90894,0.46356,0.90169,0.9899969696998596,0.9957156181335448,b.29.1.1,b.29.1.1,0.43812999999999996
2cnaA,1hqlA,0.45922,0.88589,0.45922,0.88589,0.9924110174179076,0.9942851662635804,b.29.1.1,b.29.1.1,0.42666999999999994
2cnaA,1dzqA,0.45989,0.88586,0.45989,0.88586,0.9929381608963012,0.9954661130905152,b.29.1.1,b.29.1.1,0.42596999999999996
2cnaA,1fyuA,0.46547,0.90639,0.46173,0.89919,0.9899218678474426,0.9958921670913696,b.29.1.1,b.29.1.1,0.43746000000000007
2cnaA,1fatA,0.46395,0.89161,0.46395,0.89161,0.989733636379242,0.9958542585372924,b.29.1.1,b.29.1.1,0.42766000000000004
2cnaA,1lteA,0.46576,0.90516,0.46202,0.89797,0.9897705912590028,0.9953995943069458,b.29.1.1,b.29.1.1,0.43595000000000006
2cnaA,1gnzA,0.45508,0.88292,0.45508,0.88292,0.992971420288086,0.9937734603881836,b.29.1.1,b.29.1.1,0.42784000000000005
2cnaA,1sfyA,0.46708,0.90691,0.46332,0.8997,0.989679515361786,0.9958066940307616,b.29.1.1,b.29.1.1,0.43638000000000005
2cnaA,1dbnA,0.4649,0.91022,0.46114,0.90292,0.9932252764701844,0.995130717754364,b.29.1.1,b.29.1.1,0.44177999999999995
2cnaA,1wbfA,0.46385,0.89742,0.46385,0.89742,0.9905244708061218,0.9957223534584044,b.29.1.1,b.29.1.1,0.43357
2cnaA,2bqpA,0.46806,0.88775,0.46806,0.88775,0.99196594953537,0.9946243166923524,b.29.1.1,b.29.1.1,0.41969000000000006
2cnaA,1wblA,0.46363,0.89204,0.46363,0.89204,0.9896427989006042,0.9954930543899536,b.29.1.1,b.29.1.1,0.42841000000000007
2cnaA,1f9kA,0.4576,0.8747,0.4576,0.8747,0.9910816550254822,0.9935781955718994,b.29.1.1,b.29.1.1,0.4171
2cnaA,1fx5A,0.46661,0.87977,0.46105,0.86934,0.9923455715179444,0.9961633682250975,b.29.1.1,b.29.1.1,0.40829
2cnaA,1avbA,0.43078,0.84708,0.43078,0.84708,0.9909289479255676,0.9901685118675232,b.29.1.1,b.29.1.1,0.41630000000000006
2cnaA,1ioaA,0.43052,0.85636,0.43052,0.85636,0.9895083904266356,0.9917423725128174,b.29.1.1,b.29.1.1,0.42584
2cnaA,1bqpA,0.41968,0.69254,0.41968,0.69254,0.551571249961853,0.7173802852630615,b.29.1.1,b.29.1.1,0.27286000000000005
2cnaA,1lgcA,0.42338,0.69704,0.42338,0.69704,0.5584264397621155,0.7081897258758545,b.29.1.1,b.29.1.1,0.27366
2cnaA,1rinA,0.42005,0.69002,0.42005,0.69002,0.5512138605117798,0.7164692878723145,b.29.1.1,b.29.1.1,0.26997
2cnaA,2b7yA,0.41951,0.69434,0.41951,0.69434,0.5482023358345032,0.7161486148834229,b.29.1.1,,0.27482999999999996
2cnaA,1ofsA,0.41975,0.69427,0.41975,0.69427,0.5458230376243591,0.7197379469871521,b.29.1.1,b.29.1.1,0.27452000000000004
2cnaA,1loaA,0.42367,0.69359,0.42367,0.69359,0.5496014356613159,0.7149917483329773,b.29.1.1,b.29.1.1,0.26992000000000005
2cnaA,1lofC,0.42161,0.69183,0.42161,0.69183,0.5493059158325195,0.7135603427886963,b.29.1.1,b.29.1.1,0.27021999999999996
2cnaA,1lemA,0.42294,0.69703,0.42294,0.69703,0.5485297441482544,0.7010074853897095,b.29.1.1,b.29.1.1,0.27409000000000006
2cnaA,1lgbA,0.42199,0.69455,0.42199,0.69455,0.5571079254150391,0.7094082236289978,b.29.1.1,b.29.1.1,0.27256
2cnaA,1dhkB,0.41325,0.72039,0.41325,0.72039,0.9843366146087646,0.976830244064331,b.29.1.1,b.29.1.1,0.30713999999999997
2cnaA,2a6vA,0.37784,0.67921,0.37784,0.67921,0.964004397392273,0.9869223833084106,b.29.1.1,b.29.1.13,0.30136999999999997
2cnaA,2a6xA,0.37741,0.68064,0.37741,0.68064,0.9643508195877076,0.9856833219528198,b.29.1.1,b.29.1.13,0.30323
2cnaA,1r1zA,0.40103,0.74309,0.38625,0.71576,0.9768470525741576,0.9817788600921632,b.29.1.1,l.1.1.1,0.32950999999999997
2cnaA,1viwB,0.41725,0.73357,0.41725,0.73357,0.9821159839630128,0.9789925813674928,b.29.1.1,b.29.1.1,0.31632000000000005
2cnaA,1gv9A,0.38097,0.72293,0.38097,0.72293,0.95633065700531,0.987298309803009,b.29.1.1,b.29.1.13,0.34196
2cnaA,1oq1A,0.34411,0.62899,0.34411,0.62899,0.9224077463150024,0.9760298728942872,b.29.1.1,l.1.1.1,0.28488
2cnaA,2a6zA,0.37742,0.69481,0.37742,0.69481,0.9637749791145324,0.9888343811035156,b.29.1.1,l.1.1.1,0.31739000000000006
2cnaA,2a6yA,0.38204,0.69262,0.38204,0.69262,0.962433397769928,0.990756630897522,b.29.1.1,b.29.1.13,0.31058
2cnaA,1g86A,0.31948,0.47812,0.31948,0.47812,0.9752597212791444,0.952290654182434,b.29.1.1,b.29.1.3,0.15864
2cwmA,2fmdA,0.48396,0.9532,0.48396,0.9532,0.99406898021698,0.9981285333633424,b.29.1.1,b.29.1.0,0.46924000000000005
2cwmA,1q8oA,0.47728,0.92801,0.4734,0.92048,0.9946724772453308,0.9965518712997437,b.29.1.1,b.29.1.1,0.44708
2cwmA,1ciwA,0.47094,0.89324,0.47094,0.89324,0.9940425157546996,0.9961963295936584,b.29.1.1,b.29.1.1,0.4223
2cwmA,1ax0A,0.46837,0.91942,0.46459,0.91201,0.9932593107223512,0.9964717030525208,b.29.1.1,b.29.1.1,0.44742
2cwmA,1lteA,0.46791,0.91895,0.46413,0.91156,0.9930959343910216,0.996634006500244,b.29.1.1,b.29.1.1,0.44743000000000005
2cwmA,1uzyA,0.47031,0.91717,0.46839,0.91346,0.9933288097381592,0.996646285057068,b.29.1.1,b.29.1.1,0.4450700000000001
2cwmA,1sfyA,0.46909,0.92054,0.46529,0.91312,0.9930444955825806,0.9968878030776978,b.29.1.1,b.29.1.1,0.44783000000000006
2cwmA,1n47A,0.46401,0.91145,0.46401,0.91145,0.9932456016540528,0.9952090978622437,b.29.1.1,b.29.1.1,0.44744
2cwmA,1fyuA,0.46782,0.91973,0.46404,0.91232,0.9932596683502196,0.9967212080955504,b.29.1.1,b.29.1.1,0.44828
2cwmA,1bjqA,0.49725,0.91536,0.47075,0.86583,0.9903401136398317,0.9940778017044068,b.29.1.1,b.29.1.1,0.39508
2cwmA,1bzwA,0.471,0.89358,0.471,0.89358,0.9941593408584596,0.99697744846344,b.29.1.1,b.29.1.1,0.42258000000000007
2cwmA,1dbnA,0.46912,0.91913,0.46529,0.91169,0.9956207275390624,0.9974138736724854,b.29.1.1,b.29.1.1,0.4464
2cwmA,1g7yA,0.49245,0.91484,0.46605,0.86536,0.993195116519928,0.9940837621688844,b.29.1.1,b.29.1.1,0.39931
2cwmA,1fnyA,0.47637,0.91413,0.47637,0.91413,0.9944747686386108,0.996578812599182,b.29.1.1,b.29.1.1,0.43776
2cwmA,1fatA,0.47128,0.90507,0.47128,0.90507,0.9925459623336792,0.9973269701004028,b.29.1.1,b.29.1.1,0.43379000000000006
2cwmA,1gslA,0.47257,0.90227,0.46323,0.88447,0.9947615265846252,0.9948530197143556,b.29.1.1,b.29.1.1,0.42124
2cwmA,1g8wA,0.47104,0.90763,0.47104,0.90763,0.992618441581726,0.9973129034042358,b.29.1.1,b.29.1.1,0.43659000000000003
2cwmA,1dzqA,0.46553,0.89567,0.46553,0.89567,0.9952638149261476,0.997709333896637,b.29.1.1,b.29.1.1,0.43013999999999997
2cwmA,1g9fA,0.47235,0.90232,0.46481,0.8879,0.9929009675979614,0.9970473647117616,b.29.1.1,b.29.1.1,0.42309
2cwmA,1hqlA,0.46333,0.89529,0.46333,0.89529,0.9942164421081544,0.9968364238739014,b.29.1.1,b.29.1.1,0.43196
2cwmA,2bqpA,0.4705,0.89351,0.4705,0.89351,0.9941117763519288,0.9952043294906616,b.29.1.1,b.29.1.1,0.42301000000000005
2cwmA,1wblA,0.46845,0.90296,0.46845,0.90296,0.9929195642471312,0.9963476657867432,b.29.1.1,b.29.1.1,0.43451
2cwmA,1gnzA,0.46042,0.89228,0.46042,0.89228,0.9944020509719848,0.996290385723114,b.29.1.1,b.29.1.1,0.43185999999999997
2cwmA,1wbfA,0.46706,0.90528,0.46706,0.90528,0.9934436082839966,0.9960637092590332,b.29.1.1,b.29.1.1,0.43822
2cwmA,1fx5A,0.47075,0.88888,0.4651,0.87827,0.9944031238555908,0.9965455532073976,b.29.1.1,b.29.1.1,0.41317
2cwmA,1f9kA,0.4618,0.884,0.4618,0.884,0.9938588738441468,0.994804620742798,b.29.1.1,b.29.1.1,0.4222
2cwmA,1ioaA,0.43914,0.87209,0.43914,0.87209,0.992094874382019,0.9949728846549988,b.29.1.1,b.29.1.1,0.43295000000000006
2cwmA,1ofsA,0.4227,0.70107,0.4227,0.70107,0.5570216774940491,0.7200978398323059,b.29.1.1,b.29.1.1,0.27836999999999995
2cwmA,1bqpA,0.42374,0.7008,0.42374,0.7008,0.5639140605926514,0.7175295948982239,b.29.1.1,b.29.1.1,0.27706
2cwmA,1loaA,0.42472,0.6979,0.42472,0.6979,0.561391294002533,0.7163561582565308,b.29.1.1,b.29.1.1,0.27318
2cwmA,1avbA,0.43495,0.85751,0.43495,0.85751,0.9926413297653198,0.9944651126861572,b.29.1.1,b.29.1.1,0.42256
2cwmA,1lofC,0.42306,0.69682,0.42306,0.69682,0.5606558918952942,0.7146021127700806,b.29.1.1,b.29.1.1,0.27376
2cwmA,1rinA,0.42371,0.69716,0.42371,0.69716,0.5627924203872681,0.7173344492912292,b.29.1.1,b.29.1.1,0.27345
2cwmA,1lemA,0.42287,0.6999,0.42287,0.6999,0.5592427849769592,0.7004708647727966,b.29.1.1,b.29.1.1,0.27702999999999994
2cwmA,2b7yA,0.42255,0.7004,0.42255,0.7004,0.5603923797607422,0.7179394960403442,b.29.1.1,,0.27785000000000004
2cwmA,1lgcA,0.42376,0.70107,0.42376,0.70107,0.5701568722724915,0.7085524797439575,b.29.1.1,b.29.1.1,0.27730999999999995
2cwmA,1lgbA,0.42221,0.69767,0.42221,0.69767,0.5678808689117432,0.7102120518684387,b.29.1.1,b.29.1.1,0.27546000000000004
2cwmA,1dhkB,0.41727,0.73192,0.41727,0.73192,0.9871345162391664,0.979138970375061,b.29.1.1,b.29.1.1,0.31465000000000004
2cwmA,2a6vA,0.37682,0.69442,0.37682,0.69442,0.9661975502967834,0.9891136884689332,b.29.1.1,b.29.1.13,0.31760000000000005
2cwmA,1viwB,0.4219,0.74532,0.4219,0.74532,0.9854079484939576,0.9811239242553712,b.29.1.1,b.29.1.1,0.32342
2cwmA,1gv9A,0.3835,0.72852,0.3835,0.72852,0.959689736366272,0.9894512891769408,b.29.1.1,b.29.1.13,0.34501999999999994
2cwmA,2a6yA,0.38237,0.70691,0.38237,0.70691,0.9655758142471312,0.9910002946853638,b.29.1.1,b.29.1.13,0.32454000000000005
2cwmA,2a6zA,0.37805,0.69458,0.37805,0.69458,0.966081202030182,0.9901453256607056,b.29.1.1,l.1.1.1,0.31653
2cwsA,1mveA,0.54388,0.64305,0.52194,0.6178,0.9738845825195312,0.9920172691345216,l.1.1.1,b.29.1.2,0.09586000000000006
2cwsA,1mvqA,0.3616,0.60099,0.35157,0.58193,0.9798555970191956,0.9693074226379396,l.1.1.1,b.29.1.1,0.23035999999999995
2d3pA,2fmdA,0.48649,0.95483,0.48649,0.95483,0.992496371269226,0.9977412819862366,b.29.1.1,b.29.1.0,0.46834
2d3pA,1q8oA,0.47873,0.93136,0.47292,0.92,0.9940183162689208,0.9967870712280272,b.29.1.1,b.29.1.1,0.44708000000000003
2d3pA,1ciwA,0.47275,0.90094,0.47275,0.90094,0.9927322864532472,0.9973803162574768,b.29.1.1,b.29.1.1,0.42818999999999996
2d3pA,1n47A,0.46735,0.92144,0.46735,0.92144,0.9918618202209472,0.9960156083106996,b.29.1.1,b.29.1.1,0.45409000000000005
2d3pA,1dbnA,0.47132,0.93608,0.46555,0.92465,0.993476629257202,0.9965088367462158,b.29.1.1,b.29.1.1,0.45909999999999995
2d3pA,1fnyA,0.47877,0.92339,0.47877,0.92339,0.9926306009292604,0.9967899322509766,b.29.1.1,b.29.1.1,0.44462000000000007
2d3pA,1ax0A,0.47076,0.92161,0.46505,0.91047,0.9911390542984008,0.9967719316482544,b.29.1.1,b.29.1.1,0.44542
2d3pA,1uzyA,0.4725,0.91905,0.46865,0.91159,0.991435170173645,0.9960547685623168,b.29.1.1,b.29.1.1,0.44294
2d3pA,1lteA,0.4702,0.92097,0.46451,0.90984,0.9909672737121582,0.9968114495277404,b.29.1.1,b.29.1.1,0.44533
2d3pA,2bqpA,0.4728,0.90258,0.4728,0.90258,0.9919623136520386,0.9971074461936952,b.29.1.1,b.29.1.1,0.42978000000000005
2d3pA,1dzqA,0.46804,0.91088,0.46804,0.91088,0.9932266473770142,0.9966206550598145,b.29.1.1,b.29.1.1,0.44284
2d3pA,1gz9A,0.47112,0.92316,0.4654,0.91198,0.9912068843841552,0.9965290427207948,b.29.1.1,b.29.1.1,0.44658000000000003
2d3pA,1sfyA,0.47156,0.92233,0.46585,0.91117,0.9909454584121704,0.9967713952064514,b.29.1.1,b.29.1.1,0.44532000000000005
2d3pA,1fyuA,0.47006,0.92201,0.46437,0.91086,0.9912121295928956,0.9969208240509032,b.29.1.1,b.29.1.1,0.44649
2d3pA,1g8wA,0.47248,0.9093,0.47248,0.9093,0.9903192520141602,0.996935486793518,b.29.1.1,b.29.1.1,0.43682
2d3pA,1fatA,0.47267,0.90893,0.47267,0.90893,0.9900871515274048,0.9968113899230956,b.29.1.1,b.29.1.1,0.43626000000000004
2d3pA,1fx5A,0.47343,0.89846,0.46583,0.88408,0.9927067756652832,0.996157169342041,b.29.1.1,b.29.1.1,0.41824999999999996
2d3pA,1hqlA,0.46523,0.89531,0.46523,0.89531,0.9926265478134156,0.9967315793037416,b.29.1.1,b.29.1.1,0.4300800000000001
2d3pA,1f9kA,0.4638,0.88946,0.4638,0.88946,0.9918479919433594,0.9943232536315918,b.29.1.1,b.29.1.1,0.42566000000000004
2d3pA,1gnzA,0.46201,0.89272,0.46201,0.89272,0.9930492639541626,0.9965851902961732,b.29.1.1,b.29.1.1,0.43071
2d3pA,1avbA,0.43647,0.86675,0.43647,0.86675,0.9903519153594972,0.9935547709465028,b.29.1.1,b.29.1.1,0.43028
2d3pA,1ofsA,0.42864,0.70873,0.42864,0.70873,0.544047474861145,0.7115607261657715,b.29.1.1,b.29.1.1,0.28008999999999995
2d3pA,1ioaA,0.43961,0.87372,0.43961,0.87372,0.9899425506591796,0.9940123558044434,b.29.1.1,b.29.1.1,0.43411000000000005
2d3pA,1bqpA,0.42811,0.70717,0.42811,0.70717,0.5502293705940247,0.7098751068115234,b.29.1.1,b.29.1.1,0.27906
2d3pA,2b7yA,0.42879,0.70885,0.42879,0.70885,0.5464492440223694,0.7103111743927002,b.29.1.1,,0.28006
2d3pA,1rinA,0.42839,0.7045,0.42839,0.7045,0.5490607619285583,0.7094969749450684,b.29.1.1,b.29.1.1,0.27611
2d3pA,1loaA,0.43103,0.70648,0.43103,0.70648,0.5482085943222046,0.7073773145675659,b.29.1.1,b.29.1.1,0.27545
2d3pA,1lofC,0.42992,0.70589,0.42992,0.70589,0.5474535822868347,0.7064759731292725,b.29.1.1,b.29.1.1,0.27597
2d3pA,1lgcA,0.42934,0.70848,0.42934,0.70848,0.5569219589233398,0.7001023292541504,b.29.1.1,b.29.1.1,0.27914
2d3pA,1lemA,0.4308,0.71009,0.4308,0.71009,0.5466369390487671,0.6917632818222046,b.29.1.1,b.29.1.1,0.27929
2d3pA,1lgbA,0.42862,0.70626,0.42862,0.70626,0.5552224516868591,0.701469361782074,b.29.1.1,b.29.1.1,0.27764
2d3pA,1dhkB,0.41962,0.74144,0.41962,0.74144,0.985248327255249,0.9813380837440492,b.29.1.1,b.29.1.1,0.32182
2d3pA,1gv9A,0.38448,0.7313,0.38448,0.7313,0.952623963356018,0.988063097000122,b.29.1.1,b.29.1.13,0.34681999999999996
2d3pA,2a6yA,0.38492,0.71326,0.38492,0.71326,0.9597222805023192,0.9915404915809632,b.29.1.1,b.29.1.13,0.32834
2d3pA,2a6xA,0.37871,0.70112,0.37871,0.70112,0.961459755897522,0.98679918050766,b.29.1.1,b.29.1.13,0.32241
2d3pA,1viwB,0.42388,0.75237,0.42388,0.75237,0.9830373525619508,0.983208179473877,b.29.1.1,b.29.1.1,0.32849
2d3pA,2a6zA,0.38102,0.70177,0.38102,0.70177,0.9605459570884703,0.9900089502334596,b.29.1.1,l.1.1.1,0.32075
2d3pA,2a6vA,0.37741,0.70021,0.37741,0.70021,0.961027204990387,0.9876095056533812,b.29.1.1,b.29.1.13,0.3228
2d6kA,1ajoA,0.38529,0.69088,0.3001,0.50998,0.9768016934394836,0.97408127784729,b.29.1.0,b.29.1.2,0.20988
2d6kA,1h9wA,0.48251,0.72801,0.32868,0.49682,0.9860292077064514,0.9404629468917848,b.29.1.0,b.29.1.1,0.16813999999999996
2d6oX,1ajkA,0.53225,0.68482,0.40199,0.51721,0.9703716039657592,0.9748797416687012,l.1.1.1,b.29.1.2,0.11521999999999993
2d6oX,1ajoA,0.35232,0.68317,0.28222,0.51497,0.976432204246521,0.9728431701660156,l.1.1.1,b.29.1.2,0.23275
2d6oX,1mvqA,0.47049,0.69393,0.32234,0.4819,0.987029492855072,0.9461650848388672,l.1.1.1,b.29.1.1,0.15955999999999998
2d6oX,1dglA,0.47162,0.70431,0.32196,0.48206,0.987058162689209,0.9462197422981262,l.1.1.1,b.29.1.1,0.16009999999999996
2dleA,1yc7A,0.54633,0.54633,0.50389,0.50389,0.9345813989639282,0.8099390864372253,,l.1.1.1,0.0
2dm4A,1xbrA,0.59402,0.59402,0.39495,0.39495,0.7397468686103821,0.6285703182220459,l.1.1.1,b.2.5.4,0.0
2dmhA,2d8kA,0.66842,0.74879,0.66423,0.74411,0.9557769894599916,0.9709249138832092,,l.1.1.1,0.07988000000000006
2exsC,2fqpA,0.41174,0.59424,0.33455,0.46607,0.4155577719211578,0.8445769548416138,b.82.5.1,,0.13151999999999997
2extA,2fqpA,0.41775,0.58127,0.33426,0.44873,0.4745084643363952,0.7897669076919556,b.82.5.1,,0.11447000000000002
2fnjA,1qtjA,0.43925,0.52093,0.43925,0.52093,0.938671350479126,0.9796974658966064,b.29.1.22,i.12.1.1,0.08168000000000003
2gdfA,2fmdA,0.49369,0.95397,0.48132,0.93007,0.9696340560913086,0.9941939115524292,b.29.1.1,b.29.1.0,0.4487499999999999
2gdfA,1ciwA,0.48116,0.91696,0.46937,0.89458,0.9658048152923584,0.9953472018241882,b.29.1.1,b.29.1.1,0.42521000000000003
2gdfA,1q8oA,0.48724,0.93254,0.4619,0.88378,0.9716176390647888,0.992380678653717,b.29.1.1,b.29.1.1,0.42188000000000003
2gdfA,1n3oA,0.48802,0.93492,0.45906,0.87899,0.9714442491531372,0.9901878833770752,b.29.1.1,b.29.1.1,0.41993
2gdfA,1dzqA,0.47918,0.93089,0.46346,0.90047,0.9655121564865112,0.9960585832595824,b.29.1.1,b.29.1.1,0.43701
2gdfA,1dbnA,0.48166,0.93844,0.45642,0.88929,0.9667410850524902,0.9957454204559326,b.29.1.1,b.29.1.1,0.43287000000000003
2gdfA,1bjqA,0.51334,0.92075,0.46477,0.83229,0.959524631500244,0.9916569590568542,b.29.1.1,b.29.1.1,0.36751999999999996
2gdfA,1fx5A,0.4842,0.92428,0.4573,0.87278,0.9671257138252258,0.9951308369636536,b.29.1.1,b.29.1.1,0.41548
2gdfA,1f9kA,0.47711,0.90831,0.46141,0.8787,0.9664467573165894,0.9950847625732422,b.29.1.1,b.29.1.1,0.41729000000000005
2gdfA,1avbA,0.45069,0.88675,0.45069,0.88675,0.9656907916069032,0.9919355511665344,b.29.1.1,b.29.1.1,0.43606000000000006
2gdfA,1loaA,0.44602,0.72831,0.44602,0.72831,0.526089608669281,0.7190989255905151,b.29.1.1,b.29.1.1,0.28229
2gdfA,1lemA,0.4454,0.73222,0.4454,0.73222,0.5256935358047485,0.7032032608985901,b.29.1.1,b.29.1.1,0.28681999999999996
2gdfA,2b7yA,0.4417,0.72952,0.4417,0.72952,0.5241610407829285,0.7223093509674072,b.29.1.1,,0.28781999999999996
2gdfA,1lofC,0.44568,0.72869,0.44568,0.72869,0.5241527557373047,0.7176110744476318,b.29.1.1,b.29.1.1,0.28300999999999993
2gdfA,1rinA,0.44171,0.72586,0.44171,0.72586,0.5252538919448853,0.7208288908004761,b.29.1.1,b.29.1.1,0.28414999999999996
2gdfA,1ofsA,0.44282,0.73055,0.44282,0.73055,0.5216976404190063,0.7238237857818604,b.29.1.1,b.29.1.1,0.28773000000000004
2gdfA,1bqpA,0.44121,0.7279,0.44121,0.7279,0.5294126272201538,0.7209763526916504,b.29.1.1,b.29.1.1,0.28669
2gdfA,1ioaA,0.44998,0.88733,0.44619,0.87988,0.9660789966583252,0.9920100569725036,b.29.1.1,b.29.1.1,0.43369
2gdfA,1lgcA,0.44333,0.73007,0.44333,0.73007,0.5345709919929504,0.712756872177124,b.29.1.1,b.29.1.1,0.28674
2gdfA,1lgbA,0.44237,0.72779,0.44237,0.72779,0.5332902073860168,0.711588442325592,b.29.1.1,b.29.1.1,0.28542000000000006
2gdfA,1dhkB,0.43218,0.76364,0.43218,0.76364,0.9588912725448608,0.9742939472198486,b.29.1.1,b.29.1.1,0.33146
2gdfA,2a6vA,0.39811,0.72847,0.39811,0.72847,0.9136805534362792,0.9893633127212524,b.29.1.1,b.29.1.13,0.33035999999999993
2gdfA,2a6xA,0.39747,0.72928,0.39747,0.72928,0.915168285369873,0.9879429340362548,b.29.1.1,b.29.1.13,0.33181000000000005
2gdfA,1viwB,0.43622,0.7735,0.43622,0.7735,0.9551879167556764,0.976037323474884,b.29.1.1,b.29.1.1,0.33727999999999997
2gdfA,2a6yA,0.40349,0.74206,0.39563,0.72774,0.9163612127304076,0.98826003074646,b.29.1.1,b.29.1.13,0.33211000000000007
2gdfA,2a6zA,0.39955,0.73186,0.39955,0.73186,0.912643551826477,0.9887790083885192,b.29.1.1,l.1.1.1,0.33230999999999994
2gdfA,1gv9A,0.39896,0.75423,0.39896,0.75423,0.9039512872695924,0.9844012260437012,b.29.1.1,b.29.1.13,0.35527
2ghwB,1x9qA,0.80403,0.89091,0.80403,0.89091,0.985836148262024,0.9894857406616212,b.1.1.1,b.1.1.0,0.08687999999999996
2ghwB,1h8nA,0.80098,0.90395,0.80098,0.90395,0.9789190888404846,0.9927111864089966,b.1.1.1,b.1.1.1,0.10297
2ghwB,2gjjA,0.83924,0.93129,0.82597,0.91604,0.9859875440597534,0.990114450454712,b.1.1.1,l.1.1.1,0.09006999999999998
2ghwB,1jp5A,0.82689,0.92612,0.82689,0.92612,0.9875255823135376,0.994536519050598,b.1.1.1,b.1.1.1,0.09923000000000004
2h50A,1wwbX,0.32707,0.30718,0.30399,0.28775,0.7417176961898804,0.8238258957862854,b.15.1.1,b.1.1.4,-0.016239999999999977
2ixqA,2bcmB,0.58047,0.62827,0.58047,0.62827,0.8255008459091187,0.9781004190444946,l.1.1.1,b.2.3.0,0.047799999999999954
2ixqB,1usqA,0.66769,0.73506,0.66769,0.73506,0.8233247995376587,0.9734315872192384,l.1.1.1,b.2.3.6,0.06737000000000004
2ixqB,1uszA,0.66841,0.74127,0.66841,0.74127,0.8284873962402344,0.9729115962982178,l.1.1.1,b.2.3.6,0.07286000000000004
2ixqB,2bcmB,0.68777,0.7592,0.68777,0.7592,0.8325189352035522,0.9673090577125548,l.1.1.1,b.2.3.0,0.07143
2nq3A,2b3rA,0.68112,0.76157,0.68112,0.76157,0.9793344736099244,0.977459192276001,b.7.1.1,l.1.1.1,0.08045000000000002
2nq3A,1bynA,0.68969,0.77025,0.68969,0.77025,0.9840648174285888,0.977062165737152,b.7.1.1,b.7.1.2,0.08055999999999996
2nq3A,2bwqA,0.62916,0.71446,0.62916,0.71446,0.9819824695587158,0.9836387634277344,b.7.1.1,b.7.1.2,0.08529999999999993
1a4gA,1jjuB,0.49721,0.49622,0.49721,0.49622,0.6416797041893005,0.8773669004440308,b.68.1.1,b.69.2.2,-0.0009899999999999909
1b9sA,2mtaH,0.53683,0.53683,0.53683,0.53683,0.8317126631736755,0.8432387709617615,b.68.1.1,b.69.2.1,0.0
1b9xA,1jjuB,0.68171,0.72405,0.68171,0.72405,0.6834249496459961,0.9550710320472716,b.69.4.1,b.69.2.2,0.04233999999999993
1b9xA,1fwxA,0.73111,0.74342,0.11691,0.11691,0.493663877248764,0.4693329334259033,b.69.4.1,b.69.3.1,0.0
1c9iA,1hzvA,0.60686,0.60656,0.44151,0.44175,0.8180475234985352,0.8401825428009033,b.69.6.1,b.70.2.1,0.00023999999999996247
1c9lA,1hzuA,0.6063,0.60688,0.4382,0.43937,0.8079537153244019,0.880954921245575,b.69.6.1,b.70.2.1,0.0011700000000000044
1cvmA,1mg2A,0.55266,0.55266,0.51808,0.51808,0.6692360639572144,0.8370909690856934,b.68.3.1,b.69.2.1,0.0
1cvmA,1hzuA,0.55723,0.55729,0.40437,0.40495,0.4802339673042297,0.8869684934616089,b.68.3.1,b.70.2.1,0.0005799999999999694
1dilA,2g8sA,0.60593,0.60593,0.60593,0.60593,0.977157175540924,0.9581036567687988,b.68.1.1,,0.0
1e1aA,1jjuB,0.56637,0.59074,0.5321,0.55523,0.6997028589248657,0.9107325077056884,b.68.6.1,b.69.2.2,0.023129999999999984
1e1aA,1jofA,0.65445,0.66884,0.586,0.59982,0.6803408861160278,0.9108004570007324,b.68.6.1,b.69.10.1,0.013820000000000054
1e1aA,2g8sA,0.70428,0.72418,0.64845,0.66613,0.8376365900039673,0.8785570859909058,b.68.6.1,,0.01768000000000003
1eurA,2mtaH,0.53781,0.59561,0.52353,0.57969,0.8277928829193115,0.8618378639221191,b.68.1.1,b.69.2.1,0.05615999999999999
1eurA,2bbkH,0.5337,0.54059,0.5337,0.54059,0.8276532888412476,0.8569062948226929,b.68.1.1,b.69.2.1,0.006890000000000063
1eurA,1gydB,0.55314,0.58089,0.55314,0.58089,0.8651762008666992,0.908800482749939,b.68.1.1,b.67.2.1,0.027750000000000052
1eurA,2i3sA,0.56947,0.57876,0.56947,0.57876,0.854957103729248,0.8228671550750732,b.68.1.1,b.69.4.2,0.00929000000000002
1gxrA,1jjuB,0.68428,0.73196,0.68067,0.72807,0.6996938586235046,0.9538789987564088,l.1.1.1,b.69.2.2,0.0474
1gxrA,2mtaH,0.6565,0.70685,0.5996,0.64433,0.8015906810760498,0.8512985706329346,l.1.1.1,b.69.2.1,0.044729999999999936
1gxrA,1mdaH,0.65432,0.70215,0.6041,0.64757,0.8082805275917053,0.8509026169776917,l.1.1.1,b.69.2.1,0.04347000000000001
1gydB,1sntA,0.61902,0.61902,0.56557,0.56557,0.871627688407898,0.9053001403808594,b.67.2.1,b.68.1.1,0.0
1gyhA,1eutA,0.59301,0.63918,0.34526,0.36802,0.7757487297058105,0.8178961873054504,b.67.2.1,b.68.1.1,0.022760000000000002
1ijqA,2iaoA,0.6633,0.69021,0.65571,0.68221,0.700756847858429,0.9720439314842224,g.3.11.1,b.68.6.1,0.026499999999999968
1ijqA,2iapA,0.66339,0.68868,0.65581,0.68078,0.7006975412368774,0.9699978828430176,g.3.11.1,b.68.6.1,0.024970000000000048
1ijqA,2iasA,0.66256,0.69064,0.65498,0.68264,0.6983142495155334,0.9715847373008728,g.3.11.1,b.68.6.1,0.027660000000000018
1itvA,1u6dX,0.61543,0.58941,0.45327,0.4357,0.7674070000648499,0.9508978128433228,b.66.1.1,b.68.11.1,-0.01757000000000003
1iubA,1ncdN,0.6802,0.6935,0.56452,0.57527,0.7893050312995911,0.8032540082931519,b.68.8.1,b.68.1.1,0.010749999999999926
1jjuB,2cnxA,0.67928,0.73198,0.67928,0.73198,0.6651011109352112,0.930980384349823,b.69.2.2,b.69.4.0,0.05269999999999997
1jjuB,2h9mA,0.68278,0.73353,0.68278,0.73353,0.6626186370849609,0.9266046285629272,b.69.2.2,b.69.4.0,0.05074999999999996
1jjuB,1nexB,0.63855,0.71412,0.50762,0.56369,0.6325501799583435,0.9466025233268738,b.69.2.2,b.69.4.1,0.056070000000000064
1jjuB,1q7fA,0.55682,0.60399,0.55682,0.60399,0.7275785207748413,0.9117259979248048,b.69.2.2,b.68.9.1,0.047170000000000045
1jjuB,2hxcA,0.74225,0.74225,0.70161,0.70161,0.8850011825561523,0.9721697568893432,b.69.2.2,,0.0
1jjuB,2b5nA,0.58898,0.66501,0.58898,0.66501,0.7328044176101685,0.9713562726974488,b.69.2.2,,0.07603000000000004
1jjuB,2iaqA,0.53233,0.5728,0.53233,0.5728,0.7070404887199402,0.9123224020004272,b.69.2.2,b.68.6.1,0.040470000000000006
1jjuB,4nn9A,0.56877,0.59698,0.50854,0.53156,0.6314603686332703,0.8793951272964478,b.69.2.2,b.68.1.1,0.02302000000000004
1jjuB,1v0zA,0.56984,0.56984,0.50828,0.50828,0.6297498345375061,0.8921154737472534,b.69.2.2,b.68.1.1,0.0
1jjuB,1ncbN,0.57017,0.59851,0.50836,0.53323,0.6350266933441162,0.8790748119354248,b.69.2.2,b.68.1.1,0.024869999999999948
1jjuB,1inyA,0.56984,0.59602,0.50908,0.53233,0.6327368021011353,0.8766933679580688,b.69.2.2,b.68.1.1,0.023249999999999993
1jmxB,2g99A,0.64857,0.69777,0.64857,0.69777,0.7004626989364624,0.9280434846878052,b.69.2.2,b.69.4.0,0.04920000000000002
1jmxB,2cnxA,0.65227,0.68696,0.65227,0.68696,0.7030971646308899,0.9262832403182985,b.69.2.2,b.69.4.0,0.03469
1jmxB,2aq5A,0.64954,0.72942,0.57566,0.64405,0.7521908283233643,0.9695324897766112,b.69.2.2,,0.06839000000000006
1jmxB,1c9lA,0.5867,0.64744,0.5617,0.62055,0.7697910070419312,0.9599201679229736,b.69.2.2,b.69.6.1,0.05885000000000007
1jmxB,1pooA,0.55229,0.59611,0.53439,0.5766,0.6509042978286743,0.9425326585769652,b.69.2.2,b.68.3.1,0.04220999999999997
1jmxB,1ofzA,0.55353,0.56678,0.55353,0.56678,0.7599636316299438,0.947640299797058,b.69.2.2,b.68.8.1,0.013249999999999984
1jmxB,1b9sA,0.55868,0.59421,0.50021,0.53017,0.6852702498435974,0.8704777956008911,b.69.2.2,b.68.1.1,0.029959999999999987
1jmxB,3silA,0.5593,0.61782,0.51137,0.56471,0.6972424983978271,0.8795984983444214,b.69.2.2,b.68.1.1,0.053340000000000054
1jmxB,2htvA,0.56408,0.59182,0.50537,0.52999,0.6651947498321533,0.9010862112045288,b.69.2.2,b.68.1.0,0.024619999999999975
1jofA,1cvmA,0.6145,0.6145,0.6145,0.6145,0.652668833732605,0.9360941648483276,b.69.10.1,b.68.3.1,0.0
1jofA,1jmxB,0.64396,0.64396,0.64396,0.64396,0.9451765418052672,0.9860929250717164,b.69.10.1,b.69.2.2,0.0
1jofA,2i3sA,0.67312,0.73653,0.67312,0.73653,0.7512065172195435,0.978858232498169,b.69.10.1,b.69.4.2,0.06340999999999997
1jofA,1x2jA,0.57575,0.57575,0.57575,0.57575,0.8601258397102356,0.8102169036865234,b.69.10.1,b.68.11.1,0.0
1jofA,1dilA,0.62671,0.62671,0.59118,0.59118,0.7427709698677063,0.8669923543930054,b.69.10.1,b.68.1.1,0.0
1jtdB,1jmxB,0.58335,0.59471,0.49209,0.5015,0.7625256180763245,0.7931462526321411,b.69.5.2,b.69.2.2,0.009409999999999918
1l7gA,1jofA,0.55289,0.55289,0.55289,0.55289,0.7252510786056519,0.8452437520027161,b.68.1.1,b.69.10.1,0.0
1mdaH,1k8kC,0.50787,0.64462,0.50787,0.64462,0.8073861598968506,0.8773833513259888,b.69.2.1,b.69.4.1,0.13674999999999993
1mdaH,1q7fA,0.5092,0.56387,0.5092,0.56387,0.700261116027832,0.8176485896110535,b.69.2.1,b.68.9.1,0.054669999999999996
1mdaH,2h9lA,0.61673,0.67078,0.61673,0.67078,0.8011568784713745,0.8326122760772705,b.69.2.1,l.1.1.1,0.05405000000000004
1mdaH,2fp8A,0.48265,0.55677,0.48265,0.55677,0.7503426671028137,0.8060375452041626,b.69.2.1,,0.07411999999999996
1mdaH,2aq5A,0.60116,0.64704,0.57219,0.61513,0.8816420435905457,0.9509333968162536,b.69.2.1,,0.04293999999999998
1mg2A,1q7fA,0.49806,0.55006,0.49806,0.55006,0.6876305341720581,0.8182920813560486,b.69.2.1,b.68.9.1,0.05199999999999999
1nccN,1cvmA,0.56007,0.56007,0.56007,0.56007,0.8451240658760071,0.9132648706436156,b.68.1.1,b.68.3.1,0.0
1nexB,1iubA,0.43808,0.43808,0.43808,0.43808,0.690481424331665,0.8958064317703247,b.69.4.1,b.68.8.1,0.0
1npeA,2i3tA,0.69664,0.73492,0.57092,0.60037,0.6716880202293396,0.9509236812591552,b.68.5.1,b.69.4.2,0.029449999999999976
1npeA,2fawA,0.59036,0.64291,0.59036,0.64291,0.8197333216667175,0.9228652119636536,b.68.5.1,,0.052549999999999986
1npeA,2batA,0.70151,0.75319,0.50617,0.5435,0.5114465951919556,0.7747186422348022,b.68.5.1,b.68.1.1,0.037329999999999974
1ofzA,1inyA,0.67535,0.69557,0.56193,0.57772,0.8216270208358765,0.7945522665977478,b.68.8.1,b.68.1.1,0.01578999999999997
1ofzA,2g99A,0.63984,0.63984,0.63984,0.63984,0.9610944986343384,0.9667688012123108,b.68.8.1,b.69.4.0,0.0
1ofzA,1c9lA,0.58441,0.63328,0.52405,0.56633,0.8514010310173035,0.8829997777938843,b.68.8.1,b.69.6.1,0.042279999999999984
1olzA,1ofzA,0.35731,0.36452,0.35731,0.36452,0.673632025718689,0.7429043650627136,g.16.2.1,b.68.8.1,0.007209999999999994
1olzA,1gxrA,0.38089,0.41514,0.38089,0.41514,0.7159644365310669,0.759406328201294,g.16.2.1,l.1.1.1,0.03425
1olzA,1s4uX,0.3808,0.45224,0.3808,0.45224,0.7538681030273438,0.7915531396865845,g.16.2.1,b.69.4.1,0.07143999999999995
1pexA,1u4cA,0.57177,0.58103,0.38236,0.4052,0.6552246809005737,0.736908495426178,b.66.1.1,b.69.4.2,0.022840000000000027
1pexA,2fawA,0.63687,0.62772,0.51305,0.50876,0.8773561716079712,0.952301025390625,b.66.1.1,,-0.004290000000000016
1pexA,2g99A,0.60006,0.5878,0.42525,0.4196,0.6097143888473511,0.6600894927978516,b.66.1.1,b.69.4.0,-0.005650000000000044
1q7fA,1ijqA,0.72223,0.79089,0.65935,0.72201,0.7531730532646179,0.9921827912330629,b.68.9.1,g.3.11.1,0.06266000000000005
1q7fA,1gydB,0.56795,0.6133,0.51328,0.55589,0.9091527462005616,0.8003612756729126,b.68.9.1,b.67.2.1,0.04261000000000004
1r5mA,1c9iA,0.60888,0.62602,0.60321,0.62016,0.962462842464447,0.8959935903549194,,b.69.6.1,0.01695000000000002
1r5mA,1c9lA,0.6096,0.62101,0.60115,0.61238,0.9588747024536132,0.8982762098312378,,b.69.6.1,0.011230000000000073
1r5mA,1bpoA,0.61153,0.64543,0.46391,0.48446,0.931847095489502,0.8617517948150635,,b.69.6.1,0.020550000000000013
1r5mA,2d5lA,0.6388,0.60304,0.3725,0.34952,0.8599334955215454,0.6652921438217163,,,-0.02298
1r5mA,1crzA,0.51606,0.51606,0.46758,0.46758,0.7785971760749817,0.834883987903595,,c.51.2.1,0.0
1ri6A,1gofA,0.71832,0.75518,0.40915,0.42568,0.5479726195335388,0.6891356110572815,l.1.1.1,b.69.1.1,0.01652999999999999
1ri6A,1t2xA,0.71886,0.76385,0.40897,0.43026,0.5461538434028625,0.6882419586181641,l.1.1.1,b.69.1.1,0.021289999999999976
1ri6A,2g8sA,0.55185,0.64049,0.53996,0.62616,0.6440457105636597,0.8667043447494507,l.1.1.1,,0.08620000000000005
1ri6A,2biwA,0.67743,0.6966,0.50096,0.51279,0.5824315547943115,0.8276743292808533,l.1.1.1,b.69.15.1,0.011830000000000007
1ri6A,1eurA,0.58053,0.65298,0.54305,0.61065,0.6309308409690857,0.8042237758636475,l.1.1.1,b.68.1.1,0.0676
1rtgA,2g9aA,0.58099,0.58099,0.42445,0.42445,0.6334007978439331,0.6513485908508301,b.66.1.1,l.1.1.1,0.0
1s18A,1pooA,0.53689,0.61728,0.49139,0.56408,0.8276960849761963,0.8886367678642273,b.67.3.1,b.68.3.1,0.07269000000000003
1s18A,1k8kC,0.50168,0.50168,0.45971,0.45971,0.7293739318847656,0.7385465502738953,b.67.3.1,b.69.4.1,0.0
1s4uX,1bpoA,0.64843,0.64843,0.49346,0.49346,0.8969597816467285,0.8337913155555725,b.69.4.1,b.69.6.1,0.0
1s4uX,1dy7A,0.65785,0.67302,0.55441,0.5679,0.8550796508789062,0.9291502237319946,b.69.4.1,b.70.2.1,0.013490000000000002
1sntA,1jmxB,0.5579,0.5579,0.5579,0.5579,0.667323648929596,0.900831937789917,b.68.1.1,b.69.2.2,0.0
1sntA,2mtaH,0.54082,0.60649,0.51712,0.57821,0.811680018901825,0.8351677060127258,b.68.1.1,b.69.2.1,0.06108999999999998
1sntA,1gyhA,0.55602,0.55602,0.55602,0.55602,0.8729220628738403,0.9102513790130616,b.68.1.1,b.67.2.1,0.0
1sq9A,1jjuB,0.58152,0.69028,0.58152,0.69028,0.7292351722717285,0.9641331434249878,b.69.4.1,b.69.2.2,0.10875999999999997
1sq9A,2bbkH,0.60277,0.65963,0.60277,0.65963,0.8810791969299316,0.8690351247787476,b.69.4.1,b.69.2.1,0.05686000000000002
1sq9A,1gydB,0.48392,0.49505,0.48392,0.49505,0.8802266716957092,0.7248669862747192,b.69.4.1,b.67.2.1,0.011129999999999973
1tl2A,2iaoA,0.56211,0.61288,0.45306,0.49083,0.6269614696502686,0.855640709400177,b.67.1.1,b.68.6.1,0.03776999999999997
1tl2A,2iaqA,0.56209,0.6123,0.45285,0.49078,0.6300461292266846,0.8565057516098022,b.67.1.1,b.68.6.1,0.03793000000000002
1txvA,1inyA,0.50806,0.52993,0.50806,0.52993,0.8953911066055298,0.8345063328742981,b.69.8.1,b.68.1.1,0.021870000000000056
1txvA,1ncbN,0.50869,0.51238,0.50869,0.51238,0.912336528301239,0.841838002204895,b.69.8.1,b.68.1.1,0.003689999999999971
1txvA,1wl7A,0.44625,0.44625,0.44625,0.44625,0.6726378798484802,0.7140872478485107,b.69.8.1,b.67.2.1,0.0
1u4cA,1c9lA,0.68314,0.70275,0.62092,0.63961,0.9192404747009276,0.9224387407302856,b.69.4.2,b.69.6.1,0.018689999999999984
1u4cA,1zgkA,0.56904,0.56904,0.56904,0.56904,0.6223729848861694,0.8536199331283569,b.69.4.2,b.68.11.1,0.0
1u4cA,1crzA,0.55543,0.56018,0.46479,0.46768,0.7206563949584961,0.8510587215423584,b.69.4.2,c.51.2.1,0.0028900000000000037
1u4cA,2fp8A,0.62193,0.62193,0.62193,0.62193,0.9276778697967528,0.9075980186462402,b.69.4.2,,0.0
1u4cA,2fpbA,0.61717,0.63459,0.61717,0.63459,0.949920654296875,0.9130738973617554,b.69.4.2,,0.01741999999999999
1u4cA,3nn9A,0.61202,0.63381,0.5214,0.54056,0.8138903379440308,0.7763283252716064,b.69.4.2,b.68.1.1,0.019160000000000066
1u4cA,1nmbN,0.61287,0.62148,0.52187,0.53128,0.802675724029541,0.7742618322372437,b.69.4.2,b.68.1.1,0.00941000000000003
1u6dX,2j04B,0.65709,0.65143,0.43563,0.43108,0.4211421906948089,0.6203604340553284,b.68.11.1,,-0.0045499999999999985
1u6dX,1c9lA,0.58613,0.65217,0.49197,0.54613,0.5607015490531921,0.8255821466445923,b.68.11.1,b.69.6.1,0.054159999999999986
1u6dX,2f28A,0.74789,0.8005,0.61814,0.66092,0.5157691836357117,0.8085095286369324,b.68.11.1,b.68.1.1,0.04277999999999993
1u6dX,1cvmA,0.70033,0.75818,0.58772,0.63558,0.6444315314292908,0.8610830903053284,b.68.11.1,b.68.3.1,0.047860000000000014
1utcA,1hzuA,0.61748,0.61918,0.44036,0.44168,0.8029968738555908,0.8698123693466187,b.69.6.1,b.70.2.1,0.0013200000000000434
1uv4A,2f28A,0.64569,0.64569,0.5453,0.5453,0.8589762449264526,0.8967316150665283,b.67.2.1,b.68.1.1,0.0
1uv4A,2f24A,0.64956,0.64956,0.54768,0.54768,0.8530081510543823,0.8992929458618164,b.67.2.1,b.68.1.1,0.0
1v04A,2b4wA,0.52115,0.53671,0.52115,0.53671,0.8813521862030029,0.985245943069458,b.68.6.2,b.67.2.5,0.015560000000000018
1v04A,1s18A,0.55289,0.55289,0.55289,0.55289,0.8166691064834595,0.9646608233451844,b.68.6.2,b.67.3.1,0.0
1vyhC,1jmxB,0.71282,0.75275,0.66018,0.69689,0.7185273766517639,0.9077306389808656,b.69.4.1,b.69.2.2,0.03671000000000002
1vyhC,1jjuB,0.74925,0.78794,0.6955,0.73118,0.6689720749855042,0.9155393838882446,b.69.4.1,b.69.2.2,0.035680000000000045
1vyhC,2bzdA,0.63918,0.64013,0.36288,0.36359,0.8234829306602478,0.729826807975769,b.69.4.1,b.68.1.1,0.0007100000000000439
1wl7A,2f28A,0.62716,0.64068,0.55874,0.57065,0.8766446709632874,0.9266000986099244,b.67.2.1,b.68.1.1,0.011909999999999976
1x2jA,1xipA,0.60395,0.62169,0.49724,0.51208,0.5166983604431152,0.8000007271766663,b.68.11.1,l.1.1.1,0.014839999999999964
1xipA,1jmxB,0.56655,0.5867,0.56655,0.5867,0.7486479878425598,0.9737959504127502,l.1.1.1,b.69.2.2,0.02015
1yfqA,1v0zA,0.58504,0.60039,0.52879,0.5414,0.7888997793197632,0.8076502084732056,l.1.1.1,b.68.1.1,0.01261000000000001
1yfqA,2b8hA,0.57953,0.59534,0.52469,0.5382,0.7869089841842651,0.7917436361312866,l.1.1.1,b.68.1.1,0.013510000000000022
1yfqA,2htyA,0.58791,0.58791,0.53402,0.53402,0.7833405137062073,0.8363804817199707,l.1.1.1,b.68.1.0,0.0
1yfqA,1nmbN,0.5809,0.59868,0.52602,0.54103,0.7856570482254028,0.7853511571884155,l.1.1.1,b.68.1.1,0.015009999999999968
1yfqA,1l7hA,0.58003,0.59596,0.5255,0.53872,0.7887362241744995,0.795846700668335,l.1.1.1,b.68.1.1,0.01322000000000001
1yfqA,3nn9A,0.58009,0.58009,0.5255,0.5255,0.7991122007369995,0.7863982915878296,l.1.1.1,b.68.1.1,0.0
1yfqA,1nnaA,0.58219,0.59791,0.52811,0.5414,0.7948919534683228,0.790788471698761,l.1.1.1,b.68.1.1,0.013290000000000024
1yfqA,6nn9A,0.58089,0.59457,0.52593,0.53637,0.7991145849227905,0.7904225587844849,l.1.1.1,b.68.1.1,0.010440000000000005
1yfqA,1ncdN,0.57889,0.59821,0.52342,0.53945,0.7920349836349487,0.7907556295394897,l.1.1.1,b.68.1.1,0.01602999999999999
1zgkA,1utcA,0.58233,0.61205,0.48536,0.50843,0.5668463706970215,0.8320932388305664,b.68.11.1,b.69.6.1,0.023070000000000035
2aglA,1q7fA,0.53078,0.5606,0.53078,0.5606,0.7242041826248169,0.8462894558906555,,b.68.9.1,0.029819999999999958
2aglA,2bf6A,0.58059,0.62491,0.48228,0.52136,0.7781895995140076,0.8778305053710938,,,0.03908000000000006
2aglA,1iubA,0.54432,0.55272,0.54432,0.55272,0.7739331722259521,0.8676570653915405,,b.68.8.1,0.008399999999999963
2aglA,2f24A,0.55846,0.60792,0.55846,0.60792,0.8092665076255798,0.8622713088989258,,b.68.1.1,0.04946000000000006
2aglA,2f26A,0.55538,0.61036,0.55289,0.6076,0.792783260345459,0.8623896837234497,,b.68.1.1,0.054710000000000036
2b4wA,1e8tA,0.62555,0.62555,0.43454,0.43454,0.6864053010940552,0.8101621866226196,b.67.2.5,b.68.1.1,0.0
2b5nA,1ri6A,0.72039,0.7928,0.68119,0.74865,0.710303783416748,0.9799771308898926,,l.1.1.1,0.06746000000000008
2b5nA,1jmxB,0.62011,0.709,0.58061,0.66143,0.7908508777618408,0.9719034433364868,,b.69.2.2,0.08082
2b5nA,1u4cA,0.72427,0.76053,0.71052,0.74611,0.978046178817749,0.9910147190093994,,b.69.4.2,0.03559000000000001
2b5nA,1wcqA,0.6248,0.6248,0.35765,0.35765,0.8151116371154785,0.7902475595474243,,b.68.1.1,0.0
2bbkH,2h13A,0.6425,0.69648,0.6425,0.69648,0.8048046827316284,0.833807647228241,b.69.2.1,b.69.4.0,0.05398000000000003
2bbkH,1q7fA,0.525,0.525,0.525,0.525,0.7736672163009644,0.8301406502723694,b.69.2.1,b.68.9.1,0.0
2bbkH,1c9iA,0.58546,0.64931,0.58546,0.64931,0.8792509436607361,0.9584303498268129,b.69.2.1,b.69.6.1,0.06385000000000007
2bbkH,1rwiB,0.50029,0.53923,0.50029,0.53923,0.8076743483543396,0.7994685173034668,b.69.2.1,l.1.1.1,0.038939999999999975
2bbkH,1p22A,0.61126,0.65892,0.54907,0.59102,0.7848124504089355,0.8922867774963379,b.69.2.1,l.1.1.1,0.04195000000000004
2bbkH,1qlgA,0.54398,0.57952,0.54398,0.57952,0.7341769933700562,0.8412216305732727,b.69.2.1,b.68.3.1,0.035540000000000016
2bbkH,2ht5A,0.57256,0.57256,0.53519,0.53519,0.7969080209732056,0.865298867225647,b.69.2.1,b.68.1.0,0.0
2bbkH,2batA,0.56634,0.56634,0.52881,0.52881,0.8112663626670837,0.8622041940689087,b.69.2.1,b.68.1.1,0.0
2bbkH,1nmaN,0.55783,0.6135,0.53145,0.58281,0.8370634317398071,0.8620113134384155,b.69.2.1,b.68.1.1,0.05136000000000007
2bbkH,1l7hA,0.56759,0.56759,0.53002,0.53002,0.805734395980835,0.8516368865966797,b.69.2.1,b.68.1.1,0.0
2bbkH,1v0zA,0.56886,0.56886,0.53004,0.53004,0.8063066005706787,0.8580440282821655,b.69.2.1,b.68.1.1,0.0
2bbkH,5nn9A,0.5688,0.61393,0.53089,0.5707,0.8191426992416382,0.8574124574661255,b.69.2.1,b.68.1.1,0.03981000000000001
2bbkH,1l7gA,0.56704,0.56704,0.52936,0.52936,0.8058838248252869,0.8487396240234375,b.69.2.1,b.68.1.1,0.0
2bbkH,1ncaN,0.56753,0.61387,0.52879,0.56933,0.8143588304519653,0.8473284244537354,b.69.2.1,b.68.1.1,0.04054000000000002
2bbkH,2b8hA,0.56731,0.56731,0.52972,0.52972,0.8040326833724976,0.8482736349105835,b.69.2.1,b.68.1.1,0.0
2bbkH,1nmbN,0.56943,0.61389,0.53147,0.57053,0.8079783916473389,0.8528881072998047,b.69.2.1,b.68.1.1,0.039059999999999984
2bbkH,4nn9A,0.56787,0.61444,0.5301,0.57101,0.8195047974586487,0.8568534851074219,b.69.2.1,b.68.1.1,0.04091
2bbkH,6nn9A,0.56868,0.61422,0.53074,0.57099,0.8248547315597534,0.859406590461731,b.69.2.1,b.68.1.1,0.04025000000000001
2bbkH,1ncdN,0.56783,0.61256,0.52907,0.56855,0.8150461912155151,0.8563569784164429,b.69.2.1,b.68.1.1,0.03947999999999996
2bbkH,2htvA,0.56456,0.56456,0.5269,0.5269,0.8062761425971985,0.874904990196228,b.69.2.1,b.68.1.0,0.0
2bbkH,2htyA,0.56221,0.56221,0.52789,0.52789,0.7917672395706177,0.8737599849700928,b.69.2.1,b.68.1.0,0.0
2bbkH,2aepA,0.56449,0.56449,0.52706,0.52706,0.7991174459457397,0.8588327169418335,b.69.2.1,b.68.1.1,0.0
2bbkH,1sntA,0.54089,0.59194,0.54089,0.59194,0.8164452910423279,0.8329243063926697,b.69.2.1,b.68.1.1,0.05105000000000004
2bbkH,3nn9A,0.56817,0.56817,0.53042,0.53042,0.826235294342041,0.8577813506126404,b.69.2.1,b.68.1.1,0.0
2bbkH,1a14N,0.56881,0.56881,0.53096,0.53096,0.8130364418029785,0.8488945960998535,b.69.2.1,b.68.1.1,0.0
2bbkH,1inyA,0.56753,0.61109,0.52984,0.56828,0.8290454149246216,0.8588825464248657,b.69.2.1,b.68.1.1,0.03844000000000003
2bbkH,2fp8A,0.49704,0.57496,0.49704,0.57496,0.8265655040740967,0.809027910232544,b.69.2.1,,0.07792000000000004
2bbkH,1infA,0.57893,0.57893,0.53778,0.53778,0.8228083252906799,0.8355912566184998,b.69.2.1,b.68.1.1,0.0
2bf6A,2mtaH,0.4709,0.50275,0.4709,0.50275,0.7884236574172974,0.8606197834014893,,b.69.2.1,0.031850000000000045
2bf6A,1zgkA,0.48766,0.53755,0.48766,0.53755,0.488240897655487,0.7572015523910522,,b.68.11.1,0.04988999999999999
2cnxA,2mtaH,0.72451,0.79083,0.61066,0.66535,0.770751416683197,0.8194764256477356,b.69.4.0,b.69.2.1,0.054690000000000016
2cnxA,1mg2A,0.72867,0.79516,0.60164,0.65469,0.7743932008743286,0.8192896842956543,b.69.4.0,b.69.2.1,0.05305000000000004
2cnxA,2gc4A,0.72648,0.79273,0.60009,0.653,0.7742022275924683,0.8194972276687622,b.69.4.0,b.69.2.0,0.05291000000000001
2cnxA,2bbkH,0.72285,0.79228,0.63618,0.69617,0.8024955987930298,0.8348566293716431,b.69.4.0,b.69.2.1,0.05998999999999999
2cnxA,1eurA,0.6634,0.6634,0.57776,0.57776,0.8673630952835083,0.7763989567756653,b.69.4.0,b.68.1.1,0.0
2co0A,1jjuB,0.74645,0.7952,0.68169,0.72594,0.6645494699478149,0.9299296736717224,b.69.4.0,b.69.2.2,0.04425000000000001
2co0A,1mg2A,0.73724,0.78475,0.605,0.64266,0.7770745754241943,0.8181777596473694,b.69.4.0,b.69.2.1,0.03766000000000003
2co0A,2gc4A,0.73501,0.79445,0.60337,0.65093,0.7766826152801514,0.818432092666626,b.69.4.0,b.69.2.0,0.04756000000000005
2co0A,2bbkH,0.73062,0.7941,0.63909,0.69401,0.8034778833389282,0.8336470127105713,b.69.4.0,b.69.2.1,0.05491999999999997
2dg0A,1crzA,0.63575,0.66342,0.52161,0.54341,0.5784239768981934,0.8724350929260254,l.1.1.1,c.51.2.1,0.02179999999999993
2dg0A,1gq1A,0.61016,0.57522,0.38281,0.35987,0.526755154132843,0.7529448866844177,l.1.1.1,b.70.2.1,-0.02293999999999996
2dg0A,1gxrA,0.67001,0.67001,0.63843,0.63843,0.9120280146598816,0.8966553807258606,l.1.1.1,l.1.1.1,0.0
2dg0A,1vyhC,0.63718,0.63718,0.63718,0.63718,0.8892666697502136,0.7897518873214722,l.1.1.1,b.69.4.1,0.0
2dsoA,2aglA,0.57822,0.63222,0.52781,0.57622,0.7354258298873901,0.8622286319732666,l.1.1.1,,0.04840999999999995
2dsoA,1jjuB,0.57227,0.59464,0.55076,0.57267,0.7149564623832703,0.8953889608383179,l.1.1.1,b.69.2.2,0.021909999999999985
2dsoA,2bbkH,0.56078,0.61876,0.51722,0.57199,0.7828031778335571,0.8395493030548096,l.1.1.1,b.69.2.1,0.054769999999999985
2dsoA,2b5nA,0.6094,0.6094,0.6094,0.6094,0.8976914286613464,0.86672043800354,l.1.1.1,,0.0
2f24A,2mtaH,0.54892,0.59003,0.53193,0.57231,0.8231914043426514,0.841800332069397,b.68.1.1,b.69.2.1,0.04037999999999997
2f26A,1jmxB,0.54301,0.54474,0.54301,0.54474,0.6486866474151611,0.8915390372276306,b.68.1.1,b.69.2.2,0.0017300000000000093
2f28A,2mtaH,0.54731,0.56768,0.52917,0.54901,0.807668924331665,0.8485608100891113,b.68.1.1,b.69.2.1,0.01983999999999997
2fawA,1sntA,0.63734,0.63734,0.4838,0.4838,0.6871503591537476,0.8227502703666687,,b.68.1.1,0.0
2fp8A,2h3xA,0.59428,0.63798,0.51852,0.55319,0.7644460797309875,0.8291012048721313,,,0.03466999999999998
2fp8A,2g8sA,0.69683,0.69683,0.62461,0.62461,0.8490689396858215,0.8769576549530029,,,0.0
2fp8A,2hxcA,0.5896,0.63762,0.51471,0.55265,0.777177631855011,0.8340129852294922,,,0.037939999999999974
2fp8A,2aglA,0.58938,0.6391,0.51338,0.5528,0.7774227857589722,0.8327561616897583,,,0.03942000000000001
2fp8A,1bpoA,0.602,0.602,0.4041,0.4041,0.7835532426834106,0.805533766746521,,b.69.6.1,0.0
2fp8A,1c9iA,0.59992,0.59992,0.52511,0.52511,0.8126731514930725,0.8918113112449646,,b.69.6.1,0.0
2fp8A,1c9lA,0.59906,0.60491,0.52199,0.52561,0.8075852394104004,0.8808696269989014,,b.69.6.1,0.0036200000000000676
2fp8A,2htyA,0.63461,0.68026,0.51956,0.55432,0.8078158497810364,0.8410916328430176,,b.68.1.0,0.03476000000000001
2fpbA,2mtaH,0.58724,0.60384,0.48791,0.5062,0.7656384706497192,0.807402491569519,,b.69.2.1,0.018289999999999973
2fpbA,1mg2A,0.58664,0.61098,0.47711,0.50248,0.7619631290435791,0.8077148199081421,,b.69.2.1,0.02537000000000006
2fpbA,2bbkH,0.56603,0.60585,0.49593,0.52802,0.8390332460403442,0.8126619458198547,,b.69.2.1,0.03209000000000006
2fpbA,2h3xA,0.5871,0.5871,0.50856,0.50856,0.7844103574752808,0.8318122625350952,,,0.0
2fpbA,2gc4A,0.57978,0.60862,0.47327,0.50073,0.7621347308158875,0.7976980209350586,,b.69.2.0,0.027459999999999984
2fpbA,2aglA,0.58249,0.63135,0.50361,0.54255,0.7953453063964844,0.8354803323745728,,,0.038939999999999975
2fpbA,2hxcA,0.58287,0.63162,0.50512,0.54399,0.7928000688552856,0.8366536498069763,,,0.03886999999999996
2fpbA,1c9iA,0.60458,0.60458,0.52644,0.52644,0.8387904167175293,0.8970807194709778,,b.69.6.1,0.0
2fpbA,1bpoA,0.60884,0.60884,0.40611,0.40611,0.8135428428649902,0.8124181628227234,,b.69.6.1,0.0
2g8sA,2fpbA,0.62143,0.62143,0.62143,0.62143,0.8660820126533508,0.8723469376564026,,,0.0
2g8sA,1crzA,0.55088,0.59944,0.48513,0.5268,0.6796237826347351,0.8460986614227295,,c.51.2.1,0.04167000000000004
2g8sA,2ghsA,0.62809,0.62456,0.62809,0.62456,0.794750988483429,0.8785077333450317,,b.68.6.1,-0.003530000000000033
2g99A,1jjuB,0.74784,0.79832,0.68299,0.72888,0.6635109186172485,0.9323676228523254,b.69.4.0,b.69.2.2,0.045889999999999986
2g99A,2mtaH,0.73165,0.79372,0.6126,0.66403,0.7690417170524597,0.8215204477310181,b.69.4.0,b.69.2.1,0.051429999999999976
2g99A,1mg2A,0.73389,0.79807,0.60235,0.65338,0.7727384567260742,0.821464478969574,b.69.4.0,b.69.2.1,0.05102999999999991
2g99A,2g8sA,0.65427,0.65427,0.59187,0.59187,0.8451076745986938,0.8379197120666504,b.69.4.0,,0.0
2g9aA,1jmxB,0.70428,0.73304,0.6515,0.67958,0.7139507532119751,0.9348964691162108,l.1.1.1,b.69.2.2,0.028079999999999994
2g9aA,1jjuB,0.73157,0.7987,0.67989,0.74046,0.6723260283470154,0.9390823245048524,l.1.1.1,b.69.2.2,0.06057000000000001
2g9aA,2mtaH,0.72017,0.76689,0.61321,0.65292,0.7649083137512207,0.8316351175308228,l.1.1.1,b.69.2.1,0.03970999999999991
2g9aA,1eurA,0.6577,0.6577,0.57875,0.57875,0.8637222647666931,0.7867587208747864,l.1.1.1,b.68.1.1,0.0
2ghsA,2bf6A,0.71207,0.71856,0.48843,0.49388,0.7931049466133118,0.8416465520858765,b.68.6.1,,0.00545000000000001
2gnqA,1ofzA,0.63613,0.64281,0.63613,0.64281,0.948277235031128,0.967981219291687,b.69.4.0,b.68.8.1,0.006680000000000019
2gnqA,2fpbA,0.63965,0.63965,0.63965,0.63965,0.928017556667328,0.8531375527381897,b.69.4.0,,0.0
2gvuA,1jjuB,0.56874,0.59337,0.53422,0.55765,0.7025842070579529,0.9145333766937256,b.68.6.1,b.69.2.2,0.02342999999999995
2gvuA,2gc4A,0.5806,0.59435,0.49177,0.5043,0.701582670211792,0.8185465931892395,b.68.6.1,b.69.2.0,0.012529999999999986
2gvxA,1jjuB,0.57012,0.59346,0.53562,0.55776,0.7038811445236206,0.911590814590454,b.68.6.1,b.69.2.2,0.02214000000000005
2gvxA,1lrwA,0.60515,0.61408,0.35834,0.35526,0.7244099378585815,0.6924429535865784,b.68.6.1,b.70.1.1,-0.0030799999999999716
2h13A,2mtaH,0.73865,0.79652,0.61646,0.66449,0.7751270532608032,0.8182575106620789,b.69.4.0,b.69.2.1,0.04803000000000002
2h13A,2gc4A,0.74186,0.79951,0.60677,0.65223,0.7791494131088257,0.8181139230728149,b.69.4.0,b.69.2.0,0.045459999999999945
2h2nA,1vyhC,0.50777,0.50777,0.50777,0.50777,0.6882847547531128,0.6523370742797852,b.67.3.1,b.69.4.1,0.0
2h2nA,2g99A,0.52978,0.5402,0.52978,0.5402,0.6945105791091919,0.6747269034385681,b.67.3.1,b.69.4.0,0.010419999999999985
2h2uA,1sq9A,0.51227,0.58304,0.44315,0.50524,0.7796450853347778,0.7417936325073242,b.67.3.1,b.69.4.1,0.062090000000000034
2h2uA,1st8A,0.61003,0.6657,0.38333,0.42123,0.7962045669555664,0.8379135131835938,b.67.3.1,,0.03789999999999999
2h2uA,1s4uX,0.53418,0.56907,0.48479,0.5173,0.7330254316329956,0.7402247190475464,b.67.3.1,b.69.4.1,0.03250999999999998
2h3xA,1a0rB,0.63007,0.68989,0.63007,0.68989,0.8147423267364502,0.8641834259033203,,b.69.4.1,0.059819999999999984
2h3xA,2bf6A,0.56374,0.60771,0.47094,0.50374,0.7617473602294922,0.8760207891464233,,,0.03279999999999994
2h68A,1jjuB,0.74819,0.79341,0.68327,0.72436,0.6671974062919617,0.930426299571991,b.69.4.0,b.69.2.2,0.04108999999999996
2h68A,2mtaH,0.73031,0.77631,0.61151,0.65098,0.770608127117157,0.8190757632255554,b.69.4.0,b.69.2.1,0.039470000000000005
2h68A,2gc4A,0.73125,0.78357,0.60075,0.64168,0.773808479309082,0.8194381594657898,b.69.4.0,b.69.2.0,0.04093000000000002
2h68A,1mdaH,0.73024,0.78319,0.61821,0.66257,0.7765133380889893,0.8205885887145996,b.69.4.0,b.69.2.1,0.044359999999999955
2h9lA,1jjuB,0.71125,0.76349,0.6814,0.73112,0.6782727241516113,0.9392529726028442,l.1.1.1,b.69.2.2,0.049719999999999986
2h9lA,2mtaH,0.69524,0.75148,0.61045,0.65926,0.7960662245750427,0.8305004239082336,l.1.1.1,b.69.2.1,0.04880999999999991
2h9lA,2gc4A,0.69723,0.75079,0.59987,0.64471,0.8001766204833984,0.8312546014785767,l.1.1.1,b.69.2.0,0.04483999999999999
2h9lA,1mg2A,0.69946,0.75106,0.60157,0.64466,0.7999051213264465,0.8313187956809998,l.1.1.1,b.69.2.1,0.04308999999999996
2h9lA,2bbkH,0.69457,0.75006,0.63656,0.68724,0.826941728591919,0.8442521095275879,l.1.1.1,b.69.2.1,0.05067999999999995
2h9lA,2j04B,0.80241,0.80115,0.56705,0.56665,0.8427084684371948,0.8571969270706177,l.1.1.1,,-0.00040000000000006697
2h9mA,1ijqA,0.66649,0.66477,0.65888,0.65719,0.6326174736022949,0.9174588918685912,b.69.4.0,g.3.11.1,-0.0016899999999999693
2htvA,2iarA,0.54414,0.54414,0.54414,0.54414,0.8048348426818848,0.8419374227523804,b.68.1.0,b.68.6.1,0.0
2htyA,2iaqA,0.54958,0.56239,0.54958,0.56239,0.8084036111831665,0.8556737899780273,b.68.1.0,b.68.6.1,0.012809999999999988
2hxcA,1s4uX,0.65991,0.70539,0.65991,0.70539,0.8207365870475769,0.8837099075317383,,b.69.4.1,0.045479999999999965
2hxcA,1sntA,0.55891,0.60565,0.55891,0.60565,0.7928377389907837,0.860259473323822,,b.68.1.1,0.046740000000000004
2hxcA,2f24A,0.56024,0.60735,0.56024,0.60735,0.8001874685287476,0.8642325401306152,,b.68.1.1,0.047109999999999985
2i3sA,1jjuB,0.67485,0.71822,0.66956,0.71256,0.7067670822143555,0.9615402221679688,b.69.4.2,b.69.2.2,0.04299999999999993
2i3sA,1v0zA,0.59597,0.594,0.5267,0.52419,0.7922881841659546,0.7907938957214355,b.69.4.2,b.68.1.1,-0.002509999999999901
2i3sA,1l7gA,0.58696,0.59381,0.51965,0.52606,0.7916397452354431,0.7751392126083374,b.69.4.2,b.68.1.1,0.006410000000000027
2i3sA,1l7hA,0.58741,0.59404,0.5202,0.52623,0.7932366728782654,0.7790687680244446,b.69.4.2,b.68.1.1,0.00602999999999998
2i3sA,2b8hA,0.58632,0.59313,0.51915,0.52538,0.7913753986358643,0.7748655676841736,b.69.4.2,b.68.1.1,0.006229999999999958
2i3sA,2htvA,0.58665,0.58665,0.52019,0.52019,0.8048325777053833,0.8157641887664795,b.69.4.2,b.68.1.0,0.0
2i3sA,1nmaN,0.58732,0.59387,0.53134,0.53708,0.8053730726242065,0.7744876146316528,b.69.4.2,b.68.1.1,0.005739999999999967
2i3sA,2aepA,0.5945,0.60107,0.52652,0.53253,0.7957518696784973,0.7946574091911316,b.69.4.2,b.68.1.1,0.00600999999999996
2i3sA,5nn9A,0.58695,0.59472,0.51992,0.5261,0.8003132939338684,0.7728998064994812,b.69.4.2,b.68.1.1,0.006179999999999963
2i3sA,1ncdN,0.58677,0.59461,0.51847,0.52552,0.7959834337234497,0.7743949890136719,b.69.4.2,b.68.1.1,0.007050000000000001
2i3sA,1nccN,0.58832,0.59835,0.51999,0.52853,0.8005163669586182,0.7742595672607422,b.69.4.2,b.68.1.1,0.008540000000000103
2i3sA,6nn9A,0.5876,0.59689,0.52024,0.52842,0.8026746511459351,0.7746298313140869,b.69.4.2,b.68.1.1,0.008179999999999965
2i3sA,1ncaN,0.58801,0.59722,0.51957,0.52772,0.8013153076171875,0.7690219283103943,b.69.4.2,b.68.1.1,0.00814999999999999
2i3sA,1nmbN,0.58899,0.57358,0.52152,0.50794,0.7897651195526123,0.7683923244476318,b.69.4.2,b.68.1.1,-0.013580000000000036
2i3sA,4nn9A,0.5876,0.59617,0.52027,0.52788,0.8017797470092773,0.76911461353302,b.69.4.2,b.68.1.1,0.007610000000000006
2i3sA,2batA,0.59518,0.59518,0.52706,0.52706,0.8071581125259399,0.7960227727890015,b.69.4.2,b.68.1.1,0.0
2i3sA,1vcjA,0.60316,0.61843,0.53225,0.5437,0.8064366579055786,0.7870784997940063,b.69.4.2,b.68.1.1,0.01144999999999996
2i3sA,1a4gA,0.60174,0.62142,0.53,0.5452,0.8139450550079346,0.783376932144165,b.69.4.2,b.68.1.1,0.015199999999999991
2i3tA,1ncdN,0.59049,0.58859,0.52171,0.52039,0.7952464818954468,0.781110405921936,b.69.4.2,b.68.1.1,-0.0013199999999999878
2i3tA,2b8hA,0.57888,0.58824,0.51427,0.52152,0.7908656001091003,0.7814807891845703,b.69.4.2,b.68.1.1,0.007249999999999979
2iapA,1jjuB,0.56687,0.63114,0.53255,0.59179,0.7037990093231201,0.9094076156616212,b.68.6.1,b.69.2.2,0.05924000000000007
2iapA,2g8sA,0.7035,0.72473,0.64793,0.66673,0.8372176885604858,0.885872483253479,b.68.6.1,,0.01880000000000004
2iaqA,1jofA,0.65472,0.66884,0.58624,0.59986,0.6828747391700745,0.911268949508667,b.68.6.1,b.69.10.1,0.013619999999999965
2iaqA,2g8sA,0.7044,0.72326,0.64858,0.66545,0.8368579149246216,0.8869445323944092,b.68.6.1,,0.01686999999999994
2iaqA,1l7gA,0.65584,0.65584,0.5474,0.5474,0.7979626655578613,0.8371109962463379,b.68.6.1,b.68.1.1,0.0
2iarA,1jjuB,0.56606,0.59107,0.53198,0.55549,0.7005345821380615,0.9100074172019958,b.68.6.1,b.69.2.2,0.02351000000000003
2iarA,1hzvA,0.60143,0.58507,0.39735,0.39105,0.609742283821106,0.7950897216796875,b.68.6.1,b.70.2.1,-0.006299999999999972
2iarA,1b9sA,0.68816,0.69164,0.56857,0.57378,0.8079379796981812,0.8345530033111572,b.68.6.1,b.68.1.1,0.005209999999999937
2iasA,1jjuB,0.56659,0.62924,0.53242,0.59014,0.702326774597168,0.913100004196167,b.68.6.1,b.69.2.2,0.057719999999999994
2iasA,1jofA,0.65407,0.66795,0.58572,0.59917,0.6810010075569153,0.912282943725586,b.68.6.1,b.69.10.1,0.013449999999999962
2iatA,1jjuB,0.56812,0.59215,0.53363,0.55654,0.7030066847801208,0.9103152751922609,b.68.6.1,b.69.2.2,0.022909999999999986
2iauA,1jjuB,0.56852,0.59246,0.53403,0.5568,0.7081810235977173,0.9076185822486876,b.68.6.1,b.69.2.2,0.022769999999999957
2iauA,1jofA,0.65474,0.66919,0.58627,0.60024,0.6843396425247192,0.9073042869567872,b.68.6.1,b.69.10.1,0.013970000000000038
2iavA,1jjuB,0.56726,0.62657,0.53285,0.58775,0.7072649002075195,0.9109959602355956,b.68.6.1,b.69.2.2,0.05489999999999995
2iavA,2g8sA,0.70542,0.72477,0.64944,0.66676,0.8367729187011719,0.8796618580818176,b.68.6.1,,0.017320000000000002
2iavA,1jofA,0.65455,0.66851,0.58612,0.59965,0.686393678188324,0.9106796383857728,b.68.6.1,b.69.10.1,0.013530000000000042
2iawA,1jjuB,0.56804,0.59222,0.53371,0.55662,0.7043356895446777,0.9090313911437988,b.68.6.1,b.69.2.2,0.022909999999999986
2iawA,2g8sA,0.70519,0.72434,0.64926,0.6664,0.8373815417289734,0.8778152465820312,b.68.6.1,,0.017140000000000044
2iaxA,1jjuB,0.5677,0.59197,0.53332,0.5564,0.702089786529541,0.9108169674873352,b.68.6.1,b.69.2.2,0.02307999999999999
2iaxA,2d0vA,0.6127,0.6127,0.35741,0.35741,0.7242287397384644,0.6910682916641235,b.68.6.1,b.70.1.1,0.0
2iaxA,1jofA,0.65509,0.6694,0.58654,0.60026,0.6820149421691895,0.9111117124557496,b.68.6.1,b.69.10.1,0.013720000000000065
2mtaH,1kv9A,0.6083,0.6225,0.37335,0.37783,0.7637169361114502,0.8185216188430786,b.69.2.1,b.70.1.1,0.004479999999999984
2mtaH,1q7fA,0.50555,0.50555,0.50555,0.50555,0.6968414783477783,0.8186504244804382,b.69.2.1,b.68.9.1,0.0
3silA,1gyeB,0.54476,0.54008,0.54476,0.54008,0.8464393615722656,0.8981571793556213,b.68.1.1,b.67.2.1,-0.0046800000000000175
3silA,2g8sA,0.60526,0.60526,0.60526,0.60526,0.9765253067016602,0.9583431482315063,b.68.1.1,,0.0
3silA,2hxcA,0.53466,0.53941,0.53466,0.53941,0.8213546872138977,0.8625483512878418,b.68.1.1,,0.004749999999999921
1ab0A,1k24A,0.61018,0.61018,0.36241,0.36241,0.7290832996368408,0.7039162516593933,b.60.1.2,f.4.4.2,0.0
1avdA,1swfA,0.55821,0.79373,0.5569,0.5569,0.8659140467643738,0.7853115797042847,b.61.1.1,b.61.1.1,0.0
1df8A,1swfA,0.69044,0.94075,0.69044,0.69305,0.8716517686843872,0.8120423555374146,b.61.1.1,b.61.1.1,0.002610000000000001
1hqqA,1swfA,0.68349,0.92757,0.68089,0.68355,0.8717461824417114,0.8225752115249634,b.61.1.1,b.61.1.1,0.0026599999999999957
1hqqA,1qjpA,0.61708,0.61918,0.54845,0.55161,0.9491994380950928,0.9470322132110596,b.61.1.1,f.4.1.1,0.0031600000000000517
1i9hA,2c4iA,0.51774,0.83413,0.28893,0.43302,0.8489639759063721,0.8455929756164551,b.61.1.1,,0.14409
1kffA,1swfA,0.67751,0.91971,0.67237,0.67511,0.8684765100479126,0.8170033693313599,b.61.1.1,b.61.1.1,0.0027399999999999647
1kl4A,1swfA,0.67702,0.9192,0.67197,0.67468,0.8681093454360962,0.8120363354682922,b.61.1.1,b.61.1.1,0.00270999999999999
1lcvA,1swfA,0.67559,0.92484,0.67209,0.67511,0.8635896444320679,0.7988947033882141,b.61.1.1,b.61.1.1,0.0030200000000000227
1lczA,2ervA,0.67126,0.67126,0.55827,0.55827,0.9460376501083374,0.9466225504875184,b.61.1.1,,0.0
1mepA,1swfA,0.67945,0.92572,0.6766,0.67941,0.8746400475502014,0.8143246173858643,b.61.1.1,b.61.1.1,0.002809999999999979
1mk5A,1swfA,0.67463,0.93251,0.67283,0.67578,0.8633447885513306,0.8028969764709473,b.61.1.1,b.61.1.1,0.002950000000000008
1mm9A,1swfA,0.63334,0.86396,0.63109,0.63389,0.877385675907135,0.819841206073761,b.61.1.1,b.61.1.1,0.0027999999999999137
1moyA,1swfA,0.63864,0.87359,0.63636,0.63912,0.875464677810669,0.8231886625289917,b.61.1.1,b.61.1.1,0.0027599999999999847
1n43A,1swfA,0.6839,0.93562,0.6839,0.6839,0.8781073689460754,0.8206084370613098,b.61.1.1,b.61.1.1,0.0
1n7yA,1swfA,0.71847,0.96824,0.71367,0.71616,0.8388294577598572,0.832679808139801,b.61.1.1,b.61.1.1,0.0024899999999999922
1n9mA,1swfA,0.66652,0.91968,0.66466,0.66724,0.8723069429397583,0.8012247681617737,b.61.1.1,b.61.1.1,0.0025800000000000267
1n9mA,1qjpA,0.5671,0.65024,0.5166,0.5886,0.9618000984191896,0.9596617221832277,b.61.1.1,f.4.1.1,0.07200000000000006
1nbxA,1swfA,0.67991,0.92147,0.67468,0.67711,0.8703058958053589,0.8073446154594421,b.61.1.1,b.61.1.1,0.0024300000000000432
1ndjA,1swfA,0.68445,0.93711,0.68445,0.68445,0.879486083984375,0.8182323575019836,b.61.1.1,b.61.1.1,0.0
1nqmA,2c4iA,0.50405,0.84601,0.28116,0.43268,0.8382889032363892,0.8372347950935364,b.61.1.1,,0.15152
1ptsA,1swfA,0.66793,0.9392,0.66793,0.66793,0.8656693696975708,0.7983776330947876,b.61.1.1,b.61.1.1,0.0
1qjpA,2bc3A,0.56224,0.55721,0.5359,0.53164,0.9359292984008788,0.952467918395996,f.4.1.1,l.1.1.1,-0.0042600000000000415
1qjpA,1mk5A,0.52761,0.57674,0.52761,0.57674,0.97059166431427,0.9628568887710572,f.4.1.1,b.61.1.1,0.04913000000000001
1ravA,1swfA,0.55573,0.78967,0.55413,0.55413,0.8577485084533691,0.7816281318664551,b.61.1.1,b.61.1.1,0.0
1rstB,1swfA,0.66179,0.91362,0.65664,0.6615,0.8665470480918884,0.8199372291564941,b.61.1.1,b.61.1.1,0.0048599999999999755
1rstB,2ervA,0.62488,0.62488,0.53345,0.53345,0.9504278302192688,0.9478346705436708,b.61.1.1,,0.0
1rxhA,1swfA,0.67408,0.93135,0.67408,0.67408,0.8768800497055054,0.8134236931800842,b.61.1.1,b.61.1.1,0.0
1rxjA,1swfA,0.70316,0.95454,0.69749,0.70019,0.8577419519424438,0.8319483995437622,b.61.1.1,b.61.1.1,0.0026999999999999247
1rxkA,1swfA,0.67936,0.92937,0.67402,0.67726,0.8665434122085571,0.8092050552368164,b.61.1.1,b.61.1.1,0.0032400000000000206
1rxkA,1qjpA,0.62407,0.6254,0.55873,0.56079,0.9462928175926208,0.9528918266296388,b.61.1.1,f.4.1.1,0.0020600000000000618
1sa8A,1r0uA,0.52642,0.61738,0.42423,0.49417,0.8700978755950928,0.94175785779953,b.60.1.2,b.60.1.5,0.06994
1strB,1swfA,0.66563,0.92266,0.65969,0.66595,0.8622747659683228,0.7998784780502319,b.61.1.1,b.61.1.1,0.006260000000000043
1swfA,1stpA,0.6938,0.97397,0.66558,0.66558,0.8725000619888306,0.8058570623397827,b.61.1.1,b.61.1.1,0.0
1swfA,2bc3A,0.71764,0.97539,0.56062,0.56062,0.8382792472839355,0.7315775156021118,b.61.1.1,l.1.1.1,0.0
1swfA,1i9hA,0.70484,0.96491,0.67291,0.67291,0.8612268567085266,0.8007402420043945,b.61.1.1,b.61.1.1,0.0
1swfA,1lczA,0.70373,0.95768,0.68459,0.68459,0.8627323508262634,0.8119630217552185,b.61.1.1,b.61.1.1,0.0
1swfA,1nqmA,0.69172,0.94654,0.68022,0.68022,0.8732961416244507,0.8162571787834167,b.61.1.1,b.61.1.1,0.0
1swhA,1swfA,0.71341,0.96884,0.70818,0.71068,0.8384729623794556,0.8281927108764648,b.61.1.1,b.61.1.1,0.0024999999999999467
1swlA,1swfA,0.67806,0.92431,0.67528,0.6779,0.8723848462104797,0.8117563724517822,b.61.1.1,b.61.1.1,0.0026199999999999557
1swoA,1swfA,0.67718,0.91858,0.67206,0.67458,0.8705320954322815,0.8083573579788208,b.61.1.1,b.61.1.1,0.0025199999999999667
1swqA,1swfA,0.72051,0.96894,0.71561,0.71824,0.8375275731086731,0.8316330313682556,b.61.1.1,b.61.1.1,0.002630000000000021
1swsA,1swfA,0.70678,0.95882,0.70678,0.70678,0.8575072884559631,0.8288075923919678,b.61.1.1,b.61.1.1,0.0
1swsA,1qjpA,0.5931,0.6673,0.51503,0.57429,0.9480010271072388,0.9410284161567688,b.61.1.1,f.4.1.1,0.05925999999999998
1vyoA,1swfA,0.56631,0.80513,0.56618,0.56618,0.8561737537384033,0.804375946521759,b.61.1.1,b.61.1.1,0.0
1wbiA,1swfA,0.56464,0.79613,0.56303,0.56303,0.8573755025863647,0.777245283126831,b.61.1.1,b.61.1.1,0.0
1wbiA,1qjpA,0.63188,0.63188,0.57776,0.57776,0.9614464044570924,0.9723532795906068,b.61.1.1,f.4.1.1,0.0
1y52X,1swfA,0.57977,0.81771,0.57748,0.57748,0.8663161993026733,0.7795141935348511,l.1.1.1,b.61.1.1,0.0
2a5bA,1swfA,0.55674,0.78941,0.5558,0.5558,0.8648310899734497,0.7863291501998901,b.61.1.1,b.61.1.1,0.0
2a5bA,2g16B,0.39612,0.39612,0.32451,0.32451,0.6373075246810913,0.5593417286872864,b.61.1.1,,0.0
2a5cA,1swfA,0.56115,0.79762,0.56148,0.56148,0.8664712309837341,0.7922143340110779,b.61.1.1,b.61.1.1,0.0
2a8gA,1swfA,0.5684,0.80849,0.56921,0.56921,0.8736648559570312,0.7975406050682068,b.61.1.1,b.61.1.1,0.0
2c4iA,1stpA,0.28615,0.43872,0.28615,0.43872,0.8358862400054932,0.8366958498954773,,b.61.1.1,0.15256999999999998
2c4iA,1ravA,0.31284,0.48434,0.31284,0.48434,0.8547861576080322,0.8491224050521851,,b.61.1.1,0.17149999999999999
2c4iA,2a5cA,0.31768,0.45814,0.31768,0.45814,0.858628511428833,0.8310657739639282,,b.61.1.1,0.14045999999999997
2c4iA,2camA,0.31806,0.46103,0.31806,0.46103,0.8511695265769958,0.8481522798538208,,b.61.1.1,0.14296999999999999
2c4iA,1avdA,0.28968,0.49527,0.28968,0.49527,0.855409562587738,0.8350057601928711,,b.61.1.1,0.20559
2c4iA,2a5bA,0.31595,0.47434,0.31595,0.47434,0.8596476316452026,0.8409813046455383,,b.61.1.1,0.15838999999999998
2c4iA,1wbiA,0.32727,0.47927,0.32727,0.47927,0.8551765084266663,0.8403503894805908,,b.61.1.1,0.15199999999999997
2c4iA,2bc3A,0.31562,0.41957,0.31562,0.41957,0.8606510162353516,0.8652337789535522,,l.1.1.1,0.10394999999999999
2c4iA,1moyA,0.30665,0.41831,0.30665,0.41831,0.8442643284797668,0.81775963306427,,b.61.1.1,0.11166000000000004
2c4iA,1rstB,0.30113,0.42073,0.30113,0.42073,0.8535076975822449,0.830109715461731,,b.61.1.1,0.11959999999999998
2c4iA,1mm9A,0.29734,0.41942,0.29734,0.41942,0.8458367586135864,0.828342854976654,,b.61.1.1,0.12208000000000002
2c4iA,1strB,0.30366,0.42528,0.30366,0.42528,0.8492869138717651,0.8463857769966125,,b.61.1.1,0.12162
2camA,1swfA,0.55582,0.78919,0.55443,0.55443,0.8635191917419434,0.787798285484314,b.61.1.1,b.61.1.1,0.0
2ervA,1g90A,0.64368,0.64368,0.56013,0.56013,0.990393877029419,0.9914766550064088,,f.4.1.1,0.0
2fhlA,1swfA,0.58004,0.81848,0.57808,0.57808,0.8756069540977478,0.7840538620948792,l.1.1.1,b.61.1.1,0.0
2frsA,1r0uA,0.49146,0.56025,0.44751,0.50728,0.8979063034057617,0.9708264470100404,b.60.1.2,b.60.1.5,0.059769999999999934
2izbA,1swfA,0.63667,0.92594,0.63368,0.63368,0.8820316791534424,0.7853251695632935,b.61.1.1,b.61.1.1,0.0
1dslA,1npsA,0.7674,0.7674,0.7674,0.7674,0.9964802265167236,0.9870903491973876,b.11.1.1,b.11.1.1,0.0
1gamA,1npsA,0.76374,0.82257,0.74922,0.80616,0.996141791343689,0.9864959120750428,b.11.1.1,b.11.1.1,0.05693999999999999
1lknA,2araA,0.59186,0.71807,0.38639,0.47536,0.7536479234695435,0.8178104162216187,b.82.1.8,b.82.4.1,0.08897
1npsA,1m8uA,0.7561,0.80834,0.41725,0.43013,0.9837721586227416,0.982040286064148,b.11.1.1,b.11.1.1,0.012880000000000003
1npsA,1a45A,0.72659,0.80133,0.4031,0.42825,0.9853827953338624,0.9794272780418396,b.11.1.1,b.11.1.1,0.025150000000000006
1npsA,1ammA,0.74939,0.79911,0.41185,0.42871,0.9923455715179444,0.979975700378418,b.11.1.1,b.11.1.1,0.016859999999999986
1npsA,1elpA,0.75625,0.81633,0.4153,0.43887,0.9891321659088136,0.9807366132736206,b.11.1.1,b.11.1.1,0.02356999999999998
1npsA,1h4aX,0.75992,0.81886,0.41717,0.4405,0.9875279664993286,0.9817802906036376,b.11.1.1,b.11.1.1,0.023330000000000017
1npsA,1hk0X,0.76035,0.82332,0.41587,0.44035,0.9887619614601136,0.9818687438964844,b.11.1.1,b.11.1.1,0.024480000000000002
1npsA,1a5dA,0.73743,0.79954,0.41051,0.4276,0.9853556156158448,0.9794803857803344,b.11.1.1,b.11.1.1,0.017089999999999994
1npsA,2bv2A,0.77973,0.84247,0.77973,0.84247,0.9969558715820312,0.9927513599395752,b.11.1.1,b.11.1.0,0.06274000000000002
1npsA,2g98A,0.75151,0.81649,0.41811,0.44501,0.9911447167396544,0.982414722442627,b.11.1.1,b.11.1.1,0.026900000000000035
1npsA,1i5iA,0.75597,0.79767,0.41328,0.43056,0.9924160838127136,0.9808633327484132,b.11.1.1,b.11.1.1,0.017280000000000018
1npsA,1ha4A,0.7609,0.8047,0.7609,0.8047,0.9944946765899658,0.9900913238525392,b.11.1.1,b.11.1.1,0.04379999999999995
1wktA,2dadA,0.56103,0.56103,0.53999,0.53999,0.9789220094680786,0.9873998165130616,b.11.1.2,l.1.1.1,0.0
1wktA,1i5iA,0.56282,0.62347,0.33683,0.36345,0.9875131845474244,0.965172529220581,b.11.1.2,b.11.1.1,0.026619999999999977
1wktA,2g98A,0.55347,0.59759,0.33654,0.35821,0.9835425615310668,0.963036298751831,b.11.1.2,b.11.1.1,0.021669999999999967
1wktA,2ilbA,0.45349,0.55693,0.38538,0.46233,0.6345481872558594,0.8098897933959961,b.11.1.2,,0.07695000000000002
2dadA,1npsA,0.70838,0.77064,0.70838,0.77064,0.987778663635254,0.9834678173065186,l.1.1.1,b.11.1.1,0.06225999999999998
1aboA,1tucA,0.579,0.74788,0.0,0.0,,,b.34.2.1,b.34.2.1,0.0
1aeyA,1tucA,0.63901,0.82502,0.0,0.0,,,b.34.2.1,b.34.2.1,0.0
1arkA,1g2bA,0.58751,0.79826,0.21658,0.21658,0.5108041763305664,0.647389829158783,b.34.2.1,b.34.2.1,0.0
1aw8B,2glwA,0.46558,0.49014,0.4583,0.48278,0.5280332565307617,0.6754913926124573,,,0.024480000000000002
1awwA,1g2bA,0.54046,0.69827,0.1875,0.1875,0.5215450525283813,0.6073174476623535,l.1.1.1,b.34.2.1,0.0
1awwA,1tucA,0.50866,0.66015,0.0,0.0,,,l.1.1.1,b.34.2.1,0.0
1b07A,1tucA,0.58691,0.79186,0.0,0.0,,,l.1.1.1,b.34.2.1,0.0
1bk2A,1g2bA,0.71147,0.95604,0.26108,0.26108,0.5373491048812866,0.6306537389755249,b.34.2.1,b.34.2.1,0.0
1bk2A,1tucA,0.66937,0.85469,0.0,0.0,,,b.34.2.1,b.34.2.1,0.0
1bywA,1b34B,0.23142,0.34349,0.23142,0.34349,0.2858247458934784,0.5609827041625977,d.110.3.6,b.38.1.1,0.11207000000000003
1e6gA,1g2bA,0.69243,0.92661,0.24899,0.24899,0.5124454498291016,0.6195740699768066,b.34.2.1,b.34.2.1,0.0
1e6gA,1tucA,0.64683,0.841,0.0,0.0,,,b.34.2.1,b.34.2.1,0.0
1e6hA,1g2bA,0.66757,0.89985,0.24643,0.24643,0.4905692040920257,0.613098680973053,b.34.2.1,b.34.2.1,0.0
1e6hA,1tucA,0.63364,0.82315,0.0,0.0,,,b.34.2.1,b.34.2.1,0.0
1e7oA,1g2bA,0.66465,0.86833,0.21555,0.21555,0.5149922966957092,0.624872088432312,b.34.2.1,b.34.2.1,0.0
1e7oA,1tucA,0.6298,0.81062,0.0,0.0,,,b.34.2.1,b.34.2.1,0.0
1fynA,1g2bA,0.60714,0.78801,0.20994,0.20994,0.4935128390789032,0.6394530534744263,b.34.2.1,b.34.2.1,0.0
1fynA,1tucA,0.56551,0.724,0.0,0.0,,,b.34.2.1,b.34.2.1,0.0
1g2bA,1aeyA,0.63465,0.84502,0.23605,0.23605,0.5323454141616821,0.6344828605651855,b.34.2.1,b.34.2.1,0.0
1g2bA,1qkwA,0.65335,0.87928,0.24052,0.24052,0.5349465012550354,0.6346327066421509,b.34.2.1,b.34.2.1,0.0
1g2bA,1qkxA,0.65924,0.88966,0.25157,0.25157,0.5196787118911743,0.6306573152542114,b.34.2.1,b.34.2.1,0.0
1g2bA,1hd3A,0.66216,0.8957,0.25129,0.25129,0.521318793296814,0.6292486190795898,b.34.2.1,b.34.2.1,0.0
1g2bA,2f2xA,0.6475,0.8671,0.25148,0.23806,0.5390099287033081,0.6149412393569946,b.34.2.1,b.34.2.1,-0.013419999999999987
1g2bA,2f2wA,0.64155,0.86965,0.25921,0.25921,0.5500965118408203,0.6345013380050659,b.34.2.1,b.34.2.1,0.0
1g2bA,1uueA,0.66088,0.89685,0.26231,0.26231,0.5316742062568665,0.6299028992652893,b.34.2.1,b.34.2.1,0.0
1g2bA,1h8kA,0.62341,0.84121,0.22945,0.22945,0.5419405698776245,0.641782820224762,b.34.2.1,b.34.2.1,0.0
1g2bA,1azgB,0.57238,0.76973,0.21874,0.21874,0.5396077632904053,0.6638401746749878,b.34.2.1,b.34.2.1,0.0
1g2bA,1a0nB,0.55758,0.7466,0.21799,0.2162,0.5460298657417297,0.6667585968971252,b.34.2.1,b.34.2.1,-0.001789999999999986
1g2bA,4hckA,0.57679,0.77162,0.21008,0.20689,0.4915994703769684,0.6184005737304688,b.34.2.1,b.34.2.1,-0.0031899999999999984
1g2bA,1ckaA,0.58541,0.77679,0.2258,0.2258,0.5312575697898865,0.6441175937652588,b.34.2.1,b.34.2.1,0.0
1g2bA,1efnA,0.55657,0.73804,0.22031,0.21568,0.5412214994430542,0.6733521223068237,b.34.2.1,b.34.2.1,-0.004629999999999995
1g2bA,1b07A,0.60772,0.81028,0.21638,0.21638,0.5215531587600708,0.646811842918396,b.34.2.1,l.1.1.1,0.0
1g2bA,1prlC,0.49167,0.6696,0.21282,0.20999,0.5624614953994751,0.6619328260421753,b.34.2.1,b.34.2.1,-0.002829999999999999
1g2bA,1nloC,0.57956,0.77339,0.23625,0.23625,0.5526604652404785,0.670759916305542,b.34.2.1,b.34.2.1,0.0
1g2bA,1avzC,0.56615,0.75705,0.21709,0.21709,0.5439382791519165,0.6663447618484497,b.34.2.1,b.34.2.1,0.0
1g2bA,1m3aA,0.5232,0.70261,0.2186,0.2186,0.5443810224533081,0.6569039821624756,b.34.2.1,b.34.2.1,0.0
1g2bA,1w1fA,0.56271,0.74595,0.20231,0.20231,0.5034191012382507,0.645301342010498,b.34.2.1,b.34.2.1,0.0
1g2bA,1gbqA,0.58987,0.79289,0.22624,0.22624,0.5493039488792419,0.6146092414855957,b.34.2.1,b.34.2.1,0.0
1g2bA,1bu1A,0.59837,0.81186,0.23676,0.23676,0.5434962511062622,0.666213870048523,b.34.2.1,b.34.2.1,0.0
1g2bA,2dbmA,0.55089,0.75688,0.17616,0.17289,0.497610330581665,0.6159409880638123,b.34.2.1,l.1.1.1,-0.003270000000000023
1g2bA,1zlmA,0.62801,0.8242,0.23084,0.23084,0.5124157667160034,0.6176760196685791,b.34.2.1,b.34.2.0,0.0
1g2bA,1uj0A,0.6306,0.81309,0.20825,0.20825,0.5164529085159302,0.6265215873718262,b.34.2.1,l.1.1.1,0.0
1g2bA,2gncA,0.59378,0.78309,0.22431,0.22431,0.5382205247879028,0.6332014799118042,b.34.2.1,l.1.1.1,0.0
1g2bA,1nm7A,0.50554,0.71624,0.21642,0.20422,0.5439658164978027,0.6273206472396851,b.34.2.1,b.34.2.1,-0.012199999999999989
1g2bA,1azeA,0.54889,0.7316,0.21146,0.21146,0.5508666038513184,0.6464250087738037,b.34.2.1,b.34.2.1,0.0
1g2bA,1ootA,0.59714,0.80766,0.23697,0.22335,0.5288270115852356,0.5799883604049683,b.34.2.1,b.34.2.1,-0.013619999999999993
1g2bA,2ew3A,0.55072,0.7599,0.21082,0.19797,0.5008070468902588,0.6192458271980286,b.34.2.1,b.34.2.0,-0.01285
1g2bA,1h3hA,0.54404,0.73583,0.21775,0.21775,0.524441123008728,0.61655193567276,b.34.2.1,b.34.2.1,0.0
1g2bA,1oebA,0.6058,0.80199,0.21292,0.21292,0.4877789616584778,0.5981189012527466,b.34.2.1,b.34.2.1,0.0
1g2bA,1ywoA,0.58238,0.76816,0.21925,0.21925,0.5423434972763062,0.6364290714263916,b.34.2.1,b.34.2.1,0.0
1g2bA,2dl8A,0.58522,0.80954,0.19009,0.19009,0.5276896953582764,0.642680823802948,b.34.2.1,l.1.1.1,0.0
1g2bA,2bz8A,0.56603,0.78676,0.25743,0.25743,0.5476260185241699,0.6338406205177307,b.34.2.1,,0.0
1g2bA,1wxbA,0.60691,0.81349,0.19278,0.19278,0.4784451425075531,0.6397746205329895,b.34.2.1,l.1.1.1,0.0
1g2bA,1kikA,0.5736,0.75034,0.20803,0.20803,0.5454734563827515,0.6870499849319458,b.34.2.1,b.34.2.1,0.0
1g2bA,2djqA,0.54651,0.7535,0.19954,0.19954,0.4966740310192108,0.6267666816711426,b.34.2.1,l.1.1.1,0.0
1g2bA,2dnuA,0.5939,0.79641,0.18487,0.18208,0.506104588508606,0.6430715918540955,b.34.2.1,l.1.1.1,-0.0027900000000000147
1g2bA,2feiA,0.55163,0.74751,0.22841,0.22841,0.5325824618339539,0.6381214261054993,b.34.2.1,l.1.1.1,0.0
1g2bA,2iimA,0.61859,0.813,0.21745,0.21745,0.4913206398487091,0.6283057928085327,b.34.2.1,l.1.1.1,0.0
1g2bA,1w6xA,0.58264,0.80789,0.25592,0.25592,0.5312573909759521,0.645290195941925,b.34.2.1,l.1.1.1,0.0
1g2bA,2df6A,0.57789,0.76665,0.22161,0.20845,0.5123255252838135,0.6281282901763916,b.34.2.1,,-0.013160000000000005
1g2bA,2dl3A,0.57847,0.81728,0.21496,0.21496,0.4839404225349426,0.6225513219833374,b.34.2.1,l.1.1.1,0.0
1g2bA,1u5sA,0.53757,0.74883,0.18932,0.18932,0.5174611806869507,0.6059653759002686,b.34.2.1,b.34.2.1,0.0
1g2bA,2a37A,0.57355,0.77331,0.23315,0.23315,0.5431355237960815,0.6331561803817749,b.34.2.1,b.34.2.1,0.0
1g2bA,1wi7A,0.55516,0.75415,0.20389,0.17568,0.4983570873737335,0.6365322470664978,b.34.2.1,l.1.1.1,-0.028209999999999985
1g2bA,2ct4A,0.58607,0.80109,0.20291,0.20291,0.5164183378219604,0.6105166673660278,b.34.2.1,l.1.1.1,0.0
1g2bA,1jo8A,0.57653,0.78253,0.2305,0.2305,0.5400636792182922,0.6709544062614441,b.34.2.1,b.34.2.1,0.0
1g2bA,2cucA,0.58932,0.78874,0.19149,0.17922,0.5146722197532654,0.6287994384765625,b.34.2.1,l.1.1.1,-0.012270000000000003
1g2bA,1awoA,0.48627,0.65994,0.20291,0.19315,0.5443141460418701,0.6390268802642822,b.34.2.1,l.1.1.1,-0.009760000000000019
1g2bA,1ju5C,0.55882,0.74475,0.20728,0.20728,0.5430233478546143,0.6172217726707458,b.34.2.1,b.34.2.1,0.0
1g2bA,1bbzA,0.55804,0.74375,0.20762,0.20223,0.5501545071601868,0.6368904113769531,b.34.2.1,b.34.2.1,-0.005390000000000006
1g2bA,1aboA,0.56886,0.76848,0.22088,0.20825,0.5433377623558044,0.6391807198524475,b.34.2.1,b.34.2.1,-0.012630000000000002
1g2bA,2a36A,0.57182,0.75533,0.22286,0.22286,0.5412418246269226,0.6416857242584229,b.34.2.1,b.34.2.1,0.0
1g2bA,1yp5A,0.55236,0.74155,0.2121,0.2121,0.5339248776435852,0.6394389867782593,b.34.2.1,b.34.2.0,0.0
1g2bA,1bbzE,0.55467,0.74323,0.20868,0.20868,0.5497714877128601,0.6424752473831177,b.34.2.1,b.34.2.1,0.0
1g2bA,2a28A,0.57845,0.74215,0.2047,0.2111,0.5554717779159546,0.612629771232605,b.34.2.1,l.1.1.1,0.006400000000000017
1g2bA,2dmoA,0.51074,0.69921,0.19194,0.16726,0.4929339289665222,0.6519819498062134,b.34.2.1,l.1.1.1,-0.024680000000000007
1g5vA,1hzaA,0.48679,0.6267,0.42676,0.54993,0.538699209690094,0.6321994662284851,b.34.9.1,b.40.4.5,0.12317000000000006
1g5vA,1i5fA,0.48532,0.62722,0.43024,0.55688,0.5479334592819214,0.6454577445983887,b.34.9.1,b.40.4.5,0.12664000000000003
1g5vA,1c9oA,0.48373,0.62796,0.42903,0.55753,0.5509049892425537,0.6495864391326904,b.34.9.1,b.40.4.5,0.12849999999999995
1g5vA,1hzcA,0.48728,0.62816,0.43184,0.55742,0.550844669342041,0.6422972083091736,b.34.9.1,b.40.4.5,0.12558000000000002
1g5vA,1mjcA,0.522,0.66633,0.44515,0.56926,0.5082396864891052,0.6209014654159546,b.34.9.1,b.40.4.5,0.12411
1g5vA,1hz9A,0.48351,0.62861,0.42877,0.55784,0.5479928255081177,0.6436976790428162,b.34.9.1,b.40.4.5,0.12907000000000002
1g5vA,1hzbA,0.48697,0.63171,0.43113,0.56082,0.547895610332489,0.6306637525558472,b.34.9.1,b.40.4.5,0.12968999999999997
1g5vA,1cspA,0.48515,0.62415,0.42495,0.5477,0.5447741150856018,0.6376843452453613,b.34.9.1,b.40.4.5,0.12274999999999997
1g9oA,2hgaA,0.49637,0.66329,0.44866,0.60089,0.4505582451820373,0.98417866230011,l.1.1.1,b.36.1.6,0.15223000000000003
1gcqA,1g2bA,0.70152,0.9046,0.24013,0.24013,0.534050703048706,0.6193257570266724,l.1.1.1,b.34.2.1,0.0
1gcqA,1k2bA,0.31712,0.31712,0.24223,0.24223,0.7370127439498901,0.6065164804458618,l.1.1.1,b.50.1.1,0.0
1gfcA,1g2bA,0.60593,0.80191,0.24108,0.24108,0.5276573896408081,0.6311482787132263,l.1.1.1,b.34.2.1,0.0
1gfcA,1tucA,0.5742,0.75992,0.0,0.0,,,l.1.1.1,b.34.2.1,0.0
1gl5A,1g2bA,0.51734,0.69108,0.18089,0.18321,0.5339692234992981,0.6690748333930969,b.34.2.1,b.34.2.1,0.0023200000000000165
1gl5A,1tucA,0.49645,0.64098,0.0,0.0,,,b.34.2.1,b.34.2.1,0.0
1gm1A,2hgaA,0.48617,0.62033,0.4514,0.57751,0.4270994961261749,0.9871995449066162,b.36.1.1,b.36.1.6,0.12610999999999994
1gq4A,2hgaA,0.48136,0.65686,0.43324,0.59225,0.4149240851402282,0.9797364473342896,l.1.1.1,b.36.1.6,0.15901000000000004
1gq5A,2hgaA,0.48959,0.65507,0.44351,0.5951,0.4187593162059784,0.9852402806282043,b.36.1.1,b.36.1.6,0.15158999999999995
1h3hA,1tucA,0.60823,0.73493,0.0,0.0,,,b.34.2.1,b.34.2.1,0.0
1h92A,1g2bA,0.57352,0.75548,0.20574,0.20574,0.4830210208892822,0.6283004283905029,b.34.2.1,b.34.2.1,0.0
1hd3A,1tucA,0.65209,0.83906,0.0,0.0,,,b.34.2.1,b.34.2.1,0.0
1ihjA,2hgaA,0.49053,0.64251,0.45461,0.5963,0.4456276893615722,0.9933130145072936,b.36.1.1,b.36.1.6,0.14169000000000004
1ju5C,1tucA,0.54665,0.71361,0.0,0.0,,,b.34.2.1,b.34.2.1,0.0
1k4uS,1g2bA,0.55568,0.73754,0.20142,0.20142,0.4773781299591064,0.6265759468078613,b.34.2.1,b.34.2.1,0.0
1k4uS,1tucA,0.56348,0.70949,0.0,0.0,,,b.34.2.1,b.34.2.1,0.0
1k76A,1tucA,0.57088,0.75082,0.0,0.0,,,b.34.2.1,b.34.2.1,0.0
1k76A,1g2bA,0.60358,0.80292,0.20895,0.20895,0.5084426999092102,0.6262625455856323,b.34.2.1,b.34.2.1,0.0
1kq1A,1c4qA,0.37714,0.59301,0.34329,0.5341,0.4699580371379852,0.6777433156967163,b.38.1.2,b.40.2.1,0.19081000000000004
1l6oA,2hgaA,0.47987,0.63793,0.43315,0.57567,0.4023127555847168,0.9854365587234496,l.1.1.1,b.36.1.6,0.14252000000000004
1m27C,1g2bA,0.60931,0.79277,0.20394,0.20394,0.5405110716819763,0.6777389645576477,b.34.2.1,b.34.2.1,0.0
1m27C,1tucA,0.56981,0.7271,0.0,0.0,,,b.34.2.1,b.34.2.1,0.0
1m30A,1g2bA,0.53778,0.72382,0.21279,0.21279,0.5324809551239014,0.6568758487701416,b.34.2.1,b.34.2.1,0.0
1m3bA,1g2bA,0.53768,0.70876,0.22554,0.22554,0.535197377204895,0.6852889060974121,b.34.2.1,b.34.2.1,0.0
1m3cA,1g2bA,0.54785,0.74861,0.22522,0.22522,0.5233256220817566,0.6530404090881348,b.34.2.1,b.34.2.1,0.0
1m3cA,1tucA,0.55381,0.74835,0.0,0.0,,,b.34.2.1,b.34.2.1,0.0
1mfgA,2hgaA,0.49056,0.64448,0.45897,0.60357,0.4950460493564605,0.9882699847221376,l.1.1.1,b.36.1.6,0.14460000000000006
1mhnA,1hzaA,0.47498,0.62648,0.4315,0.56999,0.5692738890647888,0.66093510389328,b.34.9.1,b.40.4.5,0.13849
1mhnA,1hzbA,0.47934,0.63468,0.43971,0.58375,0.5786954760551453,0.6605572700500488,b.34.9.1,b.40.4.5,0.14404
1mhnA,1c9oA,0.4722,0.62546,0.43392,0.57585,0.5817489624023438,0.6790843605995178,b.34.9.1,b.40.4.5,0.14193
1mhnA,1hzcA,0.4744,0.62644,0.43577,0.5768,0.5819700360298157,0.6717950105667114,b.34.9.1,b.40.4.5,0.14103
1mhnA,1i5fA,0.47281,0.62594,0.43434,0.57618,0.5786230564117432,0.6749290227890015,b.34.9.1,b.40.4.5,0.14184000000000002
1mhnA,1hz9A,0.471,0.62545,0.43288,0.57576,0.5782474279403687,0.6728084683418274,b.34.9.1,b.40.4.5,0.14288000000000006
1mhnA,2bh8A,0.39946,0.54299,0.305,0.41887,0.6122921705245972,0.8056875467300415,b.34.9.1,,0.11387000000000003
1mhnA,1mjcA,0.49959,0.66172,0.44289,0.58713,0.5370444059371948,0.6517738103866577,b.34.9.1,b.40.4.5,0.14424000000000003
1n7tA,2hgaA,0.45613,0.59619,0.45613,0.59619,0.474945068359375,0.9847288727760316,l.1.1.1,b.36.1.6,0.14006000000000002
1o9yA,1vc3B,0.23458,0.36653,0.20013,0.31195,0.5402005910873413,0.4772940874099731,b.139.1.1,,0.11182
1o9yA,1pyuB,0.25812,0.36908,0.22179,0.32111,0.5618893504142761,0.4625430703163147,b.139.1.1,,0.09932000000000002
1o9yA,1uhdA,0.28217,0.37377,0.24458,0.31678,0.5606009364128113,0.5224696397781372,b.139.1.1,,0.07220000000000001
1o9yA,1uheA,0.2659,0.37132,0.22699,0.3111,0.5722387433052063,0.5359398722648621,b.139.1.1,,0.08410999999999999
1o9yA,1aw8B,0.22974,0.36796,0.20456,0.32437,0.5581954717636108,0.4499560594558716,b.139.1.1,,0.11981
1oebA,1tucA,0.62598,0.79308,0.0,0.0,,,b.34.2.1,b.34.2.1,0.0
1ootA,1tucA,0.58988,0.76591,0.0,0.0,,,b.34.2.1,b.34.2.1,0.0
1ox8A,2chbD,0.29383,0.3226,0.29383,0.3226,0.6294828653335571,0.746137797832489,b.136.1.1,b.40.2.1,0.028770000000000018
1pt0A,1o9yA,0.20852,0.27557,0.20852,0.27557,0.382790744304657,0.4014827013015747,l.1.1.1,b.139.1.1,0.06704999999999997
1pwtA,1g2bA,0.69123,0.92107,0.24316,0.24316,0.484881192445755,0.6259036660194397,b.34.2.1,b.34.2.1,0.0
1pwtA,1tucA,0.62693,0.81619,0.0,0.0,,,b.34.2.1,b.34.2.1,0.0
1q3oA,2hgaA,0.44528,0.59749,0.44528,0.59749,0.4808672368526459,0.9821714758872986,b.36.1.1,b.36.1.6,0.15220999999999996
1qkwA,1tucA,0.66027,0.84511,0.0,0.0,,,b.34.2.1,b.34.2.1,0.0
1qkxA,1tucA,0.65218,0.83754,0.0,0.0,,,b.34.2.1,b.34.2.1,0.0
1qlyA,1g2bA,0.53861,0.67651,0.18536,0.18815,0.535523533821106,0.6458600163459778,b.34.2.1,b.34.2.1,0.0027900000000000147
1rzxA,2hgaA,0.46065,0.60043,0.44244,0.57732,0.412589281797409,0.9890069961547852,b.36.1.1,b.36.1.6,0.13488000000000006
1s1nA,1tucA,0.53913,0.70218,0.0,0.0,,,b.34.2.0,b.34.2.1,0.0
1semA,1tucA,0.61627,0.82333,0.0,0.0,,,b.34.2.1,b.34.2.1,0.0
1semA,1g2bA,0.65764,0.87301,0.23465,0.23465,0.5146668553352356,0.6289068460464478,b.34.2.1,b.34.2.1,0.0
1shfA,1g2bA,0.59545,0.7831,0.21464,0.21464,0.5282293558120728,0.6612569093704224,b.34.2.1,b.34.2.1,0.0
1shfA,1tucA,0.55427,0.71816,0.0,0.0,,,b.34.2.1,b.34.2.1,0.0
1tucA,1g2bA,0.44384,0.83191,0.0,0.0,,,b.34.2.1,b.34.2.1,0.0
1tucA,2f2xA,0.61758,0.78741,0.0,0.0,,,b.34.2.1,b.34.2.1,0.0
1tucA,2f2wA,0.6187,0.78726,0.0,0.0,,,b.34.2.1,b.34.2.1,0.0
1tucA,1uueA,0.63577,0.81381,0.0,0.0,,,b.34.2.1,b.34.2.1,0.0
1tucA,1h8kA,0.6252,0.80672,0.0,0.0,,,b.34.2.1,b.34.2.1,0.0
1tucA,2dl4A,0.57678,0.75448,0.0,0.0,,,b.34.2.1,l.1.1.1,0.0
1tucA,1azgB,0.56046,0.72402,0.0,0.0,,,b.34.2.1,b.34.2.1,0.0
1tucA,1a0nB,0.54274,0.70883,0.0,0.0,,,b.34.2.1,b.34.2.1,0.0
1tucA,1uhfA,0.53702,0.71729,0.0,0.0,,,b.34.2.1,l.1.1.1,0.0
1tucA,1gbqA,0.5748,0.72959,0.0,0.0,,,b.34.2.1,b.34.2.1,0.0
1tucA,2dbmA,0.54831,0.72195,0.0,0.0,,,b.34.2.1,l.1.1.1,0.0
1tucA,2dlmA,0.53224,0.68982,0.0,0.0,,,b.34.2.1,l.1.1.1,0.0
1tucA,1azeA,0.53303,0.68692,0.0,0.0,,,b.34.2.1,b.34.2.1,0.0
1tucA,1qlyA,0.47493,0.62264,0.0,0.0,,,b.34.2.1,b.34.2.1,0.0
1tucA,2da9A,0.59802,0.77452,0.0,0.0,,,b.34.2.1,l.1.1.1,0.0
1tucA,2ew3A,0.5502,0.71411,0.0,0.0,,,b.34.2.1,b.34.2.0,0.0
1tucA,1efnA,0.54282,0.70415,0.0,0.0,,,b.34.2.1,b.34.2.1,0.0
1tucA,1ujyA,0.51596,0.67195,0.0,0.0,,,b.34.2.1,l.1.1.1,0.0
1tucA,2dl8A,0.58526,0.75935,0.0,0.0,,,b.34.2.1,l.1.1.1,0.0
1tucA,2gncA,0.56744,0.73413,0.0,0.0,,,b.34.2.1,l.1.1.1,0.0
1tucA,1prlC,0.53492,0.67099,0.0,0.0,,,b.34.2.1,b.34.2.1,0.0
1tucA,1nloC,0.57092,0.71469,0.0,0.0,,,b.34.2.1,b.34.2.1,0.0
1tucA,1avzC,0.55038,0.70694,0.0,0.0,,,b.34.2.1,b.34.2.1,0.0
1tucA,1m30A,0.55573,0.70067,0.0,0.0,,,b.34.2.1,b.34.2.1,0.0
1tucA,1ckaA,0.55324,0.73738,0.0,0.0,,,b.34.2.1,b.34.2.1,0.0
1tucA,1gcqA,0.58516,0.76418,0.0,0.0,,,b.34.2.1,l.1.1.1,0.0
1tucA,2b86A,0.54093,0.67798,0.0,0.0,,,b.34.2.1,b.34.2.1,0.0
1tucA,1m3bA,0.53202,0.66649,0.0,0.0,,,b.34.2.1,b.34.2.1,0.0
1tucA,1m3aA,0.5529,0.69149,0.0,0.0,,,b.34.2.1,b.34.2.1,0.0
1tucA,2d8jA,0.57911,0.73896,0.0,0.0,,,b.34.2.1,l.1.1.1,0.0
1tucA,2djqA,0.55654,0.72692,0.0,0.0,,,b.34.2.1,l.1.1.1,0.0
1tucA,2feiA,0.55582,0.70408,0.0,0.0,,,b.34.2.1,l.1.1.1,0.0
1tucA,2dl3A,0.61307,0.76822,0.0,0.0,,,b.34.2.1,l.1.1.1,0.0
1tucA,1w6xA,0.5757,0.74452,0.0,0.0,,,b.34.2.1,l.1.1.1,0.0
1tucA,2a37A,0.59565,0.75496,0.0,0.0,,,b.34.2.1,b.34.2.1,0.0
1tucA,2dnuA,0.58548,0.75688,0.0,0.0,,,b.34.2.1,l.1.1.1,0.0
1tucA,1awoA,0.50651,0.60741,0.0,0.0,,,b.34.2.1,l.1.1.1,0.0
1tucA,1bbzA,0.53733,0.69315,0.0,0.0,,,b.34.2.1,b.34.2.1,0.0
1tucA,1yp5A,0.53668,0.7007,0.0,0.0,,,b.34.2.1,b.34.2.0,0.0
1tucA,1bbzE,0.53581,0.68833,0.0,0.0,,,b.34.2.1,b.34.2.1,0.0
1tucA,2a4yA,0.54735,0.71979,0.0,0.0,,,b.34.2.1,,0.0
1tucA,1x2qA,0.55232,0.74014,0.0,0.0,,,b.34.2.1,l.1.1.1,0.0
1tucA,1x43A,0.56424,0.73271,0.0,0.0,,,b.34.2.1,l.1.1.1,0.0
1tucA,2cudA,0.51342,0.68976,0.0,0.0,,,b.34.2.1,,0.0
1txyA,1gnmA,0.32482,0.29895,0.30517,0.28179,0.6245887279510498,0.6834932565689087,b.40.4.3,b.50.1.1,-0.023380000000000012
1txyA,1hivA,0.32628,0.2328,0.3082,0.21643,0.624946117401123,0.6737048625946045,b.40.4.3,b.50.1.1,-0.09176999999999996
1txyA,1gnnA,0.31546,0.295,0.29638,0.27764,0.626120388507843,0.6846851706504822,b.40.4.3,b.50.1.1,-0.01873999999999998
1txyA,1lzqA,0.31545,0.30257,0.29662,0.2843,0.6277039051055908,0.6843571662902832,b.40.4.3,b.50.1.1,-0.012319999999999998
1uhcA,1g2bA,0.47784,0.62549,0.15474,0.15474,0.5494739413261414,0.6300243735313416,l.1.1.1,b.34.2.1,0.0
1uhfA,1g2bA,0.51386,0.68361,0.17921,0.17921,0.5074775218963623,0.6617866158485413,l.1.1.1,b.34.2.1,0.0
1uj0A,1tucA,0.59533,0.776,0.0,0.0,,,l.1.1.1,b.34.2.1,0.0
1utiA,1tucA,0.67456,0.85566,0.0,0.0,,,b.34.2.1,b.34.2.1,0.0
1utiA,1g2bA,0.67384,0.90961,0.254,0.254,0.5387207865715027,0.6339832544326782,b.34.2.1,b.34.2.1,0.0
1v62A,2hgaA,0.39294,0.50417,0.39294,0.50417,0.430337905883789,0.9797394275665284,l.1.1.1,b.36.1.6,0.11123
1vc3B,1yelA,0.36419,0.40464,0.34791,0.388,0.887122631072998,0.8961048126220703,,b.142.1.2,0.040090000000000015
1vj6A,2hgaA,0.46473,0.62471,0.43584,0.58663,0.4531363248825073,0.9808322191238404,l.1.1.1,b.36.1.6,0.15078999999999998
1w1fA,1tucA,0.51271,0.68033,0.0,0.0,,,b.34.2.1,b.34.2.1,0.0
1wi7A,1wtpA,0.41773,0.41773,0.41773,0.41773,0.8338963985443115,0.8273122310638428,l.1.1.1,b.34.13.1,0.0
1wxtA,1g2bA,0.55771,0.73182,0.17947,0.17947,0.4992163777351379,0.6299540996551514,l.1.1.1,b.34.2.1,0.0
1wyxA,1g2bA,0.5433,0.73878,0.21221,0.21221,0.5411742329597473,0.6517508625984192,b.34.2.0,b.34.2.1,0.0
1wyxA,1tucA,0.57158,0.72493,0.0,0.0,,,b.34.2.0,b.34.2.1,0.0
1x2kA,1g2bA,0.55579,0.72739,0.19291,0.19542,0.500995934009552,0.6358530521392822,l.1.1.1,b.34.2.1,0.0025100000000000122
1x2kA,1tucA,0.51392,0.66524,0.0,0.0,,,l.1.1.1,b.34.2.1,0.0
1x2pA,1g2bA,0.53974,0.68651,0.17296,0.17296,0.5102901458740234,0.6382986307144165,l.1.1.1,b.34.2.1,0.0
1x2pA,1tucA,0.51782,0.6657,0.0,0.0,,,l.1.1.1,b.34.2.1,0.0
1x8sA,2hgaA,0.45951,0.59154,0.44133,0.56875,0.403134822845459,0.9906638860702516,b.36.1.1,b.36.1.6,0.12741999999999998
1xe1A,2nwaA,0.43646,0.51889,0.43646,0.51889,0.5608705282211304,0.8340660929679871,b.43.3.1,l.1.1.1,0.08242999999999995
1y0mA,1g2bA,0.61307,0.83884,0.23246,0.23246,0.4945308566093445,0.6381046175956726,b.34.2.1,b.34.2.1,0.0
1y0mA,1tucA,0.56727,0.76375,0.0,0.0,,,b.34.2.1,b.34.2.1,0.0
1ynzA,1tucA,0.60863,0.78569,0.0,0.0,,,l.1.1.1,b.34.2.1,0.0
1ynzA,1g2bA,0.63789,0.84147,0.22638,0.22638,0.5389365553855896,0.6478855013847351,l.1.1.1,b.34.2.1,0.0
1z9zA,1g2bA,0.65425,0.85229,0.22041,0.22041,0.5197768807411194,0.6575164198875427,l.1.1.1,b.34.2.1,0.0
1zlmA,1tucA,0.5924,0.77324,0.0,0.0,,,b.34.2.0,b.34.2.1,0.0
1zm0A,1qwdA,0.44767,0.46389,0.29968,0.31058,0.5893956422805786,0.7075165510177612,b.55.1.1,l.1.1.1,0.01090000000000002
1zsgA,1g2bA,0.5102,0.68143,0.21512,0.21512,0.4819987118244171,0.6319993734359741,,b.34.2.1,0.0
1zsgA,1tucA,0.53393,0.68998,0.0,0.0,,,,b.34.2.1,0.0
1zszA,2chbD,0.30123,0.37518,0.30123,0.37518,0.6188762187957764,0.7104153633117676,b.136.1.1,b.40.2.1,0.07395000000000002
1zszA,3chbD,0.3,0.37259,0.3,0.37259,0.6170145273208618,0.704336404800415,b.136.1.1,b.40.2.1,0.07258999999999999
2a08A,1tucA,0.58335,0.77447,0.0,0.0,,,l.1.1.1,b.34.2.1,0.0
2a08A,1g2bA,0.6345,0.84739,0.23233,0.23233,0.5159013867378235,0.6162159442901611,l.1.1.1,b.34.2.1,0.0
2a28A,2o4lA,0.34034,0.36957,0.24816,0.24304,0.7282983660697937,0.6321573257446289,l.1.1.1,b.50.1.1,-0.005119999999999986
2a28A,2nphA,0.3455,0.3455,0.25043,0.25043,0.7167304754257202,0.6106696128845215,l.1.1.1,b.50.1.1,0.0
2a28A,1mtbA,0.33516,0.412,0.24604,0.27312,0.7143620252609253,0.5885109305381775,l.1.1.1,b.50.1.1,0.027079999999999965
2a28A,2fgvA,0.3295,0.41231,0.24419,0.27625,0.7022339105606079,0.5979227423667908,l.1.1.1,b.50.1.1,0.032060000000000005
2a28A,1kzkA,0.33789,0.33789,0.2447,0.2447,0.7276001572608948,0.6166072487831116,l.1.1.1,b.50.1.1,0.0
2ak5A,1g2bA,0.62768,0.83625,0.23556,0.23556,0.5075806975364685,0.6208022832870483,b.34.2.1,b.34.2.1,0.0
2ak5A,1tucA,0.61762,0.80003,0.0,0.0,,,b.34.2.1,b.34.2.1,0.0
2ak5A,1dw6C,0.33015,0.36319,0.23912,0.25951,0.768072783946991,0.5517493486404419,b.34.2.1,b.50.1.1,0.02039000000000002
2ak5A,1fgcC,0.32606,0.32606,0.23738,0.23738,0.7661954760551453,0.5596004128456116,b.34.2.1,b.50.1.1,0.0
2ak5A,2nphA,0.32979,0.33594,0.24389,0.25863,0.7711212635040283,0.5651055574417114,b.34.2.1,b.50.1.1,0.01474000000000003
2ak5A,1d4kA,0.30567,0.39924,0.23924,0.27938,0.7703147530555725,0.5817227363586426,b.34.2.1,b.50.1.1,0.04014000000000001
2ak5A,1mtbA,0.32763,0.3143,0.23844,0.24005,0.7662758827209473,0.5469211339950562,b.34.2.1,b.50.1.1,0.0016100000000000003
2ak5A,2g69A,0.32786,0.32786,0.242,0.242,0.7570873498916626,0.5593971014022827,b.34.2.1,b.50.1.1,0.0
2ak5A,1bdqA,0.33501,0.34274,0.24767,0.26317,0.7645514607429504,0.5692663788795471,b.34.2.1,b.50.1.1,0.015500000000000014
2ak5A,2fleA,0.32696,0.32696,0.24068,0.24068,0.759151816368103,0.558459460735321,b.34.2.1,b.50.1.1,0.0
2ak5A,1axaA,0.33128,0.33128,0.24396,0.24396,0.76656174659729,0.564467191696167,b.34.2.1,b.50.1.1,0.0
2ak5A,1aidA,0.33795,0.33493,0.24557,0.25934,0.7798409461975098,0.5703787207603455,b.34.2.1,b.50.1.1,0.013770000000000004
2aneA,1xe1A,0.37796,0.37796,0.37796,0.37796,0.4590868651866913,0.741724967956543,b.122.1.10,b.43.3.1,0.0
2awuA,2hgaA,0.49022,0.64944,0.45877,0.60873,0.4564570486545563,0.99018657207489,b.36.1.1,b.36.1.6,0.14995999999999998
2awwA,2hgaA,0.51875,0.68272,0.46753,0.61786,0.4575864374637604,0.9914458990097046,b.36.1.1,b.36.1.6,0.15032999999999996
2awxA,2hgaA,0.50166,0.66709,0.45724,0.60952,0.4605629444122314,0.9909214973449708,b.36.1.1,b.36.1.6,0.15227999999999997
2b86A,1g2bA,0.55324,0.72431,0.19041,0.19041,0.494472473859787,0.6379038095474243,b.34.2.1,b.34.2.1,0.0
2bygA,2hgaA,0.48893,0.6444,0.46887,0.61863,0.4960218667984009,0.989036500453949,l.1.1.1,b.36.1.6,0.14976
2bz8A,1tucA,0.6011,0.77372,0.0,0.0,,,,b.34.2.1,0.0
2creA,1tucA,0.51025,0.6589,0.0,0.0,,,l.1.1.1,b.34.2.1,0.0
2creA,1g2bA,0.51034,0.70446,0.20153,0.20153,0.5451953411102295,0.6153907775878906,l.1.1.1,b.34.2.1,0.0
2d0nA,1tucA,0.66586,0.84845,0.0,0.0,,,l.1.1.1,b.34.2.1,0.0
2d0nA,1g2bA,0.64892,0.86821,0.24052,0.24052,0.5213648080825806,0.6273199915885925,l.1.1.1,b.34.2.1,0.0
2d1xA,1tucA,0.58349,0.76775,0.0,0.0,,,b.34.2.0,b.34.2.1,0.0
2d1xA,1g2bA,0.63113,0.83822,0.22466,0.22466,0.4925469160079956,0.620693027973175,b.34.2.0,b.34.2.1,0.0
2d8jA,1g2bA,0.49894,0.66705,0.17601,0.17601,0.4509884119033813,0.5892388224601746,l.1.1.1,b.34.2.1,0.0
2d92A,2hgaA,0.42425,0.5645,0.42425,0.5645,0.426007866859436,0.9804677963256836,l.1.1.1,b.36.1.6,0.14024999999999999
2d9rA,1odxA,0.47673,0.57377,0.41908,0.50367,0.7730302810668945,0.8280640244483948,b.129.2.1,b.50.1.1,0.08458999999999994
2d9rA,2fddA,0.46758,0.55858,0.4125,0.49283,0.7795389890670776,0.8415119051933289,b.129.2.1,b.50.1.1,0.08033000000000001
2da9A,1g2bA,0.53042,0.72534,0.20837,0.20837,0.5032822489738464,0.6160012483596802,l.1.1.1,b.34.2.1,0.0
2dbmA,1wtpA,0.42567,0.42567,0.42567,0.42567,0.8527990579605103,0.8095999360084534,l.1.1.1,b.34.13.1,0.0
2df6A,1tucA,0.54783,0.72088,0.0,0.0,,,,b.34.2.1,0.0
2digA,1hzaA,0.3968,0.50555,0.3968,0.50555,0.5195803642272949,0.7046966552734375,l.1.1.1,b.40.4.5,0.10875000000000007
2digA,1i5fA,0.39092,0.50561,0.39092,0.50561,0.527082085609436,0.7170357704162598,l.1.1.1,b.40.4.5,0.11469000000000001
2dl4A,1g2bA,0.54244,0.72775,0.19686,0.19686,0.4990525245666504,0.6108502149581909,l.1.1.1,b.34.2.1,0.0
2dl7A,1tucA,0.49431,0.63817,0.0,0.0,,,l.1.1.1,b.34.2.1,0.0
2dl7A,1g2bA,0.49429,0.66398,0.19548,0.19548,0.5237106084823608,0.6216354370117188,l.1.1.1,b.34.2.1,0.0
2dlmA,1g2bA,0.51631,0.68984,0.18112,0.18112,0.5021925568580627,0.6300125122070312,l.1.1.1,b.34.2.1,0.0
2dm8A,2hgaA,0.4131,0.53127,0.4131,0.53127,0.4519973397254944,0.971059501171112,l.1.1.1,b.36.1.6,0.11817
2eswA,1g2bA,0.61461,0.81338,0.22414,0.22414,0.4762081801891327,0.6198750138282776,l.1.1.1,b.34.2.1,0.0
2eswA,1tucA,0.57596,0.75675,0.0,0.0,,,l.1.1.1,b.34.2.1,0.0
2f0aA,2hgaA,0.48294,0.61465,0.42535,0.54197,0.4172490537166595,0.98383891582489,l.1.1.1,b.36.1.6,0.11661999999999995
2f2vA,1g2bA,0.65109,0.8698,0.23169,0.23169,0.4795581102371216,0.6145771741867065,b.34.2.1,b.34.2.1,0.0
2f2vA,1tucA,0.60565,0.78792,0.0,0.0,,,b.34.2.1,b.34.2.1,0.0
2fe5A,2hgaA,0.50507,0.65632,0.46769,0.60979,0.4306103587150574,0.9879016280174256,l.1.1.1,b.36.1.6,0.14210000000000006
2fneA,2hgaA,0.48095,0.64047,0.45071,0.60015,0.4518943130970001,0.9780714511871338,l.1.1.1,b.36.1.6,0.14943999999999996
2fryA,1g2bA,0.47159,0.66952,0.22068,0.22068,0.530156135559082,0.6783545017242432,l.1.1.1,b.34.2.1,0.0
2glwA,1pyuB,0.46051,0.48362,0.46051,0.48362,0.529414176940918,0.6714403629302979,,,0.02311000000000002
2glwA,1uheA,0.45643,0.47718,0.43923,0.46008,0.5089560747146606,0.7455718517303467,,,0.02084999999999998
2gncA,1dw6C,0.32764,0.32764,0.23915,0.23915,0.7153540253639221,0.5909559726715088,l.1.1.1,b.50.1.1,0.0
2gncA,2az9A,0.36936,0.36936,0.26475,0.26475,0.7105340957641602,0.6036242246627808,l.1.1.1,b.50.1.1,0.0
2gncA,1ajvA,0.35904,0.35904,0.26045,0.26045,0.7239846587181091,0.6039212942123413,l.1.1.1,b.50.1.1,0.0
2gncA,1fgcC,0.32236,0.32236,0.24232,0.24232,0.7136752605438232,0.5987555384635925,l.1.1.1,b.50.1.1,0.0
2gncA,1k2bA,0.31694,0.31694,0.24343,0.24343,0.7170170545578003,0.6003643274307251,l.1.1.1,b.50.1.1,0.0
2h2bA,2hgaA,0.44912,0.60435,0.44912,0.60435,0.4958427846431732,0.9849498867988586,l.1.1.1,b.36.1.6,0.15523000000000003
2h2cA,2hgaA,0.44156,0.59397,0.44156,0.59397,0.5081794857978821,0.9835082292556764,l.1.1.1,b.36.1.6,0.15241
2h3mA,2hgaA,0.48852,0.64905,0.4536,0.60488,0.4652360379695892,0.9887382388114928,l.1.1.1,b.36.1.6,0.15127999999999997
2he4A,2hgaA,0.48332,0.66726,0.43443,0.59963,0.43608158826828,0.9757677316665648,l.1.1.1,b.36.1.6,0.1652
2hgaA,1wifA,0.45782,0.59886,0.38784,0.50639,0.4774709641933441,0.958482265472412,b.36.1.6,l.1.1.1,0.11854999999999999
2hgaA,1uhpA,0.45459,0.58863,0.44054,0.57106,0.4649316668510437,0.986441969871521,b.36.1.6,l.1.1.1,0.13052000000000002
2hgaA,2d90A,0.45409,0.59451,0.45409,0.59451,0.4414869546890259,0.9804680347442628,b.36.1.6,l.1.1.1,0.14042
2hvyB,1d3bA,0.36601,0.36933,0.36601,0.36933,0.7315196990966797,0.6175450086593628,b.43.3.5,b.38.1.1,0.0033199999999999896
2i6vA,1u37A,0.53131,0.62633,0.52258,0.61544,0.8731503486633301,0.9770597815513612,b.36.1.5,l.1.1.1,0.09285999999999994
2i6vA,1pdrA,0.5583,0.65377,0.51835,0.60603,0.8729820847511292,0.9776751399040222,b.36.1.5,b.36.1.1,0.08767999999999998
2i6vA,1qavA,0.54603,0.63969,0.53245,0.62339,0.8823850154876709,0.97409325838089,b.36.1.5,b.36.1.1,0.09094000000000002
2iimA,1tucA,0.55258,0.7447,0.0,0.0,,,l.1.1.1,b.34.2.1,0.0
2iwoA,2hgaA,0.48913,0.63306,0.44713,0.57877,0.3928588926792145,0.989421844482422,b.36.1.0,b.36.1.6,0.13163999999999998
2iwqA,2hgaA,0.49821,0.65029,0.45437,0.59441,0.4395517408847809,0.983651340007782,l.1.1.1,b.36.1.6,0.14004
2j05A,1mjcA,0.43144,0.54542,0.39802,0.5038,0.6105961203575134,0.8217498064041138,l.1.1.1,b.40.4.5,0.10578000000000004
2j6fA,1tucA,0.60726,0.77879,0.0,0.0,,,,b.34.2.1,0.0
2j6fA,1g2bA,0.59177,0.81722,0.25334,0.25334,0.5405846238136292,0.6161634922027588,,b.34.2.1,0.0
2j6fA,1dw6C,0.33408,0.33408,0.25734,0.25734,0.7403997182846069,0.5711873173713684,,b.50.1.1,0.0
2j6fA,1fgcC,0.36395,0.36395,0.2689,0.2689,0.7390769720077515,0.5782081484794617,,b.50.1.1,0.0
2j6fA,2fgvA,0.37118,0.37118,0.26583,0.26583,0.7293060421943665,0.57256019115448,,b.50.1.1,0.0
2j6fA,2g69A,0.34369,0.34369,0.26146,0.26146,0.7323858737945557,0.5769504308700562,,b.50.1.1,0.0
2j6fA,1mtbA,0.374,0.374,0.26939,0.26939,0.7406966686248779,0.5663933157920837,,b.50.1.1,0.0
2j6fA,1fg6C,0.33572,0.35876,0.25869,0.25615,0.7525254487991333,0.5969341993331909,,b.50.1.1,-0.0025399999999999867
2j6fA,1dazC,0.38484,0.38484,0.27228,0.27228,0.7364770174026489,0.5772674083709717,,b.50.1.1,0.0
2j6fA,2azcA,0.36796,0.36796,0.26777,0.26777,0.7426725029945374,0.5710189342498779,,b.50.1.1,0.0
2j6fA,1k6cA,0.34337,0.34337,0.2627,0.2627,0.7154850959777832,0.5772590041160583,,b.50.1.1,0.0
2j6fA,1hefE,0.3765,0.3765,0.26841,0.26841,0.7363235950469971,0.580464243888855,,b.50.1.1,0.0
2ocsA,2hgaA,0.51661,0.67289,0.44305,0.57897,0.4515098631381988,0.968750298023224,l.1.1.1,b.36.1.6,0.13591999999999999
2semA,1tucA,0.6265,0.82826,0.0,0.0,,,b.34.2.1,b.34.2.1,0.0
2semA,1g2bA,0.66088,0.87124,0.22461,0.22461,0.5114344954490662,0.6291044354438782,b.34.2.1,b.34.2.1,0.0
1dqgA,2f2fA,0.74009,0.77891,0.65769,0.69125,0.9019677639007568,0.9947859644889832,b.42.2.2,b.42.2.1,0.033560000000000034
1hibA,1n4kA,0.68793,0.68793,0.38059,0.38059,0.6920949816703796,0.8208513855934143,b.42.1.2,b.42.6.1,0.0
1i1bA,1n4kA,0.68216,0.68216,0.37973,0.37973,0.6928087472915649,0.8187917470932007,b.42.1.2,b.42.6.1,0.0
1sr4A,1fwuA,0.602,0.63655,0.602,0.63655,0.906602680683136,0.9919615387916564,b.42.2.1,b.42.2.2,0.03454999999999997
1sr4A,1dqgA,0.60262,0.63806,0.60262,0.63806,0.910936713218689,0.9921200275421144,b.42.2.1,b.42.2.2,0.035439999999999916
1t4qA,1n4kA,0.67123,0.73077,0.37876,0.40727,0.6895920038223267,0.8178938627243042,b.42.1.2,b.42.6.1,0.028510000000000035
1tweA,1n4kA,0.67498,0.73726,0.38022,0.40957,0.6838524341583252,0.8184049129486084,b.42.1.2,b.42.6.1,0.029349999999999987
21biA,1n4kA,0.68423,0.68423,0.38079,0.38079,0.6933008432388306,0.8218733072280884,b.42.1.2,b.42.6.1,0.0
31biA,1n4kA,0.68184,0.7523,0.37492,0.40863,0.6889249086380005,0.8245073556900024,b.42.1.2,b.42.6.1,0.03371000000000002
41biA,1n4kA,0.68279,0.68279,0.37779,0.37779,0.6924972534179688,0.8207164406776428,b.42.1.2,b.42.6.1,0.0
1bh4A,1kalA,0.26888,0.42543,0.26604,0.42013,0.9779390096664428,0.9850084781646729,g.3.3.3,g.3.3.1,0.15409
1ce3A,1tihA,0.3816,0.5498,0.3816,0.5498,0.9919353127479552,0.979280948638916,g.69.1.1,g.69.1.1,0.16819999999999996
1ce3A,4sgbI,0.41248,0.6024,0.41248,0.6024,0.9897492527961732,0.9721895456314088,g.69.1.1,g.69.1.1,0.18992000000000003
1df6A,1r1fA,0.43749,0.51687,0.42955,0.50897,0.972911298274994,0.9488779306411744,g.3.3.2,g.3.3.4,0.07942000000000005
1jjzA,1kalA,0.45329,0.59087,0.45329,0.59087,0.9916530251502992,0.9980406761169434,l.1.1.1,g.3.3.1,0.13757999999999998
1jjzA,1n1uA,0.54839,0.60015,0.54839,0.60015,0.9908046722412108,0.997969925403595,l.1.1.1,g.3.3.1,0.05175999999999992
1jjzA,2b38A,0.46435,0.48981,0.4638,0.48981,0.982918381690979,0.9940648078918456,l.1.1.1,,0.026010000000000033
1jjzA,1bh4A,0.36927,0.42881,0.36927,0.42881,0.980837106704712,0.9895638227462769,l.1.1.1,g.3.3.3,0.05954000000000004
1kalA,1n1uA,0.37316,0.51376,0.37316,0.51376,0.9932252168655396,0.9977084398269652,g.3.3.1,g.3.3.1,0.1406
1kalA,1orxA,0.54136,0.68416,0.54136,0.68416,0.995473861694336,0.9940235614776612,g.3.3.1,g.3.3.1,0.14280000000000004
1kalA,2b38A,0.37051,0.52134,0.36604,0.51753,0.9805408716201782,0.99295973777771,g.3.3.1,,0.15149000000000007
1kalA,1yp8A,0.41403,0.50486,0.39883,0.49569,0.9750828742980956,0.959852397441864,g.3.3.1,,0.09686
1kalA,2eriA,0.40413,0.5539,0.39651,0.54903,0.979508638381958,0.9841607213020324,g.3.3.1,g.3.3.3,0.15252000000000004
1nb1A,1kalA,0.48348,0.70548,0.48348,0.70548,0.9949630498886108,0.997696340084076,g.3.3.1,g.3.3.1,0.22199999999999998
1nb1A,1jjzA,0.60313,0.67127,0.60313,0.67127,0.99209326505661,0.996616542339325,g.3.3.1,l.1.1.1,0.06813999999999998
1pt4A,1kalA,0.44031,0.67804,0.44031,0.67804,0.9944016933441162,0.997891128063202,g.3.3.1,g.3.3.1,0.23773
1pt4A,1jjzA,0.63089,0.74854,0.63089,0.74854,0.992601752281189,0.9964638948440552,g.3.3.1,l.1.1.1,0.11765000000000003
1spwA,1pftA,0.42537,0.43291,0.36854,0.37725,0.6763456463813782,0.9194493889808656,g.41.5.1,g.41.3.1,0.008709999999999996
1ytpA,1ce3A,0.42358,0.63652,0.41798,0.62853,0.9944729804992676,0.9812269806861876,g.69.1.1,g.69.1.1,0.21055000000000001
2b38A,2gj0A,0.48059,0.55374,0.48059,0.55374,0.9647773504257202,0.9948096871376038,,,0.07314999999999999
2eriA,1jjzA,0.4694,0.51597,0.4694,0.51534,0.9838954210281372,0.9892814755439758,g.3.3.3,l.1.1.1,0.045940000000000036
2f2iA,1kalA,0.3756,0.57193,0.3756,0.57193,0.9925251603126526,0.9951834082603456,,g.3.3.1,0.19633000000000006
2f2iA,1jjzA,0.47617,0.53466,0.47617,0.53466,0.9886287450790404,0.9962957501411438,,l.1.1.1,0.05849000000000004
2f2jA,1kalA,0.39799,0.56335,0.39799,0.56335,0.9945207834243774,0.9980026483535768,,g.3.3.1,0.16536
2f2jA,1jjzA,0.5038,0.62911,0.5038,0.62911,0.9943527579307556,0.9962451457977296,,l.1.1.1,0.12530999999999992
2fqaA,1kalA,0.20801,0.20801,0.20801,0.20801,0.941791534423828,0.9942576885223388,,g.3.3.1,0.0
2gj0A,1kalA,0.38359,0.49739,0.38359,0.49729,0.980570912361145,0.9963301420211792,,g.3.3.1,0.11370000000000002
2darA,1j2oA,0.49954,0.57655,0.41782,0.48312,0.7773197889328003,0.8843152523040771,l.1.1.1,l.1.1.1,0.06529999999999997
2darA,2dfyX,0.6251,0.72529,0.37922,0.44272,0.7515761256217957,0.917295217514038,l.1.1.1,,0.0635
1a50A,1jclA,0.58352,0.66205,0.58352,0.66205,0.8644954562187195,0.94334876537323,c.1.2.4,l.1.1.1,0.07852999999999999
1a50A,1ktnA,0.58111,0.65787,0.58111,0.65787,0.8807358741760254,0.9362101554870604,c.1.2.4,c.1.10.1,0.07675999999999994
1a50A,1jcjA,0.58407,0.66253,0.58407,0.66253,0.8683895468711853,0.9442110061645508,c.1.2.4,l.1.1.1,0.07845999999999997
1a50A,1o66A,0.594,0.594,0.594,0.594,0.953677237033844,0.9016217589378356,c.1.2.4,l.1.1.1,0.0
1a50A,1i2rA,0.57574,0.57574,0.48995,0.48995,0.9078552722930908,0.8819368481636047,c.1.2.4,c.1.10.1,0.0
1a50A,2fmnA,0.61967,0.62521,0.56872,0.57612,0.5118294358253479,0.8697894811630249,c.1.2.4,c.1.23.1,0.007399999999999962
1a50A,1f05A,0.57669,0.57669,0.48345,0.48345,0.9048612117767334,0.8997659087181091,c.1.2.4,c.1.10.1,0.0
1a5cA,2fmnA,0.47784,0.53618,0.47784,0.53618,0.651407778263092,0.8903630971908569,c.1.10.1,c.1.23.1,0.05834
1ad1A,1bf6A,0.56987,0.63727,0.52798,0.58952,0.7018836140632629,0.7831591963768005,c.1.21.1,c.1.9.3,0.06154000000000004
1ad1A,1xwyA,0.53944,0.60901,0.53944,0.60901,0.7629578113555908,0.8310626745223999,c.1.21.1,c.1.9.12,0.06957000000000002
1ad1A,1a4lA,0.56636,0.63513,0.45306,0.50232,0.6503211259841919,0.7903109788894653,c.1.21.1,c.1.9.1,0.04925999999999997
1ad1A,2gzxA,0.49667,0.59709,0.49667,0.59709,0.7669229507446289,0.8297513723373413,c.1.21.1,c.1.9.0,0.10042000000000001
1ad1A,1zgdA,0.58021,0.60842,0.50998,0.53434,0.8693349361419678,0.862959623336792,c.1.21.1,,0.02436000000000005
1ad1A,1vcvA,0.54632,0.54632,0.54632,0.54632,0.8180522918701172,0.8609637022018433,c.1.21.1,c.1.10.1,0.0
1ad1A,1sytA,0.62784,0.62784,0.48285,0.48285,0.6293381452560425,0.649722695350647,c.1.21.1,d.26.3.1,0.0
1ad1A,1zzmA,0.52956,0.61364,0.52956,0.61364,0.7722474932670593,0.8300743699073792,c.1.21.1,c.1.9.12,0.08407999999999993
1ad1A,1fkxA,0.53622,0.63371,0.4321,0.50138,0.6517179012298584,0.7888871431350708,c.1.21.1,c.1.9.1,0.06928000000000006
1ad1A,1uioA,0.56752,0.63588,0.45373,0.50279,0.6413224935531616,0.7941910028457642,c.1.21.1,c.1.9.1,0.04905999999999994
1ad1A,1owqA,0.6257,0.6257,0.48143,0.48143,0.6263646483421326,0.6623175144195557,c.1.21.1,d.26.3.1,0.0
1ad1A,1fkwA,0.56614,0.63506,0.45199,0.50242,0.6567829251289368,0.7950844764709473,c.1.21.1,c.1.9.1,0.050429999999999975
1ad1A,1ljyA,0.62822,0.62822,0.48312,0.48312,0.6318891644477844,0.6464001536369324,c.1.21.1,d.26.3.1,0.0
1ad1A,1qwkA,0.58022,0.56838,0.5042,0.49798,0.8924734592437744,0.881155252456665,c.1.21.1,c.1.7.1,-0.006220000000000003
1ad1A,1w1iE,0.54139,0.63612,0.43309,0.49922,0.6459829211235046,0.7971101999282837,c.1.21.1,c.1.9.1,0.06613000000000002
1ad1A,2bgnE,0.53832,0.63377,0.43099,0.49837,0.6483749151229858,0.7948241829872131,c.1.21.1,c.1.9.1,0.06738
1ad1A,1el3A,0.58015,0.58015,0.4992,0.4992,0.8770586252212524,0.8753024339675903,c.1.21.1,c.1.7.1,0.0
1ad1A,1i2rA,0.54227,0.54227,0.46775,0.46775,0.813895583152771,0.9064561128616332,c.1.21.1,c.1.10.1,0.0
1aw1A,1ct5A,0.51829,0.56082,0.51829,0.56082,0.5810692310333252,0.9511610269546508,c.1.1.1,c.1.6.2,0.04252999999999996
1aw1A,1hizA,0.58975,0.67556,0.43363,0.49339,0.7718420028686523,0.7305722832679749,c.1.1.1,c.1.8.3,0.05975999999999998
1aw1A,1l6wA,0.55332,0.56465,0.55332,0.56465,0.8716614246368408,0.955152988433838,c.1.1.1,c.1.10.1,0.011329999999999951
1aw1A,1d3gA,0.6259,0.6259,0.47295,0.47295,0.8847157955169678,0.8248114585876465,c.1.1.1,c.1.4.1,0.0
1aw1A,1ta3B,0.62495,0.64838,0.54743,0.56837,0.8630411624908447,0.8195093870162964,c.1.1.1,c.1.8.3,0.02094000000000007
1aw1A,1b54A,0.54238,0.58119,0.54238,0.58119,0.5813466906547546,0.9700366258621216,c.1.1.1,c.1.6.2,0.03881000000000001
1aw1A,2bnjA,0.61754,0.68431,0.54152,0.59712,0.86527419090271,0.8573929667472839,c.1.1.1,c.1.8.3,0.05559999999999998
1aw1A,1f9cA,0.53536,0.54292,0.40112,0.41132,0.5808343887329102,0.5231288075447083,c.1.1.1,d.54.1.1,0.010200000000000042
1b54A,1wnoA,0.57811,0.55819,0.37755,0.36639,0.5567903518676758,0.7726612091064453,c.1.6.2,d.26.3.1,-0.011160000000000003
1b54A,1ojxA,0.54602,0.61625,0.51081,0.57597,0.7664934992790222,0.9376627802848816,c.1.6.2,c.1.10.1,0.06516
1b57A,2cwnA,0.49781,0.49781,0.49781,0.49781,0.9477595686912536,0.93836772441864,c.1.10.2,l.1.1.1,0.0
1b57A,1i2nA,0.49444,0.49444,0.49444,0.49444,0.93962424993515,0.9266026020050048,c.1.10.2,c.1.10.1,0.0
1b5tA,1ptaA,0.59899,0.59899,0.53304,0.53304,0.7169257402420044,0.8915796279907227,c.1.23.1,c.1.9.3,0.0
1b5tA,1r9xA,0.59623,0.66067,0.42092,0.4599,0.7312500476837158,0.7946017980575562,c.1.23.1,c.1.9.5,0.03897999999999996
1b5tA,1r9yA,0.59621,0.66043,0.4209,0.45952,0.7293348908424377,0.7951679229736328,c.1.23.1,c.1.9.5,0.03861999999999999
1b5tA,2dw6A,0.57778,0.57778,0.4338,0.4338,0.5501599907875061,0.5222885608673096,c.1.23.1,d.54.1.0,0.0
1b5tA,1k6wA,0.59619,0.65773,0.4209,0.45789,0.7277149558067322,0.7924764156341553,c.1.23.1,c.1.9.5,0.03699000000000002
1b5tA,1r9zA,0.59587,0.66046,0.42071,0.4595,0.730492115020752,0.7942399978637695,c.1.23.1,c.1.9.5,0.03879000000000005
1b5tA,2h9aA,0.57782,0.5833,0.43816,0.44116,0.7283639907836914,0.7025263905525208,c.1.23.1,,0.0030000000000000027
1b5tA,1qrqA,0.64721,0.64721,0.56286,0.56286,0.8764361143112183,0.9308640360832214,c.1.23.1,c.1.7.1,0.0
1b5tA,1tv7A,0.52496,0.54626,0.45641,0.47367,0.6142406463623047,0.665513277053833,c.1.23.1,c.1.28.3,0.017259999999999998
1b5tA,1hw6A,0.56728,0.56728,0.56728,0.56728,0.8122031688690186,0.9354957938194276,c.1.23.1,c.1.7.1,0.0
1b5tA,1bf6A,0.59489,0.59489,0.56815,0.56815,0.7595610618591309,0.860450267791748,c.1.23.1,c.1.9.3,0.0
1b5tA,2hs8A,0.63086,0.68027,0.49472,0.53314,0.5749879479408264,0.7842961549758911,c.1.23.1,c.1.4.1,0.038419999999999954
1b9bA,1vpxA,0.54983,0.54983,0.54983,0.54983,0.8243416547775269,0.94061678647995,c.1.1.1,l.1.1.1,0.0
1brlA,1to3A,0.46988,0.52414,0.46988,0.52414,0.4510660171508789,0.8381791114807129,c.1.16.1,l.1.1.1,0.05426000000000003
1brlA,1o60A,0.46634,0.42664,0.46634,0.42664,0.4271946549415588,0.7821187973022461,c.1.16.1,c.1.10.4,-0.03969999999999996
1brlA,1uumA,0.51024,0.54452,0.49809,0.53123,0.4495081901550293,0.7798346281051636,c.1.16.1,c.1.4.1,0.03314
1brlA,1twsA,0.48773,0.52796,0.48773,0.52796,0.5252439379692078,0.7580751180648804,c.1.16.1,c.1.21.1,0.04022999999999999
1brlB,2d1zA,0.49301,0.61288,0.38573,0.48007,0.5458598732948303,0.7503424882888794,c.1.16.1,c.1.8.3,0.09433999999999998
1brlB,1jclA,0.50614,0.54128,0.50614,0.54128,0.5685214400291443,0.7616928219795227,c.1.16.1,l.1.1.1,0.03513999999999995
1brlB,1ta3B,0.49274,0.5778,0.49274,0.5778,0.5653225183486938,0.8706544041633606,c.1.16.1,c.1.8.3,0.08505999999999997
1ct5A,1d3gA,0.63089,0.63089,0.42609,0.42609,0.6248286962509155,0.8207623958587646,c.1.6.2,c.1.4.1,0.0
1ct5A,1wx0A,0.56515,0.57461,0.56515,0.57461,0.754630446434021,0.925352931022644,c.1.6.2,c.1.10.1,0.009459999999999913
1ct5A,1y65A,0.58561,0.58561,0.43269,0.43269,0.5968176126480103,0.7933160066604614,c.1.6.2,l.1.1.1,0.0
1ct5A,1hl2A,0.57585,0.63845,0.46056,0.51027,0.7362179756164551,0.8674716353416443,c.1.6.2,c.1.10.1,0.049709999999999976
1ct5A,2gjlA,0.55392,0.60486,0.41066,0.44757,0.6888699531555176,0.7852124571800232,c.1.6.2,,0.03691
1ct5A,1oyaA,0.63223,0.65553,0.39535,0.41114,0.5871298313140869,0.74280846118927,c.1.6.2,c.1.4.1,0.015790000000000026
1ct5A,2hmcA,0.57136,0.65923,0.4482,0.50856,0.7429714202880859,0.8946372866630554,c.1.6.2,,0.060360000000000025
1ct5A,1j2wA,0.56164,0.60957,0.56164,0.60957,0.6824806928634644,0.9156486988067628,c.1.6.2,c.1.10.1,0.04792999999999992
1dbtA,1f6yA,0.64476,0.68191,0.60036,0.63463,0.8797997236251831,0.9580103158950806,c.1.2.3,c.1.21.2,0.03427000000000002
1dbtA,2h9aA,0.63966,0.60394,0.4221,0.40255,0.9382129907608032,0.5194807648658752,c.1.2.3,,-0.019549999999999956
1dbtA,2ftpA,0.65461,0.65461,0.53879,0.53879,0.8631783723831177,0.8266880512237549,c.1.2.3,,0.0
1dkwA,1vpxA,0.57294,0.57294,0.57294,0.57294,0.911265194416046,0.9464136362075806,c.1.1.1,l.1.1.1,0.0
1dkwA,1l6wA,0.58158,0.60862,0.58158,0.60862,0.9316309690475464,0.9692078828811646,c.1.1.1,c.1.10.1,0.027040000000000064
1dl3A,1vpxA,0.68534,0.69185,0.63988,0.64711,0.9178439378738404,0.9143242239952089,c.1.2.4,l.1.1.1,0.007229999999999959
1dl3A,1xbyA,0.77886,0.77886,0.70881,0.70881,0.9111921787261964,0.9449394345283508,c.1.2.4,c.1.2.3,0.0
1dl3A,1ucwA,0.68252,0.67671,0.4466,0.44563,0.8077656030654907,0.7233038544654846,c.1.2.4,c.1.10.1,-0.0009699999999999709
1dl3A,1v77A,0.5641,0.5819,0.54029,0.5568,0.7046583294868469,0.7036202549934387,c.1.2.4,c.6.3.2,0.016509999999999914
1dl3A,1fkxA,0.66164,0.6997,0.407,0.421,0.593605101108551,0.6429542303085327,c.1.2.4,c.1.9.1,0.014000000000000012
1dl3A,1uipA,0.66432,0.67207,0.40875,0.40861,0.584017276763916,0.6338514089584351,c.1.2.4,c.1.9.1,-0.000140000000000029
1dl3A,2adaA,0.66172,0.66595,0.40703,0.4091,0.5931155681610107,0.6469012498855591,c.1.2.4,c.1.9.1,0.0020700000000000163
1dosA,1i2oA,0.48161,0.48161,0.48161,0.48161,0.9540414810180664,0.9273992776870728,c.1.10.2,c.1.10.1,0.0
1dosA,1onrA,0.48139,0.48139,0.48139,0.48139,0.9545785188674928,0.9266799092292786,c.1.10.2,c.1.10.1,0.0
1dosA,1i2pA,0.48136,0.48136,0.48136,0.48136,0.955287218093872,0.9258077144622804,c.1.10.2,c.1.10.1,0.0
1dosA,1i2qA,0.48226,0.48226,0.48226,0.48226,0.9532506465911864,0.9247925281524658,c.1.10.2,c.1.10.1,0.0
1dosA,1i2rA,0.48255,0.48255,0.48255,0.48255,0.9544809460639954,0.9283231496810912,c.1.10.2,c.1.10.1,0.0
1dosA,2cwnA,0.48239,0.48239,0.48239,0.48239,0.9667563438415528,0.9397542476654052,c.1.10.2,l.1.1.1,0.0
1dosA,1i2nA,0.48226,0.48226,0.48226,0.48226,0.952152669429779,0.9269035458564758,c.1.10.2,c.1.10.1,0.0
1dxeA,1g4eA,0.59963,0.59963,0.59963,0.59963,0.7331969141960144,0.934682846069336,c.1.12.5,l.1.1.1,0.0
1dxeA,1vlwA,0.59651,0.59651,0.59651,0.59651,0.8791235089302063,0.939033031463623,c.1.12.5,l.1.1.1,0.0
1dxeA,1wa3A,0.59394,0.59394,0.59394,0.59394,0.8440820574760437,0.9265252351760864,c.1.12.5,c.1.10.1,0.0
1dxeA,1i2qA,0.57947,0.57947,0.47907,0.47907,0.9575231075286864,0.9212421774864196,c.1.12.5,c.1.10.1,0.0
1dxeA,1i2rA,0.57952,0.57952,0.47908,0.47908,0.9573535323143004,0.9265190362930298,c.1.12.5,c.1.10.1,0.0
1e0vA,1vhcA,0.48352,0.48352,0.48352,0.48352,0.8983194828033447,0.8458589315414429,c.1.8.3,l.1.1.1,0.0
1e0wA,1vhcA,0.48056,0.51271,0.48056,0.51271,0.8969603180885315,0.8405939340591431,c.1.8.3,l.1.1.1,0.03215000000000001
1eixA,1nvmA,0.68752,0.68001,0.49377,0.48786,0.8695516586303711,0.8514525294303894,c.1.2.3,c.1.10.5,-0.005909999999999971
1eixA,1f6yA,0.65491,0.65491,0.59679,0.59679,0.8691122531890869,0.9398651123046876,c.1.2.3,c.1.21.2,0.0
1eixA,1vh7A,0.70053,0.70053,0.65434,0.65434,0.9730533361434937,0.9502334594726562,c.1.2.3,c.1.2.1,0.0
1eyeA,2gokA,0.55234,0.63495,0.38147,0.42967,0.5512515902519226,0.6659696698188782,c.1.21.1,c.1.9.17,0.04820000000000002
1eyeA,1xm3A,0.56472,0.57573,0.56472,0.57573,0.7302777171134949,0.8791083097457886,c.1.21.1,c.1.31.1,0.011009999999999964
1eyeA,1onrA,0.55001,0.60912,0.45995,0.50525,0.8327488899230957,0.8784593939781189,c.1.21.1,c.1.10.1,0.04529999999999995
1eyeA,1fkxA,0.50622,0.61728,0.39569,0.47622,0.609872579574585,0.7786240577697754,c.1.21.1,c.1.9.1,0.08052999999999999
1eyeA,1a4lA,0.55529,0.61454,0.43124,0.47684,0.6087311506271362,0.7783997058868408,c.1.21.1,c.1.9.1,0.045599999999999974
1eyeA,1i2qA,0.55088,0.6087,0.46027,0.50493,0.8354809284210205,0.8788871765136719,c.1.21.1,c.1.10.1,0.04465999999999998
1eyeA,1i2oA,0.54893,0.60879,0.45939,0.50501,0.8397128582000732,0.8836333751678467,c.1.21.1,c.1.10.1,0.04561999999999994
1eyeA,1i2pA,0.5485,0.60806,0.45881,0.50448,0.8402917385101318,0.8830499649047852,c.1.21.1,c.1.10.1,0.045670000000000044
1eyeA,1pz1A,0.58644,0.62764,0.48443,0.51666,0.8334000110626221,0.8311700224876404,c.1.21.1,l.1.1.1,0.03222999999999998
1eyeA,1i2rA,0.5481,0.60901,0.45838,0.50516,0.8361293077468872,0.8837199211120605,c.1.21.1,c.1.10.1,0.046780000000000044
1eyeA,1tvlA,0.61765,0.61765,0.43547,0.43547,0.4998172521591186,0.8460883498191833,c.1.21.1,c.1.16.4,0.0
1eyeA,1pyfA,0.62653,0.62653,0.53577,0.53577,0.8684120774269104,0.875877857208252,c.1.21.1,l.1.1.1,0.0
1eyeA,1w1iE,0.5558,0.64486,0.43062,0.49463,0.6044479608535767,0.7855424880981445,c.1.21.1,c.1.9.1,0.06401000000000001
1eyeA,1l6wA,0.54539,0.54539,0.54539,0.54539,0.8228856921195984,0.9587594270706176,c.1.21.1,c.1.10.1,0.0
1eyeA,1ucwA,0.54878,0.60621,0.46015,0.50423,0.8243222832679749,0.8911359310150146,c.1.21.1,c.1.10.1,0.04407999999999995
1eyeA,1fkwA,0.55447,0.6179,0.43067,0.47651,0.6154720783233643,0.7839683890342712,c.1.21.1,c.1.9.1,0.04583999999999999
1eyeA,1uioA,0.55669,0.61712,0.4321,0.47854,0.5981841087341309,0.7815448045730591,c.1.21.1,c.1.9.1,0.04644000000000004
1eyeA,2adaA,0.50584,0.61894,0.39478,0.47724,0.6039703488349915,0.7868787050247192,c.1.21.1,c.1.9.1,0.08245999999999998
1eyeA,2amxA,0.57139,0.65571,0.43049,0.48779,0.6548606157302856,0.8042590618133545,c.1.21.1,l.1.1.1,0.05730000000000002
1eyeA,1zzmA,0.53114,0.61337,0.52637,0.60762,0.7335526347160339,0.8145185708999634,c.1.21.1,c.1.9.12,0.08125000000000004
1eyeA,1ndvA,0.55462,0.6138,0.43079,0.47651,0.611457884311676,0.7914984822273254,c.1.21.1,c.1.9.1,0.04571999999999998
1eyeA,1o66A,0.51331,0.48062,0.51331,0.48062,0.7332569360733032,0.9204444885253906,c.1.21.1,l.1.1.1,-0.03269000000000005
1ezwA,1sfjA,0.44346,0.48828,0.44346,0.48828,0.4986900091171264,0.8878393769264221,c.1.16.3,c.1.10.1,0.04481999999999997
1ezwA,1f6yA,0.44262,0.49105,0.44262,0.49105,0.4615715146064758,0.8408025503158569,c.1.16.3,c.1.21.2,0.04842999999999997
1f07A,1nvmA,0.53408,0.51723,0.5075,0.49302,0.3969753980636596,0.8340722322463989,c.1.16.3,c.1.10.5,-0.014479999999999937
1f07A,1sfjA,0.47524,0.47524,0.47524,0.47524,0.519010603427887,0.8937506675720215,c.1.16.3,c.1.10.1,0.0
1f07A,1sflA,0.48574,0.48574,0.48574,0.48574,0.5071867108345032,0.9131267666816713,c.1.16.3,c.1.10.1,0.0
1f07A,1rzmA,0.45884,0.56049,0.43905,0.53535,0.4570554494857788,0.9087178707122804,c.1.16.3,c.1.10.4,0.0963
1f07A,1d9eA,0.45381,0.5656,0.45381,0.5656,0.4663874804973602,0.8720204830169678,c.1.16.3,c.1.10.4,0.11179
1f5zA,1to3A,0.54475,0.54475,0.54475,0.54475,0.9843738079071044,0.9600679874420166,c.1.10.1,l.1.1.1,0.0
1f5zA,1ta3B,0.55915,0.59819,0.54671,0.5845,0.8818194270133972,0.8852262496948242,c.1.10.1,c.1.8.3,0.03778999999999999
1f5zA,1b30A,0.55226,0.55537,0.54013,0.54336,0.8670538663864136,0.9017351865768432,c.1.10.1,c.1.8.3,0.003229999999999955
1f5zA,1i1wA,0.55865,0.52111,0.54467,0.50862,0.8649522066116333,0.8991445302963257,c.1.10.1,c.1.8.3,-0.036050000000000026
1fwnA,1hjsA,0.64697,0.67431,0.52269,0.54157,0.8216770887374878,0.8482939004898071,c.1.10.4,c.1.8.3,0.018880000000000008
1fwnA,2b4gA,0.66556,0.70304,0.56528,0.59111,0.9281356930732728,0.919415295124054,c.1.10.4,c.1.4.1,0.02583000000000002
1fwnA,1gzjA,0.64979,0.66046,0.56388,0.57172,0.8452615141868591,0.8737297058105469,c.1.10.4,c.1.8.3,0.007839999999999958
1fwnA,2cwnA,0.54021,0.54021,0.44658,0.44658,0.9336747527122498,0.8422366380691528,c.1.10.4,l.1.1.1,0.0
1fwnA,1h1nA,0.64753,0.67294,0.55974,0.57967,0.8480477333068848,0.8875662088394165,c.1.10.4,c.1.8.3,0.019930000000000003
1fwnA,1f05A,0.54268,0.54268,0.44619,0.44619,0.9323153495788574,0.8424172401428223,c.1.10.4,c.1.10.1,0.0
1fwnA,1o1hA,0.5802,0.66539,0.41636,0.4757,0.6854289770126343,0.8534221649169922,c.1.10.4,c.1.15.3,0.059340000000000004
1g4eA,1ydnA,0.67472,0.70111,0.55086,0.57188,0.7263545989990234,0.7472079396247864,l.1.1.1,,0.02102000000000004
1g4pA,1ct5A,0.54984,0.64062,0.53814,0.62686,0.7239480018615723,0.856461226940155,l.1.1.1,c.1.6.2,0.08872000000000002
1g69A,1ct5A,0.53718,0.62327,0.53718,0.62327,0.7159349322319031,0.8396799564361572,l.1.1.1,c.1.6.2,0.08609
1gpwA,1bd0A,0.57993,0.61055,0.40885,0.43023,0.8745064735412598,0.6918792724609375,c.1.2.1,c.1.6.1,0.02138000000000001
1gpwA,1yx1A,0.61399,0.61399,0.61399,0.61399,0.6765694618225098,0.9057199954986572,c.1.2.1,c.1.15.7,0.0
1gqnA,1ezwA,0.5697,0.66146,0.44029,0.50371,0.4794315993785858,0.924545407295227,c.1.10.1,c.1.16.3,0.06341999999999998
1gqnA,2c91A,0.59978,0.59978,0.4868,0.4868,0.8211771845817566,0.9203798174858092,c.1.10.1,c.1.7.1,0.0
1gqnA,1gveA,0.59859,0.59859,0.48721,0.48721,0.8190850019454956,0.9221806526184082,c.1.10.1,c.1.7.1,0.0
1gqnA,1pyfA,0.62491,0.62491,0.53021,0.53021,0.8102548122406006,0.943307638168335,c.1.10.1,l.1.1.1,0.0
1gvfA,1l6wA,0.54924,0.54924,0.54924,0.54924,0.9434186220169068,0.9480644464492798,c.1.10.2,c.1.10.1,0.0
1gvfA,1wx0A,0.54815,0.56981,0.54815,0.56981,0.91861492395401,0.9396830797195436,c.1.10.2,c.1.10.1,0.021660000000000013
1gvfA,1i2oA,0.52761,0.60768,0.46686,0.53615,0.9335355162620544,0.918187975883484,c.1.10.2,c.1.10.1,0.06929000000000002
1gvfA,1i2pA,0.53098,0.59608,0.46979,0.52717,0.935437560081482,0.9162635803222656,c.1.10.2,c.1.10.1,0.05738000000000004
1gvfA,1i2rA,0.52666,0.59671,0.46631,0.52758,0.9343805313110352,0.9183170199394226,c.1.10.2,c.1.10.1,0.06127000000000005
1gvfA,1onrA,0.52674,0.59315,0.46643,0.52408,0.9337034821510316,0.9169011116027832,c.1.10.2,c.1.10.1,0.05764999999999998
1gvfA,1i2nA,0.53214,0.60781,0.47086,0.53643,0.9324576258659364,0.9164667725563048,c.1.10.2,c.1.10.1,0.06556999999999996
1gvfA,2h9aB,0.60362,0.57812,0.54574,0.52503,0.943503737449646,0.9642281532287598,c.1.10.2,,-0.020710000000000006
1gvfA,1i2qA,0.53264,0.60406,0.47147,0.53292,0.933524250984192,0.9145915508270264,c.1.10.2,c.1.10.1,0.06144999999999995
1gzgA,1kfcA,0.49517,0.49517,0.49517,0.49517,0.859097957611084,0.9423530101776124,c.1.10.3,c.1.2.4,0.0
1h5yA,1xm3A,0.61471,0.61471,0.61471,0.61471,0.8404586315155029,0.8895648121833801,c.1.2.1,c.1.31.1,0.0
1h5yA,1zsxA,0.63149,0.63149,0.51135,0.51135,0.6313726902008057,0.718551516532898,c.1.2.1,l.1.1.1,0.0
1h7oA,1dbtA,0.52489,0.51489,0.52489,0.51489,0.8280015587806702,0.9384171962738036,c.1.10.3,c.1.2.3,-0.010000000000000009
1hg3A,1jqxA,0.70364,0.70364,0.53288,0.53288,0.8781358599662781,0.91779887676239,c.1.1.1,c.1.4.1,0.0
1hg3A,1jrcA,0.59128,0.66828,0.45007,0.50864,0.8760515451431274,0.9172279834747314,c.1.1.1,c.1.4.1,0.058569999999999955
1hg3A,1o66A,0.54071,0.61498,0.5222,0.59301,0.9067792892456056,0.943928360939026,c.1.1.1,l.1.1.1,0.07081000000000004
1hg3A,1vs1A,0.69572,0.69572,0.59313,0.59313,0.9265341758728028,0.962169885635376,c.1.1.1,,0.0
1hg3A,1qw7A,0.64963,0.66922,0.4684,0.4826,0.7559743523597717,0.6822898387908936,c.1.1.1,c.1.9.3,0.01419999999999999
1i60A,1v93A,0.57456,0.57456,0.54419,0.54419,0.8137615919113159,0.9333093166351318,c.1.15.4,c.1.23.1,0.0
1i60A,1gqnA,0.57734,0.57701,0.57734,0.57701,0.698435366153717,0.924308717250824,c.1.15.4,c.1.10.1,-0.00032999999999994145
1i60A,1kfcA,0.5749,0.57993,0.5749,0.57993,0.5928377509117126,0.8805063366889954,c.1.15.4,c.1.2.4,0.005029999999999979
1i60A,1vh7A,0.56472,0.63177,0.56472,0.63177,0.5769811868667603,0.8345414400100708,c.1.15.4,c.1.2.1,0.06705000000000005
1j2wA,1x1oA,0.55558,0.47119,0.43999,0.38267,0.515166699886322,0.6139675378799438,c.1.10.1,d.41.2.0,-0.05731999999999998
1j4eA,1h1nA,0.58922,0.62625,0.58922,0.62625,0.8672592639923096,0.8607465624809265,c.1.10.1,c.1.8.3,0.03703000000000001
1jclA,1i2nA,0.62425,0.60766,0.51215,0.5006,0.9228913187980652,0.902263343334198,l.1.1.1,c.1.10.1,-0.01154999999999995
1jphA,1twsA,0.50624,0.5507,0.50624,0.5507,0.5920130610466003,0.8985494375228882,c.1.22.1,c.1.21.1,0.044459999999999944
1jpiA,2fliA,0.43553,0.48263,0.43553,0.48263,0.7215451598167419,0.7819605469703674,c.1.22.1,c.1.2.2,0.04710000000000003
1jpkA,2fliA,0.44025,0.48291,0.44025,0.48291,0.7211632132530212,0.7860962748527527,c.1.22.1,c.1.2.2,0.04266000000000003
1k77A,1vh7A,0.59732,0.61771,0.59732,0.61771,0.557436466217041,0.8860490322113037,l.1.1.1,c.1.2.1,0.02039000000000002
1k77A,1thfD,0.59356,0.61777,0.59356,0.61777,0.5323524475097656,0.878958523273468,l.1.1.1,c.1.2.1,0.024210000000000065
1k77A,1ka9F,0.60262,0.61791,0.60262,0.61791,0.5335816740989685,0.8804374933242798,l.1.1.1,c.1.2.1,0.015289999999999915
1k77A,1h5yA,0.60104,0.61486,0.60104,0.61486,0.4856158792972564,0.8639611005783081,l.1.1.1,c.1.2.1,0.013819999999999943
1k77A,1exbA,0.62207,0.62207,0.51161,0.51161,0.950656235218048,0.8720917701721191,l.1.1.1,c.1.7.1,0.0
1k77A,1eyeA,0.58369,0.63271,0.58369,0.63271,0.7261934280395508,0.8566325902938843,l.1.1.1,c.1.21.1,0.04901999999999995
1k77A,1gpwA,0.6007,0.6276,0.6007,0.6276,0.5158142447471619,0.8510177135467529,l.1.1.1,c.1.2.1,0.026900000000000035
1k77A,1km2A,0.61227,0.61227,0.61227,0.61227,0.646318793296814,0.9010199308395386,l.1.1.1,c.1.2.3,0.0
1k77A,2a79A,0.6221,0.6221,0.51171,0.51171,0.9475512504577636,0.8711124062538147,l.1.1.1,c.1.7.1,0.0
1k77A,1dqwA,0.58701,0.58701,0.56778,0.56778,0.7080764770507812,0.9038570523262024,l.1.1.1,c.1.2.3,0.0
1ka9F,2c91A,0.61002,0.61786,0.49304,0.50166,0.6895425319671631,0.7458381056785583,c.1.2.1,c.1.7.1,0.008620000000000017
1ka9F,1gveA,0.61001,0.62164,0.49392,0.50601,0.691146194934845,0.7494560480117798,c.1.2.1,c.1.7.1,0.012089999999999934
1ka9F,1gveB,0.61111,0.62276,0.52619,0.53875,0.6820217370986938,0.7395538091659546,c.1.2.1,c.1.7.1,0.012559999999999905
1ka9F,1yx1A,0.5688,0.5688,0.5688,0.5688,0.6945481896400452,0.9337894916534424,c.1.2.1,c.1.15.7,0.0
1kfbA,1jclA,0.59028,0.59028,0.59028,0.59028,0.8693554401397705,0.9585821628570556,c.1.2.4,l.1.1.1,0.0
1kfbA,2cwnA,0.58537,0.58537,0.48322,0.48322,0.91639906167984,0.9187570810317992,c.1.2.4,l.1.1.1,0.0
1kfbA,1jcjA,0.59091,0.59091,0.59091,0.59091,0.8727713227272034,0.9593795537948608,c.1.2.4,l.1.1.1,0.0
1kfbA,1i2rA,0.58288,0.59775,0.48762,0.49745,0.9135262966156006,0.9040504693984984,c.1.2.4,c.1.10.1,0.009830000000000005
1kfcA,2cwnA,0.58301,0.58301,0.47989,0.47989,0.9168841242790222,0.9251382350921632,c.1.2.4,l.1.1.1,0.0
1klyA,1kkoA,0.66536,0.60013,0.39418,0.35408,0.6758680939674377,0.6086025238037109,c.1.2.3,d.54.1.1,-0.04009999999999997
1klyA,2h9aA,0.69748,0.67881,0.41662,0.40905,0.95604145526886,0.5223687291145325,c.1.2.3,,-0.007569999999999966
1klyA,1qo2A,0.72126,0.72126,0.6538,0.6538,0.928061842918396,0.931355118751526,c.1.2.3,c.1.2.1,0.0
1klyA,1vliA,0.70083,0.71686,0.45419,0.46422,0.9367355108261108,0.8232518434524536,c.1.2.3,c.1.10.6,0.010030000000000039
1klzA,1kkoA,0.66801,0.67329,0.39107,0.3876,0.6537631154060364,0.6125574707984924,c.1.2.3,d.54.1.1,-0.003469999999999973
1klzA,1o60A,0.70436,0.72917,0.58316,0.60668,0.9729986190795898,0.9428454637527466,c.1.2.3,c.1.10.4,0.023519999999999985
1km1A,1f6yA,0.70179,0.72998,0.59466,0.61707,0.8802748918533325,0.9364749789237976,c.1.2.3,c.1.21.2,0.02241000000000004
1km1A,1ydnA,0.70263,0.70263,0.56326,0.56326,0.8748726844787598,0.8554055690765381,c.1.2.3,,0.0
1km1A,1lrnA,0.71277,0.74013,0.59936,0.62481,0.9650866389274596,0.9710296392440796,c.1.2.3,c.1.10.4,0.025449999999999973
1km1A,1tv5A,0.76269,0.75611,0.46441,0.46065,0.8798090219497681,0.8053220510482788,c.1.2.3,c.1.4.1,-0.0037599999999999856
1km2A,1kkoA,0.66778,0.64896,0.39408,0.37501,0.6727523803710938,0.6090058088302612,c.1.2.3,d.54.1.1,-0.019069999999999976
1km2A,1tv5A,0.7618,0.7618,0.46201,0.46201,0.9022625088691713,0.8018068671226501,c.1.2.3,c.1.4.1,0.0
1km2A,1o4uA,0.51022,0.55531,0.41886,0.45479,0.545014500617981,0.630180299282074,c.1.2.3,d.41.2.1,0.03593000000000002
1km3A,1f6yA,0.70388,0.71029,0.59615,0.6021,0.8830512762069702,0.9319384694099426,c.1.2.3,c.1.21.2,0.005950000000000011
1km3A,1o60A,0.69991,0.72339,0.58746,0.60955,0.9717541933059692,0.9464497566223145,c.1.2.3,c.1.10.4,0.022090000000000054
1km4A,1twdA,0.68533,0.68533,0.65203,0.65203,0.8073840737342834,0.920808970928192,c.1.2.3,c.1.30.1,0.0
1km4A,1tv5A,0.76311,0.7566,0.4646,0.4609,0.8849005699157715,0.8025884032249451,c.1.2.3,c.1.4.1,-0.0037000000000000366
1km4A,1o4uA,0.50354,0.55355,0.41682,0.4551,0.56170654296875,0.6268396377563477,c.1.2.3,d.41.2.1,0.03827999999999998
1km6A,1kczA,0.62441,0.68262,0.35407,0.38494,0.6739351749420166,0.622878909111023,c.1.2.3,d.54.1.1,0.03087000000000001
1l6wA,1i4nA,0.6331,0.64123,0.56698,0.57472,0.9243195652961732,0.9483769536018372,c.1.10.1,c.1.2.4,0.007739999999999969
1l6wA,1hzyA,0.58812,0.62374,0.42169,0.44946,0.6700204014778137,0.6772075295448303,c.1.10.1,c.1.9.3,0.027770000000000017
1lbmA,1vpxA,0.68042,0.72246,0.64375,0.68371,0.9336760640144348,0.9088425636291504,c.1.2.4,l.1.1.1,0.039959999999999996
1lbmA,1gvfA,0.78156,0.78156,0.58193,0.58193,0.8359071016311646,0.8537592887878418,c.1.2.4,c.1.10.2,0.0
1lbmA,1kv8A,0.76965,0.76965,0.71027,0.71027,0.9269199371337892,0.9392669200897216,c.1.2.4,c.1.2.3,0.0
1lbmA,1fkwA,0.65777,0.68251,0.41079,0.42054,0.6137344241142273,0.6430610418319702,c.1.2.4,c.1.9.1,0.009750000000000036
1lbmA,1uipA,0.66483,0.68449,0.41389,0.4246,0.5998077988624573,0.6359750032424927,c.1.2.4,c.1.9.1,0.010709999999999997
1lbmA,1uioA,0.66009,0.68314,0.41178,0.42213,0.6008296012878418,0.6365146636962891,c.1.2.4,c.1.9.1,0.010350000000000026
1lbmA,1ucwA,0.60537,0.60537,0.40424,0.40424,0.8342738151550293,0.7170170545578003,c.1.2.4,c.1.10.1,0.0
1lbmA,1o4uA,0.50845,0.55699,0.38909,0.42356,0.5849447846412659,0.5245569944381714,c.1.2.4,d.41.2.1,0.03447
1lf1A,2a0nA,0.56528,0.56555,0.56528,0.56555,0.782508909702301,0.807833731174469,c.1.8.3,c.1.2.1,0.00026999999999999247
1lf1A,2bdqA,0.50277,0.52716,0.50277,0.52716,0.8722455501556396,0.7540440559387207,c.1.8.3,,0.024389999999999912
1lolA,2nqlA,0.71097,0.73038,0.40639,0.4161,0.5402131080627441,0.632185697555542,c.1.2.3,,0.009710000000000052
1loqA,1vliA,0.70244,0.71414,0.44695,0.45485,0.9397130608558656,0.8254451751708984,c.1.2.3,c.1.10.6,0.007899999999999963
1loqA,2cc0A,0.52164,0.50646,0.52164,0.50646,0.635047197341919,0.690409779548645,c.1.2.3,c.6.2.3,-0.015179999999999971
1lrnA,2b4gA,0.6589,0.6589,0.565,0.565,0.9358331561088562,0.9136561155319214,c.1.10.4,c.1.4.1,0.0
1lrnA,1rhcA,0.63677,0.63677,0.5187,0.5187,0.4706165492534637,0.7864841222763062,c.1.10.4,c.1.16.3,0.0
1lrnA,2bgqA,0.58211,0.58567,0.50882,0.51288,0.7739834785461426,0.8630504012107849,c.1.10.4,c.1.7.0,0.0040599999999999525
1lrnA,2cwnA,0.5352,0.58899,0.44636,0.49038,0.9410863518714904,0.8332637548446655,c.1.10.4,l.1.1.1,0.044020000000000004
1lrnA,1f05A,0.58089,0.58089,0.48353,0.48353,0.9390034675598145,0.8335986137390137,c.1.10.4,c.1.10.1,0.0
1lrnA,1dorA,0.56083,0.65706,0.48677,0.56324,0.9386123418807985,0.918725609779358,c.1.10.4,c.1.4.1,0.07646999999999998
1lrnA,1ct5A,0.54597,0.52382,0.54597,0.52382,0.7090163230895996,0.9552366733551024,c.1.10.4,c.1.6.2,-0.022150000000000003
1lyxA,1xuuA,0.65476,0.65667,0.48447,0.48841,0.939192831516266,0.8596449494361877,c.1.1.1,c.1.10.6,0.003939999999999999
1m41A,1jcnA,0.49641,0.53055,0.42227,0.45194,0.4864336848258972,0.6907287836074829,c.1.16.4,d.37.1.1,0.02967000000000003
1mssA,1yx1A,0.5869,0.63426,0.5755,0.62207,0.8154592514038086,0.9225799441337584,c.1.1.1,c.1.15.7,0.04657
1mssA,1ynpA,0.57564,0.62834,0.50769,0.55128,0.8595844507217407,0.911159098148346,c.1.1.1,l.1.1.1,0.04359000000000002
1mxsA,1i2pA,0.55647,0.55647,0.3998,0.3998,0.9444034695625304,0.8689250946044922,c.1.10.1,c.1.10.1,0.0
1n7kA,2h9aB,0.65012,0.65012,0.51951,0.51951,0.959898054599762,0.8905674815177917,c.1.10.1,,0.0
1nq6A,1qwgA,0.56551,0.56551,0.56551,0.56551,0.800469160079956,0.7960469126701355,c.1.8.3,c.1.27.1,0.0
1ny1A,1n7kA,0.4885,0.4885,0.48347,0.48347,0.7587984800338745,0.6387219429016113,c.6.2.3,c.1.10.1,0.0
1o1zA,1vc4A,0.62186,0.6262,0.5634,0.56612,0.8786852359771729,0.8812058568000793,l.1.1.1,c.1.2.4,0.0027199999999999447
1o1zA,1og0A,0.63724,0.62831,0.44879,0.44256,0.7354550361633301,0.8079721331596375,l.1.1.1,c.1.10.4,-0.006230000000000013
1o1zA,1o60A,0.62202,0.62202,0.553,0.553,0.8167083263397217,0.9051159620285034,l.1.1.1,c.1.10.4,0.0
1o5kA,1e0wA,0.53764,0.51874,0.52622,0.5079,0.8641024827957153,0.8553228378295898,l.1.1.1,c.1.8.3,-0.018320000000000003
1o60A,1brlB,0.58247,0.57623,0.49032,0.4893,0.4467577338218689,0.749393105506897,c.1.10.4,c.1.16.1,-0.0010199999999999654
1og0A,1xx1A,0.47675,0.51133,0.47675,0.51133,0.7791217565536499,0.9168726205825806,c.1.10.4,,0.034579999999999944
1pv8A,1yx1A,0.58302,0.58302,0.58302,0.58302,0.7439322471618652,0.9434796571731568,c.1.10.3,c.1.15.7,0.0
1qtwA,2i7gA,0.56299,0.6346,0.49321,0.55214,0.8252347707748413,0.9008420705795288,c.1.15.1,,0.05892999999999998
1qtwA,1f6yA,0.51027,0.61037,0.51027,0.61037,0.6684515476226807,0.8515912294387817,c.1.15.1,c.1.21.2,0.10009999999999997
1qtwA,1z69A,0.57157,0.57157,0.51212,0.51212,0.7819682359695435,0.8835698366165161,c.1.15.1,c.1.16.0,0.0
1r3qA,2fliA,0.43874,0.48265,0.43874,0.48265,0.6893411874771118,0.7716283798217773,c.1.22.1,c.1.2.2,0.043910000000000005
1r3qA,1tqjA,0.44405,0.47444,0.44405,0.47444,0.6976104974746704,0.7852567434310913,c.1.22.1,c.1.2.2,0.030389999999999973
1r3qA,1twsA,0.5034,0.54982,0.5034,0.54982,0.5744805932044983,0.8904212713241577,c.1.22.1,c.1.21.1,0.04642000000000002
1r3rA,2fliA,0.43716,0.48246,0.43716,0.48246,0.6814907789230347,0.7645564675331116,c.1.22.1,c.1.2.2,0.04530000000000001
1r3rA,1twsA,0.50541,0.55023,0.50541,0.55023,0.5784847140312195,0.8971035480499268,c.1.22.1,c.1.21.1,0.04481999999999997
1r3rA,1w8gA,0.41821,0.46841,0.41821,0.46841,0.6003295183181763,0.8515313863754272,c.1.22.1,,0.05019999999999997
1r3sA,2fliA,0.4419,0.48362,0.4419,0.48362,0.6905012130737305,0.7596937417984009,c.1.22.1,c.1.2.2,0.04171999999999998
1r3vA,2fliA,0.43947,0.48248,0.43947,0.48248,0.674527645111084,0.7675954103469849,c.1.22.1,c.1.2.2,0.04300999999999999
1r3vA,1w8gA,0.41731,0.46291,0.41731,0.46291,0.6029035449028015,0.8518771529197693,c.1.22.1,,0.045599999999999974
1r3wA,2fliA,0.4416,0.48382,0.4416,0.48382,0.6838648319244385,0.7742151021957397,c.1.22.1,c.1.2.2,0.04221999999999998
1rhcA,1fwnA,0.50943,0.55989,0.50943,0.55989,0.4604403674602508,0.7982512712478638,c.1.16.3,c.1.10.4,0.05045999999999995
1rhcA,1gqnA,0.44768,0.51948,0.44768,0.51948,0.4615882933139801,0.9243330359458924,c.1.16.3,c.1.10.1,0.07180000000000003
1rhcA,1t8xA,0.51628,0.55954,0.51628,0.55954,0.4646959900856018,0.8019415736198425,c.1.16.3,c.1.10.4,0.043260000000000076
1rhcA,1fdjA,0.51768,0.54893,0.47833,0.50694,0.4592641592025757,0.8420073986053467,c.1.16.3,c.1.10.1,0.02860999999999997
1rhcA,1vs1A,0.50765,0.53826,0.50765,0.53826,0.4450206458568573,0.8335388898849487,c.1.16.3,,0.030609999999999915
1rhcA,1zcoA,0.50644,0.50644,0.50644,0.50644,0.4410744309425354,0.823318600654602,c.1.16.3,,0.0
1rhcA,1f2jA,0.50972,0.55574,0.47728,0.52027,0.4479961991310119,0.8283646702766418,c.1.16.3,c.1.10.1,0.04299000000000003
1rhcA,1to3A,0.4862,0.53508,0.4862,0.53508,0.4519152045249939,0.8594017028808594,c.1.16.3,l.1.1.1,0.04887999999999998
1rhcA,1nal1,0.5058,0.5058,0.5058,0.5058,0.5063512921333313,0.898383617401123,c.1.16.3,c.1.10.1,0.0
1rhcA,1lrtA,0.52607,0.53029,0.51509,0.51986,0.3719596862792969,0.6884620189666748,c.1.16.3,c.1.5.1,0.004769999999999941
1rhcA,1eepA,0.50966,0.54401,0.50966,0.54401,0.3743439316749573,0.7379015684127808,c.1.16.3,c.1.5.1,0.03434999999999999
1rhcA,1jqxA,0.51334,0.55893,0.51334,0.55893,0.4591706693172455,0.8200386762619019,c.1.16.3,c.1.4.1,0.04559000000000002
1rv8A,1l6wA,0.50658,0.50658,0.50658,0.50658,0.9527056217193604,0.9035237431526184,c.1.10.2,c.1.10.1,0.0
1rv8A,1vpxA,0.48761,0.49497,0.48761,0.49497,0.933290958404541,0.8785856366157532,c.1.10.2,l.1.1.1,0.007360000000000033
1rv8A,1wx0A,0.50751,0.50751,0.50751,0.50751,0.9351750612258912,0.8964571952819824,c.1.10.2,c.1.10.1,0.0
1sfjA,1zp3A,0.63314,0.67644,0.53082,0.56448,0.6888977289199829,0.9151236414909364,c.1.10.1,c.1.23.1,0.03366000000000002
1sfjA,2fmnA,0.63284,0.67636,0.52484,0.55833,0.6465162634849548,0.9011987447738647,c.1.10.1,c.1.23.1,0.03349000000000002
1sflA,1b5tA,0.63721,0.68959,0.5533,0.59649,0.6903027892112732,0.9247671961784364,c.1.10.1,c.1.23.1,0.04318999999999995
1sflA,1om0A,0.65106,0.65106,0.5667,0.5667,0.8298050761222839,0.929520547389984,c.1.10.1,c.1.8.5,0.0
1sgjA,1mzhA,0.64187,0.67645,0.64187,0.67645,0.8890012502670288,0.9580239057540894,c.1.12.5,l.1.1.1,0.034579999999999944
1sgjA,1ojxA,0.64089,0.64089,0.59951,0.59951,0.9341622591018676,0.971786618232727,c.1.12.5,c.1.10.1,0.0
1sgjA,1oy0A,0.60178,0.60178,0.56661,0.56661,0.9495695233345032,0.9713724851608276,c.1.12.5,c.1.12.8,0.0
1sgjA,1ct5A,0.56293,0.58577,0.56293,0.58577,0.8264980912208557,0.9253771305084229,c.1.12.5,c.1.6.2,0.02283999999999997
1sgjA,7odcA,0.59449,0.62104,0.38751,0.40438,0.7864829897880554,0.6144716143608093,c.1.12.5,c.1.6.1,0.016869999999999996
1sgjA,1y0eA,0.63363,0.63363,0.63363,0.63363,0.827142596244812,0.8550305962562561,c.1.12.5,l.1.1.1,0.0
1sgjA,1sflA,0.65659,0.65112,0.65659,0.65112,0.9101942777633668,0.904191792011261,c.1.12.5,c.1.10.1,-0.005469999999999975
1sgjA,1n7kA,0.65209,0.66342,0.6451,0.65627,0.9181251525878906,0.9713696241378784,c.1.12.5,c.1.10.1,0.011170000000000013
1sgjA,1gqnA,0.69002,0.69002,0.6421,0.6421,0.9195271730422974,0.9305917024612428,c.1.12.5,c.1.10.1,0.0
1sgjA,1wkeA,0.56852,0.67883,0.38346,0.45624,0.8976109027862549,0.8468719720840454,c.1.12.5,c.1.20.1,0.07277999999999996
1so4A,1w5pA,0.66397,0.77123,0.46676,0.53395,0.8238406181335449,0.922906756401062,c.1.2.3,c.1.10.3,0.06719000000000003
1so6A,1qpnA,0.51266,0.56233,0.40541,0.44365,0.499924749135971,0.5968043804168701,c.1.2.3,d.41.2.1,0.038239999999999996
1so6A,2hs6A,0.7374,0.72417,0.46676,0.46587,0.7448228001594543,0.8137456178665161,c.1.2.3,c.1.4.1,-0.0008900000000000019
1so6A,1p6bA,0.66734,0.70028,0.47414,0.49278,0.7098720669746399,0.7570134401321411,c.1.2.3,c.1.9.3,0.01863999999999999
1ssdA,1xwyA,0.60067,0.60067,0.57614,0.57614,0.827735424041748,0.6880996227264404,c.1.1.1,c.1.9.12,0.0
1sw0A,1xwyA,0.60368,0.60368,0.57891,0.57891,0.8323591351509094,0.6861308813095093,c.1.1.1,c.1.9.12,0.0
1sw3A,1xwyA,0.60451,0.60451,0.5797,0.5797,0.8327831029891968,0.6863613128662109,c.1.1.1,c.1.9.12,0.0
1sw3A,1twdA,0.59612,0.59381,0.59612,0.59381,0.7188557386398315,0.8724192380905151,c.1.1.1,c.1.30.1,-0.0023100000000000342
1t8xA,1h1nA,0.64435,0.65563,0.5591,0.5692,0.8510109186172485,0.8906993865966797,c.1.10.4,c.1.8.3,0.010099999999999998
1t8xA,1gzjA,0.63982,0.65058,0.5572,0.56721,0.8481448888778687,0.8770847320556641,c.1.10.4,c.1.8.3,0.010009999999999963
1t8xA,1dorA,0.55924,0.6586,0.48226,0.5611,0.9300707578659058,0.9240694642066956,c.1.10.4,c.1.4.1,0.07884000000000002
1t8xA,1i2pA,0.53985,0.58947,0.45321,0.49388,0.9290784597396852,0.8392907381057739,c.1.10.4,c.1.10.1,0.040669999999999984
1t8xA,1f05A,0.54089,0.58782,0.44621,0.48578,0.9334124326705932,0.8414003849029541,c.1.10.4,c.1.10.1,0.039569999999999994
1t8xA,2cwnA,0.53591,0.59156,0.44353,0.48942,0.9348182678222656,0.8413448333740234,c.1.10.4,l.1.1.1,0.04589000000000004
1t8xA,1adoA,0.6516,0.64373,0.48395,0.47968,0.961731493473053,0.8924036026000977,c.1.10.4,c.1.10.1,-0.004269999999999996
1t8xA,1vbjA,0.53786,0.5931,0.49973,0.5511,0.8772079944610596,0.9062615633010864,c.1.10.4,l.1.1.1,0.05137000000000003
1ta3B,2guuA,0.57464,0.57464,0.55082,0.55082,0.8723248243331909,0.8279256820678711,c.1.8.3,c.1.2.3,0.0
1ta3B,1w54A,0.55268,0.58075,0.53809,0.56549,0.9046034216880798,0.9204261898994446,c.1.8.3,c.1.10.3,0.02740000000000009
1thfD,1bd0A,0.58044,0.61198,0.40947,0.43093,0.8793694972991943,0.6758598685264587,c.1.2.1,c.1.6.1,0.02145999999999998
1thfD,1gveA,0.59798,0.62216,0.4884,0.50908,0.6830881834030151,0.7603961825370789,c.1.2.1,c.1.7.1,0.020679999999999976
1thfD,1l6fA,0.57712,0.60879,0.40707,0.42866,0.8754594326019287,0.6676374077796936,c.1.2.1,c.1.6.1,0.021589999999999998
1tmhA,1wx0A,0.55543,0.55543,0.55543,0.55543,0.833030104637146,0.9352640509605408,c.1.1.1,c.1.10.1,0.0
1tmhA,1l6wA,0.55632,0.60155,0.55632,0.60155,0.8705093860626221,0.9494702219963074,c.1.1.1,c.1.10.1,0.04522999999999999
1tpb1,1twdA,0.59955,0.59955,0.59955,0.59955,0.7497803568840027,0.8743448257446289,c.1.1.1,c.1.30.1,0.0
1tpc1,1i2oA,0.51222,0.62447,0.41405,0.50373,0.8696345090866089,0.8935827016830444,c.1.1.1,c.1.10.1,0.08968000000000004
1tph1,1xwyA,0.6082,0.6082,0.57942,0.57942,0.8355989456176758,0.6833106279373169,c.1.1.1,c.1.9.12,0.0
1tqjA,1klzA,0.74019,0.74019,0.74019,0.74019,0.9823057651519777,0.9517688751220704,c.1.2.2,c.1.2.3,0.0
1tqjA,2ftpA,0.69556,0.69786,0.53179,0.53586,0.852974534034729,0.7346823811531067,c.1.2.2,,0.004070000000000018
1tqxA,1zp4A,0.65159,0.67859,0.53342,0.55667,0.6592463254928589,0.7438336610794067,c.1.2.2,c.1.23.1,0.023249999999999993
1tr9A,1yxyA,0.43492,0.43492,0.43492,0.43492,0.632042407989502,0.7957785129547119,l.1.1.1,c.1.2.5,0.0
1treA,1l6wA,0.56032,0.60232,0.56032,0.60232,0.8602486848831177,0.9502352476119996,c.1.1.1,c.1.10.1,0.041999999999999926
1triA,1vpxA,0.56929,0.56929,0.56929,0.56929,0.9357330799102784,0.9460206031799316,c.1.1.1,l.1.1.1,0.0
1triA,1kv8A,0.63231,0.66611,0.63231,0.66611,0.9579023122787476,0.9545598030090332,c.1.1.1,c.1.2.3,0.03379999999999994
1ttiA,1kv8A,0.61579,0.66184,0.61579,0.66184,0.959032416343689,0.9537439942359924,c.1.1.1,c.1.2.3,0.046050000000000035
1ttiA,1vpxA,0.57563,0.57563,0.57563,0.57563,0.939734935760498,0.9556547403335572,c.1.1.1,l.1.1.1,0.0
1tvnA,1thfD,0.58544,0.58544,0.58544,0.58544,0.8203763961791992,0.7915182709693909,c.1.8.3,c.1.2.1,0.0
1twdA,1fwnA,0.68512,0.60577,0.61447,0.54308,0.7788892388343811,0.9153263568878174,c.1.30.1,c.1.10.4,-0.07138999999999995
1twdA,1lrnA,0.68569,0.66506,0.60888,0.5929,0.7845826745033264,0.9155312776565552,c.1.30.1,c.1.10.4,-0.015979999999999994
1twdA,1t8xA,0.68541,0.6653,0.61269,0.59657,0.7742021083831787,0.9118154048919678,c.1.30.1,c.1.10.4,-0.016119999999999912
1twdA,1hizA,0.66187,0.65301,0.43512,0.4316,0.6625109314918518,0.6600779294967651,c.1.30.1,c.1.8.3,-0.003520000000000023
1twdA,2fmnA,0.66885,0.67842,0.54283,0.55401,0.5535762310028076,0.7005375623703003,c.1.30.1,c.1.23.1,0.011179999999999968
1u5hA,1m3uA,0.61861,0.6189,0.54077,0.54271,0.9086047410964966,0.957530438899994,c.1.12.5,c.1.12.8,0.0019400000000000528
1u5hA,1ct5A,0.56923,0.59276,0.56527,0.58859,0.8088713884353638,0.919295370578766,c.1.12.5,c.1.6.2,0.023319999999999896
1u5hA,1rv8A,0.66528,0.66528,0.52745,0.52745,0.9383318424224854,0.9170855283737184,c.1.12.5,c.1.10.2,0.0
1u5vA,1m3uA,0.61652,0.61927,0.53895,0.54299,0.9050167798995972,0.9579212069511414,c.1.12.5,c.1.12.8,0.0040399999999999325
1u5vA,1xwyA,0.57751,0.65435,0.5131,0.57741,0.778027355670929,0.7616507411003113,c.1.12.5,c.1.9.12,0.06430999999999998
1u5vA,1losA,0.63154,0.63154,0.63154,0.63154,0.965220272541046,0.9817249178886414,c.1.12.5,c.1.2.3,0.0
1u5vA,1wx0A,0.62644,0.6492,0.62644,0.6492,0.9591411352157592,0.9796509146690368,c.1.12.5,c.1.10.1,0.022760000000000002
1u5vA,1mzrA,0.62428,0.62428,0.52828,0.52828,0.9242674112319946,0.9070385694503784,c.1.12.5,c.1.7.1,0.0
1u5vA,1wa3A,0.63427,0.63427,0.63427,0.63427,0.9613301157951356,0.970329523086548,c.1.12.5,c.1.10.1,0.0
1u5vA,1tvnA,0.67319,0.67319,0.5384,0.5384,0.8262995481491089,0.742021918296814,c.1.12.5,c.1.8.3,0.0
1u83A,1ct5A,0.55458,0.6213,0.55069,0.61688,0.8030931949615479,0.9337422251701356,c.1.27.1,c.1.6.2,0.06618999999999997
1u83A,2j66A,0.5496,0.63283,0.34457,0.39671,0.8723907470703125,0.6322256922721863,c.1.27.1,,0.05214000000000002
1v5xA,1fwnA,0.75921,0.75278,0.61356,0.60851,0.892113447189331,0.8640549182891846,c.1.2.4,c.1.10.4,-0.005049999999999999
1v77A,1wa3A,0.54882,0.57232,0.54882,0.57232,0.7500126361846924,0.7568750381469727,c.6.3.2,c.1.10.1,0.023500000000000076
1v77A,1a5aA,0.54461,0.54067,0.45331,0.45537,0.6452344655990601,0.8133745193481445,c.6.3.2,c.1.2.4,0.0020600000000000063
1v77A,1g4pA,0.55528,0.55528,0.52115,0.52115,0.787503719329834,0.8155075311660767,c.6.3.2,l.1.1.1,0.0
1v77A,1o60A,0.59031,0.59031,0.4821,0.4821,0.6578989028930664,0.7701776027679443,c.6.3.2,c.1.10.4,0.0
1v7yA,1i2rA,0.58722,0.58722,0.48014,0.48014,0.9210190773010254,0.8874161243438721,c.1.2.4,c.1.10.1,0.0
1v8eA,1yadA,0.62474,0.67362,0.62474,0.67362,0.8045142889022827,0.9397293329238892,c.1.18.3,,0.048880000000000035
1v93A,1gveB,0.61914,0.61914,0.60365,0.60365,0.9159595370292664,0.9389495849609376,c.1.23.1,c.1.7.1,0.0
1v93A,2bp1A,0.63711,0.63711,0.5853,0.5853,0.8724924325942993,0.939783215522766,c.1.23.1,c.1.7.1,0.0
1v93A,1l6wA,0.51406,0.51406,0.51406,0.51406,0.6761956214904785,0.7872833609580994,c.1.23.1,c.1.10.1,0.0
1vbrA,1ezwA,0.54025,0.54025,0.51086,0.51086,0.6619926691055298,0.9012404084205629,c.1.8.3,c.1.16.3,0.0
1vcvA,1rd5A,0.64768,0.6745,0.57305,0.59607,0.9512337446212769,0.9303433895111084,c.1.10.1,c.1.2.4,0.02302000000000004
1vh7A,1gveA,0.60599,0.64419,0.49002,0.52157,0.7170184850692749,0.7673645615577698,c.1.2.1,c.1.7.1,0.03154999999999997
1vh7A,1yx1A,0.56259,0.61645,0.56259,0.61645,0.7156463265419006,0.9417863488197328,c.1.2.1,c.1.15.7,0.05386000000000002
1vhcA,1vhnA,0.62614,0.66716,0.46514,0.49228,0.9685437083244324,0.9410995244979858,l.1.1.1,l.1.1.1,0.027139999999999997
1vhcA,1wx0A,0.63606,0.67744,0.6285,0.66927,0.9258350133895874,0.9567810297012328,l.1.1.1,c.1.10.1,0.040770000000000084
1vhcA,1ucwA,0.55801,0.67577,0.40068,0.4752,0.9401407837867736,0.8360582590103149,l.1.1.1,c.1.10.1,0.07452000000000003
1vizA,1nvmA,0.66831,0.63085,0.47265,0.4533,0.9155881404876708,0.8541128039360046,l.1.1.1,c.1.10.5,-0.019350000000000034
1vizA,1izcA,0.62943,0.62943,0.49817,0.49817,0.8834800720214844,0.8626230955123901,l.1.1.1,c.1.12.5,0.0
1vizA,2hmcA,0.59188,0.6671,0.46471,0.51877,0.9136548042297364,0.8864544034004211,l.1.1.1,,0.05405999999999994
1vlwA,1wx0A,0.65935,0.65935,0.64372,0.64372,0.9731913805007936,0.9659883975982666,l.1.1.1,c.1.10.1,0.0
1vlwA,1v77A,0.53358,0.56401,0.53358,0.56401,0.751093864440918,0.7716920375823975,l.1.1.1,c.6.3.2,0.030429999999999957
1vpqA,1aw5A,0.61419,0.56923,0.51464,0.48005,0.7520211338996887,0.8840315341949463,l.1.1.1,c.1.10.3,-0.03459000000000001
1vpxA,1xuuA,0.63494,0.64152,0.41271,0.41383,0.886939525604248,0.8345074653625488,l.1.1.1,c.1.10.6,0.0011199999999999544
1vpxA,1vlwA,0.63483,0.67157,0.63483,0.67157,0.960983157157898,0.9605411291122437,l.1.1.1,l.1.1.1,0.036739999999999995
1vpxA,1rd5A,0.64764,0.64764,0.53586,0.53586,0.9331915974617004,0.9159784317016602,l.1.1.1,c.1.2.4,0.0
1vpxA,1ujpA,0.5789,0.6633,0.50855,0.57943,0.968658447265625,0.9164219498634338,l.1.1.1,c.1.2.4,0.07088000000000005
1vpxA,1vliA,0.64609,0.64609,0.41441,0.41441,0.9267364740371704,0.7862867116928101,l.1.1.1,c.1.10.6,0.0
1vpxA,1u5hA,0.63405,0.63405,0.59737,0.59737,0.9543145895004272,0.9687240719795228,l.1.1.1,c.1.12.5,0.0
1vpxA,1u5vA,0.63489,0.63489,0.59806,0.59806,0.9541336297988892,0.9676671624183656,l.1.1.1,c.1.12.5,0.0
1vpyA,1aj0A,0.52027,0.62479,0.46525,0.55267,0.6799651980400085,0.8125295042991638,l.1.1.1,c.1.21.1,0.08742
1vr6A,1rhcA,0.48969,0.48969,0.48969,0.48969,0.4127269685268402,0.9187184572219848,l.1.1.1,c.1.16.3,0.0
1vs1A,2bdqA,0.54968,0.54968,0.54968,0.54968,0.8754622936248779,0.8595107197761536,,,0.0
1vzwA,2nlyA,0.51273,0.60472,0.51273,0.60472,0.6647490859031677,0.7609270811080933,c.1.2.1,c.6.2.7,0.09199000000000002
1vzwA,1yx1A,0.68629,0.68629,0.63089,0.63089,0.6824584007263184,0.9396685361862184,c.1.2.1,c.1.15.7,0.0
1w0mA,1o66A,0.53367,0.61004,0.51679,0.59036,0.8829469680786133,0.93208509683609,c.1.1.1,l.1.1.1,0.07357000000000002
1w0mA,1sgjA,0.65787,0.67658,0.64347,0.66166,0.7940646409988403,0.9468768835067748,c.1.1.1,c.1.12.5,0.01819000000000004
1w17A,1n7kA,0.48702,0.48702,0.48702,0.48702,0.7676365375518799,0.6594138741493225,c.6.2.3,c.1.10.1,0.0
1w1a1,1n7kA,0.46941,0.49769,0.46941,0.49769,0.7606369256973267,0.673149585723877,c.6.2.3,c.1.10.1,0.028280000000000027
1w8gA,1kkoA,0.58899,0.61213,0.36635,0.38223,0.6451743841171265,0.563598096370697,,d.54.1.1,0.015880000000000005
1w8gA,1zahA,0.61738,0.60468,0.41879,0.41538,0.7873828411102295,0.8890658617019653,,c.1.10.1,-0.0034099999999999686
1w8gA,1l6wA,0.54577,0.57723,0.54577,0.57723,0.8272631168365479,0.9489846229553224,,c.1.10.1,0.031460000000000043
1w8gA,1kbjA,0.59946,0.65306,0.38357,0.40817,0.819137692451477,0.7856541872024536,,c.1.4.1,0.024599999999999955
1w8gA,1onrA,0.56402,0.61165,0.42898,0.46061,0.8270821571350098,0.8572163581848145,,c.1.10.1,0.03163000000000005
1w8gA,1aldA,0.61724,0.70644,0.41872,0.47502,0.7860493063926697,0.8509705066680908,,c.1.10.1,0.05630000000000002
1w8rA,2bdqA,0.57276,0.62643,0.57276,0.62643,0.8483772873878479,0.8411896228790283,c.1.10.1,,0.053669999999999995
1w8rA,2hmcA,0.55132,0.55132,0.46936,0.46936,0.9839606881141664,0.9652290940284728,c.1.10.1,,0.0
1w8sA,2hmcA,0.55201,0.55201,0.46986,0.46986,0.983517289161682,0.9637734889984132,c.1.10.1,,0.0
1wa3A,1wx0A,0.66112,0.69144,0.6377,0.66646,0.984856903553009,0.9626264572143556,c.1.10.1,c.1.10.1,0.028760000000000008
1wa3A,1onrA,0.57427,0.70957,0.39792,0.48158,0.9117550849914552,0.7847757935523987,c.1.10.1,c.1.10.1,0.08366000000000001
1wa3A,2hbvA,0.61843,0.61843,0.42363,0.42363,0.6938491463661194,0.7001691460609436,c.1.10.1,c.1.9.15,0.0
1wa3A,1i2pA,0.64857,0.70876,0.44606,0.48095,0.911086916923523,0.7895442247390747,c.1.10.1,c.1.10.1,0.03488999999999998
1wa3A,1i2rA,0.58582,0.70994,0.40597,0.48165,0.913243055343628,0.7892066836357117,c.1.10.1,c.1.10.1,0.07568000000000003
1wx0A,1rd5A,0.6876,0.6876,0.57667,0.57667,0.9496596455574036,0.940624475479126,c.1.10.1,c.1.2.4,0.0
1x1zA,1vliA,0.70564,0.68698,0.46158,0.45726,0.9418988227844238,0.8223077654838562,c.1.2.3,c.1.10.6,-0.0043199999999999905
1x1zA,1fwnA,0.71869,0.74625,0.61769,0.64346,0.9803403615951538,0.978483259677887,c.1.2.3,c.1.10.4,0.02577000000000007
1x1zA,1t8xA,0.71935,0.74581,0.61609,0.64104,0.9796050786972046,0.9774016737937928,c.1.2.3,c.1.10.4,0.024950000000000028
1xbxA,1x1oA,0.51962,0.57141,0.41732,0.45831,0.5536244511604309,0.6003570556640625,c.1.2.3,d.41.2.0,0.04098999999999997
1xbxA,2h9aA,0.73325,0.71401,0.4352,0.42758,0.925817608833313,0.5455677509307861,c.1.2.3,,-0.00761999999999996
1xbxA,1w5pA,0.65961,0.76994,0.46529,0.53362,0.827867865562439,0.9211269617080688,c.1.2.3,c.1.10.3,0.06833
1xcfA,2b7nA,0.50079,0.57259,0.44433,0.50767,0.5021765828132629,0.6306583285331726,c.1.2.4,d.41.2.0,0.06333999999999995
1xcfA,1onrA,0.60578,0.60578,0.47769,0.47769,0.8911515474319458,0.831570029258728,c.1.2.4,c.1.10.1,0.0
1xdlA,1zp3A,0.55727,0.5875,0.55727,0.5875,0.6609950065612793,0.8709902763366699,c.1.10.1,c.1.23.1,0.03022999999999998
1xdlA,2fmnA,0.55682,0.55682,0.55682,0.55682,0.6214683651924133,0.8671963214874268,c.1.10.1,c.1.23.1,0.0
1xi3A,2cwnA,0.68128,0.69816,0.45729,0.46998,0.8103078603744507,0.7629035711288452,c.1.3.1,l.1.1.1,0.012690000000000035
1xx1A,1g4eA,0.46016,0.52022,0.46016,0.52022,0.6644262671470642,0.9007423520088196,,l.1.1.1,0.06006
1xxxA,2fmnA,0.54657,0.54657,0.54657,0.54657,0.6557763814926147,0.8801360130310059,c.1.10.1,c.1.23.1,0.0
1xxxA,1tuxA,0.53913,0.57451,0.53174,0.5664,0.8999892473220825,0.872393012046814,c.1.10.1,c.1.8.3,0.034660000000000024
1y5vA,1l6wA,0.44378,0.44378,0.44378,0.44378,0.8262843489646912,0.8371806144714355,c.1.20.1,c.1.10.1,0.0
1yadA,1vpxA,0.66429,0.72103,0.61771,0.66994,0.936954140663147,0.9390082359313964,,l.1.1.1,0.05223
1yadA,1xwyA,0.66548,0.70271,0.52108,0.54467,0.681141197681427,0.6118326187133789,,c.1.9.12,0.02359
1yadA,1wx0A,0.69726,0.73791,0.63819,0.67378,0.9576908349990844,0.930216670036316,,c.1.10.1,0.03559000000000001
1yadA,1jqxA,0.75175,0.77117,0.49574,0.5061,0.826637327671051,0.8741787672042847,,c.1.4.1,0.01035999999999998
1yadA,1jubA,0.75277,0.75277,0.49626,0.49626,0.8262401819229126,0.8243471384048462,,c.1.4.1,0.0
1yadA,2duaA,0.7013,0.6675,0.49557,0.47609,0.7010055780410767,0.8525727987289429,,c.1.12.0,-0.019479999999999997
1yadA,2b4gA,0.75748,0.77229,0.4958,0.50439,0.8481589555740356,0.8741052150726318,,c.1.4.1,0.008589999999999987
1yadA,1qwgA,0.70658,0.77127,0.56333,0.60837,0.8223854303359985,0.8901042938232422,,c.1.27.1,0.04503999999999997
1yadA,2gzxA,0.64646,0.70029,0.52743,0.56595,0.7358525395393372,0.6244935393333435,,c.1.9.0,0.03852
1yadA,1w8gA,0.62194,0.67774,0.54166,0.59082,0.7811571359634399,0.908780574798584,,,0.04915999999999998
1yx1A,1nvmA,0.58615,0.64505,0.45417,0.49808,0.7712944149971008,0.84825199842453,c.1.15.7,c.1.10.5,0.043910000000000005
1yx1A,1j2wA,0.62153,0.62153,0.62153,0.62153,0.7959921360015869,0.9164286255836488,c.1.15.7,c.1.10.1,0.0
1yx1A,1xc4A,0.62514,0.62261,0.62514,0.62261,0.7656497359275818,0.9322799444198608,c.1.15.7,c.1.2.4,-0.0025300000000000322
1yx1A,1kfcA,0.60853,0.60853,0.59686,0.59686,0.6986532211303711,0.9190959334373474,c.1.15.7,c.1.2.4,0.0
1yx1A,1o5qA,0.59048,0.62035,0.54907,0.57573,0.7822883129119873,0.8951325416564941,c.1.15.7,c.1.12.7,0.026660000000000017
1yx1A,1pscA,0.62002,0.62336,0.49992,0.50279,0.7478077411651611,0.7773761749267578,c.1.15.7,c.1.9.3,0.0028699999999999837
1yx1A,1thfD,0.57105,0.57105,0.56188,0.56188,0.6937253475189209,0.936980664730072,c.1.15.7,c.1.2.1,0.0
1yx1A,1v93A,0.6058,0.6058,0.53456,0.53456,0.8163765668869019,0.8907610774040222,c.1.15.7,c.1.23.1,0.0
1yx1A,1w37A,0.58865,0.58865,0.51379,0.51379,0.8645333051681519,0.9148455858230592,c.1.15.7,c.1.10.1,0.0
1yx1A,1oy0A,0.53426,0.53426,0.53426,0.53426,0.648341953754425,0.8683420419692993,c.1.15.7,c.1.12.8,0.0
1yx1A,1o5kA,0.63642,0.63642,0.55092,0.55092,0.8131424188613892,0.9312005043029784,c.1.15.7,l.1.1.1,0.0
1yyaA,1vpxA,0.55358,0.55358,0.55358,0.55358,0.8277558088302612,0.948328137397766,,l.1.1.1,0.0
1yyaA,1wx0A,0.56136,0.56136,0.56136,0.56136,0.8443444967269897,0.9444399476051332,,c.1.10.1,0.0
1z69A,1sfjA,0.46593,0.48827,0.46593,0.48827,0.5195536017417908,0.8892468214035034,c.1.16.0,c.1.10.1,0.02233999999999997
1z69A,1sflA,0.47949,0.51888,0.47949,0.51888,0.5038594603538513,0.9095709323883056,c.1.16.0,c.1.10.1,0.03938999999999998
1z69A,1gqnA,0.48194,0.5255,0.48194,0.5255,0.4873200356960296,0.9215654730796814,c.1.16.0,c.1.10.1,0.04355999999999999
1z69A,1o66A,0.4369,0.47645,0.4369,0.47645,0.445808470249176,0.7094920873641968,c.1.16.0,l.1.1.1,0.039549999999999974
1z69A,1f6yA,0.45867,0.56538,0.45867,0.56538,0.4814516305923462,0.8367300629615784,c.1.16.0,c.1.21.2,0.10670999999999997
1z69A,1o60A,0.44959,0.53457,0.44959,0.53457,0.4754836857318878,0.8014973998069763,c.1.16.0,c.1.10.4,0.08498
1z69A,1twsA,0.45998,0.5561,0.45998,0.5561,0.5228028893470764,0.7805445194244385,c.1.16.0,c.1.21.1,0.09612000000000004
1z6kA,1m3uA,0.61507,0.64699,0.53008,0.55603,0.8977501392364502,0.9393580555915833,c.1.12.5,c.1.12.8,0.02595000000000003
1z6kA,1oy0A,0.59244,0.63112,0.53454,0.56768,0.90772145986557,0.9517322778701782,c.1.12.5,c.1.12.8,0.03313999999999995
1z6kA,1mzrA,0.61978,0.61978,0.51766,0.51766,0.8951221108436584,0.9018306136131288,c.1.12.5,c.1.7.1,0.0
1zahA,1rhcA,0.47836,0.47836,0.47836,0.47836,0.4691124558448791,0.8393331170082092,c.1.10.1,c.1.16.3,0.0
1zccA,1vc4A,0.56442,0.56615,0.53916,0.54068,0.88227379322052,0.8766162991523743,c.1.18.3,c.1.2.4,0.0015200000000000768
1zccA,1km0A,0.56302,0.57197,0.56302,0.57197,0.7438034415245056,0.812244176864624,c.1.18.3,l.1.1.1,0.008950000000000014
1zccA,1a53A,0.55771,0.55771,0.54478,0.54478,0.8592737913131714,0.866520881652832,c.1.18.3,c.1.2.4,0.0
1zp3A,2h8xA,0.61495,0.68086,0.50546,0.5587,0.4974505603313446,0.8470281362533569,c.1.23.1,c.1.4.0,0.053239999999999954
1zp3A,2h8zA,0.61705,0.68404,0.50605,0.56028,0.4915059506893158,0.8456722497940063,c.1.23.1,c.1.4.0,0.05423
1zp3A,1gveB,0.62444,0.63001,0.59488,0.60017,0.9149246215820312,0.9412429928779602,c.1.23.1,c.1.7.1,0.005290000000000017
1zp3A,2gouA,0.61966,0.66946,0.50033,0.54001,0.438626766204834,0.7490666508674622,c.1.23.1,c.1.4.0,0.03967999999999994
1zp3A,1ozmA,0.54136,0.59075,0.43311,0.47386,0.6361439228057861,0.7523887753486633,c.1.23.1,c.1.20.1,0.04075000000000001
1zp3A,1b30A,0.5954,0.62977,0.56775,0.60074,0.6199525594711304,0.919952630996704,c.1.23.1,c.1.8.3,0.032990000000000075
1zp3A,1gokA,0.59573,0.62971,0.56814,0.60068,0.6285948157310486,0.924655556678772,c.1.23.1,c.1.8.3,0.03254000000000001
1zp3A,2clpA,0.64106,0.64106,0.57539,0.57539,0.8750985264778137,0.941865086555481,c.1.23.1,c.1.7.1,0.0
1zp3A,2hs8A,0.62383,0.66669,0.50163,0.53631,0.47390216588974,0.7959060668945312,c.1.23.1,c.1.4.1,0.03467999999999993
1zp4A,1vliA,0.55461,0.56555,0.46075,0.46975,0.6354460716247559,0.8207951784133911,c.1.23.1,c.1.10.6,0.009000000000000008
1zp4A,1icpA,0.60018,0.65384,0.49122,0.53407,0.5156068205833435,0.7835270166397095,c.1.23.1,c.1.4.1,0.042850000000000055
1zp4A,1hw6A,0.55236,0.55801,0.55236,0.55801,0.8492340445518494,0.9450675249099731,c.1.23.1,c.1.7.1,0.005650000000000044
1zp4A,2hs6A,0.60876,0.6179,0.49234,0.50283,0.505794882774353,0.8015093207359314,c.1.23.1,c.1.4.1,0.01049
1zp4A,2gouA,0.61262,0.61258,0.49106,0.4936,0.4761454463005066,0.7546536326408386,c.1.23.1,c.1.4.0,0.0025399999999999867
1zp4A,1gvoA,0.61012,0.60621,0.49324,0.49355,0.4949704110622406,0.7658650279045105,c.1.23.1,c.1.4.1,0.00030999999999997696
1zp4A,1jpmA,0.50076,0.49842,0.4134,0.41132,0.6051516532897949,0.5949895977973938,c.1.23.1,d.54.1.1,-0.0020799999999999708
2a0nA,1gveB,0.60406,0.62437,0.52082,0.53977,0.708743691444397,0.7495822906494141,c.1.2.1,c.1.7.1,0.018950000000000022
2a0nA,1k77A,0.61143,0.63288,0.6015,0.62296,0.5625174045562744,0.8821834921836853,c.1.2.1,l.1.1.1,0.021459999999999924
2aamA,1w0mA,0.51798,0.55294,0.51798,0.55294,0.6338143348693848,0.831821620464325,c.1.8.15,c.1.1.1,0.03495999999999999
2agkA,1xxxA,0.65812,0.65812,0.53668,0.53668,0.938411831855774,0.8240957856178284,,c.1.10.1,0.0
2agkA,1m3uA,0.64231,0.64436,0.57985,0.58178,0.9082050323486328,0.8142411708831787,,c.1.12.8,0.0019299999999999873
2agkA,1xm3A,0.60363,0.60363,0.59531,0.59531,0.8834450244903564,0.867810845375061,,c.1.31.1,0.0
2agkA,1xgeA,0.58638,0.58861,0.4367,0.43829,0.6320371031761169,0.6608050465583801,,c.1.9.4,0.0015900000000000358
2b81A,1fwnA,0.44111,0.57113,0.44111,0.57113,0.6814236640930176,0.8402699828147888,,c.1.10.4,0.13002000000000002
2bnjA,2cwnA,0.55247,0.55247,0.52392,0.52392,0.9141587018966676,0.8197275400161743,c.1.8.3,l.1.1.1,0.0
2bnjA,1b4kA,0.57861,0.60816,0.54203,0.56978,0.8576380014419556,0.9473235607147216,c.1.8.3,c.1.10.3,0.02774999999999994
2btmA,1vpxA,0.54802,0.54802,0.54802,0.54802,0.81594318151474,0.9480351209640504,c.1.1.1,l.1.1.1,0.0
2btmA,2cw6A,0.65581,0.65581,0.57021,0.57021,0.8906192183494568,0.7850719690322876,c.1.1.1,,0.0
2btmA,1wx0A,0.55516,0.55516,0.55516,0.55516,0.8348365426063538,0.9456320405006408,c.1.1.1,c.1.10.1,0.0
2bv9A,1gveB,0.59312,0.59312,0.56546,0.56546,0.8333439826965332,0.8468548059463501,l.1.1.1,c.1.7.1,0.0
2bv9A,1zsxA,0.58314,0.6053,0.52449,0.54426,0.8214254379272461,0.7869473695755005,l.1.1.1,l.1.1.1,0.019769999999999954
2bv9A,1fbaA,0.59043,0.6694,0.4894,0.54832,0.8718596696853638,0.7150965929031372,l.1.1.1,c.1.10.1,0.05892000000000003
2bv9A,1jgmA,0.5341,0.6126,0.47181,0.54126,0.7746254205703735,0.7432979345321655,l.1.1.1,c.1.9.3,0.06944999999999996
2bv9A,1epxA,0.59689,0.59689,0.49778,0.49778,0.8496555685997009,0.7270841598510742,l.1.1.1,c.1.10.1,0.0
2bv9A,1zahA,0.59706,0.65311,0.49179,0.53708,0.8532878160476685,0.7181556224822998,l.1.1.1,c.1.10.1,0.04529
2bv9A,1f2jA,0.59704,0.66783,0.49793,0.55085,0.8441029787063599,0.7154858112335205,l.1.1.1,c.1.10.1,0.05291999999999997
2bv9A,1qrqA,0.57833,0.60035,0.51848,0.53748,0.8054311871528625,0.7791708707809448,l.1.1.1,c.1.7.1,0.018999999999999906
2bv9A,1xgeA,0.55703,0.57379,0.48033,0.49504,0.7371578812599182,0.6627301573753357,l.1.1.1,c.1.9.4,0.01471
2bv9A,1p6bA,0.5854,0.6061,0.5219,0.53931,0.7902528047561646,0.7714738845825195,l.1.1.1,c.1.9.3,0.017409999999999926
2bv9A,1gveA,0.59161,0.59161,0.53058,0.53058,0.8353909254074097,0.8485052585601807,l.1.1.1,c.1.7.1,0.0
2bv9A,2a79A,0.58159,0.60105,0.51932,0.53685,0.798601508140564,0.7805340886116028,l.1.1.1,c.1.7.1,0.017530000000000046
2bv9A,1vs1A,0.56481,0.58676,0.56481,0.58676,0.8008424043655396,0.8306194543838501,l.1.1.1,,0.021949999999999914
2bv9A,1ojxA,0.55892,0.55843,0.55892,0.55843,0.8055422306060791,0.7626368403434753,l.1.1.1,c.1.10.1,-0.0004899999999999904
2bv9A,2bp1A,0.59052,0.59052,0.53079,0.53079,0.8270857930183411,0.8497025966644287,l.1.1.1,c.1.7.1,0.0
2bv9A,1aw1A,0.55601,0.62273,0.55601,0.62273,0.7899138927459717,0.7705602049827576,l.1.1.1,c.1.1.1,0.06672
2bv9A,1tmhA,0.557,0.61305,0.557,0.61305,0.7900234460830688,0.7657791376113892,l.1.1.1,c.1.1.1,0.05604999999999993
2bvdA,1km0A,0.56663,0.57261,0.56663,0.57261,0.688370943069458,0.7197719812393188,c.1.8.3,l.1.1.1,0.005979999999999985
2bvdA,1gveA,0.60347,0.60347,0.52863,0.52863,0.8791915774345398,0.8444819450378418,c.1.8.3,c.1.7.1,0.0
2bvdA,2bp1A,0.60464,0.60464,0.53101,0.53101,0.8701480031013489,0.8463072776794434,c.1.8.3,c.1.7.1,0.0
2bvdA,1gveB,0.60564,0.63162,0.56377,0.58809,0.883801281452179,0.8438440561294556,c.1.8.3,c.1.7.1,0.02432000000000001
2bvdA,2c91A,0.60291,0.62777,0.52704,0.54885,0.8923590779304504,0.8439654111862183,c.1.8.3,c.1.7.1,0.021809999999999996
2bvdA,2clpA,0.60115,0.60115,0.528,0.528,0.8710211515426636,0.8515174984931946,c.1.8.3,c.1.7.1,0.0
2bvdA,1dv7A,0.55049,0.55853,0.55049,0.55853,0.764575719833374,0.7913551330566406,c.1.8.3,c.1.2.3,0.008039999999999936
2bvdA,1losA,0.56031,0.55689,0.56031,0.55689,0.7705305814743042,0.7881258726119995,c.1.8.3,c.1.2.3,-0.0034199999999999786
2bvdA,2bdqA,0.55096,0.55096,0.55096,0.55096,0.8490746021270752,0.7955259680747986,c.1.8.3,,0.0
2bvdA,2a79A,0.58689,0.62077,0.51286,0.54096,0.8488391041755676,0.7712823152542114,c.1.8.3,c.1.7.1,0.028100000000000014
2c13A,1so6A,0.45191,0.49309,0.45191,0.49309,0.8103440999984741,0.9255867004394532,c.1.10.3,c.1.2.3,0.041179999999999994
2c71A,2h8zA,0.52594,0.57284,0.33529,0.36646,0.643589437007904,0.7918521165847778,l.1.1.1,c.1.4.0,0.03117000000000003
2c91A,1zp4A,0.57354,0.57354,0.57354,0.57354,0.8724894523620605,0.9427711963653564,c.1.7.1,c.1.23.1,0.0
2cipA,2bdqA,0.55464,0.55464,0.55464,0.55464,0.8453890085220337,0.7991074323654175,c.1.8.3,,0.0
2cipA,1f76A,0.53882,0.60379,0.45945,0.51792,0.8633472323417664,0.8076727986335754,c.1.8.3,c.1.4.1,0.05847000000000002
2cipA,1hw6A,0.56553,0.56611,0.56553,0.56611,0.8485960960388184,0.8077989816665649,c.1.8.3,c.1.7.1,0.0005800000000000249
2cipA,1gveA,0.60938,0.60938,0.52895,0.52895,0.8723130226135254,0.8577847480773926,c.1.8.3,c.1.7.1,0.0
2cipA,2bp1A,0.60996,0.60996,0.53093,0.53093,0.8626256585121155,0.8591178059577942,c.1.8.3,c.1.7.1,0.0
2cipA,2c91A,0.60721,0.60721,0.5258,0.5258,0.8877810835838318,0.8561806082725525,c.1.8.3,c.1.7.1,0.0
2cipA,1vrdA,0.56689,0.56504,0.49636,0.49443,0.6882455348968506,0.5761967897415161,c.1.8.3,c.1.5.1,-0.0019300000000000428
2cipA,1dbtA,0.58173,0.58173,0.58173,0.58173,0.7247622609138489,0.7695693969726562,c.1.8.3,c.1.2.3,0.0
2cipA,2clpA,0.60633,0.60633,0.52797,0.52797,0.8633260130882263,0.8642451167106628,c.1.8.3,c.1.7.1,0.0
2cipA,1w8rA,0.57631,0.5874,0.57631,0.5874,0.7719498872756958,0.7374831438064575,c.1.8.3,c.1.10.1,0.011090000000000044
2citA,1km0A,0.56749,0.56749,0.56749,0.56749,0.6925272941589355,0.72353595495224,c.1.8.3,l.1.1.1,0.0
2citA,1dvjA,0.56658,0.56658,0.56658,0.56658,0.7095010876655579,0.7325339913368225,c.1.8.3,l.1.1.1,0.0
2citA,2bp1A,0.60751,0.62896,0.53025,0.5488,0.8474491238594055,0.8527851700782776,c.1.8.3,c.1.7.1,0.018549999999999955
2citA,1klzA,0.56889,0.56675,0.56889,0.56675,0.6939570903778076,0.7597700357437134,c.1.8.3,c.1.2.3,-0.0021400000000000308
2citA,1hw6A,0.56017,0.49363,0.56017,0.49363,0.8416404724121094,0.8102306127548218,c.1.8.3,c.1.7.1,-0.06653999999999993
2citA,1vrdA,0.5634,0.5634,0.495,0.495,0.7103803753852844,0.5786208510398865,c.1.8.3,c.1.5.1,0.0
2citA,1losA,0.56235,0.55675,0.56235,0.55675,0.7749879956245422,0.7840747833251953,c.1.8.3,c.1.2.3,-0.005600000000000049
2citA,1gveA,0.60638,0.62846,0.52781,0.54723,0.8567416667938232,0.8504745364189148,c.1.8.3,c.1.7.1,0.019419999999999993
2citA,2c91A,0.60657,0.63003,0.52693,0.54732,0.8707704544067383,0.85094153881073,c.1.8.3,c.1.7.1,0.02039000000000002
2citA,2clpA,0.60489,0.62681,0.52794,0.54685,0.8478424549102783,0.8573253154754639,c.1.8.3,c.1.7.1,0.018909999999999982
2citA,1dv7A,0.55082,0.54605,0.55082,0.54605,0.7678406238555908,0.7886466383934021,c.1.8.3,c.1.2.3,-0.004769999999999941
2citA,1twsA,0.55143,0.62038,0.55143,0.62038,0.6856938004493713,0.6662826538085938,c.1.8.3,c.1.21.1,0.06895000000000007
2citA,2a79A,0.59037,0.63378,0.51183,0.54831,0.829072892665863,0.7808352708816528,c.1.8.3,c.1.7.1,0.03647999999999996
2citA,1eixA,0.56866,0.59067,0.56866,0.59067,0.7100363373756409,0.7459180355072021,c.1.8.3,c.1.2.3,0.022009999999999974
2citA,1ynpA,0.56378,0.58765,0.54908,0.57218,0.848084032535553,0.8248462677001953,c.1.8.3,l.1.1.1,0.02310000000000001
2citA,1ydnA,0.59957,0.59957,0.59431,0.59431,0.8424907922744751,0.9108453392982484,c.1.8.3,,0.0
2citA,1og6A,0.58456,0.58456,0.54786,0.54786,0.8822676539421082,0.8128458261489868,c.1.8.3,c.1.7.1,0.0
2dfaA,1m6jA,0.56143,0.60486,0.53916,0.5804,0.5690102577209473,0.8460837006568909,c.6.2.5,c.1.1.1,0.041240000000000054
2dqwA,1k77A,0.59147,0.6407,0.58026,0.62856,0.7844370603561401,0.8494362831115723,,l.1.1.1,0.04830000000000001
2dqwA,1pz1A,0.6022,0.62891,0.48562,0.50565,0.8611984252929688,0.8439531922340393,,l.1.1.1,0.020030000000000048
2dqwA,1mnsA,0.57982,0.58496,0.42657,0.43023,0.3865723013877868,0.6501399278640747,,d.54.1.1,0.0036599999999999966
2dqwA,2amxA,0.53282,0.65058,0.39409,0.47466,0.7022857069969177,0.8167107105255127,,l.1.1.1,0.08057000000000003
2dqwA,1vbjA,0.60775,0.60775,0.55209,0.55209,0.8926372528076172,0.9440999627113342,,l.1.1.1,0.0
2dqwA,1pyfA,0.62676,0.65727,0.52568,0.54919,0.8925118446350098,0.8924339413642883,,l.1.1.1,0.02350999999999992
2f6uA,1nvmA,0.66042,0.66042,0.47498,0.47498,0.9065954685211182,0.8408003449440002,c.1.4.1,c.1.10.5,0.0
2f6uA,1so6A,0.62455,0.66936,0.62455,0.66936,0.8714343905448914,0.8871378898620605,c.1.4.1,c.1.2.3,0.044809999999999905
2f6uA,1xcfA,0.56265,0.58659,0.54962,0.57283,0.8916528820991516,0.931152641773224,c.1.4.1,c.1.2.4,0.023209999999999953
2f6uA,1vpqA,0.56705,0.59434,0.51692,0.54201,0.6922781467437744,0.8836002349853516,c.1.4.1,l.1.1.1,0.025089999999999946
2fjkA,1l6wA,0.50012,0.50012,0.50012,0.50012,0.924561619758606,0.9312634468078612,c.1.10.2,c.1.10.1,0.0
2fjkA,1i2qA,0.48232,0.53815,0.45879,0.51105,0.9318432211875916,0.9166363477706908,c.1.10.2,c.1.10.1,0.05226000000000003
2fjkA,1i2pA,0.48309,0.48309,0.45949,0.45949,0.9343788623809814,0.9167225956916808,c.1.10.2,c.1.10.1,0.0
2fjkA,1i2oA,0.48373,0.53826,0.46008,0.51054,0.932491421699524,0.9195412397384644,c.1.10.2,c.1.10.1,0.050460000000000005
2fjkA,1i2rA,0.48291,0.48291,0.45932,0.45932,0.932159423828125,0.9195807576179504,c.1.10.2,c.1.10.1,0.0
2fjkA,1i2nA,0.4829,0.5073,0.45933,0.48129,0.9307292699813844,0.9182538986206056,c.1.10.2,c.1.10.1,0.02195999999999998
2fjkA,1onrA,0.48361,0.48361,0.46,0.46,0.9313837885856628,0.9197604656219482,c.1.10.2,c.1.10.1,0.0
2fjkA,2cwnA,0.48773,0.51156,0.45796,0.47911,0.9456009864807128,0.93349951505661,c.1.10.2,l.1.1.1,0.021150000000000002
2fmnA,2hs8A,0.61903,0.65918,0.50421,0.5362,0.4329734444618225,0.7930525541305542,c.1.23.1,c.1.4.1,0.03198999999999996
2fmnA,2bgnE,0.56223,0.60457,0.47755,0.51515,0.6168690323829651,0.8489406108856201,c.1.23.1,c.1.9.1,0.03760000000000002
2fmnA,1q45A,0.60471,0.60471,0.49527,0.49527,0.408606469631195,0.7751240134239197,c.1.23.1,c.1.4.1,0.0
2fmnA,1bxbA,0.55876,0.62353,0.43804,0.48949,0.7675685882568359,0.8792271614074707,c.1.23.1,c.1.15.3,0.051449999999999996
2g0wA,2fmnA,0.57338,0.57338,0.54408,0.54408,0.8009005784988403,0.9485175609588624,c.1.15.4,c.1.23.1,0.0
2g0wA,1ujpA,0.55555,0.55972,0.55555,0.55972,0.6237316727638245,0.9125007390975952,c.1.15.4,c.1.2.4,0.004170000000000007
2g0wA,1a4lA,0.60612,0.60612,0.49188,0.49188,0.721847653388977,0.8231533169746399,c.1.15.4,c.1.9.1,0.0
2gzxA,1nvmA,0.60818,0.63072,0.47152,0.48757,0.8235784769058228,0.8787604570388794,c.1.9.0,c.1.10.5,0.01605000000000001
2h8xA,1o60A,0.48582,0.49275,0.48582,0.49275,0.8578687310218811,0.9267750978469848,c.1.4.0,c.1.10.4,0.006930000000000047
2h8zA,1o60A,0.48565,0.41575,0.48565,0.41575,0.8574818968772888,0.9318900108337402,c.1.4.0,c.1.10.4,-0.06990000000000002
2hcvA,1f07A,0.41861,0.41861,0.41861,0.41861,0.807546854019165,0.7734470367431641,,c.1.16.3,0.0
2hk0A,1m3uA,0.47433,0.47433,0.47433,0.47433,0.6803804039955139,0.7950371503829956,,c.1.12.8,0.0
2hk0A,1zsxA,0.567,0.59304,0.51012,0.53467,0.9110883474349976,0.8943156003952026,,l.1.1.1,0.02454999999999996
2hk0A,1gveB,0.57783,0.61832,0.54988,0.58828,0.8983321189880371,0.9133424758911132,,c.1.7.1,0.03839999999999999
2hk0A,1f07A,0.55195,0.55195,0.4984,0.4984,0.7204189300537109,0.8345008492469788,,c.1.16.3,0.0
2i7gA,1klyA,0.48219,0.49568,0.48219,0.49568,0.4868706464767456,0.8036119937896729,,c.1.2.3,0.013490000000000002
2nlyA,1nvmA,0.54967,0.68416,0.38487,0.46295,0.5524271726608276,0.7270644307136536,c.6.2.7,c.1.10.5,0.07807999999999998
1fw8A,1qpgA,0.76213,0.90859,0.76213,0.90859,0.9817236065864564,0.9940338134765624,l.1.1.1,c.86.1.1,0.14646000000000003
1fw8A,1hdiA,0.79081,0.93532,0.79081,0.93532,0.985924482345581,0.9938423037528992,l.1.1.1,c.86.1.1,0.14451000000000003
1fw8A,1vjcA,0.79313,0.94753,0.79129,0.94534,0.9872409105300904,0.9939789175987244,l.1.1.1,c.86.1.1,0.1540499999999999
1fw8A,1kf0A,0.7905,0.94319,0.78866,0.94101,0.9852333664894104,0.9927635788917542,l.1.1.1,c.86.1.1,0.15234999999999999
1fw8A,1ltkA,0.74283,0.89812,0.74283,0.89812,0.9839943051338196,0.988259494304657,l.1.1.1,l.1.1.1,0.15529000000000004
1fw8A,1vpeA,0.67363,0.76988,0.67363,0.76988,0.9798879623413086,0.9892539978027344,l.1.1.1,c.86.1.1,0.09625000000000006
1fw8A,1phpA,0.74917,0.90013,0.74917,0.90013,0.982675075531006,0.9849502444267272,l.1.1.1,c.86.1.1,0.15095999999999998
1fw8A,13pkA,0.65111,0.74782,0.65111,0.74782,0.9713037014007568,0.982856035232544,l.1.1.1,c.86.1.1,0.09671000000000007
1fw8A,2ie8A,0.71454,0.85867,0.71454,0.85867,0.9819349050521852,0.9876198768615724,l.1.1.1,l.1.1.1,0.1441300000000001
1fw8A,1v6sA,0.74827,0.90058,0.74827,0.90058,0.9803913235664368,0.9866689443588256,l.1.1.1,c.86.1.1,0.15231000000000006
1fw8A,1zmrA,0.71331,0.85936,0.71331,0.85936,0.9763292074203492,0.9779267311096193,l.1.1.1,c.86.1.1,0.14605
1fw8A,2cunA,0.67301,0.78103,0.67301,0.78103,0.9733025431632996,0.990363597869873,l.1.1.1,c.86.1.0,0.10802
1fw8A,2pgkA,0.7499,0.89699,0.7499,0.89699,0.9837496876716614,0.9882190227508544,l.1.1.1,i.12.1.1,0.14708999999999994
1fw8A,3pgkA,0.7326,0.87961,0.7326,0.87961,0.9825931191444396,0.9917476177215576,l.1.1.1,c.86.1.1,0.14700999999999997
1al3A,2b4lA,0.58055,0.65966,0.52531,0.59435,0.9755362272262572,0.959882915019989,c.94.1.1,,0.06903999999999999
1laxA,2b4lA,0.41132,0.41132,0.41132,0.41132,0.9698717594146729,0.9825522899627686,c.94.1.1,,0.0
1twyA,2b4lA,0.51989,0.61324,0.48194,0.56651,0.9755767583847046,0.9337948560714722,c.94.1.1,,0.08456999999999998
1xs5A,2b4lA,0.55154,0.55154,0.50545,0.50545,0.974948525428772,0.9793353080749512,c.94.1.1,,0.0
2b4lA,1r9lA,0.59641,0.89281,0.52946,0.78241,0.9658882021903992,0.9930423498153688,,c.94.1.1,0.25295
2b4lA,1sw2A,0.57294,0.78873,0.56939,0.78343,0.9629343748092652,0.9890881180763244,,c.94.1.1,0.21404
2b4lA,1amfA,0.51042,0.60164,0.51042,0.60164,0.9658966064453124,0.9757692813873292,,c.94.1.1,0.09121999999999997
2b4lA,2o1mA,0.51549,0.57688,0.51549,0.57688,0.9737456440925598,0.9669838547706604,,c.94.1.0,0.061389999999999945
2b4lA,1sw1A,0.5626,0.77258,0.5626,0.77258,0.9709545373916626,0.9883092641830444,,c.94.1.1,0.20998000000000006
2b4lA,1atgA,0.49321,0.57043,0.49321,0.57043,0.9647483825683594,0.9804282188415528,,c.94.1.1,0.07722000000000001
2b4lA,2g29A,0.51957,0.58892,0.38928,0.44124,0.9554498195648192,0.9832180738449096,,c.94.1.1,0.051960000000000006
2b4lA,2i48A,0.53004,0.59137,0.38418,0.4305,0.9552425742149352,0.9859483242034912,,c.94.1.1,0.04631999999999997
2b4lA,1us4A,0.54798,0.63273,0.50908,0.58589,0.9592950344085692,0.968230128288269,,c.94.1.1,0.07681000000000004
2b4lA,2hxrA,0.48823,0.56108,0.48823,0.56108,0.9732982516288756,0.9718859791755676,,,0.07285000000000003
2nxoA,2b4lA,0.4518,0.53982,0.4518,0.53982,0.9666370749473572,0.9848222732543944,c.94.1.1,,0.08801999999999999
1fntA,9gacA,0.35025,0.50874,0.30914,0.45006,0.6348168253898621,0.9711529016494752,,d.153.1.5,0.14092
1fntA,9gaaA,0.41211,0.50837,0.36449,0.45089,0.6471123695373535,0.9719977378845216,,d.153.1.5,0.08640000000000003
1fntA,9gafA,0.41054,0.51835,0.35218,0.44713,0.6613213419914246,0.9708110094070436,,d.153.1.5,0.09495000000000003
1g0uD,9gacA,0.37004,0.54334,0.31635,0.46639,0.6390528678894043,0.9717031717300416,d.153.1.4,d.153.1.5,0.15004
1g0uD,2a8lA,0.40792,0.54724,0.33116,0.43628,0.6927993297576904,0.9455212354660034,d.153.1.4,,0.10511999999999999
1g0uD,9gaaA,0.41645,0.54416,0.35871,0.46808,0.6518586874008179,0.972359538078308,d.153.1.4,d.153.1.5,0.10937000000000002
1g0uE,9gacA,0.4312,0.54503,0.37196,0.46913,0.6399041414260864,0.9644448161125184,d.153.1.4,d.153.1.5,0.09716999999999998
1g0uF,9gaaA,0.40929,0.52519,0.36841,0.46981,0.6639828085899353,0.9721556901931764,d.153.1.4,d.153.1.5,0.10139999999999999
1g0uF,9gacA,0.40848,0.52573,0.36643,0.46914,0.6519218683242798,0.9713398218154908,d.153.1.4,d.153.1.5,0.10271000000000002
1g3iG,9gafA,0.45555,0.66032,0.30793,0.43325,0.6922561526298523,0.947030544281006,d.153.1.4,d.153.1.5,0.12532000000000004
1g3iG,9gaaA,0.45926,0.66402,0.31948,0.44937,0.6745702624320984,0.94765442609787,d.153.1.4,d.153.1.5,0.12989
1g65D,9gacA,0.40514,0.52389,0.3635,0.46763,0.6396758556365967,0.9669817686080932,d.153.1.4,d.153.1.5,0.10413
1g65F,9gaaA,0.41069,0.52199,0.37036,0.46987,0.6623258590698242,0.968466818332672,d.153.1.4,d.153.1.5,0.09950999999999999
1g65F,9gacA,0.4141,0.52302,0.37248,0.46952,0.6506204605102539,0.967480480670929,d.153.1.4,d.153.1.5,0.09704000000000002
1g65F,1p4kA,0.41458,0.5398,0.35745,0.46476,0.7262014150619507,0.9609684944152832,d.153.1.4,d.153.1.5,0.10731000000000002
1iruA,9gacA,0.38551,0.49915,0.34781,0.44887,0.641843855381012,0.9740017652511596,d.153.1.4,d.153.1.5,0.10105999999999998
1iruA,9gafA,0.39674,0.50986,0.347,0.4466,0.6676310300827026,0.9747377038002014,d.153.1.4,d.153.1.5,0.09960000000000002
1j2qA,9gacA,0.35436,0.50839,0.31064,0.44783,0.6645821332931519,0.9697858691215516,d.153.1.4,d.153.1.5,0.13718999999999998
1j2qA,1p4kA,0.3878,0.52415,0.33059,0.44317,0.7342623472213745,0.9663408994674684,d.153.1.4,d.153.1.5,0.11258000000000001
1kuuA,2a8lA,0.46081,0.60808,0.32975,0.433,0.6803838014602661,0.9251532554626464,d.153.2.1,,0.10325000000000001
1m4yA,2gg0A,0.37427,0.44075,0.27001,0.31716,0.5840532183647156,0.8041508793830872,d.153.1.4,d.127.1.1,0.047150000000000025
1nedA,2a8mA,0.49321,0.64661,0.28316,0.28316,0.6611887216567993,0.7179758548736572,l.1.1.1,,0.0
1nedA,1p4kA,0.43821,0.66425,0.28949,0.28949,0.6778367161750793,0.7494328618049622,l.1.1.1,d.153.1.5,0.0
1nedA,2a8lA,0.49044,0.66155,0.28591,0.28591,0.6482784748077393,0.7202876210212708,l.1.1.1,,0.0
1p4kA,1yauA,0.35563,0.39019,0.35563,0.39019,0.7113509774208069,0.9477149844169616,d.153.1.5,d.153.1.4,0.03455999999999998
1p4kA,2imhA,0.37563,0.53169,0.37563,0.53169,0.6662681698799133,0.9182125329971312,d.153.1.5,l.1.1.1,0.15605999999999998
1p4kA,1iruA,0.33614,0.44461,0.33614,0.44461,0.7089563608169556,0.9652128219604492,d.153.1.5,d.153.1.4,0.10847000000000001
1p4kA,1yarA,0.35452,0.44629,0.35452,0.44629,0.7045043706893921,0.9560093879699708,d.153.1.5,d.153.1.4,0.09177000000000002
1p4kA,1g0uF,0.35709,0.46011,0.35709,0.46011,0.7261706590652466,0.9639937877655028,d.153.1.5,d.153.1.4,0.10302
1p4kA,1m4yA,0.31529,0.44261,0.31529,0.44261,0.7193970680236816,0.9329777359962464,d.153.1.5,d.153.1.4,0.12732
1p4kA,1iruE,0.33948,0.46114,0.33948,0.46114,0.7123629450798035,0.9645261764526368,d.153.1.5,d.153.1.4,0.12165999999999999
1p4kA,1g0uE,0.35986,0.46398,0.35986,0.46398,0.7133540511131287,0.9522360563278198,d.153.1.5,d.153.1.4,0.10411999999999999
1p4kA,1iruF,0.35371,0.45847,0.35371,0.45847,0.7244470119476318,0.9596610069274902,d.153.1.5,d.153.1.4,0.10475999999999996
1p4kA,2fhgH,0.36492,0.48313,0.36492,0.48313,0.7241092920303345,0.968507707118988,d.153.1.5,,0.11820999999999998
1p4kA,1kuuA,0.34599,0.40003,0.34599,0.40003,0.689674973487854,0.9102310538291932,d.153.1.5,d.153.2.1,0.05403999999999998
1p4kA,1q5rH,0.36574,0.49292,0.36574,0.49292,0.7231582403182983,0.9614952206611632,d.153.1.5,d.153.1.4,0.12718000000000002
1p4kA,2h6jH,0.36506,0.4922,0.36506,0.4922,0.7274430394172668,0.9648942947387696,d.153.1.5,d.153.1.4,0.12714000000000003
1p4kA,1q5qA,0.33828,0.45246,0.33828,0.45246,0.7274981737136841,0.9509689211845398,d.153.1.5,d.153.1.4,0.11417999999999995
1p4kA,1g3iG,0.30302,0.42867,0.30302,0.42867,0.7352367043495178,0.9392863512039183,d.153.1.5,d.153.1.4,0.12564999999999998
1p4kA,1g65E,0.36015,0.46596,0.36015,0.46596,0.7094090580940247,0.9519861340522766,d.153.1.5,d.153.1.4,0.10580999999999996
1p4kA,1j2qH,0.34887,0.46251,0.34887,0.46251,0.7344762086868286,0.958356499671936,d.153.1.5,d.153.1.4,0.11363999999999996
1pmaA,9gacA,0.43313,0.54238,0.36247,0.45242,0.6455449461936951,0.9622349739074708,d.153.1.4,d.153.1.5,0.08994999999999997
1yauA,2a8lA,0.42836,0.54115,0.33959,0.42124,0.6914681196212769,0.9287970066070556,d.153.1.4,,0.08165
1yyfD,9gafA,0.48126,0.67591,0.33223,0.46052,0.6706273555755615,0.9517779350280762,d.153.1.4,d.153.1.5,0.12828999999999996
9gaaA,1yarA,0.3675,0.454,0.3675,0.454,0.6445097327232361,0.9669761657714844,d.153.1.5,d.153.1.4,0.08650000000000002
9gaaA,1iruF,0.36383,0.45775,0.36383,0.45775,0.6625505685806274,0.9691481590270996,d.153.1.5,d.153.1.4,0.09392
9gaaA,1yauA,0.36844,0.45528,0.36844,0.45528,0.6534594297409058,0.9606823325157166,d.153.1.5,d.153.1.4,0.08684000000000003
9gaaA,1iruA,0.34748,0.45201,0.34748,0.45201,0.6519942283630371,0.9747632145881652,d.153.1.5,d.153.1.4,0.10453000000000001
9gaaA,1iruE,0.34159,0.46374,0.34159,0.46374,0.6501380205154419,0.9706476926803588,d.153.1.5,d.153.1.4,0.12214999999999998
9gaaA,1m4yA,0.33159,0.46562,0.33159,0.46562,0.6550000905990601,0.9401570558547974,d.153.1.5,d.153.1.4,0.13402999999999998
9gaaA,1q5qH,0.36146,0.50486,0.36146,0.50486,0.6626389026641846,0.979711890220642,d.153.1.5,d.153.1.4,0.14339999999999997
9gaaA,1g65D,0.36255,0.46497,0.36255,0.46497,0.6512522101402283,0.9680700302124025,d.153.1.5,d.153.1.4,0.10242000000000001
9gaaA,2imhA,0.38801,0.43862,0.38801,0.43862,0.5911973118782043,0.9352794885635376,d.153.1.5,l.1.1.1,0.05060999999999999
9gaaA,2fhgH,0.36116,0.5035,0.36116,0.5035,0.6595783829689026,0.9773253202438354,d.153.1.5,,0.14233999999999997
9gaaA,1g0uL,0.36954,0.47166,0.36954,0.47166,0.6643789410591125,0.9628292322158812,d.153.1.5,d.153.1.4,0.10212000000000004
9gaaA,1g65G,0.37035,0.45369,0.37035,0.45369,0.666916012763977,0.9727174043655396,d.153.1.5,d.153.1.4,0.08333999999999997
9gaaA,1iruL,0.36782,0.48,0.36782,0.48,0.6616649627685547,0.9657882452011108,d.153.1.5,d.153.1.4,0.11218
9gaaA,1e94A,0.31286,0.46577,0.31286,0.46577,0.6581611633300781,0.9392688274383544,d.153.1.5,d.153.1.4,0.15291
9gaaA,1iruK,0.3705,0.47226,0.3705,0.47226,0.6811600923538208,0.9567775130271912,d.153.1.5,d.153.1.4,0.10176000000000002
9gaaA,1ya7H,0.35927,0.48352,0.35927,0.48352,0.6782366037368774,0.9727768898010254,d.153.1.5,d.153.1.4,0.12425000000000003
9gaaA,1g0uM,0.37484,0.48842,0.18332,0.19051,0.3692613542079925,0.4604687392711639,d.153.1.5,d.153.1.4,0.007190000000000002
9gaaA,1q5qA,0.3758,0.4574,0.3758,0.4574,0.6642196774482727,0.9658184051513672,d.153.1.5,d.153.1.4,0.08159999999999995
9gaaA,2h6jH,0.35823,0.50716,0.35823,0.50716,0.6643983125686646,0.9703248739242554,d.153.1.5,d.153.1.4,0.14893000000000006
9gaaA,1q5rH,0.36601,0.50788,0.36601,0.50788,0.6566454172134399,0.9666247367858888,d.153.1.5,d.153.1.4,0.14187
9gacA,1iruF,0.36644,0.36644,0.36644,0.36644,0.6508868932723999,0.9685733318328856,d.153.1.5,d.153.1.4,0.0
9gacA,1m4yA,0.32387,0.46545,0.32387,0.46545,0.6430097818374634,0.9391580820083618,d.153.1.5,d.153.1.4,0.14157999999999998
9gacA,1q5qH,0.3651,0.50511,0.3651,0.50511,0.6496715545654297,0.9793906807899476,d.153.1.5,d.153.1.4,0.14000999999999997
9gacA,1yarA,0.36177,0.45105,0.36177,0.45105,0.6329817771911621,0.966106414794922,d.153.1.5,d.153.1.4,0.08928000000000003
9gacA,2imhA,0.38727,0.55563,0.38727,0.55563,0.5810535550117493,0.9336455464363098,d.153.1.5,l.1.1.1,0.16835999999999995
9gacA,1nedA,0.3114,0.45958,0.30205,0.30205,0.6185370683670044,0.7476533651351929,d.153.1.5,l.1.1.1,0.0
9gacA,1g3iG,0.31782,0.44566,0.31782,0.44566,0.6630129814147949,0.9467788934707642,d.153.1.5,d.153.1.4,0.12784
9gacA,1e94A,0.31097,0.46229,0.31097,0.46229,0.6463979482650757,0.9375513792037964,d.153.1.5,d.153.1.4,0.15131999999999995
9gacA,1kuuA,0.35868,0.41821,0.35868,0.41821,0.6140570044517517,0.9199422597885132,d.153.1.5,d.153.2.1,0.05953000000000003
9gacA,2h6jH,0.36155,0.50609,0.36155,0.50609,0.6531806588172913,0.9702681303024292,d.153.1.5,d.153.1.4,0.14454000000000006
9gacA,1q5rH,0.36472,0.50585,0.36472,0.50585,0.6452799439430237,0.9660460352897644,d.153.1.5,d.153.1.4,0.14113000000000003
9gacA,1ya7H,0.34255,0.48056,0.34255,0.48056,0.6670095324516296,0.97243070602417,d.153.1.5,d.153.1.4,0.13800999999999997
9gacA,1g0uM,0.37483,0.4868,0.1816,0.19291,0.3671066164970398,0.4551435708999634,d.153.1.5,d.153.1.4,0.011309999999999987
9gacA,1q5qA,0.37491,0.45752,0.37491,0.45752,0.6521297097206116,0.9646152257919312,d.153.1.5,d.153.1.4,0.08260999999999996
9gafA,1g65F,0.36065,0.46774,0.36065,0.46774,0.6757028102874756,0.9683526158332824,d.153.1.5,d.153.1.4,0.10708999999999996
9gafA,1iruF,0.355,0.3898,0.355,0.3898,0.6797966957092285,0.967850923538208,d.153.1.5,d.153.1.4,0.0348
9gafA,1pmaA,0.36037,0.39592,0.36037,0.39592,0.6687999963760376,0.9617458581924438,d.153.1.5,d.153.1.4,0.03554999999999997
9gafA,1m4yA,0.31684,0.44961,0.31684,0.44961,0.6745498180389404,0.9389841556549072,d.153.1.5,d.153.1.4,0.13277
9gafA,1yauA,0.35891,0.39478,0.35891,0.39478,0.6651670336723328,0.9579067826271056,d.153.1.5,d.153.1.4,0.03587000000000001
9gafA,1g0uF,0.35979,0.46011,0.35979,0.46011,0.676619827747345,0.9711805582046508,d.153.1.5,d.153.1.4,0.10032000000000002
9gafA,1q5qH,0.37057,0.48927,0.37057,0.48927,0.6776778697967529,0.9799331426620485,d.153.1.5,d.153.1.4,0.11869999999999997
9gafA,2imhA,0.37758,0.53828,0.37758,0.53828,0.6249078512191772,0.9256212711334229,d.153.1.5,l.1.1.1,0.16069999999999995
9gafA,1yarA,0.35265,0.39126,0.35265,0.39126,0.6593149304389954,0.9647384881973268,d.153.1.5,d.153.1.4,0.03860999999999998
9gafA,2fhgH,0.3688,0.48969,0.3688,0.48969,0.6765022277832031,0.977433979511261,d.153.1.5,,0.12089
9gafA,1iruE,0.34194,0.46225,0.34194,0.46225,0.666094183921814,0.9715800285339355,d.153.1.5,d.153.1.4,0.12030999999999997
9gafA,1q5rH,0.37107,0.49747,0.37107,0.49747,0.6734895706176758,0.9669808745384216,d.153.1.5,d.153.1.4,0.1264
9gafA,1nedA,0.30584,0.4448,0.29181,0.29181,0.6465004682540894,0.7516751289367676,d.153.1.5,l.1.1.1,0.0
9gafA,2h6jH,0.35015,0.49689,0.35015,0.49689,0.6806790232658386,0.9708759784698486,d.153.1.5,d.153.1.4,0.14673999999999998
9gafA,1g0uM,0.36604,0.4772,0.17942,0.17942,0.3613258600234985,0.4511219263076782,d.153.1.5,d.153.1.4,0.0
9gafA,1q5qA,0.3179,0.45737,0.3179,0.45737,0.6793208718299866,0.962071180343628,d.153.1.5,d.153.1.4,0.13946999999999998
9gafA,1g0uE,0.36159,0.36159,0.36159,0.36159,0.6673154234886169,0.9614823460578918,d.153.1.5,d.153.1.4,0.0
9gafA,1ya7H,0.34893,0.46804,0.34893,0.46804,0.6994378566741943,0.9702956676483154,d.153.1.5,d.153.1.4,0.11911
9gafA,1e94A,0.32289,0.44669,0.32289,0.44669,0.6774913668632507,0.9368634223937988,d.153.1.5,d.153.1.4,0.12379999999999997
1blcA,1alqA,0.85235,0.98812,0.13591,0.13888,0.5064922571182251,0.5454503297805786,e.3.1.1,e.3.1.1,0.0029700000000000004
1blpA,1alqA,0.84675,0.98448,0.13809,0.13809,0.5359774231910706,0.5461248159408569,e.3.1.1,e.3.1.1,0.0
1bsgA,1alqA,0.75739,0.87935,0.12918,0.12918,0.513421356678009,0.525547981262207,e.3.1.1,e.3.1.1,0.0
1bueA,1alqA,0.76818,0.89429,0.12911,0.13315,0.5241057872772217,0.5192985534667969,e.3.1.1,e.3.1.1,0.004039999999999988
1bzaA,1alqA,0.79106,0.90735,0.12106,0.12491,0.5083950161933899,0.5448370575904846,e.3.1.1,e.3.1.1,0.0038499999999999923
1djaA,1alqA,0.85057,0.98581,0.13549,0.13549,0.5168561935424805,0.537627637386322,e.3.1.1,e.3.1.1,0.0
1djbA,1alqA,0.85482,0.99067,0.13597,0.13597,0.5114174485206604,0.5394808053970337,e.3.1.1,e.3.1.1,0.0
1dy6A,1alqA,0.76613,0.8917,0.1295,0.13107,0.5258381366729736,0.5130864977836609,e.3.1.1,e.3.1.1,0.001569999999999988
1ghiA,1alqA,0.85453,0.99041,0.13597,0.13597,0.5152150392532349,0.5407020449638367,e.3.1.1,e.3.1.1,0.0
1hzoA,1alqA,0.77628,0.90073,0.13077,0.13077,0.5103948712348938,0.5318601131439209,e.3.1.1,e.3.1.1,0.0
1iysA,1alqA,0.78198,0.90263,0.12701,0.12701,0.5053173899650574,0.537402331829071,e.3.1.1,e.3.1.1,0.0
1kgeA,1alqA,0.85474,0.99067,0.136,0.136,0.5116177797317505,0.5391301512718201,e.3.1.1,e.3.1.1,0.0
1kgfA,1alqA,0.85391,0.98965,0.13582,0.13582,0.5170623660087585,0.5370455980300903,e.3.1.1,e.3.1.1,0.0
1kggA,1alqA,0.8529,0.98875,0.13588,0.13588,0.5142179727554321,0.5351317524909973,e.3.1.1,e.3.1.1,0.0
1mblA,1alqA,0.81483,0.94908,0.13889,0.13889,0.5094816088676453,0.5441235303878784,e.3.1.1,e.3.1.1,0.0
1pioA,1alqA,0.848,0.9837,0.13602,0.13924,0.5131735801696777,0.545423686504364,e.3.1.1,e.3.1.1,0.0032200000000000006
1we4A,1alqA,0.78205,0.90258,0.12685,0.12685,0.5078954100608826,0.5347611308097839,e.3.1.1,e.3.1.1,0.0
1yltA,1alqA,0.77969,0.89893,0.127,0.127,0.5047217607498169,0.5105404257774353,e.3.1.1,e.3.1.1,0.0
1ylwA,1alqA,0.7812,0.90101,0.12749,0.12749,0.5103718042373657,0.5256599187850952,e.3.1.1,e.3.1.1,0.0
1yt4A,1alqA,0.77638,0.87947,0.11054,0.11054,0.4950482249259949,0.536726713180542,e.3.1.1,e.3.1.1,0.0
2cc1A,1alqA,0.7632,0.88756,0.13067,0.13067,0.5169586539268494,0.5300469398498535,e.3.1.1,e.3.1.1,0.0
2gdnA,1alqA,0.76567,0.88875,0.13116,0.13116,0.501628577709198,0.5451904535293579,,e.3.1.1,0.0
4blmA,1alqA,0.81232,0.9466,0.13875,0.13875,0.4998620450496673,0.5428546071052551,e.3.1.1,e.3.1.1,0.0
121pA,1pujA,0.48763,0.71325,0.3257,0.47569,0.9711736440658568,0.945830225944519,c.37.1.8,c.37.1.8,0.14999
121pA,1htwA,0.39495,0.47413,0.39495,0.47413,0.7611057162284851,0.9116776585578918,c.37.1.8,c.37.1.18,0.07917999999999997
1a0oA,1m8fA,0.42518,0.49174,0.34325,0.40361,0.6806216239929199,0.7037729024887085,c.23.1.1,c.26.1.3,0.060360000000000025
1a0oA,1qq5A,0.50205,0.50421,0.30921,0.31036,0.5517203211784363,0.664221465587616,c.23.1.1,c.108.1.1,0.0011500000000000399
1a0oA,1h1dA,0.56493,0.62484,0.38129,0.42002,0.56541907787323,0.5005865097045898,c.23.1.1,c.66.1.1,0.03872999999999999
1a2bA,1pujA,0.45876,0.66868,0.326,0.4749,0.9578274488449096,0.9555132389068604,c.37.1.8,c.37.1.8,0.14889999999999998
1a2bA,1fl9A,0.39052,0.4681,0.39052,0.4681,0.7742498517036438,0.8708769679069519,c.37.1.8,c.37.1.18,0.07758000000000004
1a4rA,1pujA,0.45159,0.65098,0.34129,0.49042,0.958647608757019,0.93462073802948,c.37.1.8,c.37.1.8,0.14913000000000004
1aa9A,1pujA,0.46076,0.67352,0.32148,0.4692,0.9650533199310304,0.9221579432487488,c.37.1.8,c.37.1.8,0.14772000000000002
1ab5A,2hjvA,0.47211,0.57253,0.40117,0.48751,0.7641276717185974,0.5712976455688477,c.23.1.1,c.37.1.0,0.08633999999999997
1ab5A,1fukA,0.49955,0.57435,0.42672,0.48922,0.7641229629516602,0.6128712296485901,c.23.1.1,c.37.1.19,0.0625
1ab6A,1fukA,0.50025,0.58444,0.42754,0.49563,0.7631823420524597,0.6030381321907043,c.23.1.1,c.37.1.19,0.06809000000000004
1agpA,1pujA,0.48817,0.7127,0.32606,0.47559,0.9701038599014282,0.9424588680267334,c.37.1.8,c.37.1.8,0.14953
1agpA,1htwA,0.39248,0.4531,0.39248,0.4531,0.7654893398284912,0.9065985679626464,c.37.1.8,c.37.1.18,0.06062000000000001
1agpA,1fl9A,0.39712,0.46315,0.39712,0.46315,0.7650853395462036,0.8810106515884399,c.37.1.8,c.37.1.18,0.06603000000000003
1aiuA,1yd3A,0.29625,0.29625,0.29625,0.29625,0.7379856109619141,0.7797023057937622,c.47.1.1,,0.0
1akqA,1yn9A,0.41292,0.53792,0.37325,0.48568,0.531527042388916,0.5129814743995667,c.23.5.1,,0.11242999999999997
1akqA,1fpzA,0.41159,0.48691,0.36154,0.429,0.533410370349884,0.5313366651535034,c.23.5.1,c.45.1.1,0.06746000000000002
1akqA,1vhrA,0.34599,0.48161,0.30348,0.41866,0.5116499066352844,0.5115763545036316,c.23.5.1,c.45.1.1,0.11517999999999995
1akqA,1rz3A,0.38459,0.38459,0.33046,0.33046,0.7114889621734619,0.5454832911491394,c.23.5.1,c.37.1.6,0.0
1akrA,1yn9A,0.38611,0.54395,0.35088,0.49149,0.5304949879646301,0.5162176489830017,c.23.5.1,,0.14060999999999996
1akrA,1fpzA,0.40948,0.47572,0.35946,0.41923,0.5316448211669922,0.534011960029602,c.23.5.1,c.45.1.1,0.05976999999999999
1aktA,1qgeD,0.39531,0.49798,0.30322,0.36098,0.5591238737106323,0.6560475826263428,c.23.5.1,c.69.1.18,0.057760000000000034
1aktA,1fpzA,0.4097,0.47831,0.35962,0.42188,0.531934380531311,0.5461573600769043,c.23.5.1,c.45.1.1,0.06225999999999998
1akwA,1yn9A,0.38542,0.54348,0.34942,0.49109,0.5334576964378357,0.5219492316246033,c.23.5.1,,0.14167000000000002
1akwA,1vhrA,0.34093,0.49036,0.29939,0.42544,0.5147128105163574,0.5202427506446838,c.23.5.1,c.45.1.1,0.12605
1akwA,1qgeD,0.39645,0.49782,0.30282,0.36125,0.5647764801979065,0.6490499973297119,c.23.5.1,c.69.1.18,0.05843000000000004
1am4D,1pujA,0.46184,0.67698,0.32133,0.47127,0.9607340097427368,0.9487327933311462,c.37.1.8,c.37.1.8,0.14994000000000002
1an0A,1pujA,0.45596,0.65521,0.33965,0.48682,0.9555954337120056,0.942713499069214,c.37.1.8,c.37.1.8,0.14716999999999997
1asuA,1cp7A,0.3588,0.3588,0.25195,0.25195,0.4979693293571472,0.361517459154129,c.55.3.2,c.56.5.4,0.0
1atzA,1so8A,0.53328,0.56978,0.48632,0.51941,0.6453857421875,0.7975815534591675,c.62.1.1,c.2.1.2,0.033090000000000064
1aucA,1yd4A,0.29601,0.29601,0.29601,0.29601,0.7509486675262451,0.7943003177642822,c.47.1.1,,0.0
1aucA,1yd3A,0.30501,0.30501,0.30501,0.30501,0.7361739277839661,0.7801002264022827,c.47.1.1,,0.0
1aucA,1yczA,0.30216,0.30216,0.30216,0.30216,0.7561438083648682,0.7929151058197021,c.47.1.1,,0.0
1auoA,1vh0A,0.39514,0.39514,0.39514,0.39514,0.4956877827644348,0.7269382476806641,c.69.1.14,l.1.1.1,0.0
1azlA,1yn9A,0.41653,0.54418,0.37669,0.49168,0.5322629809379578,0.5211292505264282,c.23.5.1,,0.11498999999999998
1azlA,1qgeD,0.39704,0.49883,0.30334,0.36186,0.561445415019989,0.6484904885292053,c.23.5.1,c.69.1.18,0.058520000000000016
1b00A,1veeA,0.4872,0.52429,0.45476,0.48754,0.7981312274932861,0.9025675058364868,c.23.1.1,,0.032779999999999976
1b1cA,1pzmA,0.41442,0.49949,0.40735,0.49085,0.6846510767936707,0.7635251879692078,c.23.5.2,c.61.1.1,0.08350000000000002
1ba2A,1orrA,0.43423,0.43423,0.36194,0.36194,0.6283248662948608,0.6525523662567139,c.93.1.1,l.1.1.1,0.0
1booA,2b25A,0.35379,0.51042,0.35379,0.51042,0.7149844765663147,0.9738001227378844,c.66.1.11,c.66.1.13,0.15663
1bu5A,1yn9A,0.41541,0.54273,0.37557,0.49024,0.5276443362236023,0.5234118700027466,c.23.5.1,,0.11467
1bvyF,1nonA,0.43958,0.50637,0.42138,0.48549,0.7951810359954834,0.8163042068481445,c.23.5.1,c.61.1.1,0.06411
1c0eA,1hjzA,0.38205,0.38043,0.3216,0.32,0.5964642763137817,0.611308217048645,c.44.1.1,c.50.1.2,-0.0015999999999999903
1c0eA,1vhuA,0.37705,0.56603,0.32535,0.48696,0.6133513450622559,0.6090685725212097,c.44.1.1,c.50.1.2,0.16161000000000003
1c0eA,1spvA,0.34032,0.55327,0.3168,0.51041,0.6292105913162231,0.5959904193878174,c.44.1.1,c.50.1.2,0.19361
1c1xA,2ho3A,0.38907,0.43942,0.38907,0.43942,0.8819817304611206,0.8188906908035278,c.58.1.1,,0.05034999999999995
1c1yA,1pujA,0.47853,0.69944,0.32135,0.46874,0.971173882484436,0.9377895593643188,c.37.1.8,c.37.1.8,0.14738999999999997
1c1yA,1jmvA,0.3752,0.45091,0.3752,0.45091,0.6399797797203064,0.8714107275009155,c.37.1.8,c.26.2.4,0.07571
1c7eA,1yn9A,0.3843,0.54232,0.34874,0.48998,0.5315062403678894,0.5115446448326111,c.23.5.1,,0.14124000000000003
1c7eA,1fpzA,0.40882,0.4672,0.35933,0.41247,0.5343832969665527,0.5316919088363647,c.23.5.1,c.45.1.1,0.05314000000000002
1c7eA,1j2tA,0.55893,0.55893,0.36146,0.36146,0.6809514760971069,0.7848477959632874,c.23.5.1,c.125.1.1,0.0
1c7eA,1qhfA,0.40502,0.52439,0.27749,0.36358,0.5432307124137878,0.6630024909973145,c.23.5.1,c.60.1.1,0.08609
1cc0A,1pujA,0.35321,0.64289,0.27465,0.4787,0.953723132610321,0.9522178173065186,c.37.1.8,c.37.1.8,0.20405
1chdA,1eizA,0.41767,0.48567,0.41767,0.48567,0.7532424926757812,0.8413662314414978,c.40.1.1,c.66.1.2,0.068
1cjkA,1ry9A,0.31035,0.40496,0.31035,0.40496,0.4430837631225586,0.5929912328720093,d.58.29.1,d.198.1.1,0.09460999999999997
1cluA,1pujA,0.5026,0.7286,0.32544,0.47067,0.9676923751831056,0.9429590702056884,c.37.1.8,c.37.1.8,0.14522999999999997
1cqgA,1yd4A,0.30834,0.30834,0.30834,0.30834,0.7446362972259521,0.7890947461128235,c.47.1.1,,0.0
1cqgA,1yczA,0.29787,0.29787,0.29787,0.29787,0.7499359250068665,0.7878090143203735,c.47.1.1,,0.0
1cs4A,1ry9A,0.31123,0.40723,0.31123,0.40723,0.4453159868717193,0.5903381109237671,d.58.29.1,d.198.1.1,0.09599999999999997
1cyeA,1u7oA,0.5486,0.5486,0.4573,0.4573,0.6018291711807251,0.758870005607605,c.23.1.1,c.108.1.17,0.0
1d1qA,1spvA,0.36545,0.53854,0.34604,0.50961,0.6561293601989746,0.6041622757911682,c.44.1.1,c.50.1.2,0.16357
1d2aA,1c25A,0.37443,0.50977,0.3662,0.4966,0.6027560234069824,0.7109384536743164,c.44.1.1,c.46.1.1,0.13039999999999996
1d2aA,1spvA,0.37525,0.54172,0.34971,0.50569,0.6311317682266235,0.6092458963394165,c.44.1.1,c.50.1.2,0.15597999999999995
1d4zA,2hjvA,0.47296,0.56805,0.40924,0.49071,0.7385297417640686,0.5844576358795166,c.23.1.1,c.37.1.0,0.08146999999999999
1d4zA,1lssA,0.57829,0.57829,0.56421,0.56421,0.8662627935409546,0.7407774329185486,c.23.1.1,c.2.1.9,0.0
1d5cA,1pujA,0.47193,0.6833,0.30619,0.44213,0.9571131467819214,0.936506986618042,c.37.1.8,c.37.1.8,0.13594
1d5wA,2bfwA,0.61473,0.61473,0.42553,0.42553,0.6652470827102661,0.5868047475814819,c.23.1.1,c.87.1.8,0.0
1dcfA,1h1dA,0.5612,0.60042,0.38643,0.40948,0.5998451113700867,0.5303385257720947,c.23.1.2,c.66.1.1,0.023050000000000015
1dctA,1wy7A,0.37148,0.4554,0.37148,0.4554,0.8209248781204224,0.8873348832130432,c.66.1.26,c.66.1.32,0.08392000000000005
1di0A,2akoA,0.50862,0.48223,0.34944,0.34093,0.4693478345870971,0.3755268454551697,c.16.1.1,c.73.1.3,-0.008509999999999962
1djmA,1te2A,0.55057,0.55057,0.37203,0.37203,0.5394601821899414,0.6368746757507324,c.23.1.1,c.108.1.6,0.0
1doaA,1pujA,0.35641,0.64674,0.28035,0.48657,0.96662175655365,0.9471791982650756,l.1.1.1,c.37.1.8,0.20622000000000001
1dpfA,1pujA,0.45382,0.67128,0.32229,0.47601,0.9553157687187196,0.9461167454719543,c.37.1.8,c.37.1.8,0.15371999999999997
1dpfA,1htwA,0.39397,0.47228,0.39397,0.47228,0.7648698687553406,0.9074746370315552,c.37.1.8,c.37.1.18,0.07830999999999999
1ds6A,1pujA,0.45764,0.66762,0.32994,0.48139,0.9579534530639648,0.9482725858688354,c.37.1.8,c.37.1.8,0.15144999999999997
1dz3A,1o1xA,0.51107,0.51107,0.45727,0.45727,0.7263471484184265,0.6118330955505371,c.23.1.1,l.1.1.1,0.0
1dziA,1vlhA,0.37258,0.37258,0.37258,0.37258,0.5871700048446655,0.5132340788841248,c.62.1.1,c.26.1.3,0.0
1e0sA,1pujA,0.45188,0.65681,0.31465,0.45852,0.9508956670761108,0.9056969285011292,c.37.1.8,c.37.1.8,0.14387
1e6kA,1te2A,0.55482,0.49425,0.37373,0.35053,0.5575345158576965,0.6574375033378601,c.23.1.1,c.108.1.6,-0.0232
1e6lA,1fukA,0.49924,0.55947,0.43159,0.4827,0.7535415291786194,0.6045414805412292,c.23.1.1,c.37.1.19,0.051110000000000044
1e6lA,1j8dA,0.51225,0.59903,0.40983,0.46751,0.5273677110671997,0.6513875722885132,c.23.1.1,c.108.1.5,0.057679999999999954
1e96A,1pujA,0.45329,0.66549,0.32219,0.47278,0.9620403051376344,0.9506320357322692,l.1.1.1,c.37.1.8,0.15059
1e9cA,1odfA,0.59296,0.66506,0.46971,0.52439,0.9442133903503418,0.910787045955658,c.37.1.1,c.37.1.6,0.054680000000000006
1e9fA,1odfA,0.59372,0.667,0.45648,0.51065,0.942482590675354,0.9216928482055664,c.37.1.1,c.37.1.6,0.05417000000000005
1eavA,1jmvA,0.45205,0.48485,0.45205,0.48485,0.584195613861084,0.6196153163909912,c.57.1.1,c.26.2.4,0.032799999999999996
1eavA,2gm3A,0.4205,0.52495,0.4205,0.52495,0.6119426488876343,0.6426454782485962,c.57.1.1,c.26.2.4,0.10445000000000004
1eg2A,1jg1A,0.35938,0.45607,0.35938,0.45607,0.657859742641449,0.900929033756256,c.66.1.11,c.66.1.7,0.09669
1eg2A,1i1nA,0.28356,0.46471,0.28356,0.46471,0.6473324298858643,0.8902313709259033,c.66.1.11,c.66.1.7,0.18115000000000003
1eg2A,2bzgA,0.33457,0.55823,0.33457,0.55823,0.7533198595046997,0.9387145042419434,c.66.1.11,c.66.1.36,0.22366000000000003
1eg2A,2esrA,0.34287,0.49474,0.34287,0.49474,0.6646723747253418,0.9258363842964172,c.66.1.11,l.1.1.1,0.15187
1eg2A,1wg8A,0.37946,0.53602,0.36834,0.51714,0.5783999562263489,0.8370453119277954,c.66.1.11,c.66.1.23,0.14880000000000004
1eg2A,2gb4A,0.34269,0.57055,0.34269,0.57055,0.7611151933670044,0.960258960723877,c.66.1.11,c.66.1.36,0.22786
1eg2A,1f38A,0.30972,0.54107,0.30972,0.54107,0.6578165292739868,0.9630569219589232,c.66.1.11,c.66.1.22,0.23135000000000006
1eg2A,1qyrA,0.33675,0.47953,0.33675,0.47953,0.6843286752700806,0.9443618059158324,c.66.1.11,c.66.1.24,0.14278000000000002
1eg2A,2o05A,0.37436,0.58498,0.35787,0.55706,0.6376553773880005,0.9366259574890136,c.66.1.11,c.66.1.17,0.19918999999999998
1eg2A,1dusA,0.37723,0.52715,0.37723,0.52715,0.6142207384109497,0.9650322198867798,c.66.1.11,c.66.1.4,0.14992
1eg2A,1yb2A,0.31591,0.35596,0.31591,0.35596,0.7186682820320129,0.9657097458839417,c.66.1.11,c.66.1.13,0.040049999999999975
1eg2A,2fhpA,0.36049,0.5092,0.36049,0.5092,0.6401256918907166,0.9474059343338012,c.66.1.11,l.1.1.1,0.14871
1eg2A,1fukA,0.37456,0.37456,0.37456,0.37456,0.5941598415374756,0.6886689066886902,c.66.1.11,c.37.1.19,0.0
1eg2A,1xcjA,0.35052,0.547,0.35052,0.547,0.6360814571380615,0.9588247537612916,c.66.1.11,c.66.1.16,0.19648000000000004
1eg2A,1g8aA,0.30823,0.508,0.30823,0.508,0.7250360250473022,0.9495760202407836,c.66.1.11,c.66.1.3,0.19977
1eg2A,1pryA,0.3105,0.50826,0.3105,0.50826,0.7243476510047913,0.9495946168899536,c.66.1.11,c.66.1.3,0.19776000000000005
1ehcA,1wo8A,0.4935,0.4935,0.4935,0.4935,0.8636085987091064,0.8655177354812622,c.23.1.1,c.24.1.2,0.0
1ehcA,2hjvA,0.48377,0.57273,0.41428,0.49428,0.7307313084602356,0.5729572176933289,c.23.1.1,c.37.1.0,0.08000000000000002
1ehcA,1s89A,0.5129,0.5129,0.44908,0.44908,0.8586218953132629,0.8690567016601562,c.23.1.1,c.24.1.2,0.0
1ehcA,2avdA,0.55066,0.55462,0.36579,0.37781,0.5598438382148743,0.4913474917411804,c.23.1.1,c.66.1.1,0.012019999999999975
1ehcA,1fukA,0.50077,0.57543,0.4345,0.49668,0.7334418892860413,0.6122822761535645,c.23.1.1,c.37.1.19,0.06218000000000001
1ek0A,1pujA,0.46039,0.67975,0.31329,0.46006,0.9710123538970948,0.9450347423553468,c.37.1.8,c.37.1.8,0.14677
1f38A,1chdA,0.45788,0.52988,0.4244,0.48924,0.6893343925476074,0.7806501388549805,c.66.1.22,c.40.1.1,0.06484000000000001
1f4pA,1yn9A,0.4145,0.54386,0.3746,0.49128,0.5314469933509827,0.5158822536468506,c.23.5.1,,0.11668
1f4pA,1vhrA,0.33997,0.49361,0.29827,0.42766,0.5119784474372864,0.5153692364692688,c.23.5.1,c.45.1.1,0.12939
1f4pA,2akoA,0.50106,0.50106,0.34919,0.34919,0.3342243432998657,0.4882590174674988,c.23.5.1,c.73.1.3,0.0
1f51E,1h1dA,0.58519,0.66683,0.37055,0.42083,0.5604150295257568,0.5348443388938904,c.23.1.1,c.66.1.1,0.05027999999999999
1f51E,1vhkA,0.54929,0.63314,0.32128,0.37065,0.495937168598175,0.5485703349113464,c.23.1.1,c.116.1.5,0.04936999999999997
1f51E,1pqwA,0.58728,0.64748,0.41722,0.46077,0.7662329077720642,0.7140804529190063,c.23.1.1,c.2.1.1,0.04355000000000003
1fl9A,1udwA,0.42572,0.51974,0.3468,0.41948,0.733311653137207,0.8450556993484497,c.37.1.18,c.37.1.6,0.07268000000000002
1flaA,1fukA,0.42404,0.51479,0.38657,0.47087,0.758656919002533,0.5876321196556091,c.23.5.1,c.37.1.19,0.08429999999999999
1fldA,1fukA,0.42388,0.51366,0.38668,0.46982,0.75794517993927,0.584710419178009,c.23.5.1,c.37.1.19,0.08313999999999999
1flnA,1fukA,0.42396,0.49005,0.38678,0.44793,0.761802077293396,0.5863643288612366,c.23.5.1,c.37.1.19,0.06114999999999998
1foeB,1pujA,0.45389,0.66185,0.32032,0.46772,0.9585126638412476,0.9604929685592652,c.37.1.8,c.37.1.8,0.14740000000000003
1ftnA,1pujA,0.45269,0.65952,0.3217,0.46717,0.9539909958839417,0.9584425091743468,c.37.1.8,c.37.1.8,0.14547
1fvxA,1fukA,0.4233,0.49081,0.38594,0.44845,0.7560570240020752,0.5880134701728821,c.23.5.1,c.37.1.19,0.06251000000000001
1fzqA,1pujA,0.44061,0.65667,0.31247,0.46409,0.9606599807739258,0.900668740272522,c.37.1.8,c.37.1.8,0.15161999999999998
1g16A,1pujA,0.50049,0.72451,0.31792,0.45874,0.9707151651382446,0.9603487253189088,c.37.1.8,c.37.1.8,0.14082
1g4uR,1pujA,0.45306,0.66582,0.32555,0.4777,0.9634124040603638,0.9497288465499878,c.37.1.8,c.37.1.8,0.15215
1g55A,1ne2A,0.35222,0.42617,0.35222,0.42617,0.8594141602516174,0.9125590324401855,c.66.1.26,c.66.1.32,0.07395000000000002
1g55A,2avdA,0.37252,0.46433,0.37252,0.46433,0.8212636709213257,0.8677611351013184,c.66.1.26,c.66.1.1,0.09181
1g55A,1jsxA,0.32943,0.42891,0.32943,0.42891,0.8178919553756714,0.8923372626304626,c.66.1.26,c.66.1.20,0.09948000000000001
1g55A,2bm8A,0.36061,0.46015,0.36061,0.46015,0.8143653869628906,0.92281836271286,c.66.1.26,c.66.1.50,0.09954000000000002
1g60A,1yzhA,0.38218,0.52698,0.38218,0.52698,0.6507716774940491,0.8819477558135986,c.66.1.11,c.66.1.53,0.14479999999999998
1g60A,1wy7A,0.38989,0.58692,0.38989,0.58692,0.690485417842865,0.9816451072692872,c.66.1.11,c.66.1.32,0.19702999999999998
1g60A,2b9eA,0.41597,0.59129,0.36822,0.52157,0.7159726023674011,0.9345350861549376,c.66.1.11,c.66.1.38,0.15335
1g60A,1zx0A,0.40308,0.59512,0.40308,0.59512,0.6459795832633972,0.9800493717193604,c.66.1.11,c.66.1.16,0.19204
1g60A,2esrA,0.38635,0.5464,0.38635,0.5464,0.6834493279457092,0.9220455884933472,c.66.1.11,l.1.1.1,0.16004999999999997
1g60A,2fcaA,0.39319,0.54876,0.39319,0.54876,0.6565866470336914,0.9006755352020264,c.66.1.11,c.66.1.53,0.15557000000000004
1g60A,2iftA,0.38815,0.54967,0.38815,0.54967,0.6756377816200256,0.9210404753684998,c.66.1.11,l.1.1.1,0.16152
1g60A,1khhA,0.39854,0.59294,0.39854,0.59294,0.6904597878456116,0.9765251278877258,c.66.1.11,c.66.1.16,0.19440000000000002
1g60A,1wznA,0.37979,0.5712,0.37211,0.55841,0.6560357809066772,0.9377465844154358,c.66.1.11,c.66.1.43,0.18629999999999997
1g60A,1wg8A,0.39674,0.61017,0.34564,0.52638,0.5862854719161987,0.8555026054382324,c.66.1.11,c.66.1.23,0.18073999999999996
1g60A,2fk7A,0.36974,0.37403,0.32869,0.33278,0.6658022403717041,0.9587582945823668,c.66.1.11,c.66.1.18,0.004090000000000038
1g60A,1l1eA,0.37869,0.61778,0.33551,0.54701,0.6854227781295776,0.9584224820137024,c.66.1.11,c.66.1.18,0.21150000000000002
1g60A,1xcjA,0.40214,0.59363,0.40214,0.59363,0.6444974541664124,0.9771509170532228,c.66.1.11,c.66.1.16,0.19149
1g60A,1ve3A,0.37786,0.56003,0.37786,0.56003,0.666692852973938,0.9521421194076538,c.66.1.11,c.66.1.43,0.18217000000000005
1g60A,1tpyA,0.37467,0.37583,0.32758,0.32836,0.6827006936073303,0.9529446363449096,c.66.1.11,c.66.1.18,0.0007800000000000029
1g60A,1f38A,0.38928,0.55573,0.38928,0.55573,0.6593368649482727,0.9678259491920472,c.66.1.11,c.66.1.22,0.16644999999999993
1g60A,1p1bA,0.3981,0.59203,0.3981,0.59203,0.6931945085525513,0.976948857307434,c.66.1.11,c.66.1.16,0.19392999999999994
1g60A,2fpoA,0.39546,0.54669,0.39546,0.54669,0.6910448670387268,0.9370489120483398,c.66.1.11,c.66.1.46,0.15123000000000003
1g60A,1dusA,0.38811,0.55962,0.38811,0.55962,0.6395295858383179,0.9620736837387084,c.66.1.11,c.66.1.4,0.17151
1g60A,1i9gA,0.40744,0.57495,0.3737,0.52332,0.7218050360679626,0.9726669192314148,c.66.1.11,c.66.1.13,0.14962000000000003
1g60A,1kpiA,0.39163,0.62186,0.33149,0.51861,0.6755314469337463,0.9561114311218262,c.66.1.11,c.66.1.18,0.18712
1g60A,1ri1A,0.39801,0.58951,0.3799,0.56036,0.5839099884033203,0.9547879099845886,c.66.1.11,c.66.1.34,0.18045999999999995
1g60A,2fhpA,0.32156,0.54276,0.32156,0.54276,0.6557231545448303,0.9318971633911132,c.66.1.11,l.1.1.1,0.2212
1g60A,1xxlA,0.38775,0.59364,0.38775,0.59364,0.627593457698822,0.96037495136261,c.66.1.11,l.1.1.1,0.20588999999999996
1g60A,1yb2A,0.36972,0.51967,0.36972,0.51967,0.7298034429550171,0.9740594625473022,c.66.1.11,c.66.1.13,0.14994999999999997
1g60A,1xtpA,0.35249,0.55447,0.35135,0.55245,0.7192456722259521,0.9561988711357116,c.66.1.11,l.1.1.1,0.2011
1g60A,1im8A,0.37807,0.55407,0.37807,0.55407,0.6358975172042847,0.9586880207061768,c.66.1.11,c.66.1.14,0.17599999999999993
1g60A,1d2gA,0.3853,0.57667,0.32643,0.48189,0.6158881783485413,0.9413394927978516,c.66.1.11,c.66.1.5,0.15546
1g60A,2o57A,0.38779,0.60486,0.34332,0.53024,0.7117059230804443,0.95268714427948,c.66.1.11,c.66.1.18,0.18692000000000003
1g60A,1vl5A,0.3866,0.58482,0.3866,0.58482,0.6097921133041382,0.9606378078460692,c.66.1.11,c.66.1.41,0.19822
1g60A,2ex4A,0.35732,0.57292,0.35732,0.57292,0.7052510976791382,0.9531911611557008,c.66.1.11,l.1.1.1,0.21559999999999996
1g60A,2i9kA,0.44183,0.60371,0.33744,0.45719,0.6592545509338379,0.8529176712036133,c.66.1.11,c.66.1.26,0.11974999999999997
1g60A,1xj5A,0.36541,0.63102,0.31978,0.5429,0.6668579578399658,0.9643652439117432,c.66.1.11,c.66.1.17,0.22312000000000004
1g60A,1xdzA,0.35267,0.54706,0.35267,0.54706,0.6507749557495117,0.9183810949325562,c.66.1.11,l.1.1.1,0.19439
1g60A,1y8cA,0.38175,0.56822,0.37388,0.55571,0.6552801728248596,0.9531662464141846,c.66.1.11,c.66.1.43,0.18183000000000005
1g60A,2avdA,0.33833,0.57034,0.33833,0.57034,0.7133164405822754,0.963820219039917,c.66.1.11,c.66.1.1,0.23200999999999994
1g60A,2h00A,0.35951,0.58412,0.35951,0.58412,0.7253310680389404,0.9720694422721864,c.66.1.11,c.66.1.54,0.22460999999999998
1g60A,2b25A,0.3563,0.55263,0.3395,0.52093,0.7222545146942139,0.9728068709373474,c.66.1.11,c.66.1.13,0.18142999999999998
1g60A,2nwqA,0.36922,0.5189,0.36922,0.5189,0.6472295522689819,0.6557546257972717,c.66.1.11,c.2.1.0,0.14968000000000004
1g60A,1r8xA,0.38666,0.57227,0.33559,0.49145,0.610196053981781,0.9434196949005128,c.66.1.11,c.66.1.5,0.15586
1g60A,1r74A,0.36787,0.57103,0.32953,0.50333,0.6124303340911865,0.9417911767959596,c.66.1.11,c.66.1.5,0.17380000000000007
1g60A,1xq1A,0.3659,0.51933,0.3659,0.51933,0.6540930271148682,0.7030690908432007,c.66.1.11,c.2.1.2,0.15342999999999996
1g60A,1ib6A,0.37459,0.51002,0.29955,0.4066,0.5769007205963135,0.7172607183456421,c.66.1.11,d.162.1.1,0.10705000000000003
1g60A,1fjxA,0.44253,0.60501,0.33782,0.45784,0.6525460481643677,0.8627006411552429,c.66.1.11,c.66.1.26,0.12002000000000002
1g60A,1kjnA,0.35563,0.40612,0.35563,0.40612,0.6542370319366455,0.6174476742744446,c.66.1.11,c.115.1.1,0.05048999999999998
1g60A,1emdA,0.37373,0.51011,0.29877,0.4067,0.5753598809242249,0.7308372259140015,c.66.1.11,d.162.1.1,0.10793000000000003
1g60A,2i6gA,0.30981,0.51766,0.30981,0.51766,0.6365031003952026,0.9442045092582704,c.66.1.11,l.1.1.1,0.20785000000000003
1g60A,1sovA,0.37827,0.52851,0.29969,0.41528,0.5455994009971619,0.7210583686828613,c.66.1.11,d.162.1.0,0.11558999999999997
1g60A,1sevA,0.38398,0.52995,0.30552,0.4207,0.5730732083320618,0.7271425724029541,c.66.1.11,d.162.1.0,0.11518
1g63A,1h1dA,0.56257,0.60243,0.46146,0.49263,0.5564480423927307,0.624165415763855,c.34.1.1,c.66.1.1,0.03117000000000003
1gkyA,1t5iA,0.41592,0.41592,0.41592,0.41592,0.9571638107299804,0.9401625394821168,c.37.1.1,c.37.1.19,0.0
1gmxA,1e6kA,0.45559,0.49332,0.39914,0.43313,0.7238532304763794,0.7550798058509827,c.46.1.3,c.23.1.1,0.03399000000000002
1gmxA,1d4zA,0.46941,0.46941,0.41469,0.41469,0.6945792436599731,0.7442625761032104,c.46.1.3,c.23.1.1,0.0
1gmxA,1ehcA,0.46875,0.46875,0.41434,0.41434,0.7281328439712524,0.7659825086593628,c.46.1.3,c.23.1.1,0.0
1gmxA,2fkaA,0.46864,0.46864,0.4141,0.4141,0.7202844619750977,0.7590445280075073,c.46.1.3,c.23.1.1,0.0
1gmxA,2cheA,0.47049,0.47049,0.41586,0.41586,0.7259173393249512,0.7608710527420044,c.46.1.3,c.23.1.1,0.0
1gmxA,1c4wA,0.46451,0.46451,0.41341,0.41341,0.7187774181365967,0.756332278251648,c.46.1.3,c.23.1.1,0.0
1gmxA,1u8tA,0.44465,0.52564,0.41315,0.481,0.7059468626976013,0.7881671190261841,c.46.1.3,c.23.1.1,0.06784999999999997
1gmxA,1e6mA,0.46416,0.46416,0.41064,0.41064,0.7249382138252258,0.7640103101730347,c.46.1.3,l.1.1.1,0.0
1gmxA,1e6lA,0.46588,0.46588,0.41452,0.41452,0.7284106016159058,0.77442866563797,c.46.1.3,c.23.1.1,0.0
1gmxA,1jbeA,0.4603,0.4603,0.41079,0.41079,0.7311890125274658,0.7465183138847351,c.46.1.3,c.23.1.1,0.0
1gmxA,1ymvA,0.44316,0.50849,0.40132,0.45444,0.7099833488464355,0.7773628234863281,c.46.1.3,c.23.1.1,0.05312
1gmxA,1vlzA,0.46235,0.46235,0.40944,0.40944,0.7275219559669495,0.765129804611206,c.46.1.3,c.23.1.1,0.0
1gmxA,1ab6A,0.45062,0.51391,0.40306,0.45692,0.7153765559196472,0.7784864902496338,c.46.1.3,c.23.1.1,0.05386000000000002
1gmxA,1mihA,0.45787,0.45787,0.40586,0.40586,0.72551429271698,0.7557769417762756,c.46.1.3,c.23.1.1,0.0
1gmxA,1s8nA,0.42132,0.42132,0.27957,0.27957,0.6773220300674438,0.6394942998886108,c.46.1.3,c.23.1.1,0.0
1gmxA,5chyA,0.47559,0.47559,0.41928,0.41928,0.724884033203125,0.7619810104370117,c.46.1.3,c.23.1.1,0.0
1gmxA,1udrA,0.46394,0.46394,0.41179,0.41179,0.7189180254936218,0.7775675058364868,c.46.1.3,c.23.1.1,0.0
1gmxA,1heyA,0.43115,0.43115,0.38518,0.38518,0.7273156046867371,0.7825201749801636,c.46.1.3,c.23.1.1,0.0
1gmxA,1ab5A,0.44941,0.51374,0.40223,0.45691,0.7142904996871948,0.770310640335083,c.46.1.3,c.23.1.1,0.054680000000000006
1gmxA,1pqwA,0.46484,0.46484,0.31823,0.31823,0.551879346370697,0.6598506569862366,c.46.1.3,c.2.1.1,0.0
1gmxA,1a0oA,0.46986,0.46986,0.41506,0.41506,0.7258616089820862,0.7589627504348755,c.46.1.3,c.23.1.1,0.0
1gmxA,1cyeA,0.48204,0.48204,0.42289,0.42289,0.7144885063171387,0.7497531175613403,c.46.1.3,c.23.1.1,0.0
1gqoA,1hybA,0.41935,0.4931,0.38145,0.44774,0.6169321537017822,0.6717215180397034,c.23.13.1,c.26.1.3,0.06629000000000002
1grnA,1pujA,0.43962,0.63728,0.33343,0.4816,0.9587046504020692,0.941710352897644,c.37.1.8,c.37.1.8,0.14816999999999997
1gs5A,1qkkA,0.2954,0.2954,0.2954,0.2954,0.4607709646224975,0.6569468379020691,c.73.1.2,l.1.1.1,0.0
1gs5A,1l5yA,0.27677,0.34003,0.27677,0.34003,0.4717210531234741,0.643751323223114,c.73.1.2,l.1.1.1,0.06325999999999998
1gs5A,1puiA,0.34803,0.3196,0.34803,0.3196,0.3023090958595276,0.8403029441833496,c.73.1.2,c.37.1.8,-0.02843000000000001
1guaA,1pujA,0.47126,0.6905,0.31808,0.46404,0.9687943458557128,0.9408780336380004,c.37.1.8,c.37.1.8,0.14596000000000003
1gwnA,1pujA,0.37708,0.65867,0.28312,0.47129,0.9531001448631288,0.9506574273109436,c.37.1.8,c.37.1.8,0.18817
1h3qA,1veuB,0.47631,0.5355,0.47631,0.5355,0.8156689405441284,0.9871267676353456,d.110.4.3,l.1.1.1,0.059189999999999965
1h3qA,1j3wA,0.54164,0.65895,0.54164,0.65895,0.8434500694274902,0.9850590229034424,d.110.4.3,d.110.7.1,0.11731000000000003
1h4xA,1ytlA,0.52171,0.5635,0.39306,0.43162,0.5319092869758606,0.5817645788192749,c.13.2.1,c.31.1.6,0.03855999999999998
1he1C,1pujA,0.45399,0.67644,0.3185,0.47383,0.961808979511261,0.9464174509048462,l.1.1.1,c.37.1.8,0.15532999999999997
1he1C,1o94C,0.39569,0.46244,0.32145,0.37425,0.6545003056526184,0.8686956763267517,l.1.1.1,c.26.2.3,0.052800000000000014
1he8B,1pujA,0.48132,0.70712,0.32326,0.47318,0.96796715259552,0.9431478977203368,c.37.1.8,c.37.1.8,0.14992
1heyA,1b93A,0.51241,0.54287,0.45522,0.48533,0.8631657361984253,0.8859175443649292,c.23.1.1,c.24.1.2,0.03010999999999997
1hh4A,1pujA,0.34193,0.64338,0.27292,0.48194,0.9604493379592896,0.9459473490715028,l.1.1.1,c.37.1.8,0.20901999999999998
1huqA,1pujA,0.47262,0.70365,0.31331,0.46504,0.9712179899215698,0.9418967962265016,c.37.1.8,c.37.1.8,0.15173000000000003
1hurA,1pujA,0.44117,0.63682,0.31985,0.46213,0.9656701683998108,0.8943203687667847,c.37.1.8,c.37.1.8,0.14227999999999996
1hybA,1puiA,0.41161,0.50237,0.39486,0.48294,0.7124444842338562,0.7591568827629089,c.26.1.3,c.37.1.8,0.08807999999999999
1i3cA,1i13A,0.49746,0.59533,0.40207,0.48294,0.7255570888519287,0.8062201142311096,l.1.1.1,c.61.1.1,0.08087
1i3cA,1xu7A,0.50777,0.60472,0.31317,0.35983,0.8200713396072388,0.7351707220077515,l.1.1.1,l.1.1.1,0.04665999999999998
1i3cA,1i0lA,0.50038,0.59873,0.39564,0.47541,0.7325718998908997,0.8048547506332397,l.1.1.1,c.61.1.1,0.07977000000000001
1i4dD,1pujA,0.46167,0.67512,0.32616,0.47616,0.957029104232788,0.9484477043151855,c.37.1.8,c.37.1.8,0.15000000000000002
1i4dD,1fl9A,0.37958,0.45184,0.37958,0.45184,0.7724459171295166,0.8761261701583862,c.37.1.8,c.37.1.18,0.07226000000000005
1i4tD,1pujA,0.45882,0.6747,0.32452,0.47614,0.9562044143676758,0.9550439715385436,c.37.1.8,c.37.1.8,0.15162000000000003
1i6wA,1s8fA,0.50351,0.50351,0.50351,0.50351,0.4713230729103088,0.5588949918746948,c.69.1.18,c.37.1.8,0.0
1i7qB,1fukA,0.37106,0.44269,0.37106,0.44269,0.510909914970398,0.5860030055046082,c.23.16.1,c.37.1.19,0.07162999999999997
1iaqA,1pujA,0.49371,0.73818,0.30039,0.44653,0.9636531472206116,0.9406827688217164,c.37.1.8,c.37.1.8,0.14614
1idoA,1spxA,0.53431,0.5751,0.4396,0.47311,0.6213961839675903,0.735913872718811,c.62.1.1,c.2.1.2,0.033509999999999984
1idoA,2a4kA,0.53283,0.53283,0.43749,0.43749,0.6312782764434814,0.7033746242523193,c.62.1.1,c.2.1.2,0.0
1ifqA,1veuB,0.53661,0.62196,0.53661,0.62196,0.7572753429412842,0.9885774850845336,l.1.1.1,l.1.1.1,0.08534999999999993
1ifqA,1skoA,0.5939,0.68268,0.5939,0.68268,0.7950767278671265,0.9861843585968018,l.1.1.1,l.1.1.1,0.08877999999999997
1ihnA,1d1zA,0.31859,0.42608,0.31859,0.42608,0.4799658954143524,0.6942427754402161,l.1.1.1,d.93.1.1,0.10749000000000003
1iu9A,2g1uA,0.47981,0.47981,0.41111,0.41111,0.7322472333908081,0.6083910465240479,c.78.2.1,c.2.1.0,0.0
1iu9A,1lssA,0.46611,0.51746,0.41029,0.4576,0.7363970279693604,0.6518375873565674,c.78.2.1,c.2.1.9,0.04731000000000002
1j2jA,1pujA,0.46664,0.69786,0.3134,0.46441,0.9612504243850708,0.9131746292114258,l.1.1.1,c.37.1.8,0.15100999999999998
1j4xA,1zcaA,0.34289,0.38298,0.22015,0.2426,0.5982850193977356,0.8565226197242737,c.45.1.1,c.37.1.8,0.022449999999999998
1j4xA,1y3aA,0.36306,0.41336,0.24491,0.28021,0.6274693012237549,0.8247266411781311,c.45.1.1,c.37.1.8,0.035300000000000026
1j4xA,1tadA,0.38615,0.38611,0.2464,0.24667,0.6134958863258362,0.8229674696922302,c.45.1.1,c.37.1.8,0.00026999999999999247
1j8qA,1vhrA,0.33886,0.50229,0.29721,0.43697,0.5118551254272461,0.5211214423179626,c.23.5.1,c.45.1.1,0.13976000000000005
1j8qA,1rz3A,0.38308,0.51084,0.32944,0.43576,0.709892213344574,0.5539577603340149,c.23.5.1,c.37.1.6,0.10631999999999997
1j9eA,1yn9A,0.41157,0.53758,0.37215,0.48568,0.531067967414856,0.5230371356010437,c.23.5.1,,0.11353000000000002
1j9eA,1rz3A,0.41485,0.5088,0.3545,0.43419,0.7079742550849915,0.5567687153816223,c.23.5.1,c.37.1.6,0.07969000000000004
1j9eA,1fpzA,0.39815,0.46632,0.35097,0.41163,0.5338937044143677,0.5406233072280884,c.23.5.1,c.45.1.1,0.06065999999999999
1j9eA,1vhrA,0.33925,0.50289,0.29849,0.43661,0.5112413167953491,0.5206059813499451,c.23.5.1,c.45.1.1,0.13812000000000002
1j9gA,1yn9A,0.41376,0.48728,0.37406,0.44197,0.5305008292198181,0.5163555145263672,c.23.5.1,,0.06790999999999997
1j9gA,1fpzA,0.3978,0.47503,0.35054,0.41865,0.533405065536499,0.5367411375045776,c.23.5.1,c.45.1.1,0.06811
1j9gA,1vhrA,0.33938,0.49501,0.29789,0.42892,0.5118057131767273,0.5163148045539856,c.23.5.1,c.45.1.1,0.13103000000000004
1jahA,1pujA,0.49179,0.7124,0.32791,0.47441,0.9691823720932008,0.9401166439056396,c.37.1.8,c.37.1.8,0.14650000000000002
1jbeA,1j8dA,0.52476,0.62734,0.41606,0.49289,0.5247703194618225,0.6708982586860657,c.23.1.1,c.108.1.5,0.07683000000000001
1jf8A,1wrmA,0.36848,0.5348,0.32345,0.46843,0.3604404926300049,0.784308671951294,c.44.1.1,l.1.1.1,0.14498
1jf8A,2esbA,0.38099,0.54921,0.32322,0.46806,0.3624207079410553,0.779139518737793,c.44.1.1,c.45.1.0,0.14483999999999997
1jf8A,2hcmA,0.37824,0.52466,0.32594,0.45478,0.3781556189060211,0.7879981994628906,c.44.1.1,l.1.1.1,0.12884
1jf8A,1zzwA,0.37316,0.5369,0.34211,0.49092,0.3691844940185547,0.7970889806747437,c.44.1.1,c.45.1.0,0.14881
1jf8A,1xm2A,0.36524,0.5635,0.3372,0.5137,0.3908377289772033,0.8079442977905273,c.44.1.1,c.45.1.1,0.17650000000000005
1jf8A,2imgA,0.38257,0.53633,0.34778,0.48623,0.3694443106651306,0.7938919067382812,c.44.1.1,,0.13845000000000002
1jf8A,1yz4A,0.37739,0.51986,0.32459,0.44764,0.3550174236297607,0.7722601890563965,c.44.1.1,l.1.1.1,0.12304999999999999
1jf8A,2hxpA,0.38862,0.52419,0.36045,0.48732,0.3931419849395752,0.792007565498352,c.44.1.1,c.45.1.1,0.12686999999999998
1jf8A,1zclA,0.37808,0.54433,0.33722,0.47916,0.3910228013992309,0.7944508790969849,c.44.1.1,c.45.1.1,0.14193999999999996
1jf8A,1ywfA,0.41851,0.58152,0.26444,0.35855,0.3634513616561889,0.8124892711639404,c.44.1.1,c.45.1.5,0.09410999999999997
1jl3A,2hcmA,0.36042,0.51518,0.32308,0.46189,0.3816085159778595,0.7870369553565979,c.44.1.1,l.1.1.1,0.13881000000000004
1jl3A,1ywfA,0.42113,0.57137,0.2745,0.3669,0.3728826642036438,0.8033479452133179,c.44.1.1,c.45.1.5,0.09239999999999998
1jlkA,1i0iA,0.49208,0.60581,0.3954,0.48491,0.7406563758850098,0.7909274697303772,c.23.1.1,c.61.1.1,0.08951000000000003
1jp3A,1xq1A,0.43184,0.43184,0.41965,0.41965,0.6595703363418579,0.640872061252594,c.101.1.1,c.2.1.2,0.0
1jrlA,2a1fA,0.44024,0.56591,0.35511,0.45904,0.3179924786090851,0.5097116827964783,c.23.10.5,l.1.1.1,0.10393000000000002
1jwqA,1wjgA,0.36664,0.38455,0.36664,0.38455,0.4901909530162811,0.4900232553482055,c.56.5.6,c.26.2.4,0.01790999999999998
1kaoA,1pujA,0.46982,0.68834,0.31779,0.46418,0.9691042304039,0.9493712186813354,c.37.1.8,c.37.1.8,0.14638999999999996
1khtA,1t64A,0.39567,0.55063,0.25251,0.33191,0.3417800664901733,0.8237866163253784,c.37.1.1,c.42.1.2,0.07939999999999997
1khtA,1fpzA,0.34255,0.47884,0.34255,0.47884,0.626419186592102,0.8706961274147034,c.37.1.1,c.45.1.1,0.13628999999999997
1ki1A,1pujA,0.45598,0.66567,0.32403,0.47263,0.9581034183502196,0.9600163698196412,c.37.1.8,c.37.1.8,0.1486
1ki9A,1t64A,0.40484,0.49908,0.25857,0.30108,0.3409353792667389,0.8152402639389038,c.37.1.1,c.42.1.2,0.04250999999999999
1kjnA,2hq1A,0.69559,0.69559,0.50075,0.50075,0.9262672662734984,0.9091740846633912,c.115.1.1,c.2.1.0,0.0
1kjnA,1xseA,0.68769,0.68769,0.41188,0.41188,0.907409131526947,0.9206720590591432,c.115.1.1,c.2.1.2,0.0
1kjnA,1y5mA,0.67781,0.67781,0.42053,0.42053,0.9057055711746216,0.933308243751526,c.115.1.1,c.2.1.2,0.0
1kjnA,2belA,0.68547,0.6734,0.45566,0.45185,0.9026432037353516,0.9391131401062012,c.115.1.1,c.2.1.2,-0.0038100000000000356
1kjnA,1tq8A,0.46485,0.46485,0.46485,0.46485,0.6829607486724854,0.690313458442688,c.115.1.1,l.1.1.1,0.0
1kjnA,1th8B,0.41864,0.44999,0.41864,0.44999,0.4354386925697326,0.5343125462532043,c.115.1.1,c.13.2.1,0.03134999999999999
1kjnA,1w19A,0.54734,0.54734,0.54734,0.54734,0.6952751278877258,0.5067566633224487,c.115.1.1,,0.0
1kmqA,1pujA,0.36932,0.66532,0.27774,0.47047,0.9566547870635986,0.9493639469146729,c.37.1.8,c.37.1.8,0.19273
1ksgA,1pujA,0.43509,0.64179,0.31427,0.46259,0.9563568830490112,0.9247837662696838,l.1.1.1,c.37.1.8,0.14832
1kxjA,1fy2A,0.53122,0.63508,0.49669,0.59404,0.895646333694458,0.972044050693512,l.1.1.1,c.23.16.4,0.09734999999999999
1ky2A,1pujA,0.44283,0.64915,0.32122,0.46921,0.9694803953170776,0.9504135847091676,c.37.1.8,c.37.1.8,0.14799
1kyvA,1t1jA,0.3819,0.50902,0.3819,0.50902,0.770325779914856,0.813895583152771,c.16.1.1,l.1.1.1,0.12712
1kz1A,1t1jA,0.41034,0.50556,0.41034,0.50556,0.7489861249923706,0.8158835172653198,c.16.1.1,l.1.1.1,0.09522000000000003
1kz4A,1t1jA,0.38049,0.49374,0.38049,0.49374,0.7722564935684204,0.8093752861022949,c.16.1.1,l.1.1.1,0.11325000000000002
1kz6A,1t1jA,0.38072,0.51298,0.38072,0.51298,0.7695809602737427,0.8125591278076172,c.16.1.1,l.1.1.1,0.13226
1kz9A,1t1jA,0.41386,0.49211,0.41386,0.49211,0.770439863204956,0.8181307315826416,c.16.1.1,l.1.1.1,0.07824999999999999
1lb1B,1pujA,0.32782,0.65727,0.25193,0.46799,0.9561818838119508,0.9601429104804992,c.37.1.8,c.37.1.8,0.21606000000000003
1lb1B,1htwA,0.37042,0.45491,0.37042,0.45491,0.7715146541595459,0.9035136699676514,c.37.1.8,c.37.1.18,0.08448999999999995
1lf0A,1pujA,0.48365,0.70967,0.32335,0.47329,0.9713497161865234,0.9317494034767152,c.37.1.8,c.37.1.8,0.14993999999999996
1lfdB,1pujA,0.48486,0.70706,0.32649,0.47492,0.9699659943580629,0.9441075325012208,c.37.1.8,c.37.1.8,0.14843
1ljlA,1wrmA,0.36943,0.53744,0.32444,0.47038,0.3586545288562774,0.7864185571670532,c.44.1.1,l.1.1.1,0.14594000000000001
1ljlA,2hcmA,0.37315,0.54448,0.32233,0.46896,0.3756124079227447,0.7901445627212524,c.44.1.1,l.1.1.1,0.14662999999999998
1ljlA,2esbA,0.38836,0.54937,0.32719,0.46782,0.3610724806785583,0.780990481376648,c.44.1.1,c.45.1.0,0.14063000000000003
1ljlA,1yz4A,0.37586,0.52932,0.3241,0.4577,0.3529105186462402,0.774458646774292,c.44.1.1,l.1.1.1,0.1336
1ljlA,2g6zA,0.38678,0.53539,0.35361,0.48992,0.3614609837532043,0.7816091179847717,c.44.1.1,l.1.1.1,0.13631000000000004
1ljlA,1zzwA,0.37582,0.53722,0.34396,0.49113,0.3675856590270996,0.7990652322769165,c.44.1.1,c.45.1.0,0.14717000000000002
1ljlA,1xm2A,0.3629,0.55635,0.33511,0.50753,0.3885493278503418,0.8092246055603027,c.44.1.1,c.45.1.1,0.17242000000000002
1ljlA,2imgA,0.37825,0.53025,0.34424,0.48048,0.3676858246326446,0.7959665060043335,c.44.1.1,,0.13624000000000003
1ljlA,1zclA,0.38461,0.55427,0.34162,0.48976,0.3889344036579132,0.7961059808731079,c.44.1.1,c.45.1.1,0.14814
1ljlA,2hxpA,0.38587,0.51439,0.3582,0.47935,0.3912238776683807,0.7939656972885132,c.44.1.1,c.45.1.1,0.12114999999999998
1ljuA,2esbA,0.39209,0.54182,0.33308,0.46013,0.3729769587516784,0.771134078502655,c.44.1.1,c.45.1.0,0.12705
1ljuA,1wrmA,0.37131,0.52557,0.32548,0.45904,0.3725382089614868,0.7780474424362183,c.44.1.1,l.1.1.1,0.13356
1ljuA,2hcmA,0.38508,0.52645,0.33194,0.45524,0.3884596526622772,0.7815437316894531,c.44.1.1,l.1.1.1,0.12329999999999997
1ljuA,1yz4A,0.38239,0.52853,0.32999,0.4535,0.3666786849498749,0.7681675553321838,c.44.1.1,l.1.1.1,0.12351000000000001
1ljuA,2g6zA,0.39143,0.52219,0.35782,0.47721,0.3740156292915344,0.7738004326820374,c.44.1.1,l.1.1.1,0.11939
1ljuA,1zclA,0.38674,0.55257,0.34497,0.48853,0.4029136896133423,0.786375880241394,c.44.1.1,c.45.1.1,0.14356000000000002
1ljuA,1ywfA,0.41791,0.57908,0.26927,0.35801,0.3756003677845001,0.8088783025741577,c.44.1.1,c.45.1.5,0.08873999999999999
1ljuA,1zzwA,0.3853,0.52663,0.35305,0.48095,0.3806730508804321,0.7899998426437378,c.44.1.1,c.45.1.0,0.1279
1ljuA,2hxpA,0.39335,0.49744,0.36466,0.46388,0.4043554663658142,0.7850300073623657,c.44.1.1,c.45.1.1,0.09922000000000003
1lk0A,2esbA,0.38012,0.54303,0.32302,0.4636,0.3547350764274597,0.7674859762191772,c.44.1.1,c.45.1.0,0.14058000000000004
1lk0A,1wrmA,0.37021,0.53118,0.32473,0.46502,0.3538579046726227,0.7737016677856445,c.44.1.1,l.1.1.1,0.14028999999999997
1lk0A,2hcmA,0.37655,0.55537,0.32451,0.47615,0.3695853650569916,0.7766203284263611,c.44.1.1,l.1.1.1,0.15164
1lk0A,1xm2A,0.36377,0.56432,0.33494,0.51472,0.3842594027519226,0.7963517308235168,c.44.1.1,c.45.1.1,0.17977999999999994
1lk0A,2imgA,0.38361,0.54142,0.34848,0.49016,0.3637907803058624,0.7821477651596069,c.44.1.1,,0.14167999999999997
1lk0A,1yz4A,0.37685,0.52593,0.325,0.45084,0.3480521440505981,0.7616191506385803,c.44.1.1,l.1.1.1,0.12584
1lk0A,1zzwA,0.37618,0.53526,0.3442,0.4897,0.3627889156341553,0.7858985066413879,c.44.1.1,c.45.1.0,0.14550000000000002
1lk0A,1qgeD,0.44006,0.44006,0.29378,0.29378,0.4725120365619659,0.8951390981674194,c.44.1.1,c.69.1.18,0.0
1lk0A,1x24A,0.37344,0.48002,0.33489,0.42951,0.3857131004333496,0.7747982144355774,c.44.1.1,,0.09461999999999998
1m7bA,1pujA,0.31789,0.6658,0.24594,0.47524,0.956045627593994,0.9542403221130372,c.37.1.8,c.37.1.8,0.2293
1m8gA,2o2zA,0.45301,0.55573,0.28581,0.34233,0.5947592854499817,0.8107784986495972,c.26.1.3,l.1.1.1,0.056520000000000015
1m8jA,2o2zA,0.47298,0.55673,0.29847,0.34278,0.5939574241638184,0.8146908283233643,c.26.1.3,l.1.1.1,0.04430999999999996
1mh1A,1pujA,0.44584,0.65522,0.0,0.0,,,c.37.1.8,c.37.1.8,0.0
1mihA,2gelA,0.42869,0.48339,0.29714,0.32108,0.5257847905158997,0.5842376947402954,c.23.1.1,c.55.1.0,0.02393999999999996
1mihA,2hjvA,0.47582,0.56096,0.41039,0.48532,0.728225588798523,0.5653799772262573,c.23.1.1,c.37.1.0,0.07493
1mihA,1te2A,0.56615,0.49354,0.37947,0.34694,0.5622536540031433,0.6524292230606079,c.23.1.1,c.108.1.6,-0.03252999999999995
1mjhA,1ooeA,0.438,0.46978,0.30808,0.32252,0.6135497689247131,0.8091083765029907,c.26.2.4,c.2.1.2,0.014439999999999953
1mjhA,1hdrA,0.46084,0.46084,0.31662,0.31662,0.6095201969146729,0.7985142469406128,c.26.2.4,c.2.1.2,0.0
1mozA,1pujA,0.44307,0.62664,0.31852,0.45087,0.9629138112068176,0.8895372152328491,c.37.1.8,c.37.1.8,0.13234999999999997
1mr3F,1pujA,0.44098,0.65624,0.31506,0.467,0.952566385269165,0.8889251947402954,c.37.1.8,c.37.1.8,0.15194000000000002
1mvoA,2a1iA,0.57103,0.57103,0.54505,0.54505,0.74827641248703,0.7523350715637207,c.23.1.1,c.52.1.20,0.0
1mvoA,1t5iA,0.5162,0.63753,0.42167,0.51966,0.7372326254844666,0.6030392050743103,c.23.1.1,c.37.1.19,0.09799000000000002
1mvoA,2hjvA,0.47433,0.5961,0.39394,0.49237,0.7278962135314941,0.5961439609527588,c.23.1.1,c.37.1.0,0.09842999999999996
1mvoA,1jmvA,0.42969,0.52411,0.39153,0.47248,0.6535652875900269,0.8107504844665527,c.23.1.1,c.26.2.4,0.08095000000000002
1mxfA,1sq0A,0.45954,0.4575,0.45954,0.4575,0.6920703649520874,0.7593766450881958,c.2.1.2,c.62.1.1,-0.0020399999999999863
1n6hA,1pujA,0.46673,0.68683,0.31394,0.46142,0.9743386507034302,0.943729281425476,c.37.1.8,c.37.1.8,0.14748
1n6iA,1pujA,0.46557,0.69311,0.31333,0.46551,0.9703617691993712,0.9371574521064758,c.37.1.8,c.37.1.8,0.15217999999999998
1n6iA,1t6bY,0.49803,0.49803,0.49155,0.49155,0.4553819298744201,0.6021755337715149,c.37.1.8,c.62.1.1,0.0
1n6nA,1pujA,0.46716,0.694,0.31415,0.46587,0.9743528366088868,0.942737340927124,c.37.1.8,c.37.1.8,0.15172000000000002
1n6oA,1pujA,0.47119,0.68882,0.32245,0.47047,0.9748289585113524,0.9375371932983398,c.37.1.8,c.37.1.8,0.14801999999999998
1n6pA,1pujA,0.47278,0.70077,0.31324,0.46318,0.9719650745391846,0.9406311511993408,c.37.1.8,c.37.1.8,0.14993999999999996
1n6rA,1pujA,0.46472,0.6869,0.31287,0.4615,0.9746638536453248,0.9431772232055664,c.37.1.8,c.37.1.8,0.14863000000000004
1na5A,1h5qA,0.54038,0.54038,0.4323,0.4323,0.6609591841697693,0.7441601753234863,l.1.1.1,c.2.1.2,0.0
1na5A,1ja9A,0.55365,0.55365,0.44361,0.44361,0.6437870264053345,0.6794945001602173,l.1.1.1,c.2.1.2,0.0
1na5A,1ae1A,0.5564,0.55363,0.46626,0.46651,0.6582697033882141,0.7585792541503906,l.1.1.1,c.2.1.2,0.00024999999999997247
1na5A,1fdwA,0.54487,0.56019,0.41161,0.42607,0.6705343723297119,0.6928807497024536,l.1.1.1,c.2.1.2,0.014460000000000028
1na5A,1ybvA,0.55509,0.57512,0.43014,0.44434,0.678393542766571,0.7088869214057922,l.1.1.1,c.2.1.2,0.01419999999999999
1nksA,2akoA,0.46859,0.48481,0.40185,0.41604,0.3703654408454895,0.8694270849227905,c.37.1.1,c.73.1.3,0.014190000000000036
1np6A,1htwA,0.40906,0.50076,0.40906,0.50076,0.7286756634712219,0.9204416275024414,c.37.1.10,c.37.1.18,0.0917
1ns5A,1tikA,0.4522,0.49055,0.36365,0.39758,0.5686765909194946,0.8061532974243164,c.116.1.3,l.1.1.1,0.033930000000000016
1nu0A,1u5wA,0.37641,0.52759,0.32124,0.43822,0.4535257518291473,0.7920416593551636,c.55.3.8,l.1.1.1,0.11697999999999997
1nu0A,1u14A,0.41086,0.51674,0.33417,0.42645,0.4581794440746307,0.8053629994392395,c.55.3.8,l.1.1.1,0.09227999999999997
1nvvQ,1pujA,0.48201,0.70103,0.32286,0.46877,0.9691787958145142,0.9468435645103456,c.37.1.8,c.37.1.8,0.14591000000000004
1nw8A,1jg1A,0.35625,0.4503,0.35625,0.4503,0.6458342671394348,0.902160108089447,c.66.1.11,c.66.1.7,0.09404999999999997
1nw8A,2fk7A,0.3532,0.5784,0.34756,0.56918,0.6650491952896118,0.9444775581359864,c.66.1.11,c.66.1.18,0.22162000000000004
1nw8A,1r18A,0.29576,0.4609,0.29576,0.4609,0.635802149772644,0.8800740242004395,c.66.1.11,l.1.1.1,0.16513999999999995
1nw8A,2esrA,0.37712,0.49256,0.37712,0.49256,0.6634442210197449,0.9253004789352416,c.66.1.11,l.1.1.1,0.11543999999999999
1nw8A,1kp9A,0.3467,0.56403,0.3467,0.56403,0.6914159059524536,0.9526507258415222,c.66.1.11,c.66.1.18,0.21733000000000002
1nw8A,2bzgA,0.33334,0.55513,0.33334,0.55513,0.7404172420501709,0.9398415088653564,c.66.1.11,c.66.1.36,0.22179
1nw8A,1qyrA,0.33322,0.3388,0.33322,0.3388,0.6620594263076782,0.9415878057479858,c.66.1.11,c.66.1.24,0.005579999999999974
1nw8A,2gb4A,0.34142,0.56703,0.34142,0.56703,0.7432163953781128,0.9611175060272216,c.66.1.11,c.66.1.36,0.22561000000000003
1nw8A,1ne2A,0.35728,0.5062,0.35728,0.5062,0.6758720874786377,0.9646060466766356,c.66.1.11,c.66.1.32,0.14892
1nw8A,2frnA,0.36707,0.51069,0.36707,0.51069,0.6001549959182739,0.9458959698677064,c.66.1.11,c.66.1.47,0.14361999999999997
1nw8A,1yb2A,0.3698,0.3612,0.3698,0.3612,0.696290135383606,0.9661420583724976,c.66.1.11,c.66.1.13,-0.008599999999999997
1nw8A,1xj5A,0.36554,0.5906,0.35415,0.57109,0.6394457817077637,0.9486463069915771,c.66.1.11,c.66.1.17,0.21693999999999997
1nw8A,1pryA,0.35803,0.50484,0.35803,0.50484,0.7115569114685059,0.9484659433364868,c.66.1.11,c.66.1.3,0.14680999999999994
1nw8A,1g8aA,0.30926,0.50613,0.30926,0.50613,0.7131104469299316,0.9485753774642944,c.66.1.11,c.66.1.3,0.19687
1nw8A,1fukA,0.37623,0.37623,0.37623,0.37623,0.5869791507720947,0.6842325925827026,c.66.1.11,c.37.1.19,0.0
1nw8A,2gpyA,0.37373,0.4931,0.37373,0.4931,0.6606067419052124,0.9301726818084716,c.66.1.11,c.66.1.0,0.11936999999999998
1nxoA,1t9gR,0.48123,0.55828,0.34926,0.39946,0.6310548782348633,0.7092987895011902,c.23.1.1,c.26.2.3,0.05019999999999997
1nxoA,1fukA,0.47589,0.61626,0.3919,0.49446,0.7150330543518066,0.6573638916015625,c.23.1.1,c.37.1.19,0.10255999999999998
1o6dA,2d2rA,0.37408,0.46343,0.29079,0.35084,0.6549164652824402,0.631340503692627,l.1.1.1,c.101.1.0,0.06004999999999999
1o6dA,2b98A,0.44959,0.48957,0.44959,0.48957,0.6665663123130798,0.7004503607749939,l.1.1.1,,0.039980000000000016
1o6dA,2faxA,0.39031,0.39031,0.39031,0.39031,0.5770455002784729,0.8051975965499878,l.1.1.1,c.23.5.1,0.0
1o8qA,2gm3A,0.42457,0.51654,0.42457,0.51654,0.6127049326896667,0.6299086809158325,c.57.1.1,c.26.2.4,0.09197
1o9gA,1g60A,0.35878,0.53619,0.35878,0.53619,0.5730215311050415,0.8901408910751343,c.66.1.29,c.66.1.11,0.17741000000000007
1od6A,1ydgA,0.49349,0.49349,0.40277,0.40277,0.6479211449623108,0.6526880264282227,c.26.1.3,l.1.1.1,0.0
1ofuX,1o6dA,0.41204,0.5499,0.3542,0.47368,0.5348424911499023,0.6538899540901184,c.37.1.22,l.1.1.1,0.11947999999999998
1ofuX,1bq3D,0.51626,0.51626,0.32161,0.32161,0.5727948546409607,0.5896722674369812,c.37.1.22,c.60.1.1,0.0
1oivA,1pujA,0.46523,0.68698,0.31571,0.46516,0.9725818037986756,0.94948148727417,c.37.1.8,c.37.1.8,0.14945000000000003
1oiwA,1pujA,0.47468,0.71058,0.31713,0.47372,0.9776389598846436,0.9404653310775756,c.37.1.8,c.37.1.8,0.15658999999999995
1oxbB,2avdA,0.54304,0.60289,0.35133,0.38992,0.5652698874473572,0.4839745461940765,c.23.1.1,c.66.1.1,0.03859000000000001
1oxbB,1zrmA,0.57416,0.50122,0.36261,0.33285,0.5382986068725586,0.6107199192047119,c.23.1.1,c.108.1.1,-0.02976000000000001
1oxbB,1g60A,0.4721,0.61741,0.28939,0.36578,0.612731397151947,0.4512229859828949,c.23.1.1,c.66.1.11,0.07639000000000001
1oy1A,1i14A,0.37255,0.46809,0.37255,0.46809,0.6793909668922424,0.7308727502822876,l.1.1.1,c.61.1.1,0.09554000000000001
1p6qA,1h1dA,0.52183,0.59129,0.35897,0.40117,0.5564574599266052,0.5286793112754822,c.23.1.1,c.66.1.1,0.042200000000000015
1p6qA,1ne2A,0.4637,0.49664,0.37574,0.40147,0.6573662757873535,0.4984208941459656,c.23.1.1,c.66.1.32,0.025729999999999975
1p8aA,1b1aA,0.42887,0.49463,0.42887,0.49463,0.7288170456886292,0.7602779865264893,c.44.1.1,c.23.6.1,0.06576000000000004
1peyA,2gxqA,0.48866,0.66157,0.32726,0.43306,0.7211176156997681,0.6259045600891113,c.23.1.1,c.37.1.0,0.1058
1peyA,1j8dA,0.56849,0.63514,0.42627,0.47343,0.5377864837646484,0.6596937775611877,c.23.1.1,c.108.1.5,0.047160000000000035
1puiA,1pujA,0.46388,0.6638,0.3181,0.45537,0.9407835602760316,0.8815224170684814,c.37.1.8,c.37.1.8,0.13727
1q77A,1auoA,0.45973,0.45973,0.3179,0.3179,0.3580502569675445,0.6462236046791077,l.1.1.1,c.69.1.14,0.0
1q77A,2nm0A,0.49191,0.55135,0.33339,0.38571,0.5950770378112793,0.7850180268287659,l.1.1.1,c.2.1.0,0.05231999999999998
1qgoA,1p5jA,0.41717,0.48003,0.35605,0.40872,0.649861216545105,0.61482173204422,c.92.1.2,c.79.1.1,0.05267000000000005
1qgoA,1fcjA,0.44152,0.5,0.39038,0.44163,0.6535049676895142,0.6250759363174438,c.92.1.2,c.79.1.1,0.05125000000000002
1qkkA,1x94A,0.54629,0.58738,0.45367,0.48855,0.5969970226287842,0.9101869463920592,l.1.1.1,c.80.1.3,0.03487999999999997
1qkkA,1rlkA,0.3212,0.3212,0.3212,0.3212,0.5397028923034668,0.6123456358909607,l.1.1.1,c.131.1.1,0.0
1r4aA,1pujA,0.46744,0.69203,0.31396,0.46214,0.9626164436340332,0.925321102142334,c.37.1.8,c.37.1.8,0.14817999999999998
1r8qA,1pujA,0.43887,0.64524,0.31686,0.46683,0.9570683240890504,0.9305784702301024,c.37.1.8,c.37.1.8,0.14997000000000005
1r8sA,1pujA,0.47813,0.68589,0.31209,0.44747,0.96230286359787,0.9365973472595216,c.37.1.8,c.37.1.8,0.13538
1rcuA,2faxA,0.48296,0.50547,0.48296,0.50547,0.7464694976806641,0.6880141496658325,c.129.1.1,c.23.5.1,0.022509999999999974
1rcuA,2foxA,0.48463,0.48463,0.48463,0.48463,0.7522590160369873,0.7010840773582458,c.129.1.1,c.23.5.1,0.0
1rkbA,1d2nA,0.48069,0.45903,0.35752,0.34868,0.9221959710121156,0.9257595539093018,l.1.1.1,c.37.1.20,-0.008840000000000015
1rkbA,1nsfA,0.46068,0.5566,0.33836,0.41114,0.8973914384841919,0.9135748147964478,l.1.1.1,c.37.1.20,0.07278000000000001
1rkbA,1htwA,0.39739,0.48806,0.39739,0.48806,0.754214882850647,0.8701729774475098,l.1.1.1,c.37.1.18,0.09066999999999997
1rkbA,1odfA,0.63084,0.71176,0.4266,0.47995,0.9246056079864502,0.8963510990142822,l.1.1.1,c.37.1.6,0.05335000000000001
1rliA,1u7oA,0.36004,0.42034,0.35128,0.41044,0.6703382134437561,0.6056113243103027,c.23.5.6,c.108.1.17,0.059160000000000046
1rliA,1vrcA,0.38611,0.38611,0.38611,0.38611,0.6647918820381165,0.7237218022346497,c.23.5.6,c.54.1.0,0.0
1rliA,1pdoA,0.3854,0.3854,0.3854,0.3854,0.6640715003013611,0.7237038612365723,c.23.5.6,c.54.1.1,0.0
1rxeA,2esbA,0.38292,0.56775,0.32546,0.48113,0.3626691997051239,0.7748786211013794,c.44.1.1,c.45.1.0,0.15566999999999998
1rxeA,2hcmA,0.37942,0.53048,0.3276,0.46087,0.381199836730957,0.7849826812744141,c.44.1.1,l.1.1.1,0.13327
1rxeA,2imgA,0.38437,0.54533,0.35124,0.49668,0.3705035150051117,0.7898609638214111,c.44.1.1,,0.14544
1rxeA,1zzwA,0.37707,0.54423,0.34681,0.49871,0.3712289929389953,0.7932941913604736,c.44.1.1,c.45.1.0,0.15189999999999998
1rxeA,1xm2A,0.36897,0.57078,0.34178,0.52354,0.3925446569919586,0.8017038702964783,c.44.1.1,c.45.1.1,0.18176000000000003
1ryfA,1pujA,0.41387,0.64199,0.0,0.0,,,c.37.1.8,c.37.1.8,0.0
1s1cA,1pujA,0.45762,0.66808,0.32662,0.47695,0.9624993205070496,0.9480039477348328,c.37.1.8,c.37.1.8,0.15032999999999996
1s8aA,1udrA,0.39773,0.39773,0.39773,0.39773,0.8606523275375366,0.8666005730628967,c.24.1.2,c.23.1.1,0.0
1s8aA,2b4qA,0.52915,0.52915,0.35119,0.35119,0.747658908367157,0.6177790760993958,c.24.1.2,c.2.1.0,0.0
1s8fA,1pujA,0.46908,0.68687,0.31798,0.46595,0.9730279445648192,0.939340353012085,c.37.1.8,c.37.1.8,0.14797
1shuX,2a4kA,0.53231,0.57188,0.43385,0.46567,0.6539055109024048,0.6986135244369507,c.62.1.1,c.2.1.2,0.03181999999999996
1spvA,1njrA,0.69492,0.80601,0.51284,0.59327,0.9807946681976318,0.9426907300949096,c.50.1.2,c.50.1.2,0.08043
1spvA,1wy7A,0.4536,0.51081,0.41232,0.4608,0.4667284786701202,0.5922346711158752,c.50.1.2,c.66.1.32,0.04847999999999997
1spvA,1y8cA,0.47979,0.47979,0.36653,0.36653,0.3765684366226196,0.5386613607406616,c.50.1.2,c.66.1.43,0.0
1sulA,1pujA,0.42798,0.63814,0.31867,0.47584,0.9334499835968018,0.8649642467498779,c.37.1.8,c.37.1.8,0.15716999999999998
1sulA,1gcoA,0.52474,0.51418,0.40338,0.39097,0.586722731590271,0.4672036170959472,c.37.1.8,c.2.1.2,-0.012410000000000032
1t5iA,1j8yF,0.52712,0.52332,0.3349,0.33819,0.9283087253570556,0.9164144992828368,c.37.1.19,l.1.1.1,0.003290000000000015
1t5iA,1rj9B,0.50277,0.54137,0.32913,0.35843,0.9395267963409424,0.9132340550422668,c.37.1.19,c.37.1.10,0.029300000000000048
1t5iA,1jpjA,0.48874,0.48874,0.31171,0.31171,0.9327357411384584,0.9190229177474976,c.37.1.19,c.37.1.10,0.0
1t5iA,1ffhA,0.50492,0.54533,0.32354,0.3587,0.9406225085258484,0.9211511015892028,c.37.1.19,c.37.1.10,0.035160000000000025
1t5iA,2d13A,0.40173,0.42866,0.32202,0.34019,0.7150037288665771,0.7707927227020264,c.37.1.19,c.26.2.1,0.01817000000000002
1t91A,1pujA,0.4564,0.66598,0.3263,0.47293,0.965337872505188,0.9421685934066772,c.37.1.8,c.37.1.8,0.14663000000000004
1tevA,2akoA,0.41249,0.48196,0.35881,0.41672,0.3814042508602142,0.8775429129600525,c.37.1.1,c.73.1.3,0.05790999999999996
1th8B,1u02A,0.44541,0.37662,0.27306,0.24326,0.3882471024990082,0.4495943784713745,c.13.2.1,l.1.1.1,-0.02980000000000002
1tjnA,1rttA,0.50174,0.50174,0.39815,0.39815,0.4585901796817779,0.5997743606567383,c.92.1.3,c.23.5.4,0.0
1tmyA,1h1dA,0.57508,0.67759,0.36803,0.4238,0.5535504817962646,0.5262904763221741,c.23.1.1,c.66.1.1,0.055769999999999986
1tmyA,1j8dA,0.56786,0.6735,0.42397,0.49794,0.5246256589889526,0.649029016494751,c.23.1.1,c.108.1.5,0.07396999999999998
1to0A,1auoA,0.49905,0.49905,0.35455,0.35455,0.4824916124343872,0.7401375770568848,c.116.1.3,c.69.1.14,0.0
1to0A,1f75A,0.37273,0.46791,0.27612,0.34458,0.6294054985046387,0.6030430793762207,c.116.1.3,c.101.1.1,0.06846000000000002
1tu3A,1pujA,0.47259,0.69839,0.31508,0.46379,0.9684712886810304,0.9382555484771729,c.37.1.8,c.37.1.8,0.14870999999999995
1tx4B,1pujA,0.46394,0.67933,0.32214,0.47201,0.9592867493629456,0.9448941946029664,c.37.1.8,c.37.1.8,0.14987
1u0sY,1h1dA,0.595,0.6682,0.37488,0.42056,0.5514695644378662,0.530512273311615,c.23.1.1,c.66.1.1,0.04568
1u7oA,1t5iA,0.3833,0.50677,0.3833,0.50677,0.6931237578392029,0.5837613940238953,c.108.1.17,c.37.1.19,0.12347000000000008
1u8tA,2hjvA,0.46444,0.49136,0.38749,0.40443,0.7173805236816406,0.5788332223892212,c.23.1.1,c.37.1.0,0.01694000000000001
1u8yA,1pujA,0.46183,0.70913,0.28897,0.44278,0.9515609741210938,0.9508013725280762,c.37.1.8,c.37.1.8,0.15381
1uadA,1pujA,0.4862,0.70694,0.33836,0.49039,0.9722328186035156,0.9434941411018372,c.37.1.8,c.37.1.8,0.15203
1uayA,1e19A,0.37045,0.48488,0.30363,0.39733,0.4619312584400177,0.7071813344955444,c.2.1.2,c.73.1.1,0.0937
1udrA,2hjvA,0.47213,0.56961,0.40305,0.48694,0.7617830038070679,0.5666691660881042,c.23.1.1,c.37.1.0,0.08388999999999996
1ufkA,1g55A,0.43479,0.55613,0.35625,0.46029,0.7479321956634521,0.928389310836792,c.66.1.39,c.66.1.26,0.10403999999999997
1ukvY,1pujA,0.44039,0.6296,0.34493,0.49145,0.965845227241516,0.9312778115272522,c.37.1.8,c.37.1.8,0.14651999999999998
1uptA,2gedA,0.48447,0.48447,0.16628,0.16628,0.5737345218658447,0.5854126811027527,c.37.1.8,,0.0
1uptA,1pujA,0.45865,0.69369,0.30411,0.45635,0.9659998416900636,0.9231892824172974,c.37.1.8,c.37.1.8,0.15224
1uptA,1ebbA,0.36083,0.50628,0.30678,0.42918,0.6012928485870361,0.7262150049209595,c.37.1.8,c.60.1.1,0.12240000000000001
1uslA,1drkA,0.49189,0.46632,0.31303,0.31057,0.7438607215881348,0.6903019547462463,c.121.1.1,c.93.1.1,-0.0024599999999999622
1uslA,1dbpA,0.49185,0.4661,0.31304,0.31068,0.7441151738166809,0.6871404051780701,c.121.1.1,c.93.1.1,-0.0023599999999999732
1uuxA,2gm3A,0.4065,0.48686,0.4065,0.48686,0.5993996858596802,0.6247743964195251,c.57.1.1,c.26.2.4,0.08036000000000004
1v6zA,1i9cA,0.33183,0.33183,0.33183,0.33183,0.4703429043292999,0.5237374305725098,c.116.1.5,c.23.6.1,0.0
1v6zA,1cb7A,0.3314,0.37482,0.3314,0.37482,0.469733864068985,0.5211789608001709,c.116.1.5,c.23.6.1,0.043420000000000014
1vg0B,1pujA,0.45154,0.65494,0.33271,0.48033,0.9671140909194946,0.9506548643112184,c.37.1.8,c.37.1.8,0.14761999999999997
1vg1A,1pujA,0.47653,0.68687,0.32351,0.46366,0.9668047428131104,0.9417796730995178,c.37.1.8,c.37.1.8,0.14015
1vh0A,1bwrA,0.43303,0.53857,0.34611,0.42946,0.4811833202838897,0.7878912687301636,l.1.1.1,c.23.10.3,0.08335000000000004
1vh0A,1bwqA,0.43167,0.53932,0.34499,0.42984,0.4784895777702331,0.7966026067733765,l.1.1.1,c.23.10.3,0.08484999999999998
1vh0A,1qgoA,0.38456,0.38456,0.27324,0.27324,0.6102856993675232,0.5252838134765625,l.1.1.1,c.92.1.2,0.0
1vh0A,1i01A,0.43428,0.43428,0.33322,0.33322,0.5331574082374573,0.5487219095230103,l.1.1.1,c.2.1.2,0.0
1vh0A,1bwpA,0.43198,0.53957,0.34509,0.43015,0.4761767387390136,0.7881744503974915,l.1.1.1,c.23.10.3,0.08505999999999997
1vh0A,2foxA,0.39447,0.39447,0.39447,0.39447,0.5784777998924255,0.8031020164489746,l.1.1.1,c.23.5.1,0.0
1vh0A,2faxA,0.38917,0.38917,0.38917,0.38917,0.5840666890144348,0.8154263496398926,l.1.1.1,c.23.5.1,0.0
1vh0A,1r1dA,0.42646,0.42646,0.32148,0.32148,0.4237240850925445,0.7175540924072266,l.1.1.1,c.69.1.29,0.0
1vhrA,1gilA,0.34891,0.42403,0.23547,0.27428,0.59840989112854,0.8207739591598511,c.45.1.1,c.37.1.8,0.03881000000000001
1vhrA,2gtpA,0.3419,0.51935,0.2351,0.33525,0.6297907829284668,0.808181881904602,c.45.1.1,c.37.1.8,0.10014999999999999
1vhrA,1bh2A,0.34548,0.52249,0.23048,0.33333,0.5925211310386658,0.8295946717262268,c.45.1.1,c.37.1.8,0.10285000000000002
1vhrA,1as0A,0.34736,0.51913,0.23382,0.33273,0.5963633060455322,0.8319343328475952,c.45.1.1,c.37.1.8,0.09891000000000003
1vhrA,2ihbA,0.3435,0.40062,0.23229,0.25911,0.6085995435714722,0.808751106262207,c.45.1.1,,0.02682000000000001
1vlzA,2avdA,0.55076,0.55902,0.36426,0.38276,0.5550506114959717,0.4952586591243744,c.23.1.1,c.66.1.1,0.018500000000000016
1vrcA,1jmvA,0.39555,0.39555,0.37393,0.37393,0.6737949252128601,0.6294492483139038,c.54.1.0,c.26.2.4,0.0
1wa5A,1pujA,0.4484,0.66962,0.30944,0.45874,0.96886146068573,0.9291056394577026,c.37.1.8,c.37.1.8,0.1493
1wcxA,1drjA,0.41518,0.55804,0.38832,0.52155,0.5055596232414246,0.7921172380447388,l.1.1.1,c.93.1.1,0.13322999999999996
1wjgA,1hdrA,0.3962,0.3962,0.27247,0.27247,0.6050575375556946,0.7821419835090637,c.26.2.4,c.2.1.2,0.0
1wmsA,1pujA,0.46984,0.6876,0.32185,0.47006,0.9734718203544616,0.9346322417259216,c.37.1.8,c.37.1.8,0.14820999999999995
1wmsA,1fl9A,0.37774,0.46614,0.37774,0.46614,0.7569093704223633,0.8744738101959229,c.37.1.8,c.37.1.18,0.08839999999999998
1wo8A,1te2A,0.5506,0.5506,0.37144,0.37144,0.7613368034362793,0.7322743535041809,c.24.1.2,c.108.1.6,0.0
1wo8A,1c4wA,0.49573,0.53535,0.4928,0.53242,0.8591721653938293,0.869509756565094,c.24.1.2,c.23.1.1,0.03961999999999999
1wo8A,2hdoA,0.53556,0.53556,0.38712,0.38712,0.7460610270500183,0.6865088939666748,c.24.1.2,c.108.1.6,0.0
1wo8A,1e6mA,0.50301,0.50301,0.49705,0.49705,0.85809326171875,0.8739636540412903,c.24.1.2,l.1.1.1,0.0
1wsbA,1yn9A,0.41068,0.53856,0.37145,0.48658,0.531580924987793,0.5166352391242981,c.23.5.1,,0.11513000000000001
1wsbA,1fpzA,0.40706,0.47422,0.35785,0.41835,0.5345861315727234,0.5338217616081238,c.23.5.1,c.45.1.1,0.0605
1wsbA,1vhrA,0.33797,0.49235,0.29659,0.42685,0.5113576650619507,0.5135806798934937,c.23.5.1,c.45.1.1,0.13026
1wzcA,2faxA,0.27349,0.38424,0.27349,0.38424,0.5134551525115967,0.540452241897583,l.1.1.1,c.23.5.1,0.11075000000000002
1wzcA,2foxA,0.26709,0.38383,0.26709,0.38383,0.5204474329948425,0.5493741631507874,l.1.1.1,c.23.5.1,0.11674000000000001
1x1rA,1pujA,0.46049,0.67743,0.31585,0.46266,0.97123122215271,0.9569323062896729,c.37.1.8,c.37.1.8,0.14681
1x1rA,1nzjA,0.35058,0.45183,0.23973,0.31884,0.7218083143234253,0.8424447774887085,c.37.1.8,c.26.1.1,0.07911000000000001
1x1rA,1jmvA,0.36737,0.36737,0.36737,0.36737,0.6467130780220032,0.889006495475769,c.37.1.8,c.26.2.4,0.0
1x3sA,1pujA,0.46323,0.6773,0.32849,0.47908,0.9722047448158264,0.93357115983963,c.37.1.8,c.37.1.8,0.15059
1xcgB,1pujA,0.45357,0.66199,0.32231,0.47069,0.9592195153236388,0.9566648006439208,c.37.1.8,c.37.1.8,0.14838
1xcgB,1ebbA,0.36613,0.49649,0.33197,0.45105,0.580538272857666,0.7125604748725891,c.37.1.8,c.60.1.1,0.11908000000000002
1xcmA,1pujA,0.47807,0.70875,0.32137,0.47381,0.969763994216919,0.938390851020813,c.37.1.8,c.37.1.8,0.15244000000000002
1xeaA,1bw9A,0.40749,0.48543,0.36683,0.43344,0.8772485852241516,0.7617716789245605,l.1.1.1,c.58.1.1,0.06661
1xheA,2fhpA,0.56809,0.62654,0.4198,0.46336,0.7527947425842285,0.487303763628006,c.23.1.1,l.1.1.1,0.04355999999999999
1xj0A,1pujA,0.46973,0.69527,0.31577,0.46367,0.9685903787612916,0.9498976469039916,c.37.1.8,c.37.1.8,0.14790000000000003
1xjcA,1fl9A,0.43344,0.52823,0.39955,0.48797,0.7525774836540222,0.8893728256225586,c.37.1.10,c.37.1.18,0.08842
1xmpA,2akoA,0.43852,0.50265,0.32548,0.36955,0.4512772560119629,0.5874140858650208,c.23.8.1,c.73.1.3,0.04407
1xtqA,1pujA,0.45708,0.68248,0.31379,0.46627,0.971565306186676,0.9376648664474488,l.1.1.1,c.37.1.8,0.15248
1xtqA,1nzjA,0.39484,0.46609,0.27131,0.32239,0.7255567312240601,0.8166040182113647,l.1.1.1,c.26.1.1,0.051080000000000014
1xwwA,1vhuA,0.37331,0.55375,0.32649,0.48429,0.6189733743667603,0.6044862270355225,c.44.1.1,c.50.1.2,0.1578
1y1lA,2esbA,0.40068,0.5484,0.32748,0.44635,0.3584845066070556,0.8013994097709656,c.44.1.1,c.45.1.0,0.11887000000000003
1y1lA,2hxpA,0.40959,0.52856,0.36555,0.472,0.3868564963340759,0.8135786056518555,c.44.1.1,c.45.1.1,0.10644999999999999
1y1lA,2g6zA,0.40663,0.54593,0.35795,0.48141,0.360112726688385,0.7995526194572449,c.44.1.1,l.1.1.1,0.12346000000000001
1y1lA,2imgA,0.39429,0.53112,0.34662,0.46532,0.3678227066993713,0.8145588040351868,c.44.1.1,,0.11870000000000003
1y1lA,1wrmA,0.39826,0.535,0.3361,0.45383,0.3578929007053375,0.8043431639671326,c.44.1.1,l.1.1.1,0.11773
1y1lA,2hcmA,0.39662,0.55001,0.32918,0.45696,0.3743219375610351,0.8106054067611694,c.44.1.1,l.1.1.1,0.12778
1y1lA,1m3gA,0.37268,0.46566,0.33309,0.4187,0.3771383762359619,0.7771247029304504,c.44.1.1,c.45.1.1,0.08561000000000002
1y5eA,1rliA,0.4351,0.4351,0.42923,0.42923,0.5117645263671875,0.7042406797409058,c.57.1.1,c.23.5.6,0.0
1y5eA,2foxA,0.44379,0.4909,0.44379,0.4909,0.4837352037429809,0.7049200534820557,c.57.1.1,c.23.5.1,0.047109999999999985
1y63A,1htwA,0.41908,0.50828,0.41908,0.50828,0.7538810968399048,0.8795028924942017,c.37.1.1,c.37.1.18,0.08919999999999995
1y81A,1wpnA,0.55657,0.55657,0.38568,0.38568,0.7642898559570312,0.7228951454162598,c.2.1.8,c.107.1.1,0.0
1ycoA,1ydhA,0.32431,0.37384,0.32431,0.37384,0.4503300786018371,0.5140070915222168,,c.129.1.1,0.04953000000000002
1yd3A,1cqgA,0.32912,0.36,0.30333,0.32826,0.7302588224411011,0.7743483781814575,,c.47.1.1,0.024930000000000008
1yd9A,2ielA,0.35607,0.35607,0.35607,0.35607,0.6202784180641174,0.6074283123016357,c.50.1.2,c.26.2.4,0.0
1ykgA,1r2kB,0.52126,0.52126,0.47482,0.47482,0.4638542532920837,0.6947238445281982,c.23.5.2,c.57.1.1,0.0
1ykgA,1fpzA,0.41541,0.48346,0.3648,0.42394,0.5552268624305725,0.5738502740859985,c.23.5.2,c.45.1.1,0.05913999999999997
1ykgA,1a3cA,0.45549,0.52166,0.41324,0.47439,0.7795895338058472,0.7610017657279968,c.23.5.2,c.61.1.1,0.06114999999999998
1ymuA,2hjvA,0.4589,0.57051,0.38556,0.48598,0.7567502856254578,0.552717387676239,c.23.1.1,c.37.1.0,0.10042000000000001
1ymuA,1ws6A,0.51783,0.58508,0.41101,0.46441,0.7354998588562012,0.5235793590545654,c.23.1.1,c.66.1.46,0.0534
1ymuA,1t9gR,0.46624,0.54534,0.35891,0.41049,0.6480697989463806,0.6530941128730774,c.23.1.1,c.26.2.3,0.051580000000000015
1ymuA,2g2jA,0.51783,0.51783,0.43603,0.43603,0.7482999563217163,0.5808780193328857,c.23.1.1,,0.0
1ymvA,1fukA,0.4683,0.58084,0.3971,0.49096,0.7596544623374939,0.6237443089485168,c.23.1.1,c.37.1.19,0.09386
1yu9A,1pujA,0.45892,0.6705,0.32189,0.47052,0.9539384841918944,0.9348750710487366,l.1.1.1,c.37.1.8,0.14862999999999998
1yvdA,1pujA,0.47779,0.70293,0.31887,0.46846,0.9726375341415404,0.9319316148757936,l.1.1.1,c.37.1.8,0.14959
1yzgA,1pujA,0.44517,0.66072,0.30203,0.4483,0.9477914571762084,0.922142744064331,c.37.1.8,c.37.1.8,0.14626999999999996
1yzkA,1pujA,0.47946,0.71382,0.32376,0.48086,0.9764336347579956,0.9408813118934632,c.37.1.8,c.37.1.8,0.15710000000000002
1yzlA,1pujA,0.46693,0.68497,0.32236,0.47289,0.9705425500869752,0.9313503503799438,c.37.1.8,c.37.1.8,0.15053
1yznA,1pujA,0.43651,0.66392,0.31377,0.47236,0.9499659538269044,0.9504321217536926,l.1.1.1,c.37.1.8,0.15859
1yzqA,1pujA,0.48625,0.68858,0.32307,0.45659,0.9515376687049866,0.9305278062820436,c.37.1.8,c.37.1.8,0.13351999999999997
1yzqA,1u7oA,0.40902,0.50592,0.40902,0.50592,0.7110441327095032,0.7160589098930359,c.37.1.8,c.108.1.17,0.09690000000000004
1yztA,1pujA,0.45097,0.6888,0.28606,0.43411,0.9704545736312866,0.9512311220169068,c.37.1.8,c.37.1.8,0.14805000000000001
1yzuA,1pujA,0.46916,0.69222,0.31484,0.4622,0.9709050059318542,0.9487059712409972,c.37.1.0,c.37.1.8,0.14736
1z06A,1pujA,0.44498,0.66877,0.29895,0.44667,0.9708728790283204,0.9517447352409364,c.37.1.8,c.37.1.8,0.14772000000000002
1z06A,1u7oA,0.39522,0.4977,0.39522,0.4977,0.7036124467849731,0.7160564661026001,c.37.1.8,c.108.1.17,0.10247999999999996
1z07A,1pujA,0.47259,0.7043,0.31492,0.46782,0.9738905429840088,0.947013795375824,l.1.1.1,c.37.1.8,0.15290000000000004
1z07A,1htwA,0.39112,0.47965,0.39112,0.47965,0.7680917978286743,0.8983583450317383,l.1.1.1,c.37.1.18,0.08853
1z08A,1pujA,0.4611,0.69861,0.30025,0.45177,0.9676928520202636,0.9410219788551332,c.37.1.8,c.37.1.8,0.15152
1z0aA,1pujA,0.4753,0.707,0.31886,0.47279,0.9722265005111694,0.9449533224105836,c.37.1.8,c.37.1.8,0.15393
1z0dA,1pujA,0.47311,0.69275,0.31564,0.46105,0.9750243425369264,0.952049970626831,c.37.1.8,c.37.1.8,0.14541000000000004
1z0fA,1pujA,0.45228,0.6737,0.30887,0.45356,0.9726415872573853,0.9479935765266418,c.37.1.0,c.37.1.8,0.14469000000000004
1z0jA,1pujA,0.47842,0.70021,0.32384,0.47408,0.9759724736213684,0.9393657445907592,l.1.1.1,c.37.1.8,0.15023999999999998
1z0kA,1pujA,0.4746,0.68762,0.32279,0.46751,0.9732701778411864,0.9285255670547484,c.37.1.8,c.37.1.8,0.14471999999999996
1z22A,1pujA,0.46684,0.69324,0.31265,0.46117,0.9634795188903807,0.9501299858093262,c.37.1.8,c.37.1.8,0.14852000000000004
1z22A,1nzjA,0.37777,0.48966,0.25827,0.33053,0.7286038994789124,0.8186883330345154,c.37.1.8,c.26.1.1,0.07225999999999999
1z22A,1fl9A,0.36917,0.45017,0.36917,0.45017,0.7636566162109375,0.8812243342399597,c.37.1.8,c.37.1.18,0.08100000000000002
1z2cA,1pujA,0.37196,0.66023,0.28066,0.4716,0.9684547185897828,0.9530367851257324,c.37.1.8,c.37.1.8,0.19094
1z5nA,1j7jA,0.32784,0.36785,0.32784,0.36785,0.3518507480621338,0.3960849046707153,l.1.1.1,c.61.1.1,0.04000999999999999
1z5oA,1hgxA,0.30377,0.37355,0.30377,0.37355,0.3175118565559387,0.3871438205242157,l.1.1.1,c.61.1.1,0.06978000000000001
1z6xA,1pujA,0.43982,0.64354,0.31011,0.4555,0.9626913070678712,0.9095519781112672,c.37.1.8,c.37.1.8,0.14539000000000002
1z6yA,1pujA,0.37966,0.6299,0.28137,0.42992,0.9619092345237732,0.9175875186920166,c.37.1.0,c.37.1.8,0.14855000000000002
1zbdA,1pujA,0.47286,0.68931,0.32646,0.47395,0.9729904532432556,0.9392624497413636,c.37.1.8,c.37.1.8,0.14749
1zbdA,1fl9A,0.37766,0.45554,0.37766,0.45554,0.7647750377655029,0.8857594728469849,c.37.1.8,c.37.1.18,0.07788
1zc3A,1pujA,0.48636,0.70207,0.3384,0.48733,0.970356583595276,0.9489666819572448,c.37.1.8,c.37.1.8,0.14893
1zd9A,1pujA,0.44629,0.66791,0.30296,0.45006,0.9627469778060912,0.9321130514144896,l.1.1.1,c.37.1.8,0.1471
1zesA,1t9gR,0.4851,0.54656,0.36272,0.40703,0.6416158080101013,0.6913278102874756,c.23.1.1,c.26.2.3,0.044310000000000016
1zesA,1wy7A,0.55867,0.56213,0.38521,0.39394,0.7033243179321289,0.4516351222991943,c.23.1.1,c.66.1.32,0.008730000000000016
1zesA,1b93A,0.48922,0.56437,0.42546,0.48793,0.8500024080276489,0.8860750198364258,c.23.1.1,c.24.1.2,0.06246999999999997
1zggA,1nonA,0.42773,0.53829,0.40582,0.50885,0.5713217258453369,0.7620973587036133,c.44.1.0,c.61.1.1,0.10303000000000001
1zggA,1a3cA,0.43833,0.4943,0.40524,0.45813,0.5789381861686707,0.74692302942276,c.44.1.0,c.61.1.1,0.05288999999999999
1zggA,2imgA,0.33824,0.50843,0.33824,0.50843,0.3700239360332489,0.7539385557174683,c.44.1.0,,0.17019000000000006
1zgzA,1t9gR,0.45449,0.56012,0.33732,0.39959,0.6369460821151733,0.6968954205513,c.23.1.1,c.26.2.3,0.06226999999999999
1zgzA,1fukA,0.49778,0.5631,0.40749,0.4577,0.6942774057388306,0.6318526268005371,c.23.1.1,c.37.1.19,0.05020999999999998
1zgzA,1h1dA,0.57458,0.60481,0.35951,0.39003,0.5882012248039246,0.5429505109786987,c.23.1.1,c.66.1.1,0.03051999999999999
1zicA,1so8A,0.44945,0.44945,0.44945,0.44945,0.676666796207428,0.689816951751709,c.69.1.9,c.2.1.2,0.0
1zixA,1so8A,0.44851,0.44851,0.44851,0.44851,0.6768616437911987,0.6879092454910278,c.69.1.9,c.2.1.2,0.0
1zj6A,1pujA,0.44171,0.64276,0.30892,0.44786,0.9610478281974792,0.9035263061523438,c.37.1.8,c.37.1.8,0.13894
1zosA,1j7jA,0.32773,0.31928,0.32773,0.31928,0.3602098822593689,0.3899492025375366,c.56.2.0,c.61.1.1,-0.008450000000000013
1zvqA,1pujA,0.47413,0.69844,0.31982,0.46774,0.9689954519271852,0.9516034126281738,c.37.1.8,c.37.1.8,0.14792
1zvqA,1t9gR,0.37916,0.48583,0.3529,0.44898,0.6286762952804565,0.8802191615104675,c.37.1.8,c.26.2.3,0.09608
1zwkA,1i0lA,0.47799,0.58302,0.43361,0.52668,0.6784347295761108,0.8270293474197388,c.23.5.8,c.61.1.1,0.09307000000000004
1zwyA,1ekeA,0.3213,0.45749,0.25489,0.36049,0.5807068347930908,0.9289771318435668,c.51.4.3,c.55.3.1,0.10559999999999997
1zz0A,1x7gA,0.308,0.41524,0.308,0.41524,0.4795894026756286,0.6822153925895691,,c.2.1.2,0.10724
221pA,1pujA,0.48689,0.70472,0.32553,0.47081,0.969948947429657,0.946703314781189,c.37.1.8,c.37.1.8,0.14528000000000002
2a5dA,1pujA,0.47062,0.70276,0.31052,0.46078,0.9613792896270752,0.909665584564209,c.37.1.8,c.37.1.8,0.15026
2a5gA,1pujA,0.46574,0.70034,0.30679,0.4575,0.960702121257782,0.9133700132369996,c.37.1.8,c.37.1.8,0.15071
2a5jA,1pujA,0.46023,0.67961,0.32821,0.48287,0.9686673879623412,0.9482978582382202,l.1.1.1,c.37.1.8,0.15466000000000002
2a78A,1pujA,0.48822,0.70218,0.33474,0.47948,0.9646222591400146,0.9559991359710692,c.37.1.8,c.37.1.8,0.14474000000000004
2aedA,1pujA,0.48301,0.70733,0.30631,0.44315,0.9710557460784912,0.958415985107422,c.37.1.8,c.37.1.8,0.13683999999999996
2al7A,1pujA,0.4794,0.70584,0.3056,0.44558,0.953333854675293,0.922940731048584,l.1.1.1,c.37.1.8,0.13998
2atvA,1pujA,0.47598,0.68456,0.32383,0.46451,0.9601153135299684,0.9532318115234376,c.37.1.8,c.37.1.8,0.14067999999999997
2atxA,1pujA,0.44394,0.64382,0.32731,0.47488,0.961357593536377,0.9505895972251892,c.37.1.8,c.37.1.8,0.14757000000000003
2ayzA,1i0lA,0.5056,0.5056,0.37773,0.37773,0.7829257249832153,0.7426831722259521,c.23.1.1,c.61.1.1,0.0
2b0cA,1o1xA,0.32667,0.38955,0.32667,0.38955,0.4430586099624634,0.5922157168388367,c.108.1.2,l.1.1.1,0.06287999999999999
2b4aA,1byrA,0.41226,0.47456,0.34227,0.38962,0.6035802364349365,0.6129028797149658,c.23.1.1,d.136.1.1,0.04735
2b6hA,1pujA,0.4462,0.65135,0.31042,0.45097,0.9548549652099608,0.8999946117401123,l.1.1.1,c.37.1.8,0.14055
2b98A,2a1fA,0.42108,0.42108,0.28608,0.28608,0.5223012566566467,0.4506461024284363,,l.1.1.1,0.0
2b98A,2bneA,0.51987,0.51987,0.34359,0.34359,0.488526850938797,0.4509165287017822,,c.73.1.3,0.0
2bcgY,1pujA,0.44761,0.63867,0.34509,0.49187,0.9727307558059692,0.9365209937095642,c.37.1.8,c.37.1.8,0.14677999999999997
2besA,1drkA,0.4818,0.48286,0.31293,0.31852,0.744181215763092,0.6836485862731934,c.121.1.1,c.93.1.1,0.005590000000000039
2besA,1dbpA,0.49248,0.46611,0.31438,0.3116,0.7444556355476379,0.6805417537689209,c.121.1.1,c.93.1.1,-0.0027800000000000047
2bkuA,1pujA,0.45266,0.67258,0.31044,0.45796,0.9624651670455932,0.9296712875366212,c.37.1.8,c.37.1.8,0.14751999999999998
2bmdA,1pujA,0.47952,0.69035,0.33491,0.47998,0.967043161392212,0.9315089583396912,c.37.1.8,c.37.1.8,0.14507000000000003
2bmjA,1pujA,0.43808,0.6404,0.31272,0.45355,0.9683014154434204,0.9183069467544556,c.37.1.8,c.37.1.8,0.14083
2bovA,1pujA,0.48145,0.69661,0.3358,0.48439,0.9724718928337096,0.9583953022956848,c.37.1.0,c.37.1.8,0.14859
2c2hA,1pujA,0.48073,0.69788,0.32382,0.46904,0.9653677344322203,0.9432125091552734,c.37.1.8,c.37.1.8,0.14522000000000002
2c5lA,1pujA,0.47946,0.70588,0.32179,0.47215,0.9712188243865968,0.9465389251708984,c.37.1.8,c.37.1.8,0.15036
2cd7A,2esbA,0.37994,0.54802,0.32554,0.46958,0.3455840945243835,0.7780725955963135,c.44.1.1,c.45.1.0,0.14404
2cd7A,1wrmA,0.36903,0.53323,0.32593,0.46975,0.3461533188819885,0.7852201461791992,c.44.1.1,l.1.1.1,0.14382
2cd7A,2hcmA,0.37712,0.5302,0.3268,0.46049,0.3702297806739807,0.7863895297050476,c.44.1.1,l.1.1.1,0.13369000000000003
2cd7A,1zzwA,0.37692,0.54745,0.34669,0.50158,0.3546120226383209,0.7961375713348389,c.44.1.1,c.45.1.0,0.15489000000000003
2cd7A,1xm2A,0.36797,0.57087,0.34083,0.52306,0.3789293766021728,0.8033450245857239,c.44.1.1,c.45.1.1,0.18222999999999995
2cd7A,1yz4A,0.3785,0.52696,0.32712,0.45895,0.3417656123638153,0.7740725874900818,c.44.1.1,l.1.1.1,0.13183
2cd7A,2imgA,0.38135,0.54016,0.34876,0.49199,0.356969803571701,0.7940570712089539,c.44.1.1,,0.14322999999999997
2cd7A,2hxpA,0.38667,0.5149,0.36081,0.48217,0.3792117238044739,0.7919121980667114,c.44.1.1,c.45.1.1,0.12135999999999997
2cd7A,2g6zA,0.38537,0.54248,0.35437,0.49668,0.3484248518943786,0.7796239852905273,c.44.1.1,l.1.1.1,0.14231
2cd7A,1ywfA,0.42278,0.5867,0.26745,0.36348,0.3468822538852691,0.8162847757339478,c.44.1.1,c.45.1.5,0.09603
2cd7A,1nonA,0.44855,0.57025,0.38386,0.48207,0.5458097457885742,0.7180191874504089,c.44.1.1,c.61.1.1,0.09821000000000002
2cjwA,1pujA,0.44911,0.65804,0.31447,0.45896,0.9687246084213256,0.9514387845993042,c.37.1.8,c.37.1.8,0.14448999999999995
2clsA,1pujA,0.44372,0.66259,0.31756,0.47286,0.967501699924469,0.9423773884773254,c.37.1.8,c.37.1.8,0.1553
2cxxA,1pujA,0.39862,0.65843,0.29488,0.47661,0.9605061411857604,0.9141210913658142,c.37.1.8,c.37.1.8,0.18173
2cyjA,1i3zA,0.34135,0.41738,0.34135,0.41738,0.4885708391666412,0.7153651118278503,c.103.1.1,d.93.1.1,0.07602999999999999
2cyjA,1d1zA,0.32508,0.32508,0.32508,0.32508,0.5036723017692566,0.7162224054336548,c.103.1.1,d.93.1.1,0.0
2d0oB,1h4yA,0.33409,0.45142,0.32189,0.43137,0.4355786144733429,0.6910672187805176,c.51.3.2,c.13.2.1,0.10947999999999997
2d2rA,1xq1A,0.4098,0.46059,0.40557,0.45589,0.6495209336280823,0.6687160730361938,c.101.1.0,c.2.1.2,0.05032000000000003
2d2rA,1ivnA,0.35813,0.45086,0.35813,0.45086,0.4034428000450134,0.7703284621238708,c.101.1.0,c.23.10.5,0.09272999999999998
2d2rA,2ntnA,0.38222,0.4887,0.37854,0.48341,0.6054776906967163,0.6976889371871948,c.101.1.0,c.2.1.0,0.10487000000000002
2d7cA,1pujA,0.46598,0.69676,0.31292,0.46618,0.9749324321746826,0.932016372680664,c.37.1.8,c.37.1.8,0.15326
2d80A,1pv1A,0.35704,0.64226,0.35704,0.64226,0.6461347937583923,0.9892661571502686,c.69.1.37,c.69.1.34,0.28522000000000003
2d80A,1jjfA,0.34839,0.60566,0.34839,0.60566,0.5702037215232849,0.97890704870224,c.69.1.37,c.69.1.2,0.25727
2d80A,1auoA,0.3428,0.57327,0.3428,0.57327,0.5595384836196899,0.9194021821022034,c.69.1.37,c.69.1.14,0.23046999999999995
2d80A,1dqzA,0.32452,0.59182,0.32452,0.59182,0.646160364151001,0.9860468506813048,c.69.1.37,c.69.1.3,0.26730000000000004
2d80A,1va5A,0.31623,0.59461,0.31623,0.59461,0.6550359129905701,0.9870301485061646,c.69.1.37,c.69.1.3,0.27837999999999996
2d80A,1lzkA,0.33147,0.59419,0.33147,0.59419,0.5952585935592651,0.9796590805053712,c.69.1.37,c.69.1.2,0.26272
2d80A,1dqyA,0.35134,0.59181,0.35134,0.59181,0.6660418510437012,0.9860164523124696,c.69.1.37,c.69.1.3,0.24046999999999996
2d80A,1jjiA,0.34743,0.59022,0.34743,0.59022,0.5811050534248352,0.9689880609512328,c.69.1.37,c.69.1.2,0.24278999999999995
2d81A,1pv1A,0.33525,0.64016,0.33525,0.64016,0.6522065997123718,0.9894776344299316,c.69.1.37,c.69.1.34,0.30490999999999996
2d81A,1dqzA,0.3246,0.59101,0.3246,0.59101,0.6507881283760071,0.986931562423706,c.69.1.37,c.69.1.3,0.26641000000000004
2d81A,1jjfA,0.34888,0.60625,0.34888,0.60625,0.5738459229469299,0.9782532453536988,c.69.1.37,c.69.1.2,0.25736999999999993
2d81A,1va5A,0.32875,0.59514,0.32875,0.59514,0.6598798632621765,0.9877977967262268,c.69.1.37,c.69.1.3,0.26639
2d81A,1dqyA,0.31977,0.59361,0.31977,0.59361,0.67097008228302,0.986745059490204,c.69.1.37,c.69.1.3,0.27384
2d81A,1jjiA,0.32765,0.59243,0.32765,0.59243,0.5854036808013916,0.9698757529258728,c.69.1.37,c.69.1.2,0.26478
2d81A,1auoA,0.34392,0.57634,0.34392,0.57634,0.5637989044189453,0.9206030368804932,c.69.1.37,c.69.1.14,0.23241999999999996
2dfkB,1pujA,0.41062,0.64018,0.3088,0.47642,0.9571077823638916,0.9493287801742554,c.37.1.8,c.37.1.8,0.16762
2dj5A,2hupA,0.46708,0.46708,0.39298,0.39298,0.5705965757369995,0.8663744926452637,l.1.1.1,c.37.1.0,0.0
2dj5A,1agpA,0.5006,0.54198,0.40515,0.44511,0.5664324760437012,0.8519718647003174,l.1.1.1,c.37.1.8,0.039959999999999996
2dj5A,521pA,0.49373,0.5397,0.40115,0.44344,0.5675463676452637,0.8520903587341309,l.1.1.1,c.37.1.8,0.042289999999999994
2dpxA,1pujA,0.50981,0.74789,0.30594,0.44646,0.973133623600006,0.942382037639618,c.37.1.8,c.37.1.8,0.14052000000000003
2dpxA,1j7jA,0.46821,0.55842,0.43042,0.51017,0.6193474531173706,0.7010457515716553,c.37.1.8,c.61.1.1,0.07974999999999999
2dpxA,1u7oA,0.43242,0.43242,0.40245,0.40245,0.7009409070014954,0.6784763336181641,c.37.1.8,c.108.1.17,0.0
2erxA,1pujA,0.49612,0.70282,0.33651,0.47474,0.9655770063400269,0.9363263845443726,c.37.1.8,c.37.1.8,0.13823000000000002
2eryA,1pujA,0.47722,0.69663,0.32165,0.46895,0.9685102701187134,0.946873664855957,l.1.1.1,c.37.1.8,0.1473
2ew1A,1pujA,0.47599,0.69846,0.32763,0.47905,0.97552889585495,0.9426100850105286,c.37.1.8,c.37.1.8,0.15142
2f1rA,2hjvA,0.40677,0.40677,0.38785,0.38785,0.9691966772079468,0.8903142213821411,l.1.1.1,c.37.1.0,0.0
2f1rA,1fukA,0.4579,0.52945,0.43853,0.50572,0.9674161672592164,0.91191965341568,l.1.1.1,c.37.1.19,0.06718999999999997
2f51A,1y80A,0.42418,0.4892,0.38983,0.44614,0.5773462653160095,0.6878512501716614,l.1.1.1,,0.05630999999999997
2f7sA,1pujA,0.44671,0.59281,0.32487,0.42852,0.9619460701942444,0.9276811480522156,c.37.1.8,c.37.1.8,0.10365000000000002
2f9lA,1pujA,0.47906,0.69875,0.33286,0.48576,0.9759216904640198,0.9414418339729308,c.37.1.8,c.37.1.8,0.15290000000000004
2faxA,1o9gA,0.41558,0.56852,0.26869,0.36312,0.512307345867157,0.5474885702133179,c.23.5.1,c.66.1.29,0.09443000000000001
2faxA,1t9gR,0.42839,0.55952,0.34707,0.44928,0.6298336982727051,0.695510745048523,c.23.5.1,c.26.2.3,0.10221000000000002
2faxA,1fukA,0.42435,0.51538,0.38703,0.47124,0.7538913488388062,0.5805191397666931,c.23.5.1,c.37.1.19,0.08421000000000001
2fcjA,1hybA,0.43137,0.50012,0.33704,0.39649,0.649338960647583,0.7041323781013489,c.136.1.1,c.26.1.3,0.05945
2fcjA,1m8gA,0.43427,0.50263,0.34319,0.38963,0.6261491775512695,0.700444221496582,c.136.1.1,c.26.1.3,0.04643999999999998
2fe4A,1pujA,0.4903,0.70247,0.323,0.46053,0.9538705945014954,0.9494070410728456,l.1.1.1,c.37.1.8,0.13752999999999999
2fekA,1zzwA,0.35828,0.52214,0.35828,0.52214,0.3999456167221069,0.7631955146789551,c.44.1.0,c.45.1.0,0.16386000000000006
2fg5A,1pujA,0.48194,0.70428,0.31971,0.46655,0.9724810123443604,0.9429681897163392,c.37.1.8,c.37.1.8,0.14684000000000003
2fh5A,1skoA,0.46118,0.53776,0.46118,0.53776,0.8041183948516846,0.960177719593048,d.110.4.4,l.1.1.1,0.07658000000000004
2fi1A,1t6t1,0.32291,0.36234,0.32291,0.36234,0.6009044051170349,0.5736605525016785,c.108.1.3,c.136.1.1,0.03943000000000002
2fjuA,1pujA,0.32621,0.67436,0.24996,0.47526,0.9642566442489624,0.946686327457428,c.37.1.8,c.37.1.8,0.22530000000000003
2fjuA,1o94C,0.39217,0.45443,0.32039,0.37059,0.6597700119018555,0.8688093423843384,c.37.1.8,c.26.2.3,0.05019999999999997
2fkaA,1m8gA,0.42844,0.49098,0.34559,0.40324,0.682241678237915,0.7213665246963501,c.23.1.1,c.26.1.3,0.05764999999999998
2fkaA,2hjvA,0.47821,0.56671,0.41197,0.49009,0.7215284109115601,0.5793870687484741,c.23.1.1,c.37.1.0,0.07812000000000002
2fn4A,1pujA,0.46851,0.68689,0.32694,0.47775,0.9706861972808838,0.9567465782165528,c.37.1.8,c.37.1.8,0.15081
2folA,1pujA,0.47495,0.70859,0.29762,0.44281,0.9678442478179932,0.9481818079948424,c.37.1.8,c.37.1.8,0.14518999999999999
2foxA,1fukA,0.42404,0.49237,0.38674,0.44978,0.75992351770401,0.5876709222793579,c.23.5.1,c.37.1.19,0.06304000000000004
2foxA,1t9gR,0.40832,0.55495,0.33362,0.44627,0.631402313709259,0.6970865726470947,c.23.5.1,c.26.2.3,0.11264999999999997
2foxA,1fpzA,0.41629,0.48091,0.35049,0.40519,0.5514054894447327,0.5952445864677429,c.23.5.1,c.45.1.1,0.05469999999999997
2fv8A,1pujA,0.45087,0.65482,0.32549,0.4726,0.96131831407547,0.9415283203125,l.1.1.1,c.37.1.8,0.14711000000000002
2fxvA,2d13A,0.35965,0.44209,0.32778,0.40477,0.5996878147125244,0.857939600944519,c.61.1.1,c.26.2.1,0.07699
2fz5A,1t9gR,0.43018,0.5611,0.34617,0.45316,0.6344549655914307,0.7172727584838867,c.23.5.1,c.26.2.3,0.10699000000000003
2fz5A,2d13A,0.44241,0.52255,0.31336,0.37458,0.6412633061408997,0.6976040601730347,c.23.5.1,c.26.2.1,0.06122
2g0nA,1pujA,0.45744,0.67544,0.32609,0.48094,0.9637699127197266,0.9446535110473632,l.1.1.1,c.37.1.8,0.15485
2g1pA,1g60A,0.32457,0.32457,0.32457,0.32457,0.7678990960121155,0.8402384519577026,c.66.1.28,c.66.1.11,0.0
2g2jA,1qfjA,0.45591,0.45591,0.3509,0.3509,0.4966784119606018,0.7137635946273804,,c.25.1.1,0.0
2g3yA,1pujA,0.45706,0.68342,0.31435,0.46608,0.9685672521591188,0.9534614086151124,c.37.1.8,c.37.1.8,0.15172999999999998
2g6bA,1pujA,0.45211,0.68413,0.29618,0.44563,0.9738219976425172,0.9329358339309692,c.37.1.8,c.37.1.8,0.14945000000000003
2g77B,1pujA,0.44142,0.66058,0.30597,0.45477,0.9747055768966676,0.9314780235290528,c.37.1.8,c.37.1.8,0.1488
2g77B,1fl9A,0.4032,0.48653,0.4032,0.48653,0.7591283321380615,0.8794445991516113,c.37.1.8,c.37.1.18,0.08333000000000002
2g77B,1ebbA,0.38087,0.50481,0.33382,0.44532,0.5709138512611389,0.7439290285110474,c.37.1.8,c.60.1.1,0.11149999999999999
2garA,1wd5A,0.3636,0.45682,0.34314,0.42754,0.7684282064437866,0.9275498390197754,c.65.1.1,c.61.1.1,0.08439999999999998
2gb4A,1booA,0.43131,0.69016,0.3634,0.58,0.7637659311294556,0.9601413011550904,c.66.1.36,c.66.1.11,0.21659999999999996
2gedA,1nrjB,0.60413,0.79446,0.17555,0.17555,0.573935329914093,0.5668331980705261,,c.37.1.8,0.0
2gedA,2fh5B,0.56001,0.75289,0.17907,0.17907,0.5748580098152161,0.5781913995742798,,c.37.1.8,0.0
2gedA,1jmvA,0.34683,0.43814,0.14224,0.14224,0.5965364575386047,0.5715790390968323,,c.26.2.4,0.0
2gf0A,1pujA,0.48512,0.68815,0.33672,0.47545,0.9710376262664796,0.928164005279541,c.37.1.8,c.37.1.8,0.13872999999999996
2gf9A,1pujA,0.4732,0.69454,0.33292,0.48811,0.9653304815292358,0.9263548851013184,l.1.1.1,c.37.1.8,0.15519
2gilA,1pujA,0.48322,0.69926,0.31477,0.45444,0.9507357478141784,0.9476488828659058,c.37.1.8,c.37.1.8,0.13967000000000002
2gj8A,1pujA,0.45195,0.70152,0.28761,0.44106,0.962230920791626,0.8824739456176758,c.37.1.8,c.37.1.8,0.15345000000000003
2gjsA,1pujA,0.50813,0.73321,0.31389,0.44846,0.9682493209838868,0.9458581805229188,c.37.1.8,c.37.1.8,0.13457000000000002
2gm3A,2fwaA,0.4481,0.4481,0.42766,0.42766,0.6173593401908875,0.7802762985229492,c.26.2.4,c.23.8.1,0.0
2gm3A,2fwiA,0.4488,0.4488,0.42829,0.42829,0.618096649646759,0.7712569236755371,c.26.2.4,c.23.8.1,0.0
2gzdA,1pujA,0.46952,0.70952,0.3155,0.47341,0.9768563508987428,0.9367221593856812,c.37.1.8,c.37.1.8,0.15791
2h16A,1pujA,0.4789,0.69604,0.29369,0.42384,0.9691947102546692,0.9252170324325562,c.37.1.0,c.37.1.8,0.13015
2h17A,1pujA,0.46696,0.6795,0.30454,0.44308,0.9641903638839722,0.9096243977546692,c.37.1.0,c.37.1.8,0.13854
2h18A,1pujA,0.44014,0.64694,0.30848,0.45266,0.942347288131714,0.9243351221084596,l.1.1.1,c.37.1.8,0.14418000000000003
2h57A,1pujA,0.38449,0.67749,0.27821,0.45229,0.9612821340560912,0.9269543886184692,c.37.1.0,c.37.1.8,0.17408
2h7vA,1pujA,0.44831,0.65292,0.0,0.0,,,c.37.1.8,c.37.1.8,0.0
2heiA,1pujA,0.48979,0.71974,0.32176,0.47151,0.9651533365249634,0.9447048902511596,c.37.1.8,c.37.1.8,0.14975
2hhgA,1pqwA,0.41569,0.46942,0.32144,0.35987,0.53824383020401,0.6230340600013733,,c.2.1.1,0.03843000000000002
2hhgA,1jbeA,0.43076,0.45656,0.43076,0.45656,0.725042462348938,0.7395349144935608,,c.23.1.1,0.025800000000000045
2hjvA,2al7A,0.42667,0.52313,0.42667,0.52313,0.9744030237197876,0.920950174331665,c.37.1.0,l.1.1.1,0.09645999999999999
2hmsA,1p6qA,0.49417,0.49417,0.49417,0.49417,0.8274635672569275,0.7616071701049805,c.2.1.9,c.23.1.1,0.0
2ho3A,1c1xB,0.43369,0.48082,0.39025,0.42996,0.8872566223144531,0.8211562633514404,,c.58.1.1,0.03971000000000002
2ho3A,1bw9B,0.43499,0.48125,0.39107,0.43007,0.8843549489974976,0.8220909833908081,,c.58.1.1,0.039000000000000035
2hpvA,2cxxA,0.46579,0.46579,0.46579,0.46579,0.6949448585510254,0.7255837917327881,,c.37.1.8,0.0
2ht6A,1pujA,0.47928,0.70028,0.32193,0.46849,0.9617264866828918,0.9490987062454224,c.37.1.8,c.37.1.8,0.14656000000000002
2hupA,1pujA,0.49899,0.72021,0.3295,0.47344,0.9657405614852904,0.9329508543014526,c.37.1.0,c.37.1.8,0.14394
2hv8A,1pujA,0.48218,0.71555,0.32621,0.48364,0.9763951301574708,0.9432520270347596,c.37.1.8,c.37.1.8,0.15743000000000001
2hwwA,1t6t1,0.3061,0.39971,0.3061,0.39971,0.7233612537384033,0.758070707321167,,c.136.1.1,0.09361000000000003
2hwwA,1rkbA,0.38416,0.48084,0.36229,0.45509,0.7193897366523743,0.8152868151664734,,l.1.1.1,0.0928
2hwxA,1t6t1,0.31247,0.38359,0.31247,0.38359,0.6822718381881714,0.7414275407791138,,c.136.1.1,0.07111999999999996
2ic5A,1pujA,0.46162,0.68198,0.32545,0.48079,0.9588478207588196,0.9432128071784972,l.1.1.1,c.37.1.8,0.15533999999999998
2icaA,1w19A,0.44667,0.44667,0.44667,0.44667,0.4479981660842895,0.4934658408164978,l.1.1.1,,0.0
2ielA,1puiA,0.46548,0.55875,0.38157,0.46688,0.6604598760604858,0.8011118769645691,c.26.2.4,c.37.1.8,0.08531
2ielA,2fukA,0.48917,0.50783,0.32715,0.35512,0.3915283381938934,0.6439267992973328,c.26.2.4,c.69.1.36,0.027969999999999995
2il1A,1pujA,0.49619,0.72094,0.32748,0.47326,0.9622865915298462,0.9244623780250548,c.37.1.0,c.37.1.8,0.14578000000000002
2issD,1fy2A,0.56624,0.67534,0.48679,0.58115,0.9013036489486694,0.9471772909164428,l.1.1.1,c.23.16.4,0.09436000000000005
2j0vA,1pujA,0.43146,0.65785,0.30968,0.46855,0.9664665460586548,0.9545067548751832,l.1.1.1,c.37.1.8,0.15887
2j1lA,1pujA,0.43851,0.65741,0.28596,0.41793,0.9644404649734496,0.9441722631454468,c.37.1.0,c.37.1.8,0.13197000000000003
2j1lA,2h58A,0.35149,0.35149,0.21867,0.21867,0.950537085533142,0.9399847984313964,c.37.1.0,,0.0
2j3tC,1veuB,0.50384,0.57102,0.50384,0.57102,0.810210108757019,0.9930368661880492,,l.1.1.1,0.06718000000000002
2j3tC,1skoA,0.54321,0.64292,0.54321,0.64292,0.8282485604286194,0.9828349947929382,,l.1.1.1,0.09971000000000008
2j3tC,1vetB,0.51512,0.58222,0.51512,0.58222,0.8203185200691223,0.9928431510925292,,d.110.7.1,0.06709999999999994
2j3wA,2a2lA,0.42688,0.51525,0.42031,0.50722,0.6347253322601318,0.918159246444702,d.110.4.3,l.1.1.1,0.08690999999999999
2j41A,1htwA,0.34506,0.47471,0.34506,0.47471,0.7638317346572876,0.8778867721557617,c.37.1.0,c.37.1.18,0.12965000000000004
2j41A,1fl9A,0.40452,0.46518,0.40452,0.46518,0.7603559494018555,0.8657028675079346,c.37.1.0,c.37.1.18,0.06065999999999999
2j41A,1pujA,0.36629,0.50598,0.26501,0.36024,0.9051074385643004,0.8460568189620972,c.37.1.0,c.37.1.8,0.09522999999999998
2jaqA,1jo0A,0.24133,0.24133,0.24133,0.24133,0.7402797937393188,0.7130869626998901,c.37.1.0,d.68.4.1,0.0
2jb9A,1t9gR,0.45537,0.53061,0.34409,0.3955,0.6383837461471558,0.7090385556221008,c.23.1.1,c.26.2.3,0.05141000000000001
2jb9A,2hjvA,0.48406,0.6081,0.39993,0.5024,0.7205287218093872,0.6082805395126343,c.23.1.1,c.37.1.0,0.10246999999999995
2jb9A,1iu9A,0.45963,0.5054,0.45963,0.5054,0.7930961847305298,0.8518034815788269,c.23.1.1,c.78.2.1,0.04576999999999998
2nzjA,1pujA,0.48957,0.71288,0.31243,0.45126,0.966692328453064,0.9551066756248474,l.1.1.1,c.37.1.8,0.13883
2o52A,1pujA,0.4875,0.70332,0.33159,0.47613,0.9694371819496156,0.9493607878684998,c.37.1.8,c.37.1.8,0.14454
2ocbA,1pujA,0.46311,0.68279,0.322,0.47378,0.971706748008728,0.931920289993286,c.37.1.8,c.37.1.8,0.15177999999999997
2q21A,1pujA,0.47918,0.69765,0.3318,0.48002,0.9703785181045532,0.950444757938385,c.37.1.8,c.37.1.8,0.14822000000000002
2q21A,2h58A,0.39568,0.39568,0.2555,0.2555,0.9244496822357178,0.9428420662879944,c.37.1.8,,0.0
3nllA,1t5iA,0.44178,0.53117,0.40007,0.48153,0.759243369102478,0.5659592747688293,c.23.5.1,c.37.1.19,0.08146000000000003
3nllA,1t9gR,0.42683,0.55832,0.34648,0.44934,0.6289489269256592,0.7007286548614502,c.23.5.1,c.26.2.3,0.10286000000000001
3nllA,1fukA,0.42437,0.51857,0.38664,0.47379,0.7594175338745117,0.5895960330963135,c.23.5.1,c.37.1.19,0.08715
3rabA,1pujA,0.47328,0.69607,0.32226,0.47265,0.972707986831665,0.935871124267578,c.37.1.8,c.37.1.8,0.15039000000000002
421pA,1pujA,0.4857,0.70463,0.32557,0.47081,0.9686554074287416,0.9412699937820436,c.37.1.8,c.37.1.8,0.14523999999999998
4q21A,1pujA,0.47863,0.6999,0.32615,0.47384,0.9695613384246826,0.9504977464675904,c.37.1.8,c.37.1.8,0.14769
4q21A,1ebbA,0.36292,0.50034,0.31756,0.4366,0.5997728109359741,0.7325049638748169,c.37.1.8,c.60.1.1,0.11903999999999998
521pA,1pujA,0.48858,0.70766,0.32658,0.47233,0.9681963324546814,0.942777156829834,c.37.1.8,c.37.1.8,0.14575000000000005
5chyA,1wo8A,0.48911,0.48911,0.48911,0.48911,0.8613204956054688,0.8765820860862732,c.23.1.1,c.24.1.2,0.0
5chyA,1j8dA,0.51428,0.59866,0.41397,0.47073,0.5212283730506897,0.6594111919403076,c.23.1.1,c.108.1.5,0.05675999999999998
621pA,1pujA,0.48488,0.70335,0.32448,0.4701,0.9705238342285156,0.9437192678451538,c.37.1.8,c.37.1.8,0.14562000000000003
6chyA,1wo8A,0.48799,0.53644,0.48799,0.53644,0.8544604778289795,0.8583518266677856,c.23.1.1,c.24.1.2,0.04845000000000005
721pA,1pujA,0.48678,0.70752,0.32553,0.47199,0.9693449139595032,0.946587860584259,c.37.1.8,c.37.1.8,0.14646000000000003
1bc6A,1iqzA,0.54896,0.54896,0.52852,0.52852,0.8938220739364624,0.9550124406814576,d.58.1.2,d.58.1.4,0.0
1bluA,1jnrB,0.63261,0.63261,0.36284,0.36284,0.8837184309959412,0.9693467617034912,d.58.1.1,d.58.1.5,0.0
1bqxA,1iqzA,0.55171,0.55171,0.53145,0.53145,0.8894305229187012,0.9691540002822876,d.58.1.2,d.58.1.4,0.0
1clfA,1dwlA,0.52028,0.52028,0.50233,0.50233,0.9844005703926086,0.9506648778915404,d.58.1.1,i.4.1.1,0.0
1rgvA,1jnrB,0.61178,0.61178,0.35722,0.35722,0.8801136016845703,0.9719369411468506,d.58.1.1,d.58.1.5,0.0
1rofA,1frkA,0.56063,0.54872,0.38131,0.37516,0.699530839920044,0.844694972038269,d.58.1.4,d.58.1.2,-0.006149999999999989
1rofA,1frjA,0.56669,0.55489,0.38361,0.37738,0.7219098210334778,0.8714299201965332,d.58.1.4,d.58.1.2,-0.006230000000000013
1rofA,1frlA,0.55928,0.54712,0.38082,0.37458,0.7008587121963501,0.8406288623809814,d.58.1.4,d.58.1.2,-0.006239999999999968
1rofA,1friA,0.56231,0.54868,0.38077,0.37518,0.6994355320930481,0.8452434539794922,d.58.1.4,d.58.1.2,-0.005589999999999984
1rofA,1f5bA,0.56179,0.54937,0.38158,0.37524,0.6981236934661865,0.8400415778160095,d.58.1.4,d.58.1.2,-0.006339999999999957
1rofA,1a6lA,0.56553,0.53556,0.38317,0.36664,0.6967505812644958,0.8492113351821899,d.58.1.4,d.58.1.2,-0.01652999999999999
1rofA,1frhA,0.5622,0.5484,0.3807,0.37502,0.7000535726547241,0.8420552611351013,d.58.1.4,d.58.1.2,-0.005679999999999963
1rofA,1h98A,0.55326,0.58737,0.47384,0.50018,0.9437586069107056,0.9463533759117126,d.58.1.4,d.58.1.2,0.026339999999999975
1rofA,1g3oA,0.56212,0.54999,0.3818,0.37539,0.6964105367660522,0.8417829275131226,d.58.1.4,d.58.1.2,-0.006409999999999971
1rofA,1gaoA,0.5592,0.54658,0.37949,0.3741,0.7093151807785034,0.8443804979324341,d.58.1.4,d.58.1.2,-0.005390000000000006
1rofA,2fd2A,0.55887,0.54721,0.38064,0.37458,0.6983197927474976,0.84470534324646,d.58.1.4,d.58.1.2,-0.006059999999999954
1rofA,1axqA,0.55982,0.54795,0.38091,0.37476,0.6946650743484497,0.8441517353057861,d.58.1.4,d.58.1.2,-0.006150000000000044
1rofA,1pc5A,0.56136,0.56136,0.38162,0.38162,0.69673752784729,0.8400503396987915,d.58.1.4,d.58.1.2,0.0
1rofA,1g6bA,0.55991,0.54819,0.38108,0.37504,0.700960636138916,0.8483932614326477,d.58.1.4,d.58.1.2,-0.00603999999999999
1rofA,1ff2A,0.5601,0.5479,0.38124,0.37503,0.7038246393203735,0.8307144641876221,d.58.1.4,d.58.1.2,-0.006210000000000049
1rofA,1ftcA,0.54155,0.57863,0.37313,0.39257,0.7047637104988098,0.834976315498352,d.58.1.4,d.58.1.2,0.019439999999999957
1rofA,1pc4A,0.55976,0.54754,0.38124,0.37501,0.6985073685646057,0.8419822454452515,d.58.1.4,d.58.1.2,-0.006230000000000013
1rofA,1fddA,0.56233,0.55073,0.38205,0.37601,0.6978780031204224,0.8514243364334106,d.58.1.4,d.58.1.2,-0.00603999999999999
2fgoA,1jnrB,0.62432,0.62432,0.36223,0.36223,0.8892362117767334,0.9703292846679688,d.58.1.1,d.58.1.5,0.0
1o50A,2j9lA,0.62109,0.62109,0.54444,0.54444,0.9693169593811036,0.9685677289962769,l.1.1.1,l.1.1.1,0.0
2d4zA,1o50A,0.49902,0.5593,0.49902,0.5593,0.972495436668396,0.9758360981941224,d.37.1.1,l.1.1.1,0.06028
2j9lA,1pbjA,0.49033,0.52368,0.49033,0.52368,0.9801903367042542,0.9619840383529664,l.1.1.1,d.37.1.1,0.033350000000000046
2j9lA,2nycA,0.56831,0.58848,0.56831,0.58848,0.974273443222046,0.9679592847824096,l.1.1.1,d.37.1.1,0.02017000000000002
1a7gE,2iygA,0.53842,0.56101,0.44711,0.46341,0.7748063206672668,0.7920212745666504,d.58.8.1,d.58.10.2,0.01629999999999998
1aq3A,2il5A,0.36487,0.43294,0.32405,0.3764,0.6410529613494873,0.7368988394737244,d.85.1.1,d.129.3.5,0.05235000000000001
1aq3A,1icxA,0.3865,0.39841,0.33942,0.3533,0.620305061340332,0.7145483493804932,d.85.1.1,d.129.3.1,0.013880000000000003
1aq4A,2il5A,0.37022,0.4373,0.3273,0.38127,0.6407232284545898,0.7338392734527588,d.85.1.1,d.129.3.5,0.05397000000000002
1aq4A,1icxA,0.38674,0.4091,0.33985,0.35519,0.6193663477897644,0.7110528349876404,d.85.1.1,d.129.3.1,0.01534000000000002
1aq4A,2b79A,0.39975,0.43331,0.37211,0.40351,0.6554773449897766,0.6949847936630249,d.85.1.1,l.1.1.1,0.031399999999999983
1askA,1kppA,0.38024,0.38024,0.34298,0.34298,0.4753497838973999,0.7266411781311035,d.17.4.2,d.20.1.2,0.0
1b64A,1xn9A,0.43167,0.49528,0.39816,0.45921,0.4377185404300689,0.8567268252372742,d.58.12.1,d.12.1.3,0.06104999999999999
1b64A,1ywxA,0.40248,0.48215,0.36965,0.44474,0.4372792840003967,0.8421978950500488,d.58.12.1,d.12.1.3,0.07509000000000005
1cmiA,1y13A,0.40608,0.58132,0.26965,0.35211,0.5117560625076294,0.7877984046936035,d.39.1.1,d.96.1.2,0.08245999999999998
1cqmA,1i3qK,0.39986,0.56502,0.36148,0.49944,0.4852756559848785,0.8570110201835632,d.58.14.1,d.74.3.2,0.13795999999999997
1cqmA,1uv7A,0.46816,0.545,0.46816,0.545,0.4358458817005157,0.8556230664253235,d.58.14.1,d.67.4.1,0.07684000000000002
1d1rA,1uflA,0.43783,0.49887,0.36583,0.42074,0.639417290687561,0.7829002737998962,l.1.1.1,d.58.5.1,0.054910000000000014
1dhnA,1ygtA,0.38219,0.53362,0.38219,0.53362,0.6859993934631348,0.9322375059127808,d.96.1.3,,0.15143
1dt4A,2cxcA,0.42435,0.51775,0.25597,0.32235,0.5971996784210205,0.8135154247283936,d.51.1.1,,0.06638000000000005
1gczA,1cbkA,0.45499,0.45499,0.37236,0.37236,0.6199434399604797,0.5240607261657715,l.1.1.1,d.58.30.1,0.0
1i5dA,2akpA,0.43413,0.54405,0.43413,0.54405,0.8879339694976807,0.9017002582550048,d.122.1.3,,0.10992000000000002
1is7K,1kafA,0.42594,0.55025,0.35986,0.46571,0.5354005098342896,0.8073710203170776,d.205.1.1,d.199.1.1,0.10585
1j27A,1cbkA,0.53649,0.71181,0.37988,0.46854,0.5013149380683899,0.7704338431358337,d.58.50.1,d.58.30.1,0.08866000000000002
1j27A,2nyiA,0.55998,0.63929,0.37028,0.41468,0.6954642534255981,0.8939998745918274,d.58.50.1,,0.044399999999999995
1j27A,1rtzA,0.5747,0.71988,0.40511,0.49673,0.544920802116394,0.7726450562477112,d.58.50.1,d.58.30.1,0.09161999999999998
1j27A,1dy3A,0.54897,0.71681,0.38778,0.47468,0.5294546484947205,0.7639429569244385,d.58.50.1,d.58.30.1,0.08689999999999998
1j27A,1hq2A,0.54517,0.71775,0.38651,0.47424,0.5250195860862732,0.7697454690933228,d.58.50.1,d.58.30.1,0.08772999999999997
1j27A,1f9hA,0.5461,0.71743,0.38696,0.47403,0.5231401920318604,0.7676246166229248,d.58.50.1,d.58.30.1,0.08706999999999998
1j27A,1tmjA,0.56234,0.73484,0.39496,0.48668,0.5110479593276978,0.7966376543045044,d.58.50.1,d.58.30.1,0.09172000000000002
1j27A,2bkyA,0.37124,0.48032,0.37124,0.48032,0.4377287030220032,0.6083000302314758,d.58.50.1,d.68.6.1,0.10908000000000001
1j27A,1h0xA,0.37502,0.47943,0.37502,0.47943,0.4486764669418335,0.5922142267227173,d.58.50.1,d.68.6.1,0.10441
1j27A,1nfhA,0.36752,0.47112,0.36752,0.47112,0.4505347907543182,0.5641459226608276,d.58.50.1,d.68.6.1,0.10359999999999997
1louA,1i3qK,0.4045,0.5667,0.36348,0.49711,0.4854896664619446,0.857811689376831,d.58.14.1,d.74.3.2,0.13362999999999997
1louA,1xppA,0.39675,0.53551,0.39146,0.527,0.4785104095935821,0.841600775718689,d.58.14.1,d.74.3.2,0.13554000000000005
1louA,2fb0A,0.50164,0.50164,0.50164,0.50164,0.8141270875930786,0.9460503458976746,d.58.14.1,,0.0
1mfiA,1qjhA,0.50524,0.52057,0.50524,0.52057,0.8073077201843262,0.5902277231216431,d.80.1.3,d.58.14.1,0.015329999999999955
1mwqA,1kr4A,0.49528,0.55682,0.46994,0.52596,0.8399472832679749,0.7316186428070068,d.58.4.7,l.1.1.1,0.05601999999999996
1mwqA,1j2vA,0.48894,0.52803,0.48562,0.52423,0.791861891746521,0.7076956629753113,d.58.4.7,d.58.5.2,0.03860999999999998
1mwwA,2ifxA,0.4024,0.4024,0.4024,0.4024,0.8045125007629395,0.5823801159858704,d.80.1.4,l.1.1.1,0.0
1o51A,2f1fA,0.60973,0.60973,0.37014,0.37014,0.8741657733917236,0.891281008720398,l.1.1.1,d.58.18.6,0.0
1o5jA,1pchA,0.43356,0.45617,0.43356,0.45617,0.7086186408996582,0.5708423852920532,l.1.1.1,d.94.1.1,0.02261000000000002
1o5jA,1y4yA,0.42589,0.42589,0.42589,0.42589,0.7107295989990234,0.5650710463523865,l.1.1.1,d.94.1.1,0.0
1o5jA,1mwqA,0.50402,0.54668,0.50402,0.54668,0.8312100768089294,0.7217506766319275,l.1.1.1,d.58.4.7,0.04266000000000003
1q8bA,2nyiA,0.54191,0.64141,0.34403,0.37855,0.7104418277740479,0.9260462522506714,d.58.4.6,,0.034519999999999995
1q8bA,1zpvA,0.50256,0.50256,0.50256,0.50256,0.7541344165802002,0.9379234910011292,d.58.4.6,l.1.1.1,0.0
1qjhA,1xkpB,0.42638,0.6088,0.36275,0.5061,0.4930371046066284,0.7509970664978027,d.58.14.1,d.198.1.1,0.14334999999999998
1qjhA,1k6zA,0.42386,0.56898,0.35618,0.46936,0.5001077651977539,0.6917321681976318,d.58.14.1,l.1.1.1,0.11318
1qjhA,1jyaA,0.41699,0.57572,0.36282,0.49062,0.5118396878242493,0.7225962281227112,d.58.14.1,d.198.1.1,0.12780000000000002
1qjhA,1i3qK,0.42197,0.57605,0.36766,0.48896,0.5036787390708923,0.8977951407432556,d.58.14.1,d.74.3.2,0.12130000000000002
1qy7A,2bxjA,0.50614,0.50614,0.50614,0.50614,0.8501151204109192,0.7910352945327759,d.58.5.1,d.58.14.1,0.0
1r62A,1usmA,0.28388,0.34632,0.28388,0.34632,0.5461233258247375,0.7147901058197021,d.122.1.3,d.74.1.1,0.062439999999999996
1r62A,1usoA,0.27792,0.3504,0.27792,0.3504,0.5207028985023499,0.7359839081764221,d.122.1.3,d.74.1.1,0.07247999999999999
1r62A,1vhfA,0.34882,0.38802,0.34882,0.38802,0.439382940530777,0.5557517409324646,d.122.1.3,l.1.1.1,0.03919999999999996
1r62A,1ru0A,0.31502,0.35219,0.31502,0.35219,0.5399884581565857,0.701551616191864,d.122.1.3,d.74.1.1,0.03716999999999998
1r62A,2acyA,0.29717,0.37203,0.29717,0.37203,0.4333342909812927,0.7902133464813232,d.122.1.3,d.58.10.1,0.07486000000000004
1r62A,1v3zA,0.29292,0.39763,0.29292,0.39763,0.4219622910022735,0.7660411596298218,d.122.1.3,d.58.10.1,0.10470999999999997
1r62A,2bjdA,0.30568,0.39563,0.30568,0.39563,0.4154607057571411,0.7756502032279968,d.122.1.3,d.58.10.0,0.08994999999999997
1r62A,2dclA,0.34559,0.40777,0.34559,0.40777,0.5011100172996521,0.6413674354553223,d.122.1.3,d.58.5.0,0.06218000000000001
1r62A,1ulrA,0.30498,0.39937,0.30498,0.39937,0.4100313484668731,0.7554401159286499,d.122.1.3,d.58.10.1,0.09439000000000003
1r62A,1urrA,0.29652,0.37747,0.29652,0.37747,0.4262267351150512,0.7987384796142578,d.122.1.3,d.58.10.1,0.08095000000000002
1r62A,1dchA,0.32724,0.32724,0.32724,0.32724,0.547018826007843,0.7107862234115601,d.122.1.3,d.74.1.1,0.0
1s14A,1ys3A,0.4033,0.54584,0.4033,0.54584,0.9147007465362548,0.935410499572754,d.122.1.2,d.122.1.3,0.14254
1s14A,1id0A,0.38773,0.57133,0.38773,0.57133,0.8863378763198853,0.9304318428039552,d.122.1.2,d.122.1.3,0.18359999999999999
1s72X,1o22A,0.38826,0.4449,0.252,0.29726,0.3972165286540985,0.6385729312896729,d.29.1.1,d.238.1.1,0.04526000000000002
1ukuA,1mwqA,0.51588,0.51588,0.51588,0.51588,0.8352018594741821,0.7213537693023682,d.58.5.2,d.58.4.7,0.0
1ulrA,1f9hA,0.55938,0.65221,0.36366,0.40846,0.6697756052017212,0.6875488758087158,d.58.10.1,d.58.30.1,0.044800000000000006
1ulrA,1hq2A,0.55848,0.65292,0.36336,0.40829,0.6740835309028625,0.690650224685669,d.58.10.1,d.58.30.1,0.04492999999999997
1ulrA,1dy3A,0.55462,0.64458,0.36141,0.40422,0.6787458658218384,0.6862953305244446,d.58.10.1,d.58.30.1,0.042810000000000015
1ulrA,1cbkA,0.55492,0.6315,0.35769,0.39534,0.649643063545227,0.7262355089187622,d.58.10.1,d.58.30.1,0.03765000000000002
1usmA,1lxnA,0.49062,0.53661,0.42451,0.46396,0.5650840997695923,0.7860704660415649,d.74.1.1,d.58.48.1,0.039449999999999985
1usmA,1lxjA,0.48291,0.58942,0.40445,0.48227,0.4333346486091614,0.7940444946289062,d.74.1.1,d.58.48.1,0.07782
1usoA,1lxnA,0.47409,0.59233,0.40978,0.50184,0.5905357003211975,0.8135685324668884,d.74.1.1,d.58.48.1,0.09205999999999998
1usoA,1lxjA,0.47739,0.58044,0.39302,0.4722,0.4616411626338959,0.8252815008163452,d.74.1.1,d.58.48.1,0.07918000000000003
1utaA,1uawA,0.50038,0.52639,0.50038,0.52639,0.7702707052230835,0.8733484745025635,d.58.52.1,d.58.7.1,0.026009999999999978
1uv7A,1zpvA,0.55597,0.62923,0.51549,0.58704,0.4528693556785583,0.9553146958351136,d.67.4.1,l.1.1.1,0.07155
1uv7A,2acyA,0.57217,0.58942,0.46883,0.48758,0.3069041669368744,0.7757006883621216,d.67.4.1,d.58.10.1,0.01874999999999999
1uv7A,1v3zA,0.53246,0.5835,0.46301,0.51301,0.2911425232887268,0.7554917931556702,d.67.4.1,d.58.10.1,0.04999999999999999
1uv7A,2bjdA,0.54182,0.58676,0.46955,0.51828,0.2934097051620483,0.8061671853065491,d.67.4.1,d.58.10.0,0.04872999999999994
1vjqA,1ulrA,0.53019,0.57741,0.4714,0.50097,0.8712183237075806,0.7528760433197021,k.43.1.1,d.58.10.1,0.02957000000000004
1vjqA,2cz4A,0.61831,0.64835,0.48204,0.50521,0.9330002665519714,0.9160333871841432,k.43.1.1,l.1.1.1,0.023170000000000024
1vjqA,1gnkA,0.60136,0.60136,0.47385,0.47385,0.8822776079177856,0.8983041048049927,k.43.1.1,d.58.5.1,0.0
1vr7A,2aalA,0.41117,0.41117,0.39008,0.39008,0.5215815305709839,0.5918748378753662,d.156.1.2,d.80.1.6,0.0
1wwjA,1cgqA,0.42535,0.42535,0.38747,0.38747,0.7022644877433777,0.7105741500854492,c.47.1.15,d.80.1.3,0.0
1wwjA,1mffA,0.4206,0.4206,0.38456,0.38456,0.7214846014976501,0.7101253271102905,c.47.1.15,d.80.1.3,0.0
1xk8A,1opdA,0.3585,0.39649,0.3585,0.39649,0.7677155137062073,0.5192763209342957,d.58.5.2,d.94.1.1,0.037990000000000024
1xk8A,1pchA,0.37806,0.45397,0.37806,0.45397,0.7455520629882812,0.5434169769287109,d.58.5.2,d.94.1.1,0.07590999999999998
1xk8A,1y4yA,0.38095,0.38095,0.38095,0.38095,0.7487697601318359,0.5410815477371216,d.58.5.2,d.94.1.1,0.0
1ygtA,2dttA,0.40773,0.57367,0.4047,0.5695,0.6054242849349976,0.9386852979660034,,d.96.1.0,0.1648
1yrxA,1nxiA,0.42781,0.44677,0.39561,0.41227,0.6974515318870544,0.7014341354370117,l.1.1.1,l.1.1.1,0.016660000000000008
1z9wA,1ygtA,0.3792,0.55247,0.3792,0.55247,0.6505625247955322,0.9089103937149048,d.96.1.3,,0.17327000000000004
1zhvA,1ulrA,0.36357,0.41892,0.36357,0.41892,0.6788859963417053,0.8308647871017456,l.1.1.1,d.58.10.1,0.05535000000000001
1zhvA,1gnkA,0.34934,0.43281,0.34934,0.43281,0.640740156173706,0.8477317690849304,l.1.1.1,d.58.5.1,0.08346999999999999
1zhvA,1x5pA,0.32841,0.40675,0.32841,0.40675,0.6899461150169373,0.9020927548408508,l.1.1.1,l.1.1.1,0.07834000000000002
1zpvA,1j27A,0.57487,0.70217,0.51389,0.61356,0.730032205581665,0.880658745765686,l.1.1.1,d.58.50.1,0.09967000000000004
1zpvA,2id1A,0.50938,0.52814,0.40173,0.41603,0.5165744423866272,0.595698356628418,l.1.1.1,d.218.1.12,0.014300000000000035
1ztgA,2cxcA,0.40592,0.41434,0.26545,0.27724,0.5975256562232971,0.7721309661865234,l.1.1.1,,0.011789999999999967
2a10A,2b8pA,0.51267,0.54404,0.44337,0.47008,0.8369770646095276,0.8343001008033752,d.58.56.1,l.1.1.1,0.02671000000000001
2a10A,2b8qA,0.52158,0.55604,0.4394,0.47053,0.7718378305435181,0.8427725434303284,d.58.56.1,l.1.1.1,0.03112999999999999
2a10A,1ehwA,0.54928,0.56308,0.44193,0.44763,0.7963721752166748,0.7798527479171753,d.58.56.1,d.58.6.1,0.005699999999999983
2a10A,1b4sA,0.60499,0.60499,0.4597,0.4597,0.7713266611099243,0.7797664403915405,d.58.56.1,d.58.6.1,0.0
2a10A,1u8wA,0.59408,0.59408,0.45887,0.45887,0.7611035108566284,0.7666581869125366,d.58.56.1,d.58.6.1,0.0
2a10A,1npkA,0.60522,0.60522,0.45985,0.45985,0.7771801352500916,0.7727738618850708,d.58.56.1,d.58.6.1,0.0
2a1bA,2b8pA,0.51373,0.55039,0.43651,0.46475,0.8532596826553345,0.7882701754570007,d.58.56.1,l.1.1.1,0.028239999999999987
2aj0A,2nptB,0.3506,0.32219,0.32134,0.29971,0.430361807346344,0.5809440612792969,,d.15.2.2,-0.021630000000000038
2bvzA,1i3qK,0.40487,0.56426,0.36381,0.49583,0.4876805245876312,0.8557353615760803,d.58.14.1,d.74.3.2,0.13201999999999997
2bvzA,1xppA,0.39634,0.54134,0.39105,0.53263,0.4813806116580963,0.8391352891921997,d.58.14.1,d.74.3.2,0.14158000000000004
2bvzA,2fb0A,0.5093,0.56186,0.5093,0.56186,0.8141904473304749,0.9447165727615356,d.58.14.1,,0.05256000000000005
2bxjA,1k6zA,0.40845,0.55349,0.35514,0.47624,0.4774844050407409,0.6133778095245361,d.58.14.1,l.1.1.1,0.12109999999999999
2bxjA,2fb0A,0.49678,0.49678,0.49678,0.49678,0.8012526035308838,0.926910400390625,d.58.14.1,,0.0
2bxjA,1n5bA,0.42394,0.56448,0.35165,0.46421,0.4846114814281463,0.6464040279388428,d.58.14.1,d.198.1.1,0.11256
2bxjA,1i3qK,0.40512,0.55713,0.36604,0.493,0.4882142841815948,0.8361588716506958,d.58.14.1,d.74.3.2,0.12696000000000002
2cz4A,1cqmA,0.5774,0.57855,0.5774,0.57855,0.8265913724899292,0.7835420370101929,l.1.1.1,d.58.14.1,0.0011499999999999844
2cz4A,1louA,0.57508,0.58126,0.57508,0.58126,0.8227235078811646,0.7873827219009399,l.1.1.1,d.58.14.1,0.006179999999999963
2d5rB,2iycA,0.35229,0.34518,0.22268,0.21794,0.6167845129966736,0.6732667088508606,l.1.1.1,d.3.1.7,-0.004739999999999994
2dirA,1ao3A,0.39256,0.49525,0.24868,0.30672,0.4774366021156311,0.593368649482727,l.1.1.1,c.62.1.1,0.05803999999999998
2dttA,2gjvA,0.36299,0.36299,0.30417,0.30417,0.5726205110549927,0.7011715769767761,d.96.1.0,l.1.1.1,0.0
2dttA,1askA,0.30986,0.38987,0.27939,0.34792,0.4545297026634216,0.5289548635482788,d.96.1.0,d.17.4.2,0.06852999999999998
2dttA,1ar0A,0.31813,0.39021,0.28763,0.34897,0.4531396925449371,0.5297151207923889,d.96.1.0,d.17.4.2,0.061340000000000006
2f40A,2u1aA,0.57616,0.57616,0.51571,0.51571,0.9648135900497437,0.9146415591239928,l.1.1.1,d.58.7.1,0.0
2fhmA,1f9hA,0.55421,0.6662,0.37158,0.42124,0.6552351117134094,0.7167235612869263,d.58.10.0,d.58.30.1,0.04965999999999998
2fhmA,1hq2A,0.55234,0.67333,0.37104,0.42381,0.6592968702316284,0.7196488380432129,d.58.10.0,d.58.30.1,0.05277000000000004
2fhmA,1dy3A,0.55125,0.66668,0.36968,0.42062,0.6625460982322693,0.7166385650634766,d.58.10.0,d.58.30.1,0.050939999999999985
2gjfA,1uv7A,0.51809,0.58508,0.5089,0.575,0.4018392860889435,0.9433574676513672,,d.67.4.1,0.06609999999999994
2gjfA,2bjdA,0.55104,0.55104,0.48493,0.48493,0.7306949496269226,0.7015637755393982,,d.58.10.0,0.0
2gjvA,1rtzA,0.391,0.51342,0.36332,0.47049,0.4726924896240234,0.7523496150970459,l.1.1.1,d.58.30.1,0.10717000000000004
2gskB,1rfeA,0.30406,0.46328,0.19912,0.29561,0.4976688027381897,0.616729736328125,d.212.1.2,b.45.1.1,0.09648999999999999
2ia9A,1z54A,0.28595,0.43832,0.23176,0.33676,0.3731506466865539,0.555988073348999,l.1.1.1,d.38.1.1,0.10500000000000001
2ia9A,2cyeA,0.29195,0.4624,0.23613,0.35714,0.3797287940979004,0.5687218308448792,l.1.1.1,d.38.1.1,0.12101
2ifxA,2ns1B,0.45049,0.45049,0.41738,0.41738,0.6810944080352783,0.7806460857391357,l.1.1.1,l.1.1.1,0.0
2iqqA,1s1hK,0.34014,0.44486,0.34014,0.44486,0.3184911608695984,0.898196816444397,d.81.2.1,i.1.1.1,0.10471999999999998
2ivyA,2ak7A,0.34006,0.34006,0.34006,0.34006,0.7050322890281677,0.7026746273040771,d.58.58.1,l.1.1.1,0.0
2o3bB,1cbkA,0.31563,0.42959,0.28185,0.37932,0.5130451321601868,0.5337590575218201,l.1.1.1,d.58.30.1,0.09747
1a23A,1un2A,0.45417,0.81368,0.45417,0.81368,0.9844257831573486,0.9887176156044006,c.47.1.13,c.47.1.13,0.35950999999999994
1ac1A,1un2A,0.50342,0.9387,0.50342,0.9387,0.984773576259613,0.9915183782577516,c.47.1.13,c.47.1.13,0.43528
1acvA,1un2A,0.50519,0.94177,0.50519,0.94177,0.983860433101654,0.9917014837265016,c.47.1.13,c.47.1.13,0.43657999999999997
1bedA,1un2A,0.48111,0.88504,0.46898,0.86295,0.9795492887496948,0.9909828901290894,c.47.1.13,c.47.1.13,0.39397
1fvjA,1un2A,0.50742,0.94509,0.50742,0.94509,0.9846082925796508,0.9908530712127686,c.47.1.13,c.47.1.13,0.43767
1r4wA,1un2A,0.30433,0.5611,0.30433,0.5611,0.9785876274108888,0.9766457080841064,c.47.1.13,c.47.1.13,0.25677000000000005
1ti1A,1un2A,0.48785,0.93896,0.48785,0.93896,0.9912670850753784,0.9952080249786376,c.47.1.13,c.47.1.13,0.45111
1un2A,1bq7A,0.51353,0.96431,0.51353,0.96431,0.9891652464866638,0.9955768585205078,c.47.1.13,c.47.1.13,0.45077999999999996
1un2A,2b3sA,0.47834,0.91446,0.47593,0.90986,0.9857510924339294,0.993427276611328,c.47.1.13,c.47.1.13,0.43393
1xj4A,1udiI,0.31972,0.31972,0.31972,0.31972,0.590125322341919,0.7399691939353943,d.110.3.2,d.17.5.1,0.0
1xo1A,1x92A,0.28086,0.32724,0.28086,0.32724,0.584908127784729,0.7276303172111511,c.120.1.2,c.80.1.3,0.04637999999999998
1yzxA,1un2A,0.30365,0.5655,0.30365,0.5655,0.9767621159553528,0.971316695213318,c.47.1.13,c.47.1.13,0.26185
2b6mA,1un2A,0.50505,0.95804,0.50505,0.95804,0.9862810373306274,0.9930421113967896,c.47.1.13,c.47.1.13,0.45299
2in3A,1un2A,0.34446,0.6395,0.34446,0.6395,0.9639431238174438,0.9463019967079164,,c.47.1.13,0.29503999999999997
1ne9A,2hv2A,0.47437,0.58842,0.4309,0.52972,0.8245363235473633,0.9666754007339478,d.108.1.4,d.108.1.10,0.09881999999999996
1ne9A,2i00A,0.45958,0.57789,0.40587,0.50476,0.856810986995697,0.9736183881759644,d.108.1.4,d.108.1.10,0.09888999999999998
1xe4A,2hv2A,0.47581,0.59132,0.43224,0.53209,0.8324164152145386,0.9693199396133424,d.108.1.4,d.108.1.10,0.09984999999999994
1xe4A,2i00A,0.45702,0.58056,0.40431,0.50684,0.8603626489639282,0.974862813949585,d.108.1.4,d.108.1.10,0.10252999999999995
1xf8A,2hv2A,0.47354,0.59084,0.43024,0.53167,0.8353433609008789,0.9656630158424376,d.108.1.4,d.108.1.10,0.10142999999999996
1xf8A,2i00A,0.45886,0.58051,0.40551,0.5068,0.8607620000839233,0.9710348844528198,d.108.1.4,d.108.1.10,0.10129000000000005
2ab5A,1mowA,0.60886,0.66448,0.60886,0.66448,0.942900002002716,0.9730792045593262,d.95.2.0,d.95.2.1,0.05562
