struct1	struct2	Progres_score	CIRPIN_score
000007380	000007414	0.5405	0.9449
000007380	000379641	0.4452	0.9062
000007380	001718744	0.4785	0.9035
000007380	003221501	0.5326	0.9083
000007380	003256028	0.5018	0.9011
000007380	003259022	0.3664	0.9249
000007380	003276533	0.4473	0.9119
000007380	003277734	0.4022	0.9338
000007380	003278461	0.4903	0.9607
000007380	003326231	0.4570	0.9168
000007380	003384708	0.3828	0.9592
000007380	003388306	0.4418	0.9374
000007380	003489485	0.4176	0.9121
000007380	003599834	0.4722	0.9097
000007380	003699154	0.3628	0.9058
000007380	003707024	0.5382	0.9198
000007380	003893356	0.4203	0.9306
000007380	003926817	0.4466	0.9194
000007380	003927485	0.5186	0.9366
000007380	003932681	0.3803	0.9064
000007380	003974487	0.4172	0.9112
000007380	003979604	0.5510	0.9464
000007380	003980597	0.4153	0.9519
000007380	003983612	0.5290	0.9513
000007380	003988870	0.4894	0.9181
000007380	004002734	0.5302	0.9404
000007380	004009350	0.5278	0.9583
000007380	004028987	0.4949	0.9519
000007380	004034170	0.4380	0.9519
000007380	004178839	0.5880	0.9113
000007380	004253554	0.4243	0.9557
000007380	004477674	0.5083	0.9619
000007380	004935667	0.5702	0.9475
000007380	004946152	0.4448	0.9332
000007380	005013047	0.4819	0.9511
000007380	005033151	0.4647	0.9614
000007380	005063011	0.4569	0.9318
000007384	000007400	0.5583	0.9028
000007384	001687172	0.5075	0.9419
000007384	001718744	0.5164	0.9034
000007384	003213464	0.5229	0.9001
000007384	003277734	0.4483	0.9311
000007384	003278461	0.5471	0.9020
000007384	003422197	0.5602	0.9208
000007384	003498187	0.6000	0.9091
000007384	003517168	0.5608	0.9007
000007384	003600999	0.5337	0.9022
000007384	003707024	0.5886	0.9088
000007384	003739787	0.5813	0.9035
000007384	003753032	0.5825	0.9022
000007384	003783242	0.5614	0.9078
000007384	003826691	0.5960	0.9233
000007384	003927485	0.5528	0.9027
000007384	003974487	0.4230	0.9258
000007384	003980597	0.4251	0.9422
000007384	004002734	0.5761	0.9037
000007384	004009350	0.5289	0.9245
000007384	004026880	0.5955	0.9105
000007384	004028987	0.5353	0.9092
000007384	004034170	0.4419	0.9281
000007384	004253554	0.4027	0.9482
000007384	004477674	0.4914	0.9150
000007384	004935667	0.5166	0.9297
000007384	005013047	0.4662	0.9230
000007384	005028264	0.4513	0.9035
000007384	005033151	0.4416	0.9008
000007384	005063011	0.5079	0.9133
000007390	000007414	0.5183	0.9069
000007390	003278461	0.5251	0.9250
000007390	003384708	0.5395	0.9222
000007390	003927485	0.5072	0.9143
000007390	003979604	0.5301	0.9106
000007390	003980597	0.5061	0.9309
000007390	003983612	0.5289	0.9115
000007390	004002734	0.5149	0.9139
000007390	004009350	0.5848	0.9362
000007390	004028987	0.5764	0.9146
000007390	004034170	0.5012	0.9030
000007390	004253554	0.4869	0.9049
000007390	004477674	0.5031	0.9078
000007390	004935667	0.5820	0.9073
000007390	005013047	0.5347	0.9143
000007390	005033151	0.5220	0.9240
000007396	003278461	0.3982	0.9182
000007396	003384708	0.4111	0.9073
000007396	003538070	0.5635	0.9466
000007396	003837507	0.5666	0.9506
000007396	004124141	0.5965	0.9131
000007396	004178839	0.5870	0.9459
000007396	004477674	0.4325	0.9215
000007396	005033151	0.4615	0.9251
000007400	002582130	0.5958	0.9357
000007400	003246337	0.5903	0.9058
000007400	003299363	0.5668	0.9208
000007400	003410256	0.5810	0.9035
000007400	003450694	0.5543	0.9245
000007400	003980597	0.5423	0.9126
000007400	005063011	0.5772	0.9082
000007406	003221442	0.5525	0.9126
000007406	003259022	0.4160	0.9030
000007406	003278461	0.5606	0.9526
000007406	003326231	0.4702	0.9142
000007406	003384708	0.4172	0.9483
000007406	003388306	0.5195	0.9181
000007406	003538070	0.5658	0.9413
000007406	003596605	0.4809	0.9240
000007406	003599834	0.5530	0.9191
000007406	003607811	0.4641	0.9020
000007406	003707024	0.5674	0.9370
000007406	003840585	0.5684	0.9562
000007406	003980597	0.4681	0.9146
000007406	004028987	0.5022	0.9446
000007406	004253554	0.5579	0.9185
000007406	004477674	0.5667	0.9418
000007406	004613056	0.5880	0.9066
000007406	004935667	0.5589	0.9409
000007406	004946152	0.4723	0.9239
000007406	005063011	0.5808	0.9075
000007410	000146742	0.5582	0.9205
000007410	003468015	0.4506	0.9241
000007410	003762030	0.5227	0.9236
000007410	003917565	0.4930	0.9017
000007410	003926465	0.5800	0.9051
000007410	003969074	0.5101	0.9176
000007412	003201867	0.5145	0.9025
000007412	003249468	0.5189	0.9009
000007412	003452899	0.5501	0.9012
000007413	001687172	0.5414	0.9225
000007413	003221442	0.5593	0.9240
000007413	003221501	0.5968	0.9062
000007413	003259022	0.4696	0.9034
000007413	003278461	0.5959	0.9465
000007413	003326231	0.5144	0.9078
000007413	003384708	0.4577	0.9161
000007413	003707024	0.5756	0.9178
000007413	003823449	0.5711	0.9264
000007413	003927485	0.5847	0.9330
000007413	003980597	0.4904	0.9591
000007413	004002734	0.5953	0.9253
000007413	004028987	0.5511	0.9270
000007413	004034170	0.5392	0.9516
000007413	004253554	0.4984	0.9594
000007413	004477674	0.5346	0.9451
000007413	004935667	0.5536	0.9542
000007413	005013047	0.5454	0.9487
000007413	005033151	0.5353	0.9435
000007413	005063011	0.5991	0.9252
000007414	000154189	0.5337	0.9073
000007414	000154893	0.4834	0.9088
000007414	000161350	0.5055	0.9031
000007414	000162672	0.4750	0.9073
000007414	000168845	0.4845	0.9053
000007414	000170125	0.5295	0.9010
000007414	000182479	0.5654	0.9162
000007414	000185067	0.5289	0.9002
000007414	000185222	0.5157	0.9670
000007414	000185622	0.5579	0.9153
000007414	000185736	0.5204	0.9283
000007414	000286929	0.4724	0.9392
000007414	000423593	0.4540	0.9063
000007414	001064055	0.4566	0.9096
000007414	001069946	0.5205	0.9176
000007414	001156223	0.5902	0.9258
000007414	001165617	0.5779	0.9519
000007414	001165734	0.5796	0.9071
000007414	001263590	0.5040	0.9315
000007414	001291949	0.5055	0.9199
000007414	001293874	0.4926	0.9000
000007414	001309666	0.5286	0.9258
000007414	001718744	0.4038	0.9073
000007414	001844150	0.5363	0.9029
000007414	001905738	0.4006	0.9318
000007414	002076995	0.5545	0.9311
000007414	002141735	0.5653	0.9198
000007414	002570822	0.5409	0.9493
000007414	002793930	0.5786	0.9154
000007414	003172078	0.4489	0.9115
000007414	003192494	0.5031	0.9174
000007414	003216437	0.5261	0.9029
000007414	003216614	0.4753	0.9264
000007414	003219408	0.4889	0.9161
000007414	003221476	0.4450	0.9055
000007414	003223487	0.5959	0.9491
000007414	003224737	0.5759	0.9000
000007414	003226100	0.5570	0.9421
000007414	003226704	0.4881	0.9196
000007414	003229331	0.5702	0.9287
000007414	003233596	0.5851	0.9170
000007414	003234755	0.5412	0.9319
000007414	003236706	0.5583	0.9454
000007414	003238915	0.4700	0.9338
000007414	003240167	0.5606	0.9031
000007414	003242975	0.5671	0.9212
000007414	003244679	0.5257	0.9018
000007414	003246511	0.5469	0.9108
000007414	003246514	0.5234	0.9152
000007414	003248099	0.5828	0.9076
000007414	003249973	0.4547	0.9133
000007414	003250297	0.5400	0.9279
000007414	003252600	0.5760	0.9287
000007414	003252749	0.5994	0.9440
000007414	003260560	0.5263	0.9374
000007414	003261680	0.5796	0.9272
000007414	003265781	0.5339	0.9170
000007414	003273778	0.5937	0.9040
000007414	003274867	0.5810	0.9200
000007414	003277753	0.5545	0.9358
000007414	003285183	0.4922	0.9158
000007414	003286961	0.3954	0.9161
000007414	003291157	0.4353	0.9255
000007414	003294494	0.4838	0.9274
000007414	003299435	0.5724	0.9275
000007414	003313315	0.5839	0.9079
000007414	003317119	0.5625	0.9285
000007414	003354341	0.5303	0.9131
000007414	003360341	0.5668	0.9575
000007414	003366188	0.5057	0.9005
000007414	003377025	0.5144	0.9113
000007414	003382767	0.4948	0.9070
000007414	003385461	0.4525	0.9226
000007414	003385474	0.4592	0.9149
000007414	003391656	0.5621	0.9202
000007414	003392282	0.4061	0.9158
000007414	003392327	0.5700	0.9339
000007414	003395889	0.5356	0.9212
000007414	003401763	0.5555	0.9326
000007414	003404595	0.5988	0.9531
000007414	003413037	0.5665	0.9597
000007414	003417523	0.5728	0.9223
000007414	003419533	0.5724	0.9048
000007414	003419895	0.5719	0.9313
000007414	003421122	0.5419	0.9308
000007414	003422428	0.5713	0.9126
000007414	003433434	0.5817	0.9288
000007414	003443485	0.5820	0.9283
000007414	003444353	0.5482	0.9177
000007414	003460558	0.5265	0.9175
000007414	003470550	0.5272	0.9099
000007414	003470973	0.5806	0.9437
000007414	003479869	0.5380	0.9292
000007414	003481577	0.5750	0.9265
000007414	003484082	0.5675	0.9490
000007414	003484446	0.4293	0.9373
000007414	003486878	0.5638	0.9302
000007414	003487845	0.4158	0.9313
000007414	003488949	0.5468	0.9398
000007414	003489030	0.5842	0.9241
000007414	003492087	0.4531	0.9313
000007414	003492173	0.4992	0.9424
000007414	003497089	0.5666	0.9352
000007414	003502919	0.5363	0.9719
000007414	003505458	0.5815	0.9241
000007414	003508304	0.4887	0.9140
000007414	003510485	0.5355	0.9189
000007414	003514367	0.5589	0.9430
000007414	003514380	0.5614	0.9393
000007414	003519107	0.5333	0.9221
000007414	003520211	0.5066	0.9117
000007414	003520282	0.5877	0.9323
000007414	003522616	0.4137	0.9297
000007414	003527040	0.5885	0.9174
000007414	003529004	0.5047	0.9038
000007414	003532456	0.5147	0.9163
000007414	003564430	0.5666	0.9065
000007414	003567565	0.5426	0.9267
000007414	003568385	0.5271	0.9078
000007414	003576622	0.4948	0.9232
000007414	003577625	0.5474	0.9429
000007414	003582980	0.4275	0.9228
000007414	003588655	0.5905	0.9253
000007414	003589934	0.5668	0.9369
000007414	003590884	0.5397	0.9279
000007414	003591559	0.5587	0.9083
000007414	003591607	0.5623	0.9309
000007414	003592488	0.4965	0.9227
000007414	003593299	0.4390	0.9165
000007414	003595390	0.4435	0.9087
000007414	003595501	0.5622	0.9099
000007414	003597122	0.4652	0.9140
000007414	003597269	0.5027	0.9021
000007414	003597789	0.5002	0.9293
000007414	003598597	0.4655	0.9389
000007414	003598651	0.4523	0.9227
000007414	003599176	0.3903	0.9193
000007414	003599666	0.4927	0.9209
000007414	003600113	0.5851	0.9368
000007414	003600156	0.4514	0.9227
000007414	003601074	0.4547	0.9222
000007414	003601244	0.4994	0.9017
000007414	003601553	0.5184	0.9397
000007414	003607742	0.5984	0.9271
000007414	003607811	0.5847	0.9546
000007414	003612063	0.4590	0.9230
000007414	003612977	0.4839	0.9176
000007414	003613205	0.5607	0.9231
000007414	003615365	0.5781	0.9194
000007414	003617140	0.5710	0.9373
000007414	003620332	0.5451	0.9203
000007414	003624308	0.5395	0.9095
000007414	003635578	0.4498	0.9329
000007414	003648296	0.5353	0.9053
000007414	003656345	0.5728	0.9321
000007414	003661135	0.5706	0.9192
000007414	003668220	0.5528	0.9325
000007414	003672618	0.5680	0.9259
000007414	003674165	0.5144	0.9441
000007414	003676121	0.5685	0.9334
000007414	003679431	0.5172	0.9239
000007414	003682574	0.4966	0.9254
000007414	003688421	0.5048	0.9398
000007414	003688874	0.4919	0.9124
000007414	003689984	0.5486	0.9045
000007414	003699969	0.5448	0.9281
000007414	003700021	0.3965	0.9407
000007414	003700484	0.5814	0.9151
000007414	003700860	0.4242	0.9144
000007414	003701828	0.3882	0.9422
000007414	003702769	0.4785	0.9089
000007414	003703958	0.4360	0.9384
000007414	003704546	0.4288	0.9030
000007414	003705335	0.5393	0.9279
000007414	003706854	0.4533	0.9096
000007414	003712793	0.5870	0.9174
000007414	003713577	0.5030	0.9374
000007414	003716697	0.5504	0.9173
000007414	003717955	0.4846	0.9062
000007414	003719290	0.5007	0.9471
000007414	003723538	0.5892	0.9429
000007414	003724767	0.4876	0.9087
000007414	003731198	0.5675	0.9084
000007414	003735038	0.5204	0.9074
000007414	003745990	0.5517	0.9274
000007414	003776905	0.5595	0.9117
000007414	003781999	0.4818	0.9124
000007414	003791026	0.5819	0.9113
000007414	003793204	0.5551	0.9164
000007414	003795430	0.5863	0.9310
000007414	003797750	0.4987	0.9010
000007414	003804059	0.5063	0.9253
000007414	003807595	0.5858	0.9327
000007414	003809821	0.5384	0.9145
000007414	003817230	0.5261	0.9453
000007414	003832249	0.5628	0.9012
000007414	003838874	0.4917	0.9194
000007414	003856901	0.4931	0.9064
000007414	003873634	0.5150	0.9272
000007414	003879415	0.4477	0.9283
000007414	003884055	0.5911	0.9140
000007414	003884108	0.5735	0.9138
000007414	003891882	0.5516	0.9276
000007414	003906939	0.5513	0.9466
000007414	003912861	0.4829	0.9231
000007414	003916040	0.4763	0.9308
000007414	003923768	0.4921	0.9178
000007414	003938586	0.5468	0.9219
000007414	003940173	0.5357	0.9230
000007414	003940207	0.5818	0.9325
000007414	003940760	0.5250	0.9176
000007414	003947337	0.4158	0.9078
000007414	003947596	0.4440	0.9104
000007414	003961475	0.5763	0.9727
000007414	003963455	0.4847	0.9262
000007414	003966067	0.4779	0.9156
000007414	003968700	0.4335	0.9051
000007414	003970579	0.5139	0.9417
000007414	003971907	0.4382	0.9045
000007414	003972041	0.5021	0.9372
000007414	003972547	0.4996	0.9411
000007414	003974873	0.5695	0.9481
000007414	003975571	0.5323	0.9053
000007414	003976351	0.5985	0.9477
000007414	003987478	0.5088	0.9022
000007414	003993203	0.5390	0.9595
000007414	003998812	0.5298	0.9102
000007414	004000671	0.5583	0.9213
000007414	004011362	0.4010	0.9047
000007414	004012314	0.4608	0.9084
000007414	004016655	0.5114	0.9162
000007414	004020992	0.4952	0.9055
000007414	004021473	0.5872	0.9238
000007414	004021801	0.4875	0.9354
000007414	004021962	0.4921	0.9022
000007414	004024702	0.5429	0.9198
000007414	004024826	0.5034	0.9153
000007414	004026925	0.5742	0.9038
000007414	004027374	0.5306	0.9044
000007414	004029401	0.5181	0.9202
000007414	004030387	0.4576	0.9259
000007414	004030940	0.4816	0.9005
000007414	004046385	0.5247	0.9116
000007414	004047160	0.5587	0.9417
000007414	004053732	0.5703	0.9194
000007414	004059449	0.5093	0.9234
000007414	004064452	0.5593	0.9061
000007414	004068454	0.5928	0.9010
000007414	004076563	0.5045	0.9111
000007414	004078132	0.4756	0.9168
000007414	004127832	0.5607	0.9266
000007414	004136524	0.5828	0.9046
000007414	004201023	0.4474	0.9296
000007414	004241417	0.5542	0.9069
000007414	004261492	0.4510	0.9175
000007414	004265943	0.5038	0.9006
000007414	004268173	0.5806	0.9361
000007414	004277582	0.4409	0.9144
000007414	004377695	0.5751	0.9293
000007414	004391291	0.5729	0.9193
000007414	004405252	0.5075	0.9186
000007414	004415790	0.5316	0.9069
000007414	004429823	0.5741	0.9175
000007414	004448672	0.5746	0.9093
000007414	004476649	0.4454	0.9050
000007414	004483125	0.5086	0.9113
000007414	004487335	0.4957	0.9113
000007414	004494806	0.5650	0.9183
000007414	004500222	0.4978	0.9273
000007414	004505160	0.5151	0.9265
000007414	004533388	0.5707	0.9015
000007414	004548389	0.5426	0.9016
000007414	004562486	0.4821	0.9286
000007414	004592780	0.5310	0.9032
000007414	004608704	0.4880	0.9168
000007414	004627786	0.5578	0.9280
000007414	004663619	0.5765	0.9180
000007414	004668932	0.4699	0.9040
000007414	004669027	0.4921	0.9124
000007414	004675879	0.4655	0.9066
000007414	004937587	0.5392	0.9426
000007414	004957284	0.5371	0.9700
000007414	004960361	0.5814	0.9345
000007414	004960783	0.5605	0.9139
000007414	004970161	0.5848	0.9244
000007414	004974745	0.5803	0.9470
000007414	004977576	0.5905	0.9641
000007414	004978305	0.5449	0.9403
000007414	004978402	0.5899	0.9080
000007414	005013895	0.5214	0.9231
000007414	005016484	0.4865	0.9253
000007414	005019689	0.5668	0.9501
000007414	005021918	0.5285	0.9184
000007414	005030431	0.5619	0.9387
000007414	005032667	0.5836	0.9040
000007414	005033092	0.5774	0.9147
000007414	005034502	0.5502	0.9225
000007414	005035935	0.5261	0.9379
000007414	005040936	0.4942	0.9086
000007414	005046498	0.5625	0.9462
000007414	005056599	0.4661	0.9304
000007414	005056886	0.5785	0.9019
000007414	005060709	0.5578	0.9121
000007414	005063005	0.4869	0.9078
000007414	005064017	0.4747	0.9245
000007414	005064725	0.5953	0.9472
000007414	005080542	0.5534	0.9319
000007414	005082717	0.4670	0.9008
000138927	003278461	0.4585	0.9330
000138927	003427234	0.5800	0.9048
000138927	003538070	0.5492	0.9398
000138927	003837507	0.5855	0.9148
000138927	004009350	0.5560	0.9044
000138927	004178839	0.5743	0.9467
000138927	004477674	0.4849	0.9261
000138927	005033151	0.4693	0.9256
000142171	003278461	0.5395	0.9273
000142171	003384708	0.5348	0.9335
000142171	003823449	0.5862	0.9058
000142171	003979604	0.5264	0.9028
000142171	003980597	0.5252	0.9228
000142171	003983612	0.5292	0.9074
000142171	004002734	0.5195	0.9038
000142171	004009350	0.5861	0.9279
000142171	004253554	0.4712	0.9050
000142171	004477674	0.5078	0.9188
000142171	004935667	0.5908	0.9008
000142171	005013047	0.5388	0.9043
000142171	005033151	0.5060	0.9204
000146742	000170125	0.4822	0.9018
000146742	000423593	0.3562	0.9072
000146742	002141735	0.4595	0.9324
000146742	002469820	0.4174	0.9204
000146742	002770320	0.4617	0.9023
000146742	003223487	0.4839	0.9227
000146742	003269109	0.4337	0.9390
000146742	003270187	0.4402	0.9006
000146742	003278994	0.3759	0.9004
000146742	003299336	0.4615	0.9136
000146742	003413037	0.4687	0.9025
000146742	003422428	0.3852	0.9161
000146742	003444353	0.4036	0.9250
000146742	003484082	0.4762	0.9022
000146742	003496803	0.4462	0.9267
000146742	003600113	0.4516	0.9283
000146742	003602156	0.5981	0.9444
000146742	003621686	0.5352	0.9009
000146742	003762030	0.3889	0.9132
000146742	003815944	0.4841	0.9164
000146742	003926465	0.4292	0.9291
000146742	003947087	0.4136	0.9275
000146742	003952751	0.3472	0.9209
000146742	003955195	0.5208	0.9162
000146742	003959126	0.3826	0.9352
000146742	003967895	0.4767	0.9107
000146742	003972041	0.4370	0.9073
000146742	003997800	0.4836	0.9123
000146742	004023279	0.3896	0.9057
000146742	004024974	0.4286	0.9342
000146742	004346242	0.4185	0.9143
000146742	004944506	0.5358	0.9022
000146742	004950254	0.4633	0.9069
000146742	004977576	0.4042	0.9017
000146742	004978411	0.4504	0.9010
000146742	004986716	0.4075	0.9132
000146742	004989205	0.3933	0.9073
000146742	005001455	0.4311	0.9070
000146742	005029261	0.4799	0.9245
000146742	005029334	0.3968	0.9004
000146742	005034081	0.4805	0.9217
000146742	005034467	0.3628	0.9104
000146742	005052629	0.4299	0.9224
000146742	005055414	0.4182	0.9293
000146742	005056599	0.4188	0.9120
000146742	005056886	0.4005	0.9275
000146742	005060255	0.3340	0.9257
000146742	005064007	0.4779	0.9080
000146742	005078298	0.4099	0.9066
000146742	005082717	0.4185	0.9048
000146743	004375667	0.5429	0.9009
000146744	005049196	0.5894	0.9422
000150850	003277734	0.5962	0.9221
000150850	003974487	0.5999	0.9406
000150850	003980597	0.5321	0.9097
000150850	004236698	0.5970	0.9460
000150856	003277734	0.5679	0.9062
000150856	003893356	0.5874	0.9029
000150856	003974487	0.5802	0.9214
000150856	003980597	0.4816	0.9031
000153044	002582130	0.5676	0.9239
000153044	002712021	0.5959	0.9183
000153044	003223487	0.5653	0.9140
000153044	003251612	0.5556	0.9029
000153044	003256028	0.5159	0.9003
000153044	003260732	0.5873	0.9002
000153044	003299363	0.5530	0.9252
000153044	003410256	0.5593	0.9076
000153044	003450694	0.5441	0.9293
000153044	003613205	0.5980	0.9090
000153044	003980597	0.5511	0.9339
000153044	005063011	0.5847	0.9048
000153248	000379641	0.5161	0.9147
000153248	001687172	0.4916	0.9057
000153248	001718744	0.4977	0.9035
000153248	001866769	0.5730	0.9002
000153248	003209165	0.5836	0.9023
000153248	003221442	0.5545	0.9364
000153248	003256028	0.5004	0.9126
000153248	003259022	0.4070	0.9283
000153248	003277734	0.4760	0.9167
000153248	003278461	0.5472	0.9323
000153248	003326231	0.4626	0.9165
000153248	003384708	0.4502	0.9452
000153248	003388306	0.5016	0.9064
000153248	003498187	0.5885	0.9015
000153248	003502895	0.5960	0.9003
000153248	003538070	0.5811	0.9274
000153248	003596605	0.5119	0.9146
000153248	003599834	0.5315	0.9103
000153248	003607811	0.4724	0.9075
000153248	003688269	0.5683	0.9080
000153248	003707024	0.5407	0.9307
000153248	003840585	0.5962	0.9061
000153248	003974487	0.5730	0.9354
000153248	003980597	0.4329	0.9637
000153248	003983612	0.5964	0.9269
000153248	004026880	0.5761	0.9142
000153248	004028987	0.4882	0.9356
000153248	004034170	0.5844	0.9450
000153248	004253554	0.5232	0.9485
000153248	004477674	0.5581	0.9286
000153248	004935667	0.5724	0.9466
000153248	004946152	0.5052	0.9113
000153248	005013047	0.5966	0.9468
000153248	005030272	0.5706	0.9139
000153248	005033151	0.5942	0.9403
000153248	005063011	0.5725	0.9481
000154189	003246554	0.4819	0.9345
000154189	003278461	0.5551	0.9275
000154189	003304881	0.3439	0.9093
000154189	003326231	0.4227	0.9019
000154189	003334423	0.4252	0.9241
000154189	003388306	0.4426	0.9165
000154189	003390813	0.4740	0.9329
000154189	003467177	0.5400	0.9269
000154189	003486492	0.4777	0.9552
000154189	003489485	0.4380	0.9021
000154189	003497699	0.5495	0.9565
000154189	003711543	0.4532	0.9421
000154189	003790340	0.5231	0.9469
000154189	003863960	0.4600	0.9325
000154189	003938644	0.3723	0.9123
000154189	003979604	0.5154	0.9040
000154189	003981561	0.4455	0.9100
000154189	003983612	0.5057	0.9066
000154189	003988870	0.4840	0.9022
000154189	004002734	0.5351	0.9075
000154189	004009350	0.5415	0.9023
000154189	004028987	0.4000	0.9202
000154189	004034170	0.5284	0.9472
000154189	004253554	0.4777	0.9300
000154189	004477674	0.5161	0.9209
000154189	004935667	0.4020	0.9256
000154189	005013047	0.4857	0.9360
000154189	005033151	0.4830	0.9498
000154893	003278461	0.4962	0.9186
000154893	003384708	0.5321	0.9460
000154893	003893356	0.5660	0.9015
000154893	003927485	0.4760	0.9058
000154893	003979604	0.4991	0.9136
000154893	003980597	0.4962	0.9382
000154893	003983612	0.4974	0.9171
000154893	004002734	0.4813	0.9098
000154893	004009350	0.5671	0.9331
000154893	004028987	0.5703	0.9174
000154893	004034170	0.4721	0.9036
000154893	004253554	0.4678	0.9094
000154893	004477674	0.4876	0.9102
000154893	004935667	0.5684	0.9076
000154893	004946152	0.5736	0.9047
000154893	005013047	0.5060	0.9099
000154893	005033151	0.4934	0.9196
000154893	005063011	0.5702	0.9082
000161350	003225736	0.3987	0.9015
000161350	003304881	0.3142	0.9059
000161350	003384708	0.3901	0.9019
000161350	003388306	0.4291	0.9043
000161350	003467177	0.4272	0.9004
000161350	003468015	0.3597	0.9548
000161350	003486492	0.3983	0.9081
000161350	003489485	0.3960	0.9054
000161350	003699154	0.3170	0.9065
000161350	003888854	0.3396	0.9306
000161350	003893356	0.4233	0.9401
000161350	003938644	0.3683	0.9065
000161350	003979604	0.5075	0.9039
000161350	003980597	0.4354	0.9284
000161350	003983612	0.4902	0.9129
000161350	004023963	0.3204	0.9082
000161350	004028987	0.4785	0.9112
000161350	004034170	0.4202	0.9333
000161350	004253554	0.4192	0.9391
000161350	004935667	0.4943	0.9092
000161350	004946152	0.4962	0.9066
000161350	005013047	0.4394	0.9235
000161350	005033151	0.4135	0.9015
000162672	003278461	0.5269	0.9080
000162672	003384708	0.5390	0.9300
000162672	003979604	0.4791	0.9150
000162672	003980597	0.5042	0.9079
000162672	003983612	0.4855	0.9156
000162672	004002734	0.4819	0.9004
000162672	004009350	0.5669	0.9048
000162672	005033151	0.5168	0.9050
000168845	003276533	0.4257	0.9042
000168845	003278461	0.4784	0.9267
000168845	003384708	0.4651	0.9349
000168845	003538070	0.5985	0.9034
000168845	003927485	0.4936	0.9103
000168845	003979604	0.4983	0.9095
000168845	003980597	0.4395	0.9269
000168845	003983612	0.4841	0.9106
000168845	004002734	0.4861	0.9102
000168845	004009350	0.5448	0.9259
000168845	004028987	0.5163	0.9120
000168845	004034170	0.4624	0.9050
000168845	004253554	0.4497	0.9058
000168845	004477674	0.4954	0.9213
000168845	004935667	0.5780	0.9038
000168845	005013047	0.4970	0.9106
000168845	005033151	0.4850	0.9281
000170125	000379641	0.5285	0.9088
000170125	002419913	0.5472	0.9007
000170125	003259022	0.4313	0.9264
000170125	003277734	0.5599	0.9547
000170125	003326231	0.5558	0.9206
000170125	003384708	0.5141	0.9104
000170125	003388306	0.4496	0.9153
000170125	003599834	0.5534	0.9078
000170125	003607811	0.4384	0.9220
000170125	003705615	0.3802	0.9005
000170125	003893356	0.5846	0.9230
000170125	003974487	0.5514	0.9592
000170125	003979604	0.5194	0.9046
000170125	003980597	0.4766	0.9357
000170125	003983612	0.5273	0.9120
000170125	004028987	0.5357	0.9241
000170125	004034170	0.4566	0.9066
000170125	004236698	0.5298	0.9277
000170125	004253554	0.3992	0.9330
000170125	004935667	0.4521	0.9222
000170125	005013047	0.4846	0.9177
000170125	005063011	0.5192	0.9351
000177877	002429118	0.5883	0.9249
000177877	004265943	0.5592	0.9098
000177877	005033151	0.5987	0.9114
000182479	003278461	0.5562	0.9188
000182479	003384708	0.5057	0.9209
000182479	003979604	0.5686	0.9128
000182479	003983612	0.5606	0.9150
000182479	003988870	0.4909	0.9107
000182479	004002734	0.5476	0.9105
000182479	004477674	0.5235	0.9068
000182479	004946152	0.5758	0.9452
000182479	005033151	0.5210	0.9069
000185067	000379641	0.3837	0.9108
000185067	003201755	0.3517	0.9123
000185067	003221442	0.5467	0.9025
000185067	003276533	0.3588	0.9072
000185067	003277734	0.3963	0.9432
000185067	003278461	0.5068	0.9222
000185067	003326231	0.4822	0.9261
000185067	003388306	0.4057	0.9036
000185067	003707024	0.5511	0.9165
000185067	003823449	0.5231	0.9344
000185067	003837507	0.5574	0.9211
000185067	003893356	0.3908	0.9077
000185067	003974487	0.4278	0.9085
000185067	003980597	0.3826	0.9423
000185067	003981561	0.3529	0.9056
000185067	003983612	0.5090	0.9001
000185067	004002734	0.5060	0.9011
000185067	004009350	0.5175	0.9221
000185067	004023963	0.3179	0.9038
000185067	004025316	0.4961	0.9241
000185067	004028987	0.4647	0.9224
000185067	004034170	0.4072	0.9462
000185067	004253554	0.3668	0.9428
000185067	004477674	0.4437	0.9193
000185067	004935667	0.4461	0.9274
000185067	005013047	0.4220	0.9506
000185067	005028264	0.4116	0.9162
000185067	005033151	0.3922	0.9388
000185222	000379641	0.4034	0.9314
000185222	003221501	0.4807	0.9266
000185222	003256028	0.4806	0.9082
000185222	003259022	0.3885	0.9282
000185222	003271417	0.5987	0.9103
000185222	003277734	0.4134	0.9135
000185222	003278461	0.4847	0.9532
000185222	003326231	0.4329	0.9322
000185222	003384708	0.4200	0.9525
000185222	003388306	0.4284	0.9527
000185222	003501011	0.5880	0.9177
000185222	003502895	0.5125	0.9085
000185222	003599834	0.4203	0.9228
000185222	003707024	0.4970	0.9311
000185222	003801207	0.5843	0.9031
000185222	003893356	0.4655	0.9269
000185222	003926817	0.4984	0.9084
000185222	003927485	0.4726	0.9518
000185222	003979604	0.5277	0.9727
000185222	003980597	0.4213	0.9512
000185222	003983612	0.5068	0.9721
000185222	003988870	0.4423	0.9440
000185222	004002734	0.4916	0.9538
000185222	004009350	0.4961	0.9618
000185222	004028987	0.4613	0.9707
000185222	004034170	0.4157	0.9620
000185222	004178839	0.5785	0.9067
000185222	004253554	0.4030	0.9547
000185222	004477674	0.4649	0.9368
000185222	004935667	0.5263	0.9528
000185222	004946152	0.4801	0.9360
000185222	005013047	0.4457	0.9604
000185222	005033151	0.4293	0.9693
000185222	005063011	0.4601	0.9159
000185557	003177989	0.5932	0.9497
000185557	003182129	0.5852	0.9121
000185557	003596605	0.5771	0.9006
000185557	003947337	0.5616	0.9256
000185557	003972956	0.5850	0.9130
000185557	004993396	0.5431	0.9183
000185622	000379641	0.4450	0.9108
000185622	003277734	0.4276	0.9061
000185622	003278461	0.5576	0.9438
000185622	003326231	0.5256	0.9259
000185622	003388306	0.4262	0.9153
000185622	003502895	0.5447	0.9031
000185622	003699091	0.5584	0.9007
000185622	003823449	0.4826	0.9269
000185622	003837507	0.5521	0.9245
000185622	003927485	0.4655	0.9183
000185622	003979604	0.5387	0.9162
000185622	003980597	0.4284	0.9151
000185622	003983612	0.5381	0.9131
000185622	004002734	0.5414	0.9186
000185622	004009350	0.5591	0.9292
000185622	004025316	0.5668	0.9141
000185622	004028987	0.4877	0.9317
000185622	004034170	0.4284	0.9486
000185622	004253554	0.3698	0.9356
000185622	004477674	0.5007	0.9356
000185622	004608704	0.5826	0.9520
000185622	004669027	0.5997	0.9457
000185622	004675879	0.5738	0.9351
000185622	004935667	0.4072	0.9342
000185622	005013047	0.4522	0.9549
000185622	005028264	0.4622	0.9052
000185622	005033151	0.3913	0.9564
000185736	002491145	0.5936	0.9040
000185736	003278461	0.4861	0.9689
000185736	003384708	0.4058	0.9461
000185736	003388306	0.4155	0.9039
000185736	003497699	0.4071	0.9004
000185736	003840585	0.5961	0.9125
000185736	003927485	0.4943	0.9230
000185736	003979604	0.5294	0.9256
000185736	003980597	0.3837	0.9352
000185736	003983612	0.5083	0.9299
000185736	003988870	0.4566	0.9075
000185736	004002734	0.5059	0.9277
000185736	004009350	0.5182	0.9447
000185736	004028987	0.4438	0.9280
000185736	004034170	0.4350	0.9479
000185736	004253554	0.4039	0.9451
000185736	004477674	0.4797	0.9648
000185736	004935667	0.5228	0.9342
000185736	004946152	0.4732	0.9348
000185736	005013047	0.4626	0.9385
000185736	005033151	0.4523	0.9607
000185736	005063011	0.4748	0.9044
000185758	002469820	0.5329	0.9020
000185758	003225736	0.5426	0.9743
000185758	003226605	0.5003	0.9051
000185758	003762030	0.5845	0.9089
000185758	003794450	0.4789	0.9267
000185758	003875439	0.5221	0.9204
000185758	003917565	0.5334	0.9109
000224033	003754872	0.5928	0.9595
000224033	003932681	0.4450	0.9028
000224033	004608704	0.5891	0.9055
000224084	003703958	0.5991	0.9004
000286929	000379641	0.4522	0.9303
000286929	002491145	0.5520	0.9019
000286929	003221442	0.4826	0.9039
000286929	003221501	0.4542	0.9295
000286929	003256028	0.4098	0.9041
000286929	003277734	0.4626	0.9083
000286929	003278461	0.4764	0.9650
000286929	003326231	0.3602	0.9685
000286929	003334423	0.4036	0.9199
000286929	003384708	0.5212	0.9213
000286929	003388306	0.3992	0.9454
000286929	003467177	0.4999	0.9185
000286929	003489485	0.4483	0.9115
000286929	003496711	0.4598	0.9132
000286929	003497699	0.5166	0.9070
000286929	003502895	0.4365	0.9163
000286929	003538070	0.5763	0.9080
000286929	003599834	0.3955	0.9448
000286929	003607811	0.3609	0.9018
000286929	003699154	0.3943	0.9017
000286929	003707024	0.3920	0.9585
000286929	003711543	0.4306	0.9052
000286929	003790340	0.4399	0.9125
000286929	003823449	0.5858	0.9320
000286929	003837507	0.5324	0.9202
000286929	003927485	0.4271	0.9562
000286929	003974487	0.5030	0.9139
000286929	003979604	0.4756	0.9389
000286929	003980597	0.4362	0.9305
000286929	003981561	0.4160	0.9104
000286929	003983612	0.4692	0.9371
000286929	003988870	0.4192	0.9235
000286929	004002734	0.4596	0.9532
000286929	004009350	0.4718	0.9785
000286929	004025316	0.4002	0.9120
000286929	004027380	0.4328	0.9204
000286929	004028987	0.3923	0.9683
000286929	004034170	0.4702	0.9596
000286929	004253554	0.4522	0.9509
000286929	004477674	0.4656	0.9591
000286929	004935667	0.4022	0.9677
000286929	005013047	0.4450	0.9717
000286929	005028264	0.3486	0.9206
000286929	005033151	0.4332	0.9746
000379641	001064055	0.3865	0.9209
000379641	001263590	0.4284	0.9108
000379641	001718744	0.5647	0.9057
000379641	001905738	0.4155	0.9340
000379641	002141735	0.4468	0.9299
000379641	002469820	0.4190	0.9517
000379641	002570822	0.4122	0.9147
000379641	002770320	0.4798	0.9015
000379641	003223487	0.5332	0.9444
000379641	003226100	0.4472	0.9099
000379641	003236706	0.5072	0.9373
000379641	003240676	0.5351	0.9110
000379641	003246514	0.5127	0.9377
000379641	003249973	0.4487	0.9509
000379641	003251612	0.4608	0.9471
000379641	003252749	0.4536	0.9132
000379641	003260732	0.4952	0.9488
000379641	003265781	0.4059	0.9043
000379641	003278485	0.4607	0.9061
000379641	003278994	0.4407	0.9582
000379641	003280774	0.5072	0.9224
000379641	003290662	0.4217	0.9158
000379641	003291157	0.3713	0.9001
000379641	003299336	0.4881	0.9168
000379641	003299363	0.4755	0.9209
000379641	003360341	0.5016	0.9431
000379641	003385461	0.4287	0.9319
000379641	003385474	0.4341	0.9231
000379641	003402014	0.5098	0.9058
000379641	003404595	0.4986	0.9579
000379641	003413037	0.4540	0.9487
000379641	003450694	0.4750	0.9239
000379641	003470973	0.4436	0.9028
000379641	003484082	0.4931	0.9540
000379641	003488949	0.4550	0.9013
000379641	003496803	0.4431	0.9171
000379641	003502919	0.3952	0.9204
000379641	003520282	0.5254	0.9358
000379641	003527040	0.5450	0.9208
000379641	003566940	0.5040	0.9297
000379641	003577625	0.4829	0.9059
000379641	003591559	0.4881	0.9009
000379641	003591607	0.5553	0.9146
000379641	003593474	0.4507	0.9564
000379641	003593475	0.4968	0.9262
000379641	003598597	0.4094	0.9020
000379641	003599666	0.4582	0.9148
000379641	003600113	0.4782	0.9246
000379641	003607742	0.4368	0.9074
000379641	003613205	0.4770	0.9241
000379641	003615364	0.4462	0.9485
000379641	003615365	0.4337	0.9055
000379641	003617140	0.4846	0.9005
000379641	003635578	0.3987	0.9106
000379641	003643302	0.5126	0.9258
000379641	003674165	0.4337	0.9079
000379641	003700021	0.3779	0.9000
000379641	003700484	0.4331	0.9417
000379641	003713577	0.4037	0.9081
000379641	003716697	0.5092	0.9143
000379641	003719290	0.3931	0.9043
000379641	003723538	0.4810	0.9033
000379641	003762030	0.4221	0.9194
000379641	003792183	0.4995	0.9281
000379641	003817230	0.4345	0.9602
000379641	003926465	0.5281	0.9097
000379641	003947596	0.4143	0.9145
000379641	003959126	0.4068	0.9014
000379641	003961475	0.4300	0.9505
000379641	003963455	0.3945	0.9338
000379641	003966783	0.5034	0.9478
000379641	003970579	0.4363	0.9292
000379641	003972041	0.4490	0.9522
000379641	003972547	0.4685	0.9270
000379641	003974873	0.4248	0.9001
000379641	003987478	0.4317	0.9001
000379641	003993203	0.4076	0.9596
000379641	004023279	0.4553	0.9537
000379641	004024974	0.4278	0.9508
000379641	004046385	0.3888	0.9003
000379641	004047160	0.4506	0.9099
000379641	004069935	0.4617	0.9288
000379641	004078132	0.4266	0.9064
000379641	004099186	0.4588	0.9050
000379641	004146735	0.4084	0.9452
000379641	004218949	0.4986	0.9184
000379641	004256943	0.3771	0.9183
000379641	004261492	0.4105	0.9011
000379641	004268173	0.4642	0.9083
000379641	004346242	0.5202	0.9433
000379641	004405252	0.4028	0.9255
000379641	004500222	0.4397	0.9063
000379641	004562486	0.4035	0.9062
000379641	004927532	0.3962	0.9217
000379641	004937587	0.4606	0.9676
000379641	004957284	0.4776	0.9592
000379641	004974745	0.4312	0.9418
000379641	004977576	0.4734	0.9518
000379641	004978402	0.4049	0.9172
000379641	004978411	0.5181	0.9427
000379641	005030272	0.5870	0.9034
000379641	005030431	0.4725	0.9482
000379641	005035935	0.3812	0.9514
000379641	005039793	0.4520	0.9412
000379641	005040936	0.4787	0.9107
000379641	005046286	0.4753	0.9220
000379641	005046498	0.4224	0.9456
000379641	005055984	0.3580	0.9169
000379641	005056599	0.4334	0.9632
000379641	005056886	0.4528	0.9009
000379641	005061293	0.5066	0.9312
000379641	005064007	0.4886	0.9077
000379641	005073781	0.4351	0.9420
000380523	002491145	0.5847	0.9257
000380523	003221442	0.5643	0.9231
000380523	003276533	0.4109	0.9374
000380523	003277734	0.3891	0.9301
000380523	003278461	0.4638	0.9256
000380523	003326231	0.4373	0.9089
000380523	003384708	0.3615	0.9371
000380523	003489485	0.3783	0.9048
000380523	003538070	0.5019	0.9064
000380523	003599834	0.4784	0.9125
000380523	003707024	0.5032	0.9213
000380523	003927485	0.5251	0.9098
000380523	003974487	0.4351	0.9211
000380523	003980597	0.3719	0.9301
000380523	004002734	0.5118	0.9082
000380523	004009350	0.5135	0.9312
000380523	004025316	0.4798	0.9039
000380523	004028987	0.4732	0.9155
000380523	004034170	0.4322	0.9173
000380523	004178839	0.5838	0.9218
000380523	004253554	0.4143	0.9177
000380523	004477674	0.4858	0.9434
000380523	004935667	0.5639	0.9169
000380523	005013047	0.4743	0.9246
000380523	005033151	0.4537	0.9327
000380523	005063011	0.4589	0.9005
000394543	002491145	0.5942	0.9161
000394543	003221442	0.5856	0.9085
000394543	003278461	0.5877	0.9495
000394543	003538070	0.5935	0.9139
000394543	004477674	0.5985	0.9351
000394543	005033151	0.5761	0.9309
000411781	002753367	0.5725	0.9036
000423593	003246554	0.3420	0.9297
000423593	003263136	0.3389	0.9093
000423593	003276533	0.3856	0.9131
000423593	003277734	0.3006	0.9114
000423593	003278461	0.3693	0.9218
000423593	003304881	0.3511	0.9340
000423593	003334423	0.3076	0.9150
000423593	003384708	0.3516	0.9411
000423593	003388306	0.3672	0.9213
000423593	003390813	0.3195	0.9408
000423593	003467177	0.3152	0.9230
000423593	003486492	0.3645	0.9366
000423593	003489485	0.3518	0.9444
000423593	003496711	0.3289	0.9104
000423593	003497699	0.3270	0.9488
000423593	003596874	0.3410	0.9284
000423593	003607264	0.3525	0.9036
000423593	003699154	0.3332	0.9248
000423593	003701491	0.3431	0.9033
000423593	003705615	0.3561	0.9023
000423593	003711543	0.3095	0.9316
000423593	003738616	0.3449	0.9305
000423593	003790340	0.3302	0.9348
000423593	003837507	0.5897	0.9328
000423593	003840585	0.4253	0.9105
000423593	003863960	0.3261	0.9461
000423593	003924245	0.3732	0.9004
000423593	003926817	0.3845	0.9184
000423593	003932681	0.3254	0.9184
000423593	003934856	0.4689	0.9030
000423593	003938644	0.3448	0.9315
000423593	003975571	0.5828	0.9282
000423593	003979604	0.4740	0.9009
000423593	003980597	0.3142	0.9066
000423593	003983612	0.4370	0.9077
000423593	004002734	0.4515	0.9092
000423593	004009350	0.4378	0.9045
000423593	004023963	0.3554	0.9262
000423593	004025925	0.3233	0.9204
000423593	004027380	0.3351	0.9125
000423593	004028987	0.3968	0.9210
000423593	004034170	0.3854	0.9441
000423593	004253554	0.3992	0.9335
000423593	004477674	0.4380	0.9365
000423593	004935667	0.5610	0.9194
000423593	004946152	0.3893	0.9077
000423593	005013047	0.4182	0.9258
000423593	005033151	0.4249	0.9437
001030465	003278461	0.4292	0.9129
001030465	003384708	0.3915	0.9223
001030465	003538070	0.5968	0.9128
001030465	003837507	0.5546	0.9087
001030465	003980597	0.3165	0.9000
001030465	004009350	0.5117	0.9031
001030465	004477674	0.4783	0.9327
001030465	005033151	0.4376	0.9136
001031871	003384708	0.5172	0.9018
001031871	003837507	0.5712	0.9044
001031871	004477674	0.5287	0.9005
001064055	001687172	0.5505	0.9169
001064055	003225736	0.3716	0.9192
001064055	003256028	0.4589	0.9046
001064055	003259022	0.3140	0.9205
001064055	003277734	0.3772	0.9421
001064055	003384708	0.3897	0.9171
001064055	003468015	0.2821	0.9200
001064055	003486492	0.3348	0.9014
001064055	003888854	0.2311	0.9071
001064055	003893356	0.4366	0.9614
001064055	003979604	0.4459	0.9087
001064055	003980597	0.3638	0.9673
001064055	003983612	0.4303	0.9183
001064055	004023963	0.2955	0.9014
001064055	004028987	0.3951	0.9136
001064055	004034170	0.3719	0.9404
001064055	004253554	0.3375	0.9499
001064055	004935667	0.3762	0.9120
001064055	004946152	0.4342	0.9170
001064055	005013047	0.3807	0.9312
001064055	005033151	0.3478	0.9054
001064055	005063011	0.4389	0.9236
001069946	002491145	0.5964	0.9318
001069946	003221442	0.5459	0.9148
001069946	003221501	0.5423	0.9042
001069946	003246554	0.3096	0.9113
001069946	003278461	0.5108	0.9537
001069946	003326231	0.3645	0.9233
001069946	003334423	0.3154	0.9157
001069946	003384708	0.4317	0.9102
001069946	003388306	0.4215	0.9176
001069946	003390813	0.3111	0.9157
001069946	003467177	0.3893	0.9196
001069946	003486492	0.3561	0.9246
001069946	003489485	0.3410	0.9081
001069946	003497699	0.3627	0.9384
001069946	003599834	0.4491	0.9074
001069946	003707024	0.4446	0.9177
001069946	003711543	0.3277	0.9201
001069946	003790340	0.3848	0.9345
001069946	003837507	0.5949	0.9502
001069946	003863960	0.3109	0.9320
001069946	003927485	0.4949	0.9279
001069946	003934856	0.5142	0.9014
001069946	003979604	0.5106	0.9108
001069946	003980597	0.3967	0.9146
001069946	003983612	0.5008	0.9135
001069946	004002734	0.5254	0.9261
001069946	004009350	0.4880	0.9396
001069946	004028987	0.3971	0.9292
001069946	004034170	0.4958	0.9570
001069946	004253554	0.4491	0.9313
001069946	004477674	0.5212	0.9487
001069946	004935667	0.4686	0.9421
001069946	005013047	0.5050	0.9547
001069946	005033151	0.4715	0.9700
001094909	003225736	0.3518	0.9221
001094909	003246554	0.4160	0.9077
001094909	003304881	0.2889	0.9139
001094909	003390813	0.4010	0.9083
001094909	003467177	0.4373	0.9016
001094909	003468015	0.3051	0.9057
001094909	003486492	0.4142	0.9307
001094909	003489485	0.3704	0.9007
001094909	003711543	0.3586	0.9098
001094909	003738616	0.2933	0.9006
001094909	003790340	0.4320	0.9049
001094909	003934856	0.5519	0.9157
001094909	003938644	0.3104	0.9265
001094909	004025925	0.3579	0.9040
001094909	004034170	0.4643	0.9155
001094909	004253554	0.4275	0.9156
001144379	003221501	0.5199	0.9074
001144379	003246554	0.3007	0.9227
001144379	003278461	0.4898	0.9025
001144379	003334423	0.2771	0.9099
001144379	003390813	0.3157	0.9199
001144379	003467177	0.3487	0.9210
001144379	003486492	0.3162	0.9262
001144379	003497699	0.3644	0.9490
001144379	003707024	0.4700	0.9001
001144379	003711543	0.2941	0.9363
001144379	003790340	0.3413	0.9427
001144379	003837507	0.5798	0.9174
001144379	003863960	0.2901	0.9358
001144379	003927485	0.4673	0.9111
001144379	004002734	0.5120	0.9094
001144379	004009350	0.4534	0.9049
001144379	004028987	0.3752	0.9007
001144379	004034170	0.4212	0.9169
001144379	004477674	0.4817	0.9083
001144379	004935667	0.4156	0.9139
001144379	005013047	0.4452	0.9103
001144379	005033151	0.3961	0.9323
001144780	003179593	0.5486	0.9030
001144780	003197091	0.4292	0.9159
001144780	003201755	0.4243	0.9244
001144780	003263136	0.4146	0.9260
001144780	003304881	0.4132	0.9165
001144780	003334423	0.4327	0.9263
001144780	003489485	0.4637	0.9128
001144780	003496711	0.3648	0.9133
001144780	003516618	0.4364	0.9009
001144780	003594812	0.3364	0.9063
001144780	003596874	0.3622	0.9015
001144780	003620621	0.4657	0.9004
001144780	003705615	0.3712	0.9163
001144780	003738616	0.3822	0.9226
001144780	003884605	0.4227	0.9071
001144780	003934856	0.4030	0.9005
001144780	003938644	0.4021	0.9070
001144780	003981561	0.5183	0.9188
001144780	004023963	0.4262	0.9199
001144780	004027380	0.3483	0.9058
001156223	001687172	0.5872	0.9109
001156223	002491145	0.5890	0.9104
001156223	003221442	0.5386	0.9232
001156223	003259022	0.4491	0.9236
001156223	003277734	0.4866	0.9266
001156223	003278461	0.5586	0.9424
001156223	003326231	0.5021	0.9019
001156223	003384708	0.4783	0.9411
001156223	003388306	0.5031	0.9060
001156223	003596605	0.5571	0.9042
001156223	003707024	0.5388	0.9002
001156223	003801207	0.5919	0.9065
001156223	003893356	0.4941	0.9408
001156223	003927485	0.5540	0.9088
001156223	003974487	0.4856	0.9058
001156223	003979604	0.5944	0.9270
001156223	003980597	0.4589	0.9601
001156223	003983612	0.5815	0.9341
001156223	004002734	0.5745	0.9125
001156223	004009350	0.5631	0.9454
001156223	004028987	0.5271	0.9319
001156223	004034170	0.5133	0.9422
001156223	004155213	0.5958	0.9135
001156223	004253554	0.4778	0.9502
001156223	004477674	0.5246	0.9402
001156223	004935667	0.5819	0.9345
001156223	004946152	0.5365	0.9168
001156223	005013047	0.5491	0.9406
001156223	005033151	0.5168	0.9440
001156223	005063011	0.5562	0.9374
001165617	003221442	0.5935	0.9267
001165617	003221501	0.5999	0.9195
001165617	003259022	0.4035	0.9346
001165617	003277734	0.4096	0.9108
001165617	003278461	0.5202	0.9577
001165617	003326231	0.5094	0.9302
001165617	003384708	0.3745	0.9481
001165617	003388306	0.4791	0.9300
001165617	003538070	0.5401	0.9084
001165617	003596605	0.4808	0.9092
001165617	003599834	0.5606	0.9140
001165617	003607811	0.5243	0.9071
001165617	003707024	0.5721	0.9265
001165617	003927485	0.5916	0.9523
001165617	003974487	0.5015	0.9115
001165617	003979604	0.5803	0.9510
001165617	003980597	0.3839	0.9418
001165617	003983612	0.5608	0.9527
001165617	003988870	0.5274	0.9251
001165617	004002734	0.5729	0.9435
001165617	004009350	0.5664	0.9673
001165617	004028987	0.5161	0.9468
001165617	004034170	0.4825	0.9409
001165617	004178839	0.5953	0.9341
001165617	004253554	0.4488	0.9444
001165617	004477674	0.5284	0.9541
001165617	004946152	0.4643	0.9313
001165617	004993396	0.5946	0.9112
001165617	005013047	0.5235	0.9458
001165617	005033151	0.5056	0.9574
001165617	005063011	0.5493	0.9395
001165706	003705615	0.5959	0.9002
001165706	004025316	0.5628	0.9128
001165734	003278461	0.5861	0.9152
001165734	003326231	0.5830	0.9026
001165734	003927485	0.5606	0.9137
001165734	003979604	0.5801	0.9040
001165734	003980597	0.5130	0.9114
001165734	003983612	0.5869	0.9032
001165734	004477674	0.5530	0.9023
001165734	004935667	0.5024	0.9051
001165734	005013047	0.5744	0.9039
001165734	005033151	0.5775	0.9168
001165753	003599332	0.5634	0.9597
001165753	003638476	0.5884	0.9188
001165753	003740131	0.5648	0.9189
001165753	004021481	0.5871	0.9030
001165753	004022477	0.5366	0.9477
001165753	004676513	0.5922	0.9177
001228497	003256028	0.5391	0.9014
001228497	003259022	0.5906	0.9138
001228497	003384708	0.5839	0.9371
001228497	003980597	0.5166	0.9129
001228497	005063011	0.5943	0.9213
001228557	003276666	0.5834	0.9097
001228557	003671668	0.5668	0.9151
001228557	003981561	0.4144	0.9063
001263590	003246554	0.4352	0.9133
001263590	003278461	0.5310	0.9377
001263590	003304881	0.3285	0.9184
001263590	003326231	0.5136	0.9042
001263590	003334423	0.3691	0.9180
001263590	003388306	0.3909	0.9511
001263590	003390813	0.4530	0.9233
001263590	003467177	0.4546	0.9284
001263590	003468015	0.3159	0.9048
001263590	003486492	0.3999	0.9391
001263590	003489485	0.4123	0.9165
001263590	003496711	0.3769	0.9080
001263590	003497699	0.5455	0.9471
001263590	003607264	0.3144	0.9055
001263590	003699154	0.3374	0.9174
001263590	003711543	0.3771	0.9414
001263590	003738616	0.3269	0.9071
001263590	003790340	0.3923	0.9337
001263590	003863960	0.4393	0.9109
001263590	003875439	0.4803	0.9095
001263590	003888854	0.3219	0.9082
001263590	003924245	0.5746	0.9230
001263590	003926817	0.5369	0.9385
001263590	003932681	0.5159	0.9192
001263590	003938644	0.3433	0.9090
001263590	003979604	0.4943	0.9357
001263590	003981561	0.3807	0.9229
001263590	003983612	0.4890	0.9403
001263590	003988870	0.4069	0.9278
001263590	004002734	0.4790	0.9268
001263590	004009350	0.5443	0.9103
001263590	004023963	0.3565	0.9070
001263590	004028987	0.4511	0.9422
001263590	004034170	0.3951	0.9430
001263590	004253554	0.3655	0.9365
001263590	004477674	0.4824	0.9246
001263590	004935667	0.4104	0.9324
001263590	004946152	0.5036	0.9070
001263590	005013047	0.4114	0.9425
001263590	005033151	0.3646	0.9486
001289560	003278461	0.5438	0.9021
001289560	003384708	0.5036	0.9206
001289560	004477674	0.5552	0.9054
001289560	004946152	0.5429	0.9024
001289560	005021623	0.5282	0.9065
001291949	002491145	0.5967	0.9181
001291949	003221442	0.5890	0.9225
001291949	003259022	0.3666	0.9041
001291949	003278461	0.4520	0.9460
001291949	003384708	0.3752	0.9405
001291949	003538070	0.5118	0.9017
001291949	003596605	0.5161	0.9136
001291949	003927485	0.5109	0.9145
001291949	003979604	0.5154	0.9217
001291949	003980597	0.3484	0.9166
001291949	003983612	0.4938	0.9251
001291949	004002734	0.4907	0.9105
001291949	004009350	0.5408	0.9331
001291949	004028987	0.4491	0.9092
001291949	004034170	0.4214	0.9082
001291949	004178839	0.5643	0.9158
001291949	004253554	0.3965	0.9119
001291949	004477674	0.4610	0.9420
001291949	004935667	0.5387	0.9129
001291949	004946152	0.4229	0.9290
001291949	005013047	0.4570	0.9095
001291949	005033151	0.4498	0.9376
001291949	005063011	0.4748	0.9219
001293874	003278461	0.4920	0.9460
001293874	003384708	0.4287	0.9012
001293874	003926817	0.4487	0.9038
001293874	003932681	0.3838	0.9435
001293874	003979604	0.4847	0.9004
001293874	003980597	0.4151	0.9004
001293874	003983612	0.4741	0.9054
001293874	004034170	0.4327	0.9247
001293874	004253554	0.4191	0.9192
001293874	004477674	0.4739	0.9363
001293874	004946152	0.4930	0.9149
001293874	005013047	0.4410	0.9176
001293874	005033151	0.3980	0.9373
001309666	003221501	0.5812	0.9015
001309666	003259022	0.3614	0.9094
001309666	003277734	0.4078	0.9170
001309666	003278461	0.4962	0.9475
001309666	003326231	0.4836	0.9212
001309666	003384708	0.4139	0.9529
001309666	003388306	0.4147	0.9066
001309666	003538070	0.5596	0.9515
001309666	003596605	0.5279	0.9051
001309666	003599834	0.5557	0.9174
001309666	003707024	0.5561	0.9243
001309666	003840585	0.5320	0.9070
001309666	003927485	0.5400	0.9343
001309666	003979604	0.5236	0.9197
001309666	003980597	0.3984	0.9502
001309666	003983612	0.5108	0.9234
001309666	004002734	0.5604	0.9273
001309666	004009350	0.5993	0.9524
001309666	004028987	0.4380	0.9309
001309666	004034170	0.5030	0.9451
001309666	004124141	0.5894	0.9258
001309666	004253554	0.4387	0.9365
001309666	004477674	0.5447	0.9487
001309666	004935667	0.5091	0.9438
001309666	004946152	0.4582	0.9119
001309666	005013047	0.5483	0.9442
001309666	005033151	0.5024	0.9601
001309666	005063011	0.4740	0.9156
001323187	003384708	0.5371	0.9170
001323187	003468015	0.3818	0.9014
001323187	003893356	0.5275	0.9052
001323187	003980597	0.4244	0.9051
001406097	003210796	0.5936	0.9019
001406097	003278461	0.5153	0.9391
001406097	003823449	0.5994	0.9035
001406097	004009350	0.5023	0.9075
001406097	004253554	0.4942	0.9001
001406097	004477674	0.4721	0.9207
001406097	005033151	0.4936	0.9098
001489617	003199555	0.3515	0.9022
001489617	003304881	0.2765	0.9050
001489617	003468015	0.2980	0.9478
001489617	003486492	0.3652	0.9139
001489617	003489485	0.3807	0.9183
001489617	003738616	0.2494	0.9071
001489617	003888854	0.2603	0.9224
001489617	003893356	0.4170	0.9300
001489617	003938644	0.3095	0.9096
001489617	003980597	0.4094	0.9037
001489617	004023963	0.3005	0.9024
001489617	004034170	0.3862	0.9241
001489617	004253554	0.3612	0.9313
001545160	003259022	0.5383	0.9423
001545160	003384708	0.5831	0.9287
001545160	003607811	0.5294	0.9018
001545160	003739062	0.5973	0.9051
001545160	003983612	0.4729	0.9015
001545160	005063011	0.5876	0.9415
001563564	003259022	0.4585	0.9224
001563564	003384708	0.5807	0.9298
001563564	003893356	0.5988	0.9209
001563564	003980597	0.4870	0.9323
001563564	005063011	0.5317	0.9112
001649062	002429118	0.5788	0.9273
001649062	004959664	0.5966	0.9178
001680145	002429118	0.5840	0.9269
001680145	003757999	0.5815	0.9070
001680145	003800736	0.5913	0.9264
001680145	004416711	0.5781	0.9177
001680145	004857588	0.5785	0.9029
001687172	002141735	0.5627	0.9306
001687172	002491409	0.4946	0.9479
001687172	002582130	0.4980	0.9566
001687172	002712021	0.5286	0.9483
001687172	002770320	0.5174	0.9269
001687172	003223487	0.4769	0.9118
001687172	003232743	0.4894	0.9294
001687172	003246337	0.5007	0.9395
001687172	003251612	0.4581	0.9241
001687172	003256028	0.5920	0.9001
001687172	003260732	0.5381	0.9157
001687172	003299363	0.4844	0.9524
001687172	003360341	0.5714	0.9011
001687172	003385474	0.5131	0.9094
001687172	003397758	0.5075	0.9004
001687172	003399869	0.4781	0.9226
001687172	003410256	0.4684	0.9279
001687172	003415122	0.4849	0.9289
001687172	003450694	0.4717	0.9545
001687172	003588655	0.4921	0.9082
001687172	003593474	0.5446	0.9136
001687172	003593475	0.5124	0.9005
001687172	003599666	0.4563	0.9005
001687172	003600113	0.5628	0.9023
001687172	003613205	0.5296	0.9315
001687172	003615364	0.4932	0.9045
001687172	003616434	0.4651	0.9162
001687172	003712793	0.5604	0.9094
001687172	003713577	0.4906	0.9021
001687172	003716697	0.5256	0.9158
001687172	003800985	0.5245	0.9045
001687172	003885304	0.5296	0.9099
001687172	003890165	0.5026	0.9149
001687172	003926465	0.5040	0.9302
001687172	003961475	0.5190	0.9020
001687172	003963455	0.5928	0.9003
001687172	003969508	0.4721	0.9203
001687172	003979552	0.5126	0.9146
001687172	003983510	0.5601	0.9237
001687172	003983708	0.5599	0.9334
001687172	003987370	0.5476	0.9348
001687172	004024974	0.5610	0.9098
001687172	004041829	0.5138	0.9359
001687172	004099186	0.5291	0.9359
001687172	004136524	0.4337	0.9047
001687172	004241417	0.5449	0.9339
001687172	004253554	0.5660	0.9128
001687172	004548389	0.5215	0.9093
001687172	004957284	0.5817	0.9046
001687172	005029261	0.5558	0.9125
001687172	005039793	0.5782	0.9399
001687172	005040936	0.5292	0.9355
001687172	005056599	0.5464	0.9097
001691933	003177989	0.5555	0.9121
001691933	003272932	0.5794	0.9004
001691933	003384708	0.4290	0.9040
001691933	003596605	0.5227	0.9246
001691933	003607918	0.5596	0.9103
001691933	004375667	0.5784	0.9040
001718744	002141735	0.5734	0.9189
001718744	002712021	0.5455	0.9085
001718744	002770320	0.5550	0.9217
001718744	003212277	0.5853	0.9267
001718744	003216614	0.5155	0.9112
001718744	003220404	0.4435	0.9204
001718744	003223487	0.5281	0.9424
001718744	003226100	0.5028	0.9054
001718744	003228016	0.4135	0.9067
001718744	003236706	0.5890	0.9208
001718744	003248113	0.5891	0.9095
001718744	003251612	0.4898	0.9297
001718744	003256028	0.5865	0.9546
001718744	003260732	0.5443	0.9233
001718744	003270187	0.4406	0.9490
001718744	003278994	0.5420	0.9166
001718744	003293672	0.4999	0.9064
001718744	003299363	0.5116	0.9268
001718744	003326231	0.5691	0.9075
001718744	003385474	0.5935	0.9124
001718744	003388306	0.4657	0.9081
001718744	003402014	0.5457	0.9009
001718744	003404595	0.5812	0.9015
001718744	003444353	0.5521	0.9001
001718744	003450694	0.4927	0.9293
001718744	003507107	0.4626	0.9107
001718744	003566940	0.5442	0.9149
001718744	003582338	0.4469	0.9022
001718744	003588655	0.5210	0.9033
001718744	003593474	0.5635	0.9198
001718744	003596609	0.5651	0.9004
001718744	003599834	0.5477	0.9101
001718744	003600113	0.5996	0.9244
001718744	003607264	0.5632	0.9072
001718744	003607811	0.5680	0.9258
001718744	003613205	0.5414	0.9133
001718744	003635578	0.5293	0.9073
001718744	003699154	0.5290	0.9091
001718744	003705615	0.5660	0.9125
001718744	003713577	0.4976	0.9083
001718744	003719290	0.5009	0.9078
001718744	003786918	0.4383	0.9217
001718744	003792183	0.4867	0.9056
001718744	003815944	0.4347	0.9095
001718744	003916040	0.5318	0.9102
001718744	003926465	0.5911	0.9477
001718744	003959126	0.5209	0.9132
001718744	003961475	0.5519	0.9257
001718744	003979604	0.4130	0.9085
001718744	003981561	0.5099	0.9085
001718744	003983612	0.4364	0.9172
001718744	003993203	0.5761	0.9115
001718744	004021801	0.5251	0.9016
001718744	004023279	0.5314	0.9119
001718744	004023963	0.4979	0.9131
001718744	004024974	0.5722	0.9356
001718744	004028987	0.5222	0.9212
001718744	004047160	0.4823	0.9036
001718744	004069935	0.5063	0.9184
001718744	004099186	0.5518	0.9149
001718744	004253554	0.5049	0.9108
001718744	004268173	0.4957	0.9001
001718744	004346242	0.5853	0.9064
001718744	004548389	0.5743	0.9148
001718744	004974745	0.5345	0.9176
001718744	004977576	0.5654	0.9117
001718744	005013047	0.5122	0.9091
001718744	005034081	0.5915	0.9113
001718744	005039793	0.5730	0.9238
001718744	005040936	0.5920	0.9041
001718744	005046286	0.5665	0.9069
001718744	005046498	0.5219	0.9093
001718744	005055414	0.5916	0.9290
001718744	005056599	0.5980	0.9295
001718744	005060255	0.5659	0.9105
001718744	005060709	0.4860	0.9022
001718744	005073781	0.4651	0.9059
001844150	003276533	0.4188	0.9050
001844150	003278461	0.4587	0.9473
001844150	003384708	0.4002	0.9280
001844150	003538070	0.5433	0.9436
001844150	003837507	0.5998	0.9345
001844150	003927485	0.5423	0.9122
001844150	003980597	0.3788	0.9145
001844150	004002734	0.5329	0.9067
001844150	004009350	0.5371	0.9209
001844150	004034170	0.4702	0.9164
001844150	004178839	0.5765	0.9443
001844150	004253554	0.4390	0.9059
001844150	004477674	0.4873	0.9460
001844150	004935667	0.5593	0.9152
001844150	004946152	0.4453	0.9051
001844150	005013047	0.4968	0.9172
001844150	005033151	0.4912	0.9488
001866769	003974487	0.5010	0.9097
001866769	003980597	0.4399	0.9065
001867233	003177989	0.5891	0.9370
001867233	003221442	0.5782	0.9319
001867233	003276533	0.4502	0.9155
001867233	003278461	0.5365	0.9435
001867233	003384708	0.3938	0.9224
001867233	003739062	0.5977	0.9561
001867233	003840585	0.5293	0.9117
001867233	003932681	0.2697	0.9015
001867233	004034170	0.4788	0.9085
001867233	004477674	0.5481	0.9464
001867233	004613056	0.5822	0.9057
001867233	004935667	0.4839	0.9017
001867233	004946152	0.4495	0.9008
001867233	005013047	0.5124	0.9081
001867233	005033151	0.4589	0.9444
001868671	002582130	0.5861	0.9073
001868671	003256028	0.5032	0.9034
001870510	002582130	0.5254	0.9077
001870510	002712021	0.5785	0.9161
001870510	003645871	0.4715	0.9139
001870510	003676046	0.4848	0.9094
001870510	003682520	0.4977	0.9481
001891831	003627686	0.5973	0.9042
001891831	003974693	0.4967	0.9168
001891831	004221880	0.5452	0.9128
001891831	004436962	0.5537	0.9090
001891831	004946152	0.4641	0.9142
001891831	005067408	0.5409	0.9023
001905738	003225736	0.3974	0.9227
001905738	003256028	0.4196	0.9134
001905738	003259022	0.3694	0.9021
001905738	003277734	0.3944	0.9193
001905738	003278461	0.4561	0.9289
001905738	003304881	0.2917	0.9170
001905738	003326231	0.3869	0.9114
001905738	003384708	0.4400	0.9260
001905738	003388306	0.3524	0.9363
001905738	003467177	0.4176	0.9089
001905738	003468015	0.3511	0.9387
001905738	003486492	0.3651	0.9143
001905738	003489485	0.3858	0.9271
001905738	003699154	0.3028	0.9105
001905738	003707024	0.4444	0.9170
001905738	003738616	0.2641	0.9134
001905738	003790340	0.3634	0.9009
001905738	003875439	0.3522	0.9006
001905738	003888854	0.2913	0.9199
001905738	003893356	0.4714	0.9526
001905738	003924245	0.4625	0.9041
001905738	003926817	0.4586	0.9140
001905738	003932681	0.3904	0.9087
001905738	003938644	0.3357	0.9130
001905738	003974487	0.4966	0.9007
001905738	003979604	0.3886	0.9371
001905738	003980597	0.4465	0.9487
001905738	003981561	0.3423	0.9117
001905738	003983612	0.3816	0.9416
001905738	003988870	0.3681	0.9084
001905738	004002734	0.4080	0.9258
001905738	004009350	0.4590	0.9216
001905738	004023963	0.2793	0.9259
001905738	004028987	0.4156	0.9535
001905738	004034170	0.4069	0.9624
001905738	004253554	0.3923	0.9669
001905738	004477674	0.4447	0.9259
001905738	004935667	0.3600	0.9428
001905738	004946152	0.4878	0.9090
001905738	005013047	0.3948	0.9609
001905738	005033151	0.3626	0.9468
001905738	005063011	0.4654	0.9136
002067153	003276665	0.5829	0.9364
002067153	003974984	0.5543	0.9206
002067153	003987370	0.5810	0.9088
002076995	003259022	0.3597	0.9002
002076995	003278461	0.5179	0.9629
002076995	003326231	0.4927	0.9067
002076995	003384708	0.3724	0.9402
002076995	003388306	0.4397	0.9124
002076995	003538070	0.5693	0.9050
002076995	003596605	0.4879	0.9070
002076995	003707024	0.5575	0.9121
002076995	003927485	0.5558	0.9327
002076995	003979604	0.5545	0.9334
002076995	003980597	0.3992	0.9279
002076995	003983612	0.5396	0.9348
002076995	003988870	0.5190	0.9093
002076995	004002734	0.5528	0.9292
002076995	004009350	0.5699	0.9549
002076995	004028987	0.4669	0.9358
002076995	004034170	0.4805	0.9336
002076995	004253554	0.4398	0.9337
002076995	004477674	0.5244	0.9561
002076995	004935667	0.5458	0.9321
002076995	004946152	0.4471	0.9148
002076995	005013047	0.5136	0.9360
002076995	005033151	0.5032	0.9585
002076995	005063011	0.4894	0.9174
002095659	003201755	0.4098	0.9187
002095659	003276533	0.4260	0.9015
002095659	003293672	0.4147	0.9297
002095659	003326231	0.4280	0.9145
002095659	003388306	0.4894	0.9032
002095659	003489485	0.3840	0.9108
002095659	003496711	0.3754	0.9012
002095659	003502895	0.5610	0.9178
002095659	003596874	0.3332	0.9022
002095659	003599834	0.4876	0.9239
002095659	003705615	0.3345	0.9064
002095659	003706995	0.3915	0.9003
002095659	003707024	0.5129	0.9460
002095659	003938644	0.3371	0.9030
002095659	003974487	0.4429	0.9233
002095659	004002734	0.5796	0.9044
002095659	004025316	0.4934	0.9499
002095659	004027380	0.3401	0.9027
002095659	004028987	0.5026	0.9073
002095659	004935667	0.5545	0.9020
002095659	005013047	0.4997	0.9014
002095659	005028264	0.4249	0.9337
002095659	005033151	0.4830	0.9005
002141406	003875439	0.4110	0.9011
002141406	003888854	0.2664	0.9104
002141406	003924245	0.5174	0.9189
002141406	003926817	0.4964	0.9239
002141406	003932681	0.4702	0.9494
002141735	003256028	0.4845	0.9183
002141735	003259022	0.4878	0.9305
002141735	003277734	0.4661	0.9492
002141735	003278461	0.5216	0.9112
002141735	003304881	0.4192	0.9055
002141735	003326231	0.4406	0.9087
002141735	003384708	0.4817	0.9672
002141735	003388306	0.5008	0.9246
002141735	003467177	0.5100	0.9239
002141735	003468015	0.4665	0.9232
002141735	003489485	0.4857	0.9282
002141735	003607264	0.4197	0.9003
002141735	003699154	0.4175	0.9253
002141735	003707024	0.5049	0.9025
002141735	003711543	0.4520	0.9060
002141735	003738616	0.3970	0.9155
002141735	003888854	0.4119	0.9013
002141735	003893356	0.5216	0.9678
002141735	003938644	0.4484	0.9106
002141735	003974487	0.4763	0.9273
002141735	003979604	0.5779	0.9243
002141735	003980597	0.4720	0.9773
002141735	003983612	0.5538	0.9324
002141735	004002734	0.5517	0.9117
002141735	004009350	0.5494	0.9423
002141735	004023963	0.4222	0.9178
002141735	004028987	0.5189	0.9488
002141735	004034170	0.5044	0.9594
002141735	004253554	0.5067	0.9724
002141735	004477674	0.5004	0.9239
002141735	004935667	0.5843	0.9396
002141735	004946152	0.5584	0.9044
002141735	005013047	0.5076	0.9425
002141735	005030272	0.5916	0.9224
002141735	005033151	0.5152	0.9330
002141735	005063011	0.5936	0.9172
002323988	003498703	0.5735	0.9183
002323988	003601244	0.5771	0.9070
002323988	003645871	0.5070	0.9123
002323988	003676046	0.5077	0.9004
002323988	003677902	0.5367	0.9050
002323988	003682520	0.4842	0.9528
002323988	004318569	0.5992	0.9130
002392275	002491145	0.5853	0.9207
002392275	003221442	0.5090	0.9271
002392275	003278461	0.5756	0.9517
002392275	003384708	0.4253	0.9270
002392275	003538070	0.5339	0.9158
002392275	003707024	0.5780	0.9016
002392275	003980597	0.4247	0.9103
002392275	003988870	0.5951	0.9040
002392275	004028987	0.5014	0.9170
002392275	004034170	0.5618	0.9170
002392275	004253554	0.5042	0.9147
002392275	004477674	0.5483	0.9456
002392275	004935667	0.5696	0.9244
002392275	004946152	0.4929	0.9008
002392275	005013047	0.5849	0.9154
002392275	005033151	0.5707	0.9441
002410168	003246554	0.3540	0.9165
002410168	003263136	0.2387	0.9172
002410168	003278461	0.4784	0.9213
002410168	003304881	0.2391	0.9268
002410168	003334423	0.3076	0.9074
002410168	003384708	0.3492	0.9136
002410168	003390813	0.3499	0.9235
002410168	003467177	0.3656	0.9302
002410168	003468015	0.2497	0.9179
002410168	003486492	0.3458	0.9494
002410168	003489485	0.3368	0.9372
002410168	003497699	0.4186	0.9284
002410168	003596874	0.2237	0.9081
002410168	003607264	0.2300	0.9056
002410168	003699154	0.2606	0.9221
002410168	003711543	0.3140	0.9367
002410168	003738616	0.2139	0.9225
002410168	003790340	0.3400	0.9290
002410168	003863960	0.3312	0.9138
002410168	003888854	0.2338	0.9048
002410168	003893356	0.3833	0.9130
002410168	003932681	0.3845	0.9023
002410168	003934856	0.4071	0.9199
002410168	003938644	0.2727	0.9290
002410168	003980597	0.3757	0.9126
002410168	004023963	0.2718	0.9109
002410168	004025925	0.3042	0.9026
002410168	004028987	0.4259	0.9079
002410168	004034170	0.3757	0.9549
002410168	004253554	0.3355	0.9481
002410168	004477674	0.4804	0.9252
002410168	004935667	0.4011	0.9139
002410168	005013047	0.3989	0.9275
002410168	005033151	0.3455	0.9346
002410593	003645871	0.5530	0.9279
002410593	003682520	0.5201	0.9358
002410593	005055414	0.5952	0.9119
002419913	003260732	0.5261	0.9070
002419913	003676318	0.5724	0.9157
002419913	003719109	0.5781	0.9069
002419913	003926465	0.4882	0.9074
002419913	003966783	0.5957	0.9265
002419913	004975231	0.5712	0.9172
002419913	005039793	0.5678	0.9125
002429118	003278461	0.3613	0.9010
002429118	003384708	0.5370	0.9036
002429118	003590884	0.5275	0.9045
002429118	003974693	0.5936	0.9107
002429118	003974873	0.5161	0.9138
002429118	004477674	0.3961	0.9063
002429118	004946152	0.5018	0.9109
002429119	003974693	0.5469	0.9178
002430609	003278461	0.4243	0.9240
002430609	003538070	0.5418	0.9475
002430609	003837507	0.5710	0.9468
002430609	004124141	0.5861	0.9164
002430609	004178839	0.5693	0.9505
002430609	004477674	0.4591	0.9200
002430609	005033151	0.4924	0.9246
002439649	003256028	0.5922	0.9231
002439649	003259022	0.5049	0.9200
002439649	003682520	0.5979	0.9154
002439649	005063011	0.4626	0.9116
002444014	003278461	0.4848	0.9317
002444014	003384708	0.3957	0.9030
002444014	003823449	0.5740	0.9212
002444014	003893356	0.4158	0.9127
002444014	003980597	0.4170	0.9376
002444014	004009350	0.4768	0.9200
002444014	004028987	0.4192	0.9163
002444014	004034170	0.4581	0.9569
002444014	004253554	0.4524	0.9550
002444014	004477674	0.4609	0.9372
002444014	004935667	0.4515	0.9232
002444014	005013047	0.4351	0.9360
002444014	005033151	0.4447	0.9364
002469820	003211199	0.4825	0.9102
002469820	003225736	0.4716	0.9443
002469820	003256028	0.4625	0.9235
002469820	003263136	0.4622	0.9010
002469820	003277734	0.4035	0.9443
002469820	003293672	0.4775	0.9058
002469820	003304881	0.4343	0.9182
002469820	003326231	0.4554	0.9109
002469820	003334423	0.4658	0.9004
002469820	003351451	0.4477	0.9040
002469820	003384708	0.4316	0.9033
002469820	003388306	0.4377	0.9334
002469820	003467177	0.4677	0.9068
002469820	003468015	0.4587	0.9266
002469820	003469832	0.4743	0.9157
002469820	003486492	0.4766	0.9030
002469820	003489485	0.4619	0.9312
002469820	003496711	0.3932	0.9055
002469820	003599834	0.4558	0.9057
002469820	003607264	0.4270	0.9004
002469820	003625799	0.4895	0.9116
002469820	003699154	0.4171	0.9117
002469820	003705615	0.3900	0.9096
002469820	003707024	0.5010	0.9030
002469820	003711543	0.4420	0.9025
002469820	003712799	0.4629	0.9220
002469820	003738616	0.4004	0.9205
002469820	003794450	0.4868	0.9009
002469820	003875439	0.4219	0.9042
002469820	003893356	0.4656	0.9360
002469820	003924245	0.5070	0.9010
002469820	003926817	0.5421	0.9155
002469820	003938644	0.4525	0.9172
002469820	003969074	0.4280	0.9048
002469820	003979604	0.5227	0.9039
002469820	003980597	0.4915	0.9149
002469820	003983612	0.4996	0.9072
002469820	004023963	0.4093	0.9392
002469820	004025316	0.4626	0.9231
002469820	004027380	0.3968	0.9121
002469820	004028987	0.4973	0.9354
002469820	004034170	0.4503	0.9312
002469820	004253554	0.4897	0.9299
002469820	004856373	0.4318	0.9000
002469820	004935667	0.5318	0.9111
002469820	005013047	0.4554	0.9298
002469820	005033151	0.4593	0.9071
002491145	002712021	0.5587	0.9068
002491145	002845005	0.5750	0.9359
002491145	002936564	0.5708	0.9408
002491145	003178289	0.5803	0.9199
002491145	003193619	0.5917	0.9519
002491145	003209258	0.5972	0.9524
002491145	003216437	0.5864	0.9563
002491145	003219196	0.5236	0.9475
002491145	003225849	0.5737	0.9028
002491145	003229331	0.5804	0.9034
002491145	003230589	0.5988	0.9219
002491145	003230955	0.5880	0.9172
002491145	003242975	0.5823	0.9307
002491145	003244679	0.5424	0.9570
002491145	003246201	0.5726	0.9513
002491145	003251612	0.5691	0.9030
002491145	003252600	0.5826	0.9194
002491145	003257853	0.5868	0.9663
002491145	003261680	0.5805	0.9214
002491145	003265781	0.5731	0.9077
002491145	003274867	0.5772	0.9605
002491145	003278461	0.5990	0.9163
002491145	003316300	0.5581	0.9240
002491145	003397758	0.5842	0.9026
002491145	003399868	0.5698	0.9127
002491145	003399870	0.5667	0.9030
002491145	003400046	0.5786	0.9272
002491145	003405538	0.5947	0.9100
002491145	003419895	0.5896	0.9199
002491145	003421427	0.5755	0.9390
002491145	003427234	0.5435	0.9316
002491145	003433434	0.5585	0.9337
002491145	003434623	0.5645	0.9137
002491145	003448400	0.5794	0.9091
002491145	003452325	0.4805	0.9067
002491145	003460558	0.5985	0.9525
002491145	003466219	0.5998	0.9643
002491145	003466659	0.5664	0.9078
002491145	003470973	0.5950	0.9228
002491145	003471626	0.5698	0.9030
002491145	003486878	0.5622	0.9205
002491145	003492173	0.5940	0.9130
002491145	003496153	0.5725	0.9235
002491145	003497089	0.5600	0.9209
002491145	003514380	0.5700	0.9202
002491145	003519107	0.5996	0.9140
002491145	003520211	0.5624	0.9435
002491145	003520282	0.5654	0.9159
002491145	003520583	0.5856	0.9025
002491145	003539509	0.5626	0.9423
002491145	003562264	0.5987	0.9618
002491145	003564430	0.5955	0.9066
002491145	003592306	0.5684	0.9311
002491145	003592488	0.5938	0.9638
002491145	003593475	0.5891	0.9039
002491145	003597789	0.5900	0.9022
002491145	003598597	0.5942	0.9078
002491145	003598786	0.5565	0.9117
002491145	003599303	0.5145	0.9096
002491145	003600113	0.5919	0.9057
002491145	003600457	0.5766	0.9586
002491145	003601074	0.5819	0.9229
002491145	003601768	0.5645	0.9058
002491145	003607742	0.5902	0.9007
002491145	003611694	0.5436	0.9116
002491145	003613205	0.5991	0.9191
002491145	003615320	0.5937	0.9433
002491145	003615364	0.5669	0.9076
002491145	003615365	0.5420	0.9137
002491145	003619549	0.5957	0.9538
002491145	003620332	0.5799	0.9256
002491145	003635578	0.5408	0.9064
002491145	003638256	0.5804	0.9436
002491145	003656345	0.5758	0.9044
002491145	003682574	0.5812	0.9344
002491145	003685962	0.5649	0.9294
002491145	003686217	0.5848	0.9274
002491145	003688874	0.5833	0.9361
002491145	003699158	0.5651	0.9233
002491145	003700021	0.5708	0.9175
002491145	003701268	0.5954	0.9620
002491145	003706854	0.5617	0.9254
002491145	003708347	0.5433	0.9078
002491145	003712793	0.5848	0.9108
002491145	003713577	0.5542	0.9120
002491145	003719290	0.5324	0.9130
002491145	003719987	0.5846	0.9110
002491145	003730558	0.5978	0.9162
002491145	003731198	0.5893	0.9284
002491145	003735038	0.5727	0.9461
002491145	003737521	0.5900	0.9150
002491145	003738485	0.5518	0.9383
002491145	003743499	0.5834	0.9569
002491145	003792183	0.5523	0.9175
002491145	003793204	0.5788	0.9572
002491145	003797750	0.5637	0.9253
002491145	003803751	0.5455	0.9021
002491145	003803752	0.5776	0.9110
002491145	003804059	0.5815	0.9425
002491145	003808690	0.5298	0.9548
002491145	003829242	0.5997	0.9189
002491145	003837507	0.5070	0.9110
002491145	003864069	0.5863	0.9063
002491145	003885304	0.5522	0.9062
002491145	003891882	0.5956	0.9186
002491145	003903618	0.5810	0.9560
002491145	003906939	0.5617	0.9264
002491145	003913807	0.5914	0.9382
002491145	003923768	0.5999	0.9562
002491145	003927485	0.5138	0.9017
002491145	003929384	0.5573	0.9299
002491145	003934538	0.5958	0.9315
002491145	003938586	0.5896	0.9055
002491145	003970579	0.5252	0.9045
002491145	003974873	0.4686	0.9119
002491145	003993203	0.5632	0.9016
002491145	003997800	0.5313	0.9289
002491145	003998812	0.5646	0.9134
002491145	004002577	0.5574	0.9017
002491145	004016284	0.5622	0.9260
002491145	004020992	0.5802	0.9091
002491145	004021475	0.5363	0.9025
002491145	004021962	0.5904	0.9358
002491145	004027374	0.5842	0.9079
002491145	004030238	0.5978	0.9328
002491145	004064452	0.4651	0.9014
002491145	004068454	0.5873	0.9299
002491145	004069935	0.5274	0.9308
002491145	004080481	0.5992	0.9566
002491145	004198097	0.5525	0.9055
002491145	004201023	0.5878	0.9022
002491145	004215561	0.5941	0.9317
002491145	004218949	0.5548	0.9472
002491145	004221880	0.5884	0.9094
002491145	004261492	0.5275	0.9013
002491145	004415790	0.5829	0.9212
002491145	004436962	0.5884	0.9088
002491145	004443862	0.5557	0.9164
002491145	004490994	0.5978	0.9422
002491145	004533388	0.5605	0.9217
002491145	004605081	0.5583	0.9084
002491145	004935667	0.5340	0.9103
002491145	004936750	0.5683	0.9068
002491145	004960783	0.5676	0.9475
002491145	004978305	0.5497	0.9120
002491145	005012604	0.5352	0.9306
002491145	005019689	0.5683	0.9247
002491145	005034263	0.5885	0.9335
002491145	005034437	0.5706	0.9212
002491145	005053437	0.5112	0.9105
002491145	005056886	0.5265	0.9186
002491145	005060255	0.5912	0.9120
002491145	005064725	0.5917	0.9145
002491409	003213464	0.5975	0.9506
002491409	003216657	0.5768	0.9118
002491409	003322297	0.5956	0.9125
002491409	003381005	0.5587	0.9031
002491409	003516275	0.5788	0.9086
002491409	003627887	0.5195	0.9072
002491409	003792944	0.5473	0.9051
002491409	003793128	0.5279	0.9167
002491409	003794680	0.5544	0.9089
002491409	003893356	0.4962	0.9134
002491409	003935966	0.5904	0.9046
002491409	004236698	0.4613	0.9028
002507468	003242975	0.5929	0.9009
002507468	003294494	0.5971	0.9172
002507468	003713577	0.5773	0.9144
002507468	003719290	0.5842	0.9069
002507468	004016655	0.5688	0.9010
002507468	004935667	0.5605	0.9065
002532980	003228016	0.4952	0.9598
002532980	003248305	0.5319	0.9332
002532980	003270187	0.4807	0.9240
002532980	003356938	0.5156	0.9247
002532980	003465733	0.4977	0.9171
002532980	003475191	0.5844	0.9718
002532980	003493239	0.5546	0.9363
002532980	003527040	0.5390	0.9053
002532980	003582338	0.5089	0.9489
002532980	003595522	0.5103	0.9309
002532980	003643506	0.5174	0.9666
002532980	003715701	0.5511	0.9318
002532980	003732360	0.5786	0.9158
002532980	003741412	0.5104	0.9144
002532980	003786918	0.5133	0.9151
002532980	003855063	0.5139	0.9164
002532980	003869291	0.5303	0.9186
002532980	003935022	0.5220	0.9268
002532980	004020138	0.5136	0.9143
002532980	004020266	0.5694	0.9559
002532980	004028903	0.5119	0.9387
002532980	004030106	0.5972	0.9251
002570822	003221501	0.4972	0.9078
002570822	003259022	0.3734	0.9096
002570822	003277734	0.3982	0.9101
002570822	003278461	0.5270	0.9701
002570822	003326231	0.4750	0.9230
002570822	003384708	0.3635	0.9271
002570822	003388306	0.4039	0.9331
002570822	003699091	0.5929	0.9246
002570822	003707024	0.5464	0.9243
002570822	003823449	0.5338	0.9301
002570822	003893356	0.4332	0.9202
002570822	003927485	0.4670	0.9380
002570822	003974487	0.4520	0.9054
002570822	003979604	0.5331	0.9533
002570822	003980597	0.4216	0.9497
002570822	003983612	0.5160	0.9540
002570822	003988870	0.4741	0.9239
002570822	004000435	0.5820	0.9152
002570822	004002734	0.5148	0.9408
002570822	004009350	0.5364	0.9614
002570822	004021527	0.5924	0.9004
002570822	004028987	0.4529	0.9562
002570822	004034170	0.4355	0.9628
002570822	004253554	0.4002	0.9633
002570822	004477674	0.4704	0.9565
002570822	004935667	0.4382	0.9529
002570822	004946152	0.4514	0.9135
002570822	005013047	0.4419	0.9623
002570822	005033151	0.4131	0.9686
002570822	005063011	0.4921	0.9260
002582130	003184565	0.5792	0.9287
002582130	003213464	0.5747	0.9595
002582130	003216657	0.5490	0.9121
002582130	003234430	0.5897	0.9268
002582130	003246318	0.5731	0.9385
002582130	003258711	0.5821	0.9138
002582130	003322297	0.5986	0.9244
002582130	003334305	0.5626	0.9145
002582130	003381005	0.5546	0.9183
002582130	003404797	0.5776	0.9098
002582130	003430595	0.5927	0.9066
002582130	003459009	0.5762	0.9163
002582130	003516275	0.5552	0.9244
002582130	003517168	0.5909	0.9333
002582130	003600999	0.5895	0.9307
002582130	003660659	0.5667	0.9019
002582130	003711453	0.5571	0.9144
002582130	003776113	0.5597	0.9252
002582130	003783242	0.5959	0.9546
002582130	003792944	0.5347	0.9001
002582130	003793128	0.5271	0.9117
002582130	003794680	0.5182	0.9168
002582130	003893356	0.4587	0.9077
002582130	003928890	0.5706	0.9053
002582130	003974984	0.4886	0.9269
002582130	003980597	0.4019	0.9091
002582130	004236698	0.4357	0.9219
002582130	004253554	0.4014	0.9057
002582130	004267913	0.4975	0.9132
002624943	003645871	0.5539	0.9092
002624943	003682520	0.5533	0.9196
002624943	005055414	0.5761	0.9039
002631933	003682520	0.4425	0.9316
002647738	002970095	0.5934	0.9067
002647738	003276533	0.3558	0.9073
002647738	003278461	0.3977	0.9031
002647738	003384708	0.4545	0.9048
002647738	003638485	0.5643	0.9059
002647738	003974873	0.5599	0.9105
002647738	003981561	0.3869	0.9070
002647738	004477674	0.4688	0.9107
002647738	005033151	0.3818	0.9072
002709325	003682520	0.4616	0.9226
002712021	003213464	0.5840	0.9321
002712021	003221442	0.5491	0.9347
002712021	003246318	0.5739	0.9361
002712021	003259022	0.3926	0.9213
002712021	003277734	0.4366	0.9341
002712021	003278461	0.4940	0.9023
002712021	003384708	0.3761	0.9166
002712021	003422197	0.5970	0.9448
002712021	003516275	0.5762	0.9047
002712021	003688269	0.4914	0.9132
002712021	003893356	0.3945	0.9122
002712021	003928890	0.5656	0.9005
002712021	003974487	0.4506	0.9297
002712021	003974984	0.5363	0.9153
002712021	003980597	0.3789	0.9566
002712021	003983612	0.5277	0.9002
002712021	004009350	0.5439	0.9260
002712021	004028987	0.4838	0.9006
002712021	004034170	0.4434	0.9186
002712021	004124141	0.5614	0.9067
002712021	004178839	0.5956	0.9036
002712021	004236698	0.4572	0.9089
002712021	004253554	0.3986	0.9387
002712021	004267913	0.5440	0.9140
002712021	004477674	0.4787	0.9083
002712021	004935667	0.5161	0.9192
002712021	005013047	0.4699	0.9143
002712021	005033151	0.4543	0.9031
002712021	005063011	0.4768	0.9399
002722507	003276533	0.4663	0.9008
002722507	003278461	0.5223	0.9268
002722507	003384708	0.4018	0.9209
002722507	003427234	0.5932	0.9419
002722507	003538070	0.5503	0.9519
002722507	003840585	0.5426	0.9159
002722507	003927485	0.5945	0.9010
002722507	004034170	0.5063	0.9026
002722507	004178839	0.5922	0.9395
002722507	004477674	0.5528	0.9288
002722507	005013047	0.5538	0.9060
002722507	005033151	0.5350	0.9415
002753367	003278461	0.5293	0.9230
002753367	003596605	0.5320	0.9217
002753367	004477674	0.5831	0.9249
002753367	005033151	0.4937	0.9019
002755323	003192494	0.5297	0.9007
002755323	003238915	0.5885	0.9017
002755323	003242975	0.5299	0.9014
002755323	003294494	0.5354	0.9190
002755323	003479869	0.5735	0.9015
002755323	003492087	0.5538	0.9096
002755323	003492173	0.5624	0.9057
002755323	003656345	0.5777	0.9048
002755323	003713577	0.5184	0.9117
002755323	003719290	0.5123	0.9086
002755323	003856072	0.5862	0.9245
002755323	003906939	0.5808	0.9033
002755323	003916040	0.5588	0.9178
002755323	004016655	0.4985	0.9031
002755323	004021801	0.5491	0.9196
002755323	004978305	0.5856	0.9115
002770320	003259022	0.4343	0.9115
002770320	003263136	0.3972	0.9165
002770320	003277734	0.4789	0.9110
002770320	003278461	0.5539	0.9166
002770320	003304881	0.3901	0.9133
002770320	003384708	0.4247	0.9589
002770320	003467177	0.5090	0.9263
002770320	003468015	0.4039	0.9311
002770320	003486492	0.4794	0.9095
002770320	003489485	0.4688	0.9238
002770320	003596874	0.3713	0.9032
002770320	003607264	0.3782	0.9147
002770320	003699154	0.4085	0.9295
002770320	003711543	0.4494	0.9027
002770320	003738616	0.3608	0.9165
002770320	003790340	0.4828	0.9016
002770320	003893356	0.4589	0.9428
002770320	003938644	0.4143	0.9203
002770320	003974487	0.4781	0.9029
002770320	003980597	0.4595	0.9705
002770320	003983612	0.5637	0.9082
002770320	004002734	0.5717	0.9066
002770320	004009350	0.5702	0.9313
002770320	004023963	0.4021	0.9062
002770320	004028987	0.5514	0.9275
002770320	004034170	0.5012	0.9566
002770320	004253554	0.4690	0.9714
002770320	004477674	0.5307	0.9273
002770320	004935667	0.5567	0.9328
002770320	004946152	0.5016	0.9022
002770320	005013047	0.5103	0.9399
002770320	005033151	0.4996	0.9282
002770320	005063011	0.5558	0.9193
002770776	003211199	0.4461	0.9167
002770776	003228016	0.5604	0.9508
002770776	003248305	0.5749	0.9093
002770776	003256028	0.5454	0.9170
002770776	003270187	0.5529	0.9381
002770776	003277734	0.4954	0.9204
002770776	003293672	0.5000	0.9015
002770776	003351451	0.4754	0.9036
002770776	003469832	0.5442	0.9058
002770776	003582338	0.5744	0.9525
002770776	003599834	0.4937	0.9022
002770776	003625799	0.5376	0.9211
002770776	003643506	0.5592	0.9542
002770776	003712799	0.5256	0.9112
002770776	003741412	0.5636	0.9149
002770776	003786918	0.5537	0.9417
002770776	004020266	0.5658	0.9545
002770776	004022826	0.5802	0.9048
002770776	004028903	0.5975	0.9056
002770776	004856373	0.5576	0.9003
002773985	003221442	0.5630	0.9029
002773985	003278461	0.5652	0.9329
002773985	003596605	0.5222	0.9075
002773985	003927485	0.5944	0.9029
002773985	004009350	0.5439	0.9055
002773985	004477674	0.5790	0.9069
002773985	004613056	0.5820	0.9140
002773985	004946152	0.5065	0.9084
002773985	005033151	0.5487	0.9193
002793930	003221442	0.5958	0.9154
002793930	003278461	0.5101	0.9365
002793930	003384708	0.3647	0.9620
002793930	003388306	0.4471	0.9055
002793930	003438527	0.5958	0.9078
002793930	003538070	0.5251	0.9009
002793930	003596605	0.4672	0.9065
002793930	003840585	0.5476	0.9027
002793930	003893356	0.4101	0.9045
002793930	003927485	0.5680	0.9156
002793930	003974487	0.4565	0.9012
002793930	003979604	0.5889	0.9224
002793930	003980597	0.3877	0.9283
002793930	003983612	0.5670	0.9253
002793930	003988870	0.5260	0.9018
002793930	004002734	0.5650	0.9184
002793930	004009350	0.5744	0.9380
002793930	004028987	0.4897	0.9298
002793930	004034170	0.4687	0.9273
002793930	004178839	0.5889	0.9081
002793930	004253554	0.4411	0.9291
002793930	004477674	0.5303	0.9346
002793930	004935667	0.5785	0.9174
002793930	004946152	0.4317	0.9099
002793930	005013047	0.5107	0.9155
002793930	005033151	0.4967	0.9421
002814700	003221442	0.5880	0.9197
002814700	003278461	0.5646	0.9093
002814700	003384708	0.4621	0.9057
002814700	003980597	0.4872	0.9041
002814700	004034170	0.5551	0.9031
002814700	004253554	0.4862	0.9084
002814700	004477674	0.5424	0.9292
002814700	005033151	0.5466	0.9061
002845005	003177989	0.5902	0.9134
002845005	003201755	0.3859	0.9162
002845005	003221442	0.5362	0.9340
002845005	003276533	0.3558	0.9302
002845005	003277734	0.3759	0.9288
002845005	003278461	0.4664	0.9230
002845005	003326231	0.4298	0.9059
002845005	003384708	0.3252	0.9086
002845005	003538070	0.4854	0.9102
002845005	003596874	0.3531	0.9032
002845005	003607918	0.5768	0.9117
002845005	003707024	0.4876	0.9158
002845005	003863960	0.4196	0.9084
002845005	003927485	0.5281	0.9095
002845005	003980597	0.3714	0.9067
002845005	004002734	0.4976	0.9013
002845005	004009350	0.4962	0.9176
002845005	004025316	0.4432	0.9109
002845005	004034170	0.4247	0.9147
002845005	004253554	0.4140	0.9126
002845005	004477674	0.4725	0.9444
002845005	004935667	0.5281	0.9181
002845005	005013047	0.4412	0.9159
002845005	005033151	0.4361	0.9282
002936564	003221442	0.5071	0.9397
002936564	003278461	0.4808	0.9164
002936564	003538070	0.4948	0.9183
002936564	004155213	0.5589	0.9188
002936564	004178839	0.5391	0.9263
002936564	004477674	0.4973	0.9144
002936564	005033151	0.5052	0.9067
002970095	003177989	0.5367	0.9337
002970095	003221442	0.5645	0.9444
002970095	003278461	0.5256	0.9176
002970095	003538070	0.5394	0.9332
002970095	003627686	0.5968	0.9101
002970095	003757999	0.5557	0.9385
002970095	003797019	0.5533	0.9146
002970095	004124141	0.5729	0.9096
002970095	004155213	0.5403	0.9271
002970095	004178839	0.5087	0.9269
002970095	004477674	0.5469	0.9227
002970095	005033151	0.5744	0.9239
002985718	003177989	0.5944	0.9535
002985718	003221442	0.5588	0.9597
002985718	003278461	0.4909	0.9298
002985718	003384708	0.4102	0.9056
002985718	003538070	0.5219	0.9423
002985718	003801207	0.5801	0.9472
002985718	003980597	0.3960	0.9127
002985718	004009350	0.5494	0.9102
002985718	004034170	0.4830	0.9035
002985718	004124141	0.5916	0.9307
002985718	004155213	0.5920	0.9476
002985718	004178839	0.5711	0.9510
002985718	004477674	0.4877	0.9255
002985718	005013047	0.5064	0.9037
002985718	005033151	0.5083	0.9296
002998021	003384708	0.5725	0.9075
002998021	003980597	0.4959	0.9110
003008562	003221442	0.5916	0.9099
003008562	004416711	0.5862	0.9083
003008562	004613056	0.5957	0.9011
003008562	004857588	0.5961	0.9016
003008562	005033151	0.5837	0.9264
003076246	003200064	0.3574	0.9091
003076246	003486492	0.3835	0.9117
003076246	004034170	0.4195	0.9173
003076246	004253554	0.4055	0.9132
003076246	005013047	0.4006	0.9009
003166921	003278461	0.4942	0.9157
003166921	003427234	0.5996	0.9229
003166921	003538070	0.5560	0.9228
003166921	003596605	0.5191	0.9012
003166921	004477674	0.5323	0.9111
003166921	005033151	0.5447	0.9075
003170271	003645871	0.4784	0.9365
003170271	003682520	0.5206	0.9219
003170800	003256028	0.5367	0.9053
003170800	003468015	0.4660	0.9105
003171144	004993396	0.5337	0.9048
003171545	003278461	0.5115	0.9238
003171545	003384708	0.4625	0.9074
003171545	003596605	0.5704	0.9048
003171545	004009350	0.5991	0.9040
003171545	004477674	0.5594	0.9212
003171545	005033151	0.4856	0.9259
003172078	003266400	0.5948	0.9207
003172078	003278461	0.4381	0.9366
003172078	003927485	0.4374	0.9165
003172078	003932681	0.4218	0.9042
003172078	003979604	0.4574	0.9137
003172078	003983612	0.4378	0.9084
003172078	003988870	0.4204	0.9047
003172078	004002734	0.4274	0.9162
003172078	004028987	0.4683	0.9053
003172078	004034170	0.3887	0.9044
003172078	004477674	0.4371	0.9121
003172078	005013047	0.4172	0.9090
003172078	005033151	0.4096	0.9312
003174571	003211199	0.5049	0.9259
003174571	003228016	0.5603	0.9261
003174571	003270187	0.5395	0.9225
003174571	003277734	0.5244	0.9350
003174571	003293672	0.5065	0.9100
003174571	003351451	0.5479	0.9070
003174571	003384708	0.4903	0.9005
003174571	003469832	0.5812	0.9123
003174571	003475191	0.5194	0.9367
003174571	003582338	0.5715	0.9255
003174571	003593332	0.5408	0.9147
003174571	003625799	0.5772	0.9248
003174571	003643506	0.5282	0.9309
003174571	003664077	0.5200	0.9233
003174571	003707160	0.5308	0.9073
003174571	003712799	0.5772	0.9158
003174571	003786918	0.5252	0.9176
003174571	003974487	0.5125	0.9085
003174571	004020138	0.5790	0.9149
003174571	004020266	0.5363	0.9297
003174571	004218949	0.5615	0.9093
003174571	004856373	0.5770	0.9053
003174571	005056599	0.5403	0.9097
003175201	003221442	0.5896	0.9663
003175201	003278461	0.4928	0.9238
003175201	003538070	0.5926	0.9497
003175201	004477674	0.5514	0.9259
003175201	005033151	0.5555	0.9159
003175950	003278461	0.5532	0.9169
003175950	003384708	0.4674	0.9343
003175950	003538070	0.5868	0.9274
003175950	003840585	0.5282	0.9077
003175950	004993396	0.5966	0.9315
003176702	003194736	0.2999	0.9212
003176702	003270753	0.5055	0.9081
003176702	003497699	0.4580	0.9007
003176702	003728936	0.3873	0.9061
003176702	003926817	0.5388	0.9031
003177128	003221442	0.5943	0.9635
003177128	003278461	0.3960	0.9050
003177128	003538070	0.5748	0.9537
003177128	003596605	0.5489	0.9055
003177128	003797019	0.5925	0.9166
003177128	003837507	0.5667	0.9044
003177128	005033151	0.4591	0.9052
003177299	003384708	0.4476	0.9007
003177299	003596605	0.5561	0.9016
003177989	003224737	0.4992	0.9167
003177989	003233596	0.5830	0.9106
003177989	003242975	0.5990	0.9358
003177989	003275632	0.5900	0.9134
003177989	003299336	0.5559	0.9124
003177989	003313315	0.5841	0.9370
003177989	003408014	0.5877	0.9071
003177989	003408015	0.5529	0.9044
003177989	003414682	0.5683	0.9175
003177989	003431172	0.5985	0.9262
003177989	003433434	0.5804	0.9283
003177989	003434623	0.5902	0.9208
003177989	003443485	0.5916	0.9286
003177989	003448400	0.5732	0.9373
003177989	003452041	0.5744	0.9270
003177989	003466659	0.5942	0.9230
003177989	003498703	0.5292	0.9244
003177989	003520211	0.5974	0.9220
003177989	003591559	0.5902	0.9092
003177989	003595540	0.5895	0.9296
003177989	003599303	0.5757	0.9114
003177989	003611694	0.5805	0.9192
003177989	003613878	0.5977	0.9251
003177989	003620332	0.5931	0.9337
003177989	003666338	0.5294	0.9372
003177989	003674603	0.5947	0.9498
003177989	003679431	0.5842	0.9191
003177989	003685962	0.5211	0.9220
003177989	003688421	0.5588	0.9272
003177989	003708347	0.5843	0.9148
003177989	003719290	0.5608	0.9045
003177989	003724767	0.5995	0.9220
003177989	003731198	0.5878	0.9382
003177989	003738485	0.5640	0.9209
003177989	003796572	0.5951	0.9088
003177989	003797750	0.5957	0.9057
003177989	003800736	0.5727	0.9379
003177989	003803751	0.5949	0.9214
003177989	003803752	0.5717	0.9377
003177989	003807595	0.5819	0.9175
003177989	003813985	0.5936	0.9043
003177989	003823449	0.5663	0.9210
003177989	003824556	0.5965	0.9127
003177989	003826272	0.5970	0.9494
003177989	003837107	0.5578	0.9381
003177989	003913807	0.5829	0.9459
003177989	003929384	0.5920	0.9087
003177989	004001526	0.5558	0.9046
003177989	004002577	0.5860	0.9226
003177989	004016655	0.5840	0.9053
003177989	004024611	0.5942	0.9146
003177989	004030238	0.5830	0.9108
003177989	004056079	0.5694	0.9116
003177989	004060774	0.5704	0.9207
003177989	004063483	0.5432	0.9076
003177989	004068454	0.5548	0.9392
003177989	004215561	0.5688	0.9392
003177989	004318569	0.5071	0.9306
003177989	004443862	0.5732	0.9215
003177989	004533388	0.5662	0.9121
003177989	004611031	0.5867	0.9005
003177989	004663619	0.5901	0.9249
003177989	004669027	0.5003	0.9030
003177989	004959664	0.5695	0.9154
003177989	004960783	0.5816	0.9442
003177989	004974842	0.5643	0.9134
003177989	005019689	0.5849	0.9077
003177989	005053437	0.5890	0.9079
003177989	005056229	0.5742	0.9268
003178289	003221442	0.5182	0.9340
003178289	003272932	0.5836	0.9169
003178289	003538070	0.5135	0.9069
003178289	003797019	0.5443	0.9317
003178289	004155213	0.5782	0.9297
003178289	004178839	0.5777	0.9290
003178434	003538070	0.5942	0.9030
003179039	003278461	0.4829	0.9110
003179039	003384708	0.4375	0.9159
003179039	004178839	0.5967	0.9446
003179039	004477674	0.5425	0.9063
003179039	005033151	0.5064	0.9150
003179593	003313175	0.3895	0.9124
003179593	003432843	0.3691	0.9008
003179593	003453283	0.4654	0.9180
003179593	003489158	0.3407	0.9043
003179593	003595522	0.3776	0.9045
003179593	003673087	0.5657	0.9396
003179593	003729552	0.3775	0.9416
003179593	003741412	0.3733	0.9294
003179593	003786918	0.3202	0.9238
003179593	004027936	0.3162	0.9089
003179893	003390537	0.5940	0.9025
003179893	003645871	0.4948	0.9313
003179893	003682520	0.5657	0.9190
003179893	004975231	0.5940	0.9082
003181418	003256028	0.5680	0.9043
003181418	003259022	0.5743	0.9022
003181418	003980597	0.5347	0.9378
003181418	004028987	0.4729	0.9010
003181418	004253554	0.4453	0.9096
003181418	005013047	0.4713	0.9057
003181418	005063011	0.5592	0.9333
003182129	003189890	0.5793	0.9014
003182129	003244679	0.5964	0.9377
003182129	003520211	0.5368	0.9034
003182129	003639520	0.5948	0.9131
003182129	003666338	0.5836	0.9215
003182129	003688874	0.5884	0.9056
003182129	003738485	0.5992	0.9311
003182129	003757999	0.5361	0.9279
003182129	003781999	0.5715	0.9088
003182129	003797019	0.5858	0.9186
003182129	003922315	0.5958	0.9291
003182129	004030238	0.5654	0.9100
003182129	004318569	0.5734	0.9353
003182129	004416711	0.5732	0.9390
003182704	003621466	0.4389	0.9076
003182704	003857935	0.5492	0.9032
003182704	003997800	0.3719	0.9064
003184565	003299363	0.5557	0.9028
003184565	003410256	0.5533	0.9134
003184565	003450694	0.5430	0.9067
003184565	003677902	0.5983	0.9116
003184565	003980597	0.5475	0.9057
003184935	003221442	0.5981	0.9474
003184935	003538070	0.5336	0.9292
003184935	004124141	0.5897	0.9190
003184935	004178839	0.5617	0.9311
003189169	003645871	0.5618	0.9242
003189169	003676046	0.5985	0.9197
003189169	003677902	0.5529	0.9193
003189890	003221442	0.5605	0.9408
003189890	003276533	0.3458	0.9063
003189890	003277734	0.4164	0.9086
003189890	003278461	0.4654	0.9234
003189890	003326231	0.4650	0.9102
003189890	003384708	0.3707	0.9114
003189890	003538070	0.5262	0.9253
003189890	003599834	0.4872	0.9083
003189890	003707024	0.4954	0.9146
003189890	003927485	0.4965	0.9177
003189890	003974487	0.4506	0.9018
003189890	003980597	0.3901	0.9236
003189890	004002734	0.4670	0.9033
003189890	004009350	0.5234	0.9354
003189890	004028987	0.4657	0.9040
003189890	004034170	0.4334	0.9112
003189890	004124141	0.5978	0.9011
003189890	004253554	0.4171	0.9081
003189890	004477674	0.4598	0.9324
003189890	004935667	0.5064	0.9163
003189890	005013047	0.4415	0.9206
003189890	005033151	0.4449	0.9286
003192371	003278461	0.3783	0.9204
003192371	003538070	0.5531	0.9543
003192371	003837507	0.5511	0.9216
003192371	003927485	0.5056	0.9019
003192371	004009350	0.5359	0.9007
003192371	004124141	0.5661	0.9324
003192371	004178839	0.5776	0.9612
003192371	004477674	0.4465	0.9077
003192371	005033151	0.4671	0.9200
003192494	003193224	0.5917	0.9149
003192494	003271417	0.5494	0.9182
003192494	003278461	0.5088	0.9196
003192494	003286961	0.5851	0.9106
003192494	003384708	0.4547	0.9263
003192494	003438527	0.5664	0.9116
003192494	003538070	0.5646	0.9097
003192494	003596605	0.5465	0.9189
003192494	003636504	0.5633	0.9133
003192494	003648094	0.5246	0.9008
003192494	003740241	0.5703	0.9259
003192494	003979604	0.5153	0.9213
003192494	003980597	0.4485	0.9322
003192494	003983612	0.5085	0.9215
003192494	004002734	0.4850	0.9055
003192494	004009350	0.5678	0.9097
003192494	004028987	0.4970	0.9064
003192494	004034170	0.4524	0.9101
003192494	004178839	0.5517	0.9119
003192494	004253554	0.4483	0.9077
003192494	004946152	0.5024	0.9194
003192494	005013047	0.4856	0.9098
003192494	005033151	0.4863	0.9288
003192494	005063011	0.4967	0.9125
003193224	003598597	0.5788	0.9103
003193224	003688421	0.5477	0.9128
003193224	003700021	0.5721	0.9150
003193224	003703958	0.5764	0.9195
003193224	003713577	0.5909	0.9357
003193224	003719290	0.5841	0.9258
003193224	003974873	0.5157	0.9065
003193224	003979604	0.5590	0.9027
003193224	003983612	0.5803	0.9067
003193224	004016655	0.5669	0.9185
003193224	004020992	0.5718	0.9003
003193224	004935667	0.5675	0.9039
003193619	003221442	0.5729	0.9504
003193619	003278461	0.4242	0.9508
003193619	003384708	0.3550	0.9085
003193619	003538070	0.5227	0.9394
003193619	003837507	0.5975	0.9144
003193619	003927485	0.5420	0.9122
003193619	003980597	0.3365	0.9044
003193619	004009350	0.5098	0.9256
003193619	004034170	0.4504	0.9095
003193619	004178839	0.5873	0.9515
003193619	004477674	0.4526	0.9442
003193619	004935667	0.5208	0.9093
003193619	005013047	0.4825	0.9101
003193619	005033151	0.4706	0.9426
003194736	003290662	0.2725	0.9102
003194736	003452325	0.3222	0.9232
003194736	003536187	0.3608	0.9187
003194736	003690053	0.3129	0.9536
003194736	003784612	0.3536	0.9279
003194736	003837507	0.4882	0.9038
003194736	004011252	0.2714	0.9089
003194837	003278461	0.4403	0.9247
003194837	003384708	0.4885	0.9162
003194837	003596605	0.5907	0.9233
003194837	003927485	0.4901	0.9061
003194837	003980597	0.3726	0.9110
003194837	004009350	0.5723	0.9197
003194837	004477674	0.4771	0.9173
003194837	005033151	0.4856	0.9215
003194837	005063011	0.4968	0.9111
003194962	003278461	0.4705	0.9313
003194962	003538070	0.5961	0.9512
003194962	003837507	0.5564	0.9210
003194962	003927485	0.5538	0.9198
003194962	004009350	0.5741	0.9262
003194962	004034170	0.5373	0.9047
003194962	004477674	0.5029	0.9209
003194962	004935667	0.5395	0.9048
003194962	005013047	0.5527	0.9079
003194962	005033151	0.5502	0.9318
003195739	003608215	0.2710	0.9024
003195739	004936750	0.3475	0.9051
003197091	003291045	0.2807	0.9085
003197091	003452325	0.3198	0.9114
003197091	003690053	0.3703	0.9375
003198826	003278461	0.5290	0.9086
003198826	003538070	0.5858	0.9312
003198826	004477674	0.5718	0.9105
003198826	005033151	0.5478	0.9029
003199555	003282690	0.3563	0.9060
003199555	003291157	0.3956	0.9004
003199555	003408014	0.4494	0.9076
003199555	003496803	0.4516	0.9029
003199555	003608215	0.3462	0.9026
003199555	003690053	0.4547	0.9241
003199555	003784612	0.4325	0.9015
003199555	003969508	0.3877	0.9017
003199555	003979552	0.3808	0.9018
003199555	004936750	0.3472	0.9221
003199555	004959592	0.4501	0.9028
003199555	005029261	0.4075	0.9244
003199555	005052629	0.4661	0.9023
003199555	005056886	0.3730	0.9040
003200064	003969508	0.4042	0.9090
003200064	004936750	0.3391	0.9132
003200064	005029261	0.3919	0.9155
003200064	005068539	0.3422	0.9005
003201092	004952074	0.5943	0.9212
003201755	003290662	0.3779	0.9411
003201755	003408014	0.4104	0.9074
003201755	003452325	0.4472	0.9344
003201755	003495143	0.3932	0.9051
003201755	003495148	0.3300	0.9351
003201755	003496803	0.3953	0.9428
003201755	003690053	0.3607	0.9242
003201755	003829242	0.4025	0.9056
003201755	003978624	0.2980	0.9252
003201755	004016284	0.4018	0.9262
003201755	004146735	0.3949	0.9065
003201755	004218949	0.4439	0.9024
003201755	004256943	0.3309	0.9066
003201755	005052629	0.4150	0.9096
003201755	005055984	0.2767	0.9389
003201867	003279614	0.3939	0.9026
003201867	003410256	0.4114	0.9176
003201867	004034059	0.3774	0.9101
003201867	004576823	0.3668	0.9076
003203375	005029261	0.4010	0.9030
003209165	003256028	0.5430	0.9053
003209165	003974487	0.5894	0.9065
003209165	003980597	0.5018	0.9282
003209165	005063011	0.5364	0.9144
003209258	003221442	0.5813	0.9549
003209258	003278461	0.4608	0.9254
003209258	003538070	0.5186	0.9412
003209258	003927485	0.5302	0.9047
003209258	004009350	0.5315	0.9080
003209258	004124141	0.5846	0.9234
003209258	004155213	0.5873	0.9440
003209258	004178839	0.5320	0.9530
003209258	004477674	0.4662	0.9149
003209258	005033151	0.4763	0.9231
003210796	003384708	0.5043	0.9158
003210796	003596605	0.5195	0.9017
003210796	003974873	0.5875	0.9177
003210796	004993396	0.5475	0.9137
003211199	003228016	0.4478	0.9026
003211199	003236867	0.4564	0.9140
003211199	003260732	0.5592	0.9082
003211199	003278994	0.5814	0.9511
003211199	003293672	0.5658	0.9259
003211199	003475191	0.5078	0.9187
003211199	003496803	0.4819	0.9265
003211199	003527040	0.5965	0.9028
003211199	003566940	0.5462	0.9127
003211199	003582460	0.5278	0.9041
003211199	003607811	0.4800	0.9035
003211199	003620236	0.5190	0.9051
003211199	003643506	0.4578	0.9006
003211199	003705615	0.5575	0.9166
003211199	003740131	0.5074	0.9193
003211199	003921608	0.5169	0.9053
003211199	004016284	0.4837	0.9161
003211199	004023279	0.5843	0.9428
003211199	004024974	0.5434	0.9118
003211199	004027380	0.5368	0.9096
003211199	004146735	0.5869	0.9488
003211199	004404510	0.5713	0.9056
003211199	004977576	0.5637	0.9021
003211199	005056599	0.4626	0.9150
003211456	003384708	0.4341	0.9227
003211456	003538070	0.5956	0.9053
003211456	003596605	0.5553	0.9155
003212277	003263136	0.3328	0.9015
003212277	003384708	0.5274	0.9458
003212277	003489485	0.4598	0.9087
003212277	003596874	0.3491	0.9006
003212277	003699154	0.3593	0.9230
003212277	003938644	0.3989	0.9039
003212277	003980597	0.4634	0.9218
003212277	004009350	0.5293	0.9043
003212277	004477674	0.5221	0.9025
003212579	003645871	0.5823	0.9163
003213464	003232743	0.5483	0.9131
003213464	003246337	0.5828	0.9200
003213464	003299363	0.5521	0.9190
003213464	003410256	0.5739	0.9380
003213464	003450694	0.5436	0.9214
003213464	003645871	0.5667	0.9074
003213464	003706549	0.5942	0.9023
003213464	004041829	0.5648	0.9040
003216437	003221442	0.5794	0.9602
003216437	003278461	0.4767	0.9516
003216437	003384708	0.4088	0.9021
003216437	003538070	0.5399	0.9453
003216437	003596605	0.5082	0.9073
003216437	003927485	0.5516	0.9144
003216437	003980597	0.3867	0.9221
003216437	004002734	0.5540	0.9036
003216437	004009350	0.5394	0.9343
003216437	004034170	0.5004	0.9195
003216437	004178839	0.5854	0.9575
003216437	004253554	0.4406	0.9118
003216437	004477674	0.5001	0.9391
003216437	004935667	0.5225	0.9216
003216437	005013047	0.5364	0.9235
003216437	005033151	0.5056	0.9454
003216437	005063011	0.5136	0.9095
003216614	003256028	0.5035	0.9072
003216614	003259022	0.3900	0.9256
003216614	003277734	0.4026	0.9219
003216614	003278461	0.4684	0.9253
003216614	003384708	0.4172	0.9550
003216614	003388306	0.4084	0.9161
003216614	003596605	0.5817	0.9224
003216614	003599834	0.5086	0.9137
003216614	003893356	0.4429	0.9377
003216614	003926817	0.3906	0.9024
003216614	003974487	0.4906	0.9108
003216614	003979604	0.4798	0.9337
003216614	003980597	0.3902	0.9492
003216614	003983612	0.4722	0.9388
003216614	004002734	0.4738	0.9110
003216614	004009350	0.5245	0.9306
003216614	004028987	0.4712	0.9324
003216614	004034170	0.4280	0.9242
003216614	004253554	0.4109	0.9274
003216614	004477674	0.4907	0.9168
003216614	004935667	0.5426	0.9117
003216614	004946152	0.4715	0.9291
003216614	005013047	0.4730	0.9251
003216614	005030272	0.5935	0.9248
003216614	005033151	0.4480	0.9369
003216614	005063011	0.4928	0.9254
003216657	003299363	0.5635	0.9091
003216657	003450694	0.5639	0.9123
003216657	003926465	0.5912	0.9248
003216657	003980597	0.5656	0.9085
003217832	003278461	0.4436	0.9216
003217832	003384708	0.4089	0.9010
003217832	003538070	0.5864	0.9607
003217832	003596605	0.5497	0.9092
003217832	003837507	0.5698	0.9254
003217832	004009350	0.5437	0.9155
003217832	004477674	0.4816	0.9154
003217832	005033151	0.4631	0.9233
003217990	003378386	0.5889	0.9059
003217990	003601749	0.4628	0.9241
003218874	003837507	0.5724	0.9305
003219196	003221442	0.4972	0.9529
003219196	003272932	0.5862	0.9340
003219196	003278461	0.4905	0.9426
003219196	003538070	0.4889	0.9307
003219196	004009350	0.5070	0.9197
003219196	004124141	0.5666	0.9186
003219196	004155213	0.5963	0.9348
003219196	004178839	0.5750	0.9421
003219196	004477674	0.4988	0.9345
003219196	004935667	0.5331	0.9038
003219196	005033151	0.5023	0.9296
003219408	003221442	0.5970	0.9729
003219408	003259022	0.3801	0.9092
003219408	003277734	0.3997	0.9148
003219408	003278461	0.4500	0.9358
003219408	003326231	0.4291	0.9199
003219408	003384708	0.4647	0.9279
003219408	003538070	0.5606	0.9628
003219408	003596605	0.5335	0.9249
003219408	003599834	0.4957	0.9223
003219408	003688269	0.4701	0.9122
003219408	003707024	0.4800	0.9129
003219408	003837507	0.5542	0.9237
003219408	003927485	0.5066	0.9111
003219408	003979604	0.4892	0.9116
003219408	003980597	0.3849	0.9407
003219408	003983612	0.4708	0.9150
003219408	004002734	0.5196	0.9096
003219408	004009350	0.5540	0.9324
003219408	004028987	0.3919	0.9146
003219408	004034170	0.5011	0.9260
003219408	004124141	0.5663	0.9507
003219408	004253554	0.4618	0.9150
003219408	004477674	0.4861	0.9254
003219408	004935667	0.4815	0.9266
003219408	004946152	0.4896	0.9032
003219408	005013047	0.5233	0.9370
003219408	005030272	0.5411	0.9077
003219408	005033151	0.4960	0.9485
003219408	005063011	0.4892	0.9255
003220404	003256028	0.4412	0.9153
003220404	003599834	0.4772	0.9183
003220404	003671668	0.5605	0.9012
003220404	003788315	0.4105	0.9015
003220404	003981561	0.3910	0.9081
003221442	003222291	0.5040	0.9451
003221442	003224641	0.5580	0.9597
003221442	003224737	0.5462	0.9369
003221442	003229331	0.5630	0.9115
003221442	003230168	0.5792	0.9655
003221442	003230589	0.5617	0.9168
003221442	003230955	0.5532	0.9217
003221442	003233596	0.5299	0.9188
003221442	003235513	0.5556	0.9519
003221442	003236014	0.5997	0.9537
003221442	003236706	0.5713	0.9233
003221442	003237575	0.5847	0.9499
003221442	003237895	0.5945	0.9579
003221442	003240167	0.5964	0.9489
003221442	003242975	0.5670	0.9311
003221442	003244679	0.5526	0.9667
003221442	003246201	0.5616	0.9605
003221442	003248099	0.5853	0.9198
003221442	003251612	0.5561	0.9196
003221442	003252600	0.5719	0.9217
003221442	003252749	0.5182	0.9320
003221442	003255440	0.5712	0.9715
003221442	003257853	0.5639	0.9548
003221442	003260560	0.5859	0.9182
003221442	003261680	0.5542	0.9226
003221442	003265781	0.5539	0.9045
003221442	003271978	0.5935	0.9453
003221442	003272442	0.5793	0.9553
003221442	003274867	0.5249	0.9616
003221442	003275632	0.4251	0.9289
003221442	003278461	0.5282	0.9095
003221442	003299336	0.5689	0.9260
003221442	003313315	0.5606	0.9370
003221442	003316300	0.5221	0.9319
003221442	003317119	0.5994	0.9226
003221442	003320676	0.5316	0.9490
003221442	003358397	0.5446	0.9525
003221442	003360341	0.5044	0.9092
003221442	003362301	0.5960	0.9507
003221442	003366188	0.5980	0.9629
003221442	003368190	0.5429	0.9491
003221442	003376984	0.5956	0.9514
003221442	003382767	0.5975	0.9690
003221442	003385461	0.5726	0.9050
003221442	003390045	0.5926	0.9454
003221442	003390052	0.5192	0.9009
003221442	003397758	0.5146	0.9135
003221442	003399868	0.4968	0.9277
003221442	003399869	0.5082	0.9080
003221442	003399870	0.4860	0.9117
003221442	003399872	0.5199	0.9116
003221442	003400046	0.5502	0.9359
003221442	003402652	0.5671	0.9543
003221442	003404595	0.5870	0.9111
003221442	003408014	0.5385	0.9326
003221442	003408015	0.5168	0.9043
003221442	003408147	0.5215	0.9068
003221442	003413860	0.5949	0.9619
003221442	003414682	0.5231	0.9410
003221442	003415122	0.5118	0.9002
003221442	003415595	0.5945	0.9519
003221442	003419895	0.5330	0.9134
003221442	003421427	0.5486	0.9345
003221442	003426676	0.5943	0.9475
003221442	003427234	0.4533	0.9197
003221442	003433434	0.5382	0.9288
003221442	003434623	0.5417	0.9159
003221442	003437850	0.5810	0.9170
003221442	003443485	0.5889	0.9447
003221442	003448400	0.5306	0.9099
003221442	003449798	0.5207	0.9382
003221442	003460464	0.5787	0.9550
003221442	003460558	0.5574	0.9589
003221442	003463250	0.5733	0.9478
003221442	003463325	0.5853	0.9273
003221442	003466219	0.5789	0.9575
003221442	003466659	0.5452	0.9098
003221442	003470973	0.5706	0.9310
003221442	003471626	0.5602	0.9136
003221442	003479667	0.5915	0.9309
003221442	003481577	0.5934	0.9099
003221442	003484542	0.5941	0.9546
003221442	003486631	0.4781	0.9445
003221442	003486878	0.5325	0.9265
003221442	003495040	0.5946	0.9475
003221442	003496153	0.5945	0.9186
003221442	003497089	0.5478	0.9301
003221442	003498631	0.5568	0.9453
003221442	003498703	0.5358	0.9170
003221442	003512162	0.5915	0.9383
003221442	003514367	0.5682	0.9158
003221442	003514380	0.5607	0.9298
003221442	003517484	0.5601	0.9342
003221442	003519107	0.5861	0.9219
003221442	003520211	0.5290	0.9509
003221442	003520282	0.5738	0.9159
003221442	003520583	0.4902	0.9320
003221442	003527040	0.6000	0.9192
003221442	003539509	0.4899	0.9441
003221442	003550627	0.5662	0.9523
003221442	003550695	0.5944	0.9420
003221442	003560014	0.5407	0.9654
003221442	003562264	0.5484	0.9657
003221442	003564430	0.5985	0.9084
003221442	003567565	0.5688	0.9182
003221442	003568385	0.5884	0.9575
003221442	003576622	0.5657	0.9064
003221442	003591559	0.5548	0.9552
003221442	003592306	0.5557	0.9386
003221442	003592488	0.5829	0.9651
003221442	003593128	0.5556	0.9475
003221442	003593474	0.5002	0.9009
003221442	003593475	0.5060	0.9273
003221442	003594076	0.5848	0.9147
003221442	003594089	0.5963	0.9442
003221442	003595501	0.5915	0.9299
003221442	003596609	0.5729	0.9440
003221442	003597789	0.5856	0.9166
003221442	003598786	0.4428	0.9384
003221442	003599303	0.3953	0.9287
003221442	003600113	0.5551	0.9085
003221442	003600457	0.5115	0.9485
003221442	003607742	0.5437	0.9051
003221442	003608005	0.5960	0.9584
003221442	003611694	0.4344	0.9327
003221442	003612749	0.5830	0.9665
003221442	003613205	0.5407	0.9401
003221442	003613207	0.5827	0.9323
003221442	003613878	0.5454	0.9216
003221442	003614286	0.5968	0.9453
003221442	003615229	0.5331	0.9479
003221442	003615320	0.5755	0.9296
003221442	003615364	0.5290	0.9204
003221442	003615365	0.5050	0.9114
003221442	003616434	0.5559	0.9088
003221442	003618846	0.5342	0.9488
003221442	003619549	0.5318	0.9421
003221442	003620332	0.5672	0.9384
003221442	003622020	0.5951	0.9549
003221442	003624308	0.5785	0.9587
003221442	003635578	0.5599	0.9197
003221442	003638256	0.5342	0.9461
003221442	003638485	0.5772	0.9318
003221442	003639520	0.5863	0.9468
003221442	003639689	0.5953	0.9617
003221442	003648296	0.5736	0.9608
003221442	003649668	0.5712	0.9531
003221442	003656345	0.5626	0.9080
003221442	003661135	0.5849	0.9365
003221442	003666338	0.5372	0.9396
003221442	003672618	0.5932	0.9336
003221442	003674603	0.5083	0.9400
003221442	003677716	0.5988	0.9401
003221442	003679431	0.5619	0.9069
003221442	003682574	0.4996	0.9562
003221442	003685962	0.4401	0.9521
003221442	003686217	0.5507	0.9368
003221442	003688421	0.5954	0.9300
003221442	003688874	0.5423	0.9400
003221442	003689984	0.5619	0.9529
003221442	003691938	0.5763	0.9318
003221442	003694420	0.5295	0.9511
003221442	003698832	0.5721	0.9643
003221442	003699158	0.5434	0.9334
003221442	003700021	0.5828	0.9255
003221442	003700484	0.5320	0.9171
003221442	003703958	0.5992	0.9127
003221442	003706854	0.5953	0.9284
003221442	003708347	0.4236	0.9308
003221442	003709104	0.5832	0.9650
003221442	003711375	0.5803	0.9227
003221442	003712793	0.5748	0.9204
003221442	003713577	0.5527	0.9270
003221442	003719290	0.5100	0.9248
003221442	003719987	0.4771	0.9363
003221442	003723169	0.5773	0.9648
003221442	003723538	0.5682	0.9373
003221442	003730558	0.5665	0.9319
003221442	003731198	0.5324	0.9402
003221442	003734570	0.5899	0.9467
003221442	003735038	0.5056	0.9533
003221442	003737521	0.5823	0.9119
003221442	003737735	0.5974	0.9493
003221442	003738485	0.4232	0.9528
003221442	003740282	0.5792	0.9504
003221442	003743499	0.5443	0.9547
003221442	003750909	0.5030	0.9619
003221442	003781999	0.5613	0.9434
003221442	003785778	0.5610	0.9563
003221442	003788360	0.5643	0.9612
003221442	003791026	0.5910	0.9315
003221442	003792183	0.5601	0.9126
003221442	003793204	0.5334	0.9633
003221442	003795430	0.5766	0.9006
003221442	003796572	0.5523	0.9121
003221442	003797595	0.5959	0.9589
003221442	003797750	0.5255	0.9299
003221442	003798944	0.5652	0.9035
003221442	003800985	0.5261	0.9106
003221442	003803751	0.5330	0.9078
003221442	003803752	0.5412	0.9151
003221442	003804059	0.5319	0.9558
003221442	003804711	0.5552	0.9247
003221442	003807595	0.5896	0.9385
003221442	003808690	0.5751	0.9621
003221442	003817230	0.5510	0.9004
003221442	003828350	0.5937	0.9300
003221442	003829242	0.5160	0.9313
003221442	003837107	0.5512	0.9386
003221442	003837507	0.4397	0.9038
003221442	003842107	0.5972	0.9506
003221442	003854364	0.5814	0.9623
003221442	003864069	0.5182	0.9150
003221442	003864688	0.5700	0.9557
003221442	003865831	0.5797	0.9221
003221442	003868503	0.5261	0.9375
003221442	003873634	0.5963	0.9572
003221442	003885304	0.5266	0.9209
003221442	003890165	0.5073	0.9120
003221442	003891882	0.5490	0.9187
003221442	003892039	0.5905	0.9286
003221442	003903618	0.5009	0.9604
003221442	003906939	0.5466	0.9315
003221442	003907402	0.5681	0.9189
003221442	003912861	0.5888	0.9004
003221442	003913807	0.5299	0.9354
003221442	003920985	0.5892	0.9563
003221442	003921471	0.5954	0.9579
003221442	003922315	0.5839	0.9457
003221442	003923768	0.5669	0.9669
003221442	003927485	0.3839	0.9055
003221442	003929384	0.5275	0.9343
003221442	003934538	0.4736	0.9517
003221442	003961475	0.5320	0.9111
003221442	003970579	0.5205	0.9109
003221442	003972956	0.5493	0.9067
003221442	003974873	0.5100	0.9112
003221442	003976351	0.5320	0.9124
003221442	003980597	0.5812	0.9082
003221442	003997330	0.5844	0.9260
003221442	003997372	0.5242	0.9578
003221442	003997800	0.5276	0.9231
003221442	003998812	0.5801	0.9169
003221442	004000914	0.5786	0.9368
003221442	004002577	0.4422	0.9276
003221442	004016284	0.5392	0.9228
003221442	004017540	0.5922	0.9463
003221442	004018119	0.5736	0.9522
003221442	004018972	0.5658	0.9283
003221442	004020992	0.5867	0.9187
003221442	004021473	0.5552	0.9150
003221442	004021475	0.4533	0.9279
003221442	004021962	0.5681	0.9429
003221442	004022523	0.5910	0.9269
003221442	004024247	0.5837	0.9664
003221442	004026925	0.5824	0.9179
003221442	004027374	0.5914	0.9108
003221442	004029890	0.5924	0.9412
003221442	004030238	0.5500	0.9385
003221442	004030613	0.5687	0.9217
003221442	004034170	0.4763	0.9023
003221442	004041829	0.4982	0.9049
003221442	004056079	0.5541	0.9075
003221442	004060774	0.5278	0.9058
003221442	004063483	0.5040	0.9155
003221442	004064452	0.5114	0.9109
003221442	004068454	0.5284	0.9450
003221442	004069935	0.4906	0.9389
003221442	004080481	0.5387	0.9601
003221442	004127832	0.5805	0.9372
003221442	004146735	0.4929	0.9061
003221442	004198097	0.4697	0.9280
003221442	004215561	0.5335	0.9468
003221442	004218949	0.4376	0.9420
003221442	004241417	0.4481	0.9202
003221442	004261492	0.5869	0.9086
003221442	004265797	0.5811	0.9721
003221442	004268173	0.5801	0.9391
003221442	004369043	0.5744	0.9632
003221442	004415790	0.5227	0.9288
003221442	004443862	0.4214	0.9405
003221442	004448672	0.5816	0.9377
003221442	004490994	0.5419	0.9328
003221442	004494806	0.5923	0.9345
003221442	004500222	0.5840	0.9681
003221442	004533388	0.4946	0.9203
003221442	004583705	0.5509	0.9497
003221442	004590767	0.5888	0.9311
003221442	004605081	0.4459	0.9363
003221442	004605731	0.5457	0.9636
003221442	004611031	0.4360	0.9296
003221442	004627786	0.5960	0.9285
003221442	004663619	0.5732	0.9203
003221442	004879299	0.5679	0.9123
003221442	004935667	0.4692	0.9158
003221442	004960783	0.5152	0.9443
003221442	004970161	0.5715	0.9291
003221442	004978305	0.5420	0.9198
003221442	005012604	0.4943	0.9317
003221442	005013047	0.5137	0.9087
003221442	005013895	0.5922	0.9198
003221442	005019689	0.5520	0.9273
003221442	005021918	0.5761	0.9213
003221442	005033151	0.4794	0.9246
003221442	005034263	0.4924	0.9344
003221442	005034437	0.5396	0.9223
003221442	005056886	0.5970	0.9176
003221442	005060709	0.5632	0.9139
003221442	005064725	0.5488	0.9217
003221442	005080542	0.5965	0.9153
003221476	003980597	0.4995	0.9046
003221476	003983612	0.4473	0.9005
003221476	004002734	0.4577	0.9081
003221501	003251612	0.5859	0.9111
003221501	003277753	0.5879	0.9083
003221501	003278994	0.5837	0.9117
003221501	003360341	0.5524	0.9481
003221501	003404595	0.5678	0.9252
003221501	003413037	0.5045	0.9166
003221501	003470973	0.5906	0.9064
003221501	003484082	0.5226	0.9048
003221501	003502919	0.5039	0.9320
003221501	003514380	0.5587	0.9001
003221501	003520211	0.5316	0.9073
003221501	003520282	0.5498	0.9113
003221501	003676121	0.5792	0.9011
003221501	003688874	0.5333	0.9050
003221501	003719290	0.4915	0.9031
003221501	003781999	0.4929	0.9014
003221501	003792183	0.5630	0.9154
003221501	003797750	0.5151	0.9009
003221501	003817230	0.4857	0.9127
003221501	003873634	0.5455	0.9036
003221501	003906939	0.5554	0.9067
003221501	003961475	0.5486	0.9308
003221501	003993203	0.5172	0.9233
003221501	004024974	0.5607	0.9037
003221501	004029401	0.5202	0.9066
003221501	004099186	0.5783	0.9073
003221501	004146735	0.5805	0.9052
003221501	004346242	0.5876	0.9125
003221501	004937587	0.4834	0.9005
003221501	004957284	0.4914	0.9168
003221501	004977576	0.5746	0.9240
003221501	004978305	0.5544	0.9084
003221501	004978411	0.5536	0.9027
003221501	005019689	0.5668	0.9181
003221501	005073781	0.5984	0.9151
003222291	003538070	0.5813	0.9060
003222291	003797019	0.5982	0.9007
003222291	003980597	0.4232	0.9099
003222291	004124141	0.5868	0.9182
003223487	003225736	0.5011	0.9144
003223487	003228402	0.5582	0.9114
003223487	003256272	0.5885	0.9021
003223487	003258711	0.5612	0.9046
003223487	003259022	0.3662	0.9658
003223487	003277734	0.4797	0.9609
003223487	003278461	0.5549	0.9043
003223487	003326231	0.5560	0.9206
003223487	003384708	0.3962	0.9520
003223487	003388306	0.4870	0.9523
003223487	003468015	0.3890	0.9377
003223487	003469832	0.5076	0.9105
003223487	003489485	0.4725	0.9111
003223487	003517168	0.5717	0.9126
003223487	003599834	0.5638	0.9299
003223487	003600999	0.5338	0.9027
003223487	003607811	0.4303	0.9471
003223487	003625799	0.5938	0.9005
003223487	003636504	0.5738	0.9008
003223487	003699154	0.4437	0.9145
003223487	003700176	0.5915	0.9050
003223487	003705615	0.4753	0.9053
003223487	003712799	0.5232	0.9003
003223487	003729399	0.5938	0.9043
003223487	003738616	0.4444	0.9018
003223487	003739787	0.5811	0.9095
003223487	003740241	0.5741	0.9176
003223487	003753032	0.5582	0.9012
003223487	003783242	0.5651	0.9022
003223487	003840585	0.5856	0.9014
003223487	003875439	0.5090	0.9081
003223487	003888854	0.4162	0.9157
003223487	003893356	0.4499	0.9635
003223487	003924245	0.5575	0.9188
003223487	003926817	0.5658	0.9322
003223487	003927485	0.5270	0.9039
003223487	003969074	0.4281	0.9199
003223487	003974487	0.4544	0.9297
003223487	003975571	0.5900	0.9190
003223487	003980597	0.4647	0.9541
003223487	003983612	0.5920	0.9620
003223487	003988870	0.5444	0.9098
003223487	004002734	0.5796	0.9275
003223487	004009350	0.5912	0.9267
003223487	004023963	0.4376	0.9184
003223487	004028987	0.5726	0.9540
003223487	004034170	0.4605	0.9362
003223487	004253554	0.4523	0.9472
003223487	004477674	0.5775	0.9062
003223487	004935667	0.5721	0.9385
003223487	004946152	0.4320	0.9402
003223487	004993396	0.5217	0.9406
003223487	005013047	0.5089	0.9435
003223487	005030272	0.5895	0.9280
003223487	005033151	0.4650	0.9245
003223487	005063011	0.4160	0.9536
003223487	005064007	0.5945	0.9407
003224641	003538070	0.5317	0.9311
003224641	003837507	0.5713	0.9107
003224641	004124141	0.5733	0.9305
003224641	004155213	0.5759	0.9488
003224641	004178839	0.5475	0.9434
003224737	003259022	0.3940	0.9109
003224737	003277734	0.5061	0.9262
003224737	003384708	0.4223	0.9215
003224737	003422197	0.5894	0.9029
003224737	003596605	0.5034	0.9078
003224737	003607918	0.5882	0.9186
003224737	003947337	0.5933	0.9480
003224737	003974487	0.4513	0.9188
003224737	003979604	0.5863	0.9001
003224737	003980597	0.4156	0.9417
003224737	003983612	0.5740	0.9041
003224737	004009350	0.5911	0.9031
003224737	004124141	0.5528	0.9212
003224737	004155213	0.5762	0.9384
003224737	004178839	0.5832	0.9068
003224737	004253554	0.4561	0.9066
003224737	004946152	0.4412	0.9042
003224737	005030272	0.5636	0.9142
003224737	005033151	0.5237	0.9035
003224737	005063011	0.4773	0.9353
003225736	003226605	0.3755	0.9292
003225736	003249973	0.4916	0.9095
003225736	003278994	0.3855	0.9048
003225736	003280774	0.4824	0.9173
003225736	003354341	0.3473	0.9001
003225736	003385474	0.4292	0.9270
003225736	003469832	0.5663	0.9041
003225736	003484082	0.4716	0.9095
003225736	003496803	0.4721	0.9169
003225736	003762030	0.4338	0.9572
003225736	003947596	0.3916	0.9019
003225736	003968700	0.4435	0.9136
003225736	003971907	0.4290	0.9062
003225736	003972041	0.4453	0.9136
003225736	004024974	0.4701	0.9015
003225736	004078132	0.3867	0.9098
003225736	004346242	0.4497	0.9144
003225736	004927532	0.3270	0.9140
003225736	004937587	0.4366	0.9103
003225736	004957284	0.4385	0.9048
003225736	004959592	0.4250	0.9190
003225736	004974745	0.4077	0.9294
003225736	004978411	0.4640	0.9038
003225736	005030272	0.4338	0.9012
003225736	005046498	0.3852	0.9174
003225736	005056599	0.4363	0.9235
003225849	003278461	0.5735	0.9244
003225849	004477674	0.5635	0.9218
003226036	003384708	0.4501	0.9209
003226100	003256028	0.5405	0.9066
003226100	003259022	0.4008	0.9317
003226100	003277734	0.4156	0.9228
003226100	003278461	0.5213	0.9483
003226100	003326231	0.5363	0.9252
003226100	003384708	0.3877	0.9654
003226100	003388306	0.4399	0.9274
003226100	003422197	0.5924	0.9039
003226100	003538070	0.5812	0.9074
003226100	003596605	0.4924	0.9203
003226100	003599834	0.5558	0.9185
003226100	003707024	0.5975	0.9192
003226100	003840585	0.5957	0.9018
003226100	003893356	0.4133	0.9280
003226100	003927485	0.5493	0.9294
003226100	003974487	0.5002	0.9255
003226100	003979604	0.5537	0.9464
003226100	003980597	0.4036	0.9626
003226100	003983612	0.5392	0.9492
003226100	003988870	0.5041	0.9095
003226100	004002734	0.5540	0.9326
003226100	004009350	0.5978	0.9597
003226100	004028987	0.4976	0.9513
003226100	004034170	0.4632	0.9493
003226100	004253554	0.4297	0.9520
003226100	004477674	0.5129	0.9435
003226100	004935667	0.5508	0.9405
003226100	004946152	0.4668	0.9296
003226100	005013047	0.5007	0.9487
003226100	005030272	0.5631	0.9113
003226100	005033151	0.4849	0.9584
003226100	005063011	0.5249	0.9351
003226605	003469832	0.5907	0.9243
003226605	003625799	0.5675	0.9079
003226605	003712799	0.5450	0.9047
003226605	003794450	0.4154	0.9594
003226605	003875439	0.3786	0.9178
003226605	003924245	0.4454	0.9305
003226605	003926817	0.4760	0.9328
003226605	003969074	0.3387	0.9185
003226605	004856373	0.5642	0.9245
003226704	003259022	0.3871	0.9153
003226704	003278461	0.4774	0.9006
003226704	003384708	0.4126	0.9276
003226704	003596605	0.5620	0.9441
003226704	003979604	0.4960	0.9253
003226704	003980597	0.4003	0.9152
003226704	003983612	0.4829	0.9268
003226704	004028987	0.4865	0.9013
003226704	004946152	0.4672	0.9313
003226704	005033151	0.4570	0.9057
003226704	005063011	0.4830	0.9226
003226810	003384708	0.5862	0.9004
003226810	003786918	0.5897	0.9119
003226810	003980597	0.5310	0.9006
003226810	004020266	0.5947	0.9025
003228016	003236867	0.5900	0.9704
003228016	003256028	0.4139	0.9074
003228016	003276666	0.5168	0.9540
003228016	003278994	0.5807	0.9243
003228016	003347055	0.5408	0.9245
003228016	003351451	0.4793	0.9020
003228016	003393797	0.5673	0.9057
003228016	003403218	0.5299	0.9511
003228016	003405538	0.5802	0.9132
003228016	003493244	0.5956	0.9224
003228016	003495143	0.5549	0.9393
003228016	003498264	0.4691	0.9391
003228016	003532488	0.5114	0.9528
003228016	003573608	0.5813	0.9479
003228016	003582460	0.5961	0.9613
003228016	003591117	0.5937	0.9193
003228016	003599332	0.5054	0.9553
003228016	003599834	0.4377	0.9033
003228016	003601768	0.5607	0.9241
003228016	003620236	0.5599	0.9588
003228016	003625799	0.5035	0.9013
003228016	003627686	0.5919	0.9081
003228016	003638476	0.5547	0.9180
003228016	003671668	0.4894	0.9270
003228016	003685671	0.5748	0.9507
003228016	003712799	0.4891	0.9062
003228016	003734871	0.5421	0.9151
003228016	003740131	0.5547	0.9527
003228016	003740361	0.5448	0.9150
003228016	003788333	0.5659	0.9074
003228016	003921608	0.5421	0.9653
003228016	003928041	0.5350	0.9279
003228016	003981561	0.3833	0.9115
003228016	004022477	0.4508	0.9346
003228016	004023279	0.5558	0.9092
003228016	004025105	0.5246	0.9230
003228016	004161981	0.5675	0.9092
003228016	004436962	0.5480	0.9061
003228016	004507143	0.5953	0.9137
003228016	004995535	0.4913	0.9224
003228016	005030272	0.5201	0.9438
003228016	005032178	0.5994	0.9395
003228016	005034081	0.5746	0.9057
003228016	005067408	0.5967	0.9218
003228016	005084081	0.5922	0.9411
003228402	003256028	0.5343	0.9224
003228402	003260732	0.5993	0.9069
003228402	003299363	0.5680	0.9003
003228402	003450694	0.5591	0.9051
003228402	003980597	0.5621	0.9054
003229331	003259022	0.3519	0.9186
003229331	003277734	0.4067	0.9071
003229331	003278461	0.4887	0.9467
003229331	003326231	0.4628	0.9025
003229331	003384708	0.3541	0.9505
003229331	003388306	0.4359	0.9174
003229331	003596605	0.4693	0.9135
003229331	003893356	0.3934	0.9084
003229331	003927485	0.5619	0.9204
003229331	003974487	0.4450	0.9071
003229331	003979604	0.5799	0.9328
003229331	003980597	0.3759	0.9297
003229331	003983612	0.5542	0.9370
003229331	003988870	0.5211	0.9041
003229331	004002734	0.5563	0.9217
003229331	004009350	0.5520	0.9504
003229331	004028987	0.4741	0.9323
003229331	004034170	0.4597	0.9214
003229331	004178839	0.5922	0.9095
003229331	004253554	0.4255	0.9312
003229331	004477674	0.4948	0.9469
003229331	004935667	0.5552	0.9246
003229331	004946152	0.4133	0.9230
003229331	005013047	0.4930	0.9246
003229331	005033151	0.4816	0.9415
003229331	005063011	0.4697	0.9292
003230168	003278461	0.4426	0.9142
003230168	003538070	0.5411	0.9456
003230168	003688269	0.4838	0.9013
003230168	003837507	0.5851	0.9104
003230168	003917098	0.5917	0.9278
003230168	003980597	0.3202	0.9124
003230168	004009350	0.4997	0.9044
003230168	004034170	0.4369	0.9008
003230168	004124141	0.5917	0.9465
003230168	004178839	0.5497	0.9497
003230168	004477674	0.4623	0.9095
003230168	005033151	0.4658	0.9223
003230589	003278461	0.5420	0.9431
003230589	003384708	0.4603	0.9006
003230589	004009350	0.5210	0.9018
003230589	004477674	0.5790	0.9409
003230589	005033151	0.5384	0.9229
003230955	003278461	0.5136	0.9352
003230955	004178839	0.5567	0.9020
003230955	004477674	0.5442	0.9353
003230955	005033151	0.5523	0.9168
003232743	003246318	0.5691	0.9053
003232743	003277734	0.5340	0.9148
003232743	003422197	0.5996	0.9033
003232743	003783242	0.5646	0.9129
003232743	003974487	0.4729	0.9201
003232743	003980597	0.4539	0.9106
003232743	004009350	0.5900	0.9093
003232743	004253554	0.4711	0.9176
003232743	004935667	0.5454	0.9018
003233596	003259022	0.4175	0.9065
003233596	003278461	0.5548	0.9495
003233596	003384708	0.4040	0.9310
003233596	003596605	0.5119	0.9112
003233596	003927485	0.5846	0.9196
003233596	003979604	0.5811	0.9158
003233596	003980597	0.4276	0.9202
003233596	003983612	0.5709	0.9199
003233596	004002734	0.5797	0.9122
003233596	004009350	0.5528	0.9481
003233596	004028987	0.4973	0.9108
003233596	004034170	0.5328	0.9147
003233596	004178839	0.5932	0.9121
003233596	004253554	0.4739	0.9267
003233596	004477674	0.5430	0.9510
003233596	004935667	0.5732	0.9230
003233596	004946152	0.4675	0.9122
003233596	005013047	0.5668	0.9134
003233596	005033151	0.5464	0.9346
003233596	005063011	0.5429	0.9255
003234408	003384708	0.4982	0.9044
003234408	004477674	0.5363	0.9019
003234430	003645871	0.5266	0.9464
003234430	003682520	0.5890	0.9254
003234755	003259022	0.3759	0.9092
003234755	003278461	0.5038	0.9550
003234755	003326231	0.4972	0.9037
003234755	003384708	0.3791	0.9518
003234755	003388306	0.4347	0.9197
003234755	003596605	0.5155	0.9010
003234755	003707024	0.5610	0.9082
003234755	003893356	0.4150	0.9036
003234755	003927485	0.5449	0.9329
003234755	003974487	0.4815	0.9050
003234755	003979604	0.5444	0.9375
003234755	003980597	0.3896	0.9285
003234755	003983612	0.5292	0.9394
003234755	003988870	0.4999	0.9152
003234755	004002734	0.5370	0.9303
003234755	004009350	0.5705	0.9553
003234755	004028987	0.4813	0.9403
003234755	004034170	0.4534	0.9333
003234755	004253554	0.4248	0.9378
003234755	004477674	0.5154	0.9531
003234755	004935667	0.5699	0.9309
003234755	004946152	0.4616	0.9166
003234755	005013047	0.4995	0.9317
003234755	005033151	0.4763	0.9503
003234755	005063011	0.5052	0.9153
003235513	003538070	0.5577	0.9349
003235513	003797019	0.5840	0.9141
003235513	004124141	0.5990	0.9158
003235513	004155213	0.5837	0.9407
003235513	004178839	0.5649	0.9343
003236014	003278461	0.4323	0.9256
003236014	003384708	0.3564	0.9159
003236014	003538070	0.5242	0.9312
003236014	003980597	0.3244	0.9027
003236014	004178839	0.5694	0.9346
003236014	004477674	0.4558	0.9249
003236014	005033151	0.4708	0.9212
003236706	003256028	0.5551	0.9486
003236706	003259022	0.4092	0.9403
003236706	003277734	0.4927	0.9415
003236706	003278461	0.5709	0.9275
003236706	003326231	0.5154	0.9555
003236706	003384708	0.4701	0.9397
003236706	003388306	0.4641	0.9411
003236706	003502895	0.5218	0.9012
003236706	003596605	0.5590	0.9276
003236706	003599834	0.5394	0.9510
003236706	003607811	0.4199	0.9348
003236706	003707024	0.5405	0.9383
003236706	003893356	0.5256	0.9147
003236706	003927485	0.4945	0.9263
003236706	003974487	0.5320	0.9647
003236706	003979604	0.5597	0.9506
003236706	003980597	0.4626	0.9535
003236706	003983612	0.5573	0.9507
003236706	003988870	0.5013	0.9089
003236706	004002734	0.5409	0.9344
003236706	004009350	0.5626	0.9540
003236706	004025316	0.5118	0.9195
003236706	004028987	0.4983	0.9572
003236706	004034170	0.5094	0.9345
003236706	004253554	0.4753	0.9393
003236706	004477674	0.5552	0.9144
003236706	004935667	0.4950	0.9389
003236706	004946152	0.5359	0.9052
003236706	005013047	0.5206	0.9506
003236706	005033151	0.4894	0.9436
003236706	005063011	0.5278	0.9488
003236867	003248305	0.5871	0.9436
003236867	003256028	0.5431	0.9073
003236867	003270187	0.5873	0.9400
003236867	003351451	0.4349	0.9239
003236867	003469832	0.5021	0.9162
003236867	003595522	0.5463	0.9102
003236867	003599332	0.5949	0.9459
003236867	003625799	0.4880	0.9240
003236867	003643506	0.5851	0.9650
003236867	003671668	0.5230	0.9079
003236867	003712799	0.4683	0.9346
003236867	003715701	0.5903	0.9231
003236867	003741412	0.5725	0.9146
003236867	003786918	0.5645	0.9411
003236867	003825550	0.5439	0.9054
003236867	003855063	0.5860	0.9112
003236867	003935022	0.5460	0.9253
003236867	004020266	0.5894	0.9583
003236867	004856373	0.4813	0.9045
003236879	003538070	0.5664	0.9255
003237004	003538070	0.5538	0.9271
003237004	004124141	0.5815	0.9133
003237004	004178839	0.5814	0.9342
003237277	003263136	0.4268	0.9186
003237277	003334423	0.4238	0.9046
003237277	003489485	0.4792	0.9066
003237277	003671668	0.5714	0.9231
003237277	003699154	0.4297	0.9053
003237277	003738616	0.3878	0.9047
003237277	003884605	0.4402	0.9104
003237277	003981561	0.4303	0.9094
003237277	005078298	0.5943	0.9052
003237575	003278461	0.5400	0.9608
003237575	003384708	0.4088	0.9113
003237575	003538070	0.5540	0.9317
003237575	003596605	0.4719	0.9038
003237575	003979604	0.5934	0.9053
003237575	003980597	0.4338	0.9121
003237575	003983612	0.5784	0.9082
003237575	004009350	0.5940	0.9377
003237575	004028987	0.4850	0.9021
003237575	004034170	0.5614	0.9166
003237575	004178839	0.5806	0.9440
003237575	004253554	0.4923	0.9122
003237575	004477674	0.5587	0.9517
003237575	004935667	0.5756	0.9253
003237575	004946152	0.4625	0.9006
003237575	005033151	0.5779	0.9501
003237575	005063011	0.5448	0.9100
003237884	003926465	0.5159	0.9163
003237895	003278461	0.4627	0.9329
003237895	003384708	0.4162	0.9078
003237895	003538070	0.5460	0.9432
003237895	003837507	0.5961	0.9089
003237895	003980597	0.3755	0.9014
003237895	004009350	0.5566	0.9045
003237895	004178839	0.5760	0.9445
003237895	004477674	0.4882	0.9291
003237895	005033151	0.5119	0.9273
003238915	003259022	0.3762	0.9163
003238915	003278461	0.4703	0.9379
003238915	003384708	0.3925	0.9430
003238915	003388306	0.3819	0.9008
003238915	003538070	0.5523	0.9029
003238915	003596605	0.5402	0.9195
003238915	003707024	0.5147	0.9039
003238915	003893356	0.4208	0.9120
003238915	003927485	0.4558	0.9215
003238915	003974487	0.4508	0.9198
003238915	003979604	0.4760	0.9362
003238915	003980597	0.3777	0.9569
003238915	003983612	0.4613	0.9374
003238915	003988870	0.4376	0.9032
003238915	004002734	0.4546	0.9243
003238915	004009350	0.5252	0.9430
003238915	004028987	0.4402	0.9293
003238915	004034170	0.4190	0.9330
003238915	004253554	0.3969	0.9402
003238915	004477674	0.4688	0.9227
003238915	004935667	0.5017	0.9246
003238915	004946152	0.4564	0.9230
003238915	005013047	0.4424	0.9305
003238915	005033151	0.4346	0.9410
003238915	005063011	0.4838	0.9380
003239261	003538070	0.5634	0.9276
003239261	004124141	0.5634	0.9285
003239261	004178839	0.5871	0.9263
003240167	003278461	0.4947	0.9511
003240167	003384708	0.4281	0.9245
003240167	003538070	0.5528	0.9361
003240167	003596605	0.5351	0.9062
003240167	003927485	0.5775	0.9103
003240167	003980597	0.4008	0.9214
003240167	003983612	0.5421	0.9027
003240167	004002734	0.5714	0.9052
003240167	004009350	0.5844	0.9238
003240167	004034170	0.5049	0.9188
003240167	004178839	0.5893	0.9404
003240167	004253554	0.4572	0.9108
003240167	004477674	0.5194	0.9412
003240167	004935667	0.5764	0.9120
003240167	004946152	0.4714	0.9089
003240167	005013047	0.5477	0.9177
003240167	005033151	0.5265	0.9486
003240167	005063011	0.5256	0.9006
003240676	003256028	0.5316	0.9174
003240676	003277734	0.5646	0.9059
003240676	003326231	0.5281	0.9137
003240676	003351451	0.5653	0.9211
003240676	003469832	0.5563	0.9065
003240676	003599834	0.5602	0.9359
003240676	003607811	0.5592	0.9025
003240676	003707024	0.5369	0.9073
003240676	003712799	0.5599	0.9044
003240676	004025316	0.5775	0.9442
003242975	003259022	0.3526	0.9202
003242975	003271417	0.5549	0.9163
003242975	003277734	0.4123	0.9073
003242975	003278461	0.4804	0.9336
003242975	003384708	0.3293	0.9620
003242975	003388306	0.4330	0.9038
003242975	003438527	0.5367	0.9086
003242975	003516722	0.5563	0.9005
003242975	003538070	0.4778	0.9152
003242975	003596605	0.4449	0.9271
003242975	003599834	0.5180	0.9004
003242975	003636504	0.5987	0.9183
003242975	003659976	0.5530	0.9102
003242975	003830898	0.5752	0.9117
003242975	003840585	0.5306	0.9042
003242975	003893356	0.3797	0.9151
003242975	003927485	0.5727	0.9034
003242975	003974487	0.4489	0.9040
003242975	003975571	0.5701	0.9253
003242975	003979604	0.5840	0.9249
003242975	003980597	0.3590	0.9456
003242975	003983612	0.5577	0.9303
003242975	004002734	0.5507	0.9136
003242975	004009350	0.5670	0.9340
003242975	004028987	0.4863	0.9226
003242975	004034170	0.4488	0.9233
003242975	004124141	0.5590	0.9104
003242975	004178839	0.5505	0.9208
003242975	004253554	0.4242	0.9280
003242975	004477674	0.4984	0.9286
003242975	004935667	0.5620	0.9143
003242975	004946152	0.3905	0.9339
003242975	004993396	0.5432	0.9583
003242975	005013047	0.4819	0.9193
003242975	005030272	0.5184	0.9134
003242975	005033151	0.4807	0.9386
003242975	005063011	0.4572	0.9266
003242975	005066083	0.5293	0.9077
003244679	003259022	0.3366	0.9086
003244679	003272932	0.5917	0.9567
003244679	003277734	0.3760	0.9003
003244679	003278461	0.4656	0.9258
003244679	003384708	0.2987	0.9388
003244679	003403368	0.5961	0.9042
003244679	003452879	0.5722	0.9149
003244679	003455218	0.5577	0.9046
003244679	003538070	0.4503	0.9415
003244679	003596605	0.4397	0.9218
003244679	003700176	0.5820	0.9154
003244679	003801207	0.5987	0.9610
003244679	003979604	0.5406	0.9001
003244679	003980597	0.3533	0.9302
003244679	003983612	0.5133	0.9058
003244679	004009350	0.5535	0.9283
003244679	004028987	0.4551	0.9006
003244679	004034170	0.4342	0.9099
003244679	004124141	0.5272	0.9323
003244679	004178839	0.5640	0.9471
003244679	004253554	0.4091	0.9107
003244679	004477674	0.4810	0.9255
003244679	004935667	0.5268	0.9130
003244679	004946152	0.3610	0.9037
003244679	004993396	0.5256	0.9456
003244679	005013047	0.4566	0.9079
003244679	005033151	0.4585	0.9308
003244679	005063011	0.4309	0.9153
003245933	003263136	0.4199	0.9066
003245933	003334423	0.4313	0.9088
003245933	003574840	0.5841	0.9115
003245933	003671668	0.5581	0.9199
003245933	003884605	0.4180	0.9126
003245933	003934856	0.5191	0.9107
003245933	003938644	0.4734	0.9003
003246005	003278461	0.4248	0.9338
003246005	003538070	0.5715	0.9310
003246005	003837507	0.5767	0.9051
003246005	003927485	0.5229	0.9007
003246005	004009350	0.5303	0.9081
003246005	004477674	0.4388	0.9347
003246005	005033151	0.4660	0.9194
003246201	003278461	0.4657	0.9397
003246201	003538070	0.5005	0.9357
003246201	003927485	0.5544	0.9080
003246201	003980597	0.3549	0.9147
003246201	004009350	0.5463	0.9298
003246201	004034170	0.4481	0.9066
003246201	004124141	0.5513	0.9301
003246201	004155213	0.5790	0.9458
003246201	004178839	0.5193	0.9500
003246201	004253554	0.4279	0.9040
003246201	004477674	0.4725	0.9315
003246201	004935667	0.5882	0.9117
003246201	005013047	0.4879	0.9089
003246201	005033151	0.4874	0.9325
003246201	005063011	0.4997	0.9021
003246318	003246337	0.5891	0.9157
003246318	003260732	0.5753	0.9051
003246318	003299363	0.5507	0.9193
003246318	003410256	0.5721	0.9164
003246318	003450694	0.5371	0.9230
003246318	003613205	0.5692	0.9025
003246318	003926465	0.5639	0.9021
003246318	003980597	0.5657	0.9077
003246337	003277734	0.4761	0.9086
003246337	003783242	0.5918	0.9229
003246337	003974487	0.4435	0.9120
003246337	003980597	0.4226	0.9108
003246337	004009350	0.5626	0.9048
003246337	004253554	0.4302	0.9143
003246511	003278461	0.4960	0.9403
003246511	003384708	0.4182	0.9247
003246511	003427234	0.5946	0.9033
003246511	003538070	0.5953	0.9521
003246511	003596605	0.5051	0.9141
003246511	003927485	0.5571	0.9121
003246511	003979604	0.5474	0.9049
003246511	003980597	0.3941	0.9330
003246511	003983612	0.5302	0.9088
003246511	004002734	0.5659	0.9060
003246511	004028987	0.4822	0.9043
003246511	004034170	0.4835	0.9180
003246511	004253554	0.4461	0.9100
003246511	004477674	0.5222	0.9309
003246511	004935667	0.5623	0.9163
003246511	004946152	0.4753	0.9052
003246511	005013047	0.5330	0.9232
003246511	005033151	0.5106	0.9437
003246511	005063011	0.5076	0.9156
003246514	003256028	0.5623	0.9346
003246514	003277734	0.5817	0.9050
003246514	003326231	0.5235	0.9370
003246514	003388306	0.5549	0.9359
003246514	003410484	0.5604	0.9031
003246514	003502895	0.4758	0.9090
003246514	003599834	0.5546	0.9549
003246514	003607811	0.5546	0.9045
003246514	003707024	0.5213	0.9354
003246514	003712799	0.5974	0.9110
003246514	003926817	0.5422	0.9037
003246514	003974487	0.5874	0.9218
003246514	003979604	0.5291	0.9266
003246514	003983612	0.5557	0.9213
003246514	004002734	0.5273	0.9138
003246514	004025316	0.5599	0.9447
003246514	004028987	0.5817	0.9452
003246514	004034170	0.5107	0.9048
003246514	004608704	0.5867	0.9237
003246514	005013047	0.5564	0.9256
003246514	005028264	0.4893	0.9025
003246514	005033151	0.4907	0.9195
003246554	003268199	0.3381	0.9227
003246554	003282690	0.3118	0.9493
003246554	003286961	0.3612	0.9217
003246554	003290662	0.3932	0.9159
003246554	003496803	0.4673	0.9276
003246554	003517692	0.3599	0.9167
003246554	003690053	0.4372	0.9153
003246554	003947087	0.3163	0.9081
003246554	003947596	0.4057	0.9107
003246554	003959126	0.3471	0.9123
003246554	003963980	0.3926	0.9010
003246554	003971907	0.4056	0.9111
003246554	003979648	0.3578	0.9149
003246554	004078132	0.3844	0.9042
003246554	004277582	0.3875	0.9037
003246554	004476649	0.3706	0.9326
003246554	004936750	0.3515	0.9013
003246554	004978402	0.4268	0.9170
003246554	004986716	0.3572	0.9137
003246554	005049075	0.2666	0.9249
003246554	005055984	0.3521	0.9031
003247609	003278461	0.4223	0.9189
003247609	003538070	0.5944	0.9311
003247609	004477674	0.4596	0.9166
003247609	005033151	0.4217	0.9024
003248099	003259022	0.3900	0.9096
003248099	003278461	0.5158	0.9244
003248099	003384708	0.3916	0.9568
003248099	003596605	0.5070	0.9225
003248099	003840585	0.5449	0.9010
003248099	003974487	0.4771	0.9019
003248099	003979604	0.5914	0.9138
003248099	003980597	0.3892	0.9222
003248099	003983612	0.5760	0.9186
003248099	004028987	0.5104	0.9129
003248099	004034170	0.4802	0.9099
003248099	004178839	0.5934	0.9015
003248099	004253554	0.4509	0.9153
003248099	004477674	0.5173	0.9261
003248099	004935667	0.5880	0.9039
003248099	004946152	0.4455	0.9182
003248099	004993396	0.5825	0.9456
003248099	005013047	0.5151	0.9028
003248099	005033151	0.5171	0.9284
003248099	005063011	0.5133	0.9111
003248113	003278461	0.4947	0.9090
003248113	003384708	0.5353	0.9181
003248113	003893356	0.5377	0.9049
003248113	003980597	0.4825	0.9214
003248113	004009350	0.5400	0.9173
003248113	004028987	0.5484	0.9003
003248113	005033151	0.4908	0.9050
003248305	003276666	0.5186	0.9245
003248305	003403218	0.5242	0.9105
003248305	003495143	0.5597	0.9209
003248305	003498264	0.5084	0.9044
003248305	003532488	0.5091	0.9106
003248305	003573608	0.5833	0.9181
003248305	003582460	0.5902	0.9349
003248305	003599332	0.5227	0.9246
003248305	003601768	0.5994	0.9117
003248305	003620236	0.5666	0.9263
003248305	003671668	0.4771	0.9348
003248305	003685671	0.5753	0.9007
003248305	003740131	0.5557	0.9129
003248305	003921608	0.5416	0.9329
003248305	003928041	0.5445	0.9018
003248305	003981561	0.3839	0.9045
003249468	003602156	0.5254	0.9085
003249468	005029261	0.3488	0.9096
003249973	003256028	0.4581	0.9457
003249973	003259022	0.4469	0.9177
003249973	003263136	0.4379	0.9336
003249973	003277734	0.4819	0.9601
003249973	003293672	0.4544	0.9101
003249973	003304881	0.4086	0.9283
003249973	003326231	0.3969	0.9478
003249973	003334423	0.4666	0.9077
003249973	003384708	0.5144	0.9218
003249973	003388306	0.4293	0.9300
003249973	003467177	0.5154	0.9139
003249973	003486492	0.4602	0.9026
003249973	003489485	0.4869	0.9283
003249973	003496711	0.4491	0.9102
003249973	003599834	0.4256	0.9346
003249973	003607264	0.4107	0.9242
003249973	003607811	0.3943	0.9012
003249973	003699154	0.3997	0.9214
003249973	003705615	0.3777	0.9247
003249973	003707024	0.4404	0.9130
003249973	003738616	0.3802	0.9350
003249973	003893356	0.5462	0.9512
003249973	003938644	0.4348	0.9347
003249973	003974487	0.4917	0.9326
003249973	003979604	0.4613	0.9179
003249973	003980597	0.4906	0.9720
003249973	003981561	0.4404	0.9382
003249973	003983612	0.4498	0.9232
003249973	004002734	0.4561	0.9033
003249973	004009350	0.4854	0.9251
003249973	004023963	0.3801	0.9338
003249973	004025316	0.4705	0.9116
003249973	004027380	0.4283	0.9063
003249973	004028987	0.4779	0.9485
003249973	004034170	0.4549	0.9543
003249973	004253554	0.4607	0.9541
003249973	004935667	0.4382	0.9307
003249973	005013047	0.4372	0.9578
003249973	005028264	0.3825	0.9027
003249973	005033151	0.4220	0.9278
003249973	005063011	0.5095	0.9062
003250297	003259022	0.3665	0.9157
003250297	003278461	0.4900	0.9474
003250297	003326231	0.5071	0.9047
003250297	003384708	0.3740	0.9542
003250297	003388306	0.4160	0.9156
003250297	003596605	0.4924	0.9198
003250297	003599834	0.5259	0.9038
003250297	003893356	0.4057	0.9164
003250297	003927485	0.5298	0.9149
003250297	003974487	0.4777	0.9060
003250297	003979604	0.5454	0.9356
003250297	003980597	0.3746	0.9403
003250297	003983612	0.5243	0.9390
003250297	003988870	0.4885	0.9028
003250297	004002734	0.5316	0.9194
003250297	004009350	0.5745	0.9496
003250297	004028987	0.4753	0.9379
003250297	004034170	0.4457	0.9336
003250297	004178839	0.5957	0.9151
003250297	004253554	0.4154	0.9362
003250297	004477674	0.5002	0.9404
003250297	004935667	0.5452	0.9258
003250297	004946152	0.4374	0.9197
003250297	005013047	0.4829	0.9314
003250297	005033151	0.4674	0.9513
003250297	005063011	0.4866	0.9180
003251132	003538070	0.5489	0.9193
003251132	004178839	0.5855	0.9066
003251612	003256028	0.5269	0.9419
003251612	003259022	0.3458	0.9595
003251612	003271417	0.5996	0.9046
003251612	003277734	0.4136	0.9604
003251612	003278461	0.5211	0.9419
003251612	003326231	0.4663	0.9499
003251612	003384708	0.3633	0.9600
003251612	003388306	0.4582	0.9458
003251612	003438527	0.5871	0.9209
003251612	003467177	0.4386	0.9032
003251612	003489485	0.4234	0.9020
003251612	003502895	0.5954	0.9103
003251612	003517168	0.5602	0.9035
003251612	003596605	0.4440	0.9078
003251612	003599834	0.4953	0.9317
003251612	003607811	0.4101	0.9334
003251612	003648094	0.5749	0.9028
003251612	003699154	0.3809	0.9001
003251612	003707024	0.5614	0.9415
003251612	003739787	0.5755	0.9000
003251612	003783242	0.5619	0.9104
003251612	003801207	0.5616	0.9106
003251612	003893356	0.4036	0.9399
003251612	003927485	0.5635	0.9363
003251612	003974487	0.4315	0.9541
003251612	003980597	0.4127	0.9809
003251612	003983612	0.5801	0.9607
003251612	003988870	0.5384	0.9150
003251612	004002734	0.5895	0.9441
003251612	004009350	0.5464	0.9667
003251612	004025316	0.5235	0.9004
003251612	004028987	0.5023	0.9656
003251612	004034170	0.4726	0.9655
003251612	004155213	0.5855	0.9258
003251612	004178839	0.5932	0.9138
003251612	004253554	0.4502	0.9750
003251612	004477674	0.5300	0.9426
003251612	004935667	0.5598	0.9656
003251612	004946152	0.4146	0.9310
003251612	005013047	0.5001	0.9664
003251612	005028264	0.4454	0.9029
003251612	005030272	0.5904	0.9247
003251612	005033151	0.4831	0.9547
003251612	005063011	0.4524	0.9609
003252600	003259022	0.3575	0.9025
003252600	003278461	0.4966	0.9599
003252600	003384708	0.3547	0.9415
003252600	003388306	0.4499	0.9139
003252600	003538070	0.5080	0.9072
003252600	003596605	0.4768	0.9120
003252600	003707024	0.5541	0.9082
003252600	003927485	0.5735	0.9359
003252600	003974487	0.4495	0.9009
003252600	003979604	0.5876	0.9295
003252600	003980597	0.3829	0.9171
003252600	003983612	0.5621	0.9321
003252600	003988870	0.5320	0.9159
003252600	004002734	0.5622	0.9336
003252600	004009350	0.5592	0.9545
003252600	004028987	0.4890	0.9308
003252600	004034170	0.4650	0.9238
003252600	004178839	0.5828	0.9251
003252600	004253554	0.4308	0.9286
003252600	004477674	0.5110	0.9554
003252600	004935667	0.5775	0.9282
003252600	004946152	0.4234	0.9147
003252600	005013047	0.5049	0.9254
003252600	005033151	0.4922	0.9497
003252600	005063011	0.4794	0.9204
003252749	003259022	0.4025	0.9229
003252749	003277734	0.4729	0.9154
003252749	003278461	0.5454	0.9487
003252749	003326231	0.4519	0.9244
003252749	003384708	0.4184	0.9414
003252749	003388306	0.4966	0.9161
003252749	003422197	0.5824	0.9034
003252749	003502895	0.5784	0.9174
003252749	003538070	0.5508	0.9034
003252749	003707024	0.5091	0.9315
003252749	003927485	0.5924	0.9500
003252749	003974487	0.4550	0.9247
003252749	003980597	0.4299	0.9629
003252749	003983612	0.5892	0.9401
003252749	003988870	0.5619	0.9154
003252749	004002734	0.5845	0.9436
003252749	004009350	0.5520	0.9685
003252749	004028987	0.4677	0.9440
003252749	004034170	0.5407	0.9527
003252749	004124141	0.5956	0.9026
003252749	004253554	0.4718	0.9592
003252749	004477674	0.5087	0.9463
003252749	004935667	0.5374	0.9547
003252749	004946152	0.4861	0.9115
003252749	005013047	0.5564	0.9508
003252749	005033151	0.5521	0.9528
003252749	005063011	0.5289	0.9387
003252953	003276533	0.3841	0.9306
003252953	003277734	0.4463	0.9187
003252953	003326231	0.4505	0.9161
003252953	003489485	0.3990	0.9003
003252953	003599834	0.5053	0.9291
003252953	003707024	0.5153	0.9150
003252953	003837507	0.5874	0.9398
003252953	003974487	0.5274	0.9159
003252953	004009350	0.5570	0.9089
003252953	004025316	0.5202	0.9274
003252953	004477674	0.5146	0.9121
003252953	005013047	0.4870	0.9077
003252953	005028264	0.4870	0.9079
003252953	005033151	0.4598	0.9213
003253551	003278461	0.4480	0.9001
003253551	003384708	0.5031	0.9132
003253551	003893356	0.4922	0.9046
003253551	003980597	0.4579	0.9209
003253551	004009350	0.5133	0.9106
003253551	005033151	0.4297	0.9000
003253640	003800852	0.5814	0.9095
003253640	004000435	0.5911	0.9017
003255440	003278461	0.4251	0.9137
003255440	003538070	0.5493	0.9514
003255440	003596605	0.5399	0.9123
003255440	004124141	0.5791	0.9468
003255440	004178839	0.5942	0.9537
003255440	004477674	0.4639	0.9056
003255440	005033151	0.4667	0.9121
003255741	003384708	0.5102	0.9098
003255741	003468015	0.4358	0.9483
003255741	003888854	0.3518	0.9143
003255741	003893356	0.5624	0.9534
003255741	003980597	0.5077	0.9400
003255741	004028987	0.5324	0.9080
003255741	004034170	0.4289	0.9101
003255741	004253554	0.4281	0.9163
003255741	005013047	0.4371	0.9089
003256028	003258711	0.5436	0.9041
003256028	003260732	0.5549	0.9483
003256028	003269109	0.4968	0.9187
003256028	003270187	0.4245	0.9290
003256028	003278994	0.5490	0.9590
003256028	003299336	0.5743	0.9160
003256028	003299363	0.5751	0.9121
003256028	003323220	0.5089	0.9156
003256028	003326752	0.5088	0.9000
003256028	003347055	0.5214	0.9007
003256028	003360341	0.5325	0.9187
003256028	003385474	0.4620	0.9259
003256028	003402014	0.5493	0.9361
003256028	003404595	0.5457	0.9383
003256028	003405538	0.5591	0.9140
003256028	003413037	0.5961	0.9329
003256028	003422197	0.5388	0.9052
003256028	003439613	0.4751	0.9001
003256028	003443485	0.5574	0.9004
003256028	003444353	0.5122	0.9025
003256028	003450694	0.5701	0.9146
003256028	003484082	0.5859	0.9359
003256028	003486878	0.5301	0.9021
003256028	003493244	0.5249	0.9255
003256028	003494939	0.4826	0.9036
003256028	003496803	0.4790	0.9062
003256028	003497089	0.5381	0.9061
003256028	003507107	0.4821	0.9110
003256028	003515019	0.5371	0.9011
003256028	003517168	0.5302	0.9035
003256028	003532456	0.5321	0.9187
003256028	003532488	0.5759	0.9045
003256028	003566940	0.5663	0.9495
003256028	003577625	0.5514	0.9030
003256028	003582338	0.4153	0.9021
003256028	003593474	0.5467	0.9421
003256028	003593475	0.5488	0.9050
003256028	003597122	0.5486	0.9050
003256028	003600113	0.5635	0.9339
003256028	003600999	0.3767	0.9053
003256028	003601553	0.5544	0.9097
003256028	003601768	0.4483	0.9083
003256028	003613205	0.5080	0.9084
003256028	003615364	0.5303	0.9206
003256028	003617140	0.5978	0.9103
003256028	003635578	0.5017	0.9350
003256028	003635663	0.4914	0.9004
003256028	003643302	0.5910	0.9371
003256028	003655517	0.4920	0.9063
003256028	003670828	0.5324	0.9034
003256028	003674165	0.5043	0.9047
003256028	003685671	0.5855	0.9026
003256028	003688421	0.5561	0.9039
003256028	003696004	0.5420	0.9111
003256028	003700021	0.4386	0.9001
003256028	003700484	0.4849	0.9242
003256028	003701828	0.4808	0.9002
003256028	003713577	0.5005	0.9061
003256028	003719290	0.5011	0.9099
003256028	003723740	0.5105	0.9420
003256028	003729399	0.5463	0.9042
003256028	003737708	0.5333	0.9031
003256028	003737961	0.5130	0.9060
003256028	003739787	0.5239	0.9053
003256028	003762030	0.3987	0.9037
003256028	003786918	0.3881	0.9014
003256028	003817230	0.5317	0.9386
003256028	003846043	0.5554	0.9034
003256028	003856072	0.5003	0.9115
003256028	003906939	0.5274	0.9024
003256028	003916040	0.5178	0.9039
003256028	003926465	0.4754	0.9422
003256028	003959126	0.4858	0.9196
003256028	003961475	0.5323	0.9434
003256028	003966783	0.5634	0.9510
003256028	003972041	0.4687	0.9226
003256028	003993203	0.4748	0.9422
003256028	003994259	0.5272	0.9065
003256028	004023279	0.5664	0.9587
003256028	004024974	0.5455	0.9473
003256028	004026880	0.5425	0.9028
003256028	004047160	0.5256	0.9036
003256028	004069935	0.5347	0.9210
003256028	004146735	0.5522	0.9394
003256028	004218949	0.5183	0.9030
003256028	004268173	0.5571	0.9207
003256028	004500222	0.3977	0.9028
003256028	004503485	0.5419	0.9082
003256028	004505160	0.5565	0.9010
003256028	004927532	0.4740	0.9250
003256028	004937587	0.5603	0.9354
003256028	004957284	0.5750	0.9654
003256028	004974745	0.5394	0.9543
003256028	004977576	0.5326	0.9556
003256028	004978305	0.5384	0.9012
003256028	004989205	0.4769	0.9127
003256028	005001455	0.4851	0.9140
003256028	005026689	0.5136	0.9025
003256028	005030431	0.5366	0.9126
003256028	005032178	0.5510	0.9041
003256028	005034081	0.5730	0.9163
003256028	005034467	0.4631	0.9203
003256028	005035935	0.4641	0.9166
003256028	005039793	0.5176	0.9376
003256028	005046286	0.5739	0.9421
003256028	005046498	0.4603	0.9320
003256028	005055414	0.4569	0.9464
003256028	005056599	0.3894	0.9458
003256028	005060255	0.3751	0.9025
003256028	005061293	0.5766	0.9212
003256028	005064007	0.4649	0.9141
003256028	005073781	0.5342	0.9439
003256272	003450694	0.5981	0.9361
003256272	003980597	0.5401	0.9324
003256272	004253554	0.4746	0.9011
003256272	005063011	0.5971	0.9001
003257853	003278461	0.5014	0.9376
003257853	003538070	0.5206	0.9494
003257853	004009350	0.5717	0.9050
003257853	004124141	0.5809	0.9206
003257853	004155213	0.5929	0.9417
003257853	004178839	0.5568	0.9509
003257853	004477674	0.5187	0.9330
003257853	005013047	0.5478	0.9004
003257853	005033151	0.5331	0.9370
003257922	003754872	0.5360	0.9184
003258711	003299363	0.5437	0.9086
003258711	003410256	0.5739	0.9014
003258711	003450694	0.5347	0.9105
003258711	003645871	0.5833	0.9008
003258711	003980597	0.5586	0.9093
003258931	003786918	0.5816	0.9042
003258931	005063011	0.5569	0.9159
003259022	003260560	0.3881	0.9189
003259022	003261680	0.3727	0.9088
003259022	003264598	0.4036	0.9066
003259022	003269109	0.4930	0.9276
003259022	003273778	0.3705	0.9093
003259022	003277753	0.4441	0.9141
003259022	003278994	0.3319	0.9313
003259022	003285183	0.5628	0.9022
003259022	003291157	0.3778	0.9144
003259022	003294494	0.3796	0.9130
003259022	003299336	0.4129	0.9278
003259022	003299363	0.3697	0.9380
003259022	003299435	0.3799	0.9235
003259022	003304778	0.4803	0.9015
003259022	003313315	0.3792	0.9084
003259022	003317119	0.3364	0.9151
003259022	003323220	0.4938	0.9114
003259022	003326752	0.5370	0.9104
003259022	003360341	0.5004	0.9155
003259022	003378386	0.5612	0.9038
003259022	003385474	0.4185	0.9265
003259022	003391656	0.3722	0.9101
003259022	003392327	0.3830	0.9091
003259022	003395889	0.3565	0.9016
003259022	003401763	0.3634	0.9137
003259022	003404595	0.3837	0.9154
003259022	003405538	0.5424	0.9183
003259022	003413037	0.3797	0.9474
003259022	003417523	0.3938	0.9017
003259022	003419895	0.3487	0.9080
003259022	003421122	0.3284	0.9037
003259022	003422197	0.5685	0.9119
003259022	003422428	0.3477	0.9093
003259022	003433434	0.3428	0.9048
003259022	003434623	0.3445	0.9030
003259022	003443485	0.3781	0.9363
003259022	003444353	0.3668	0.9352
003259022	003450694	0.3713	0.9364
003259022	003465426	0.3836	0.9065
003259022	003470973	0.3559	0.9233
003259022	003471626	0.3997	0.9011
003259022	003479869	0.3465	0.9033
003259022	003484082	0.4180	0.9261
003259022	003484446	0.4334	0.9084
003259022	003486878	0.3829	0.9202
003259022	003487845	0.4408	0.9073
003259022	003488949	0.3395	0.9181
003259022	003489030	0.3494	0.9039
003259022	003492087	0.4331	0.9128
003259022	003492173	0.3894	0.9089
003259022	003493244	0.5336	0.9050
003259022	003497089	0.3469	0.9236
003259022	003502919	0.3983	0.9304
003259022	003505458	0.3558	0.9058
003259022	003510485	0.3456	0.9145
003259022	003514367	0.3824	0.9239
003259022	003514380	0.3428	0.9214
003259022	003519107	0.3261	0.9178
003259022	003520282	0.3503	0.9159
003259022	003522616	0.4245	0.9030
003259022	003527040	0.3993	0.9105
003259022	003532456	0.4217	0.9064
003259022	003567565	0.3741	0.9157
003259022	003577625	0.3738	0.9233
003259022	003582980	0.4038	0.9047
003259022	003588655	0.3771	0.9275
003259022	003589934	0.4210	0.9129
003259022	003591559	0.3985	0.9077
003259022	003591607	0.4334	0.9212
003259022	003592488	0.3329	0.9048
003259022	003593299	0.4104	0.9096
003259022	003593474	0.4445	0.9340
003259022	003594076	0.4135	0.9100
003259022	003595390	0.4459	0.9108
003259022	003595501	0.3803	0.9121
003259022	003596609	0.4844	0.9098
003259022	003597122	0.4081	0.9135
003259022	003597269	0.4764	0.9002
003259022	003597789	0.4062	0.9093
003259022	003598597	0.3981	0.9086
003259022	003598651	0.3969	0.9198
003259022	003599666	0.3243	0.9018
003259022	003600113	0.3912	0.9499
003259022	003600156	0.3932	0.9145
003259022	003600999	0.5360	0.9023
003259022	003601244	0.4090	0.9025
003259022	003601553	0.4110	0.9351
003259022	003607742	0.3847	0.9183
003259022	003612063	0.4664	0.9157
003259022	003612977	0.3813	0.9139
003259022	003613205	0.4192	0.9211
003259022	003615364	0.3902	0.9160
003259022	003617140	0.3900	0.9365
003259022	003620332	0.3479	0.9248
003259022	003628431	0.5272	0.9040
003259022	003635578	0.3955	0.9387
003259022	003655517	0.5501	0.9072
003259022	003656345	0.3822	0.9172
003259022	003661135	0.3758	0.9113
003259022	003664469	0.4891	0.9038
003259022	003668220	0.3629	0.9241
003259022	003672618	0.3834	0.9246
003259022	003674165	0.3885	0.9203
003259022	003679431	0.3338	0.9039
003259022	003682574	0.3579	0.9113
003259022	003685962	0.4409	0.9216
003259022	003688421	0.3920	0.9233
003259022	003691938	0.3502	0.9011
003259022	003693551	0.4795	0.9093
003259022	003696004	0.5433	0.9067
003259022	003698900	0.5668	0.9047
003259022	003700021	0.4045	0.9222
003259022	003700484	0.3661	0.9059
003259022	003700860	0.4323	0.9110
003259022	003701828	0.4583	0.9226
003259022	003702769	0.4577	0.9028
003259022	003703958	0.4056	0.9283
003259022	003704546	0.4111	0.9051
003259022	003705335	0.3901	0.9092
003259022	003706854	0.3946	0.9005
003259022	003712793	0.3980	0.9162
003259022	003713577	0.4000	0.9173
003259022	003716697	0.4003	0.9240
003259022	003717955	0.4211	0.9173
003259022	003718903	0.4159	0.9086
003259022	003719290	0.4318	0.9255
003259022	003721511	0.5286	0.9150
003259022	003723538	0.5162	0.9219
003259022	003723740	0.5563	0.9140
003259022	003724738	0.4786	0.9044
003259022	003731198	0.3447	0.9180
003259022	003737708	0.5518	0.9016
003259022	003788543	0.5513	0.9050
003259022	003791026	0.3558	0.9056
003259022	003792183	0.3614	0.9364
003259022	003795430	0.3785	0.9063
003259022	003798944	0.3789	0.9147
003259022	003804059	0.3499	0.9083
003259022	003807595	0.3650	0.9349
003259022	003809821	0.4048	0.9010
003259022	003817230	0.3999	0.9102
003259022	003828345	0.5953	0.9014
003259022	003838874	0.3752	0.9136
003259022	003846043	0.3782	0.9031
003259022	003856072	0.4464	0.9219
003259022	003865831	0.3523	0.9008
003259022	003873634	0.3746	0.9079
003259022	003879415	0.4220	0.9122
003259022	003885304	0.4089	0.9119
003259022	003888351	0.5855	0.9034
003259022	003891882	0.4181	0.9108
003259022	003906939	0.3631	0.9221
003259022	003912861	0.3910	0.9042
003259022	003923768	0.3502	0.9172
003259022	003926465	0.3565	0.9402
003259022	003938586	0.4063	0.9015
003259022	003940173	0.3413	0.9009
003259022	003940207	0.3533	0.9178
003259022	003952751	0.4333	0.9212
003259022	003959126	0.4122	0.9009
003259022	003961475	0.4115	0.9552
003259022	003962783	0.4823	0.9116
003259022	003966067	0.4954	0.9019
003259022	003966783	0.5016	0.9132
003259022	003967895	0.4311	0.9041
003259022	003970579	0.4131	0.9141
003259022	003972041	0.4050	0.9225
003259022	003972547	0.3882	0.9189
003259022	003974873	0.3552	0.9259
003259022	003976351	0.3961	0.9025
003259022	003993203	0.4181	0.9188
003259022	004000671	0.3880	0.9106
003259022	004011362	0.4682	0.9086
003259022	004012314	0.5016	0.9076
003259022	004016655	0.3824	0.9120
003259022	004021473	0.3834	0.9086
003259022	004021801	0.3805	0.9219
003259022	004023279	0.3415	0.9310
003259022	004024199	0.3887	0.9115
003259022	004024611	0.3657	0.9190
003259022	004024702	0.3861	0.9113
003259022	004024974	0.4365	0.9346
003259022	004026880	0.5703	0.9030
003259022	004026925	0.4226	0.9001
003259022	004041829	0.3808	0.9025
003259022	004047160	0.3419	0.9310
003259022	004053732	0.3966	0.9198
003259022	004059449	0.3640	0.9242
003259022	004068454	0.3803	0.9151
003259022	004069935	0.4404	0.9327
003259022	004099186	0.4123	0.9051
003259022	004127832	0.3577	0.9155
003259022	004146735	0.3470	0.9082
003259022	004215561	0.3640	0.9117
003259022	004241417	0.4116	0.9065
003259022	004268173	0.3883	0.9396
003259022	004346242	0.3672	0.9253
003259022	004377695	0.3605	0.9048
003259022	004415790	0.3816	0.9048
003259022	004429823	0.3777	0.9169
003259022	004448672	0.3711	0.9086
003259022	004494806	0.3648	0.9135
003259022	004500222	0.3488	0.9137
003259022	004503485	0.4745	0.9156
003259022	004505160	0.3893	0.9378
003259022	004507143	0.5242	0.9203
003259022	004548389	0.3922	0.9023
003259022	004627786	0.3772	0.9224
003259022	004937587	0.3794	0.9214
003259022	004938688	0.5285	0.9189
003259022	004957284	0.4239	0.9655
003259022	004960361	0.4596	0.9242
003259022	004970161	0.3736	0.9143
003259022	004974745	0.3974	0.9456
003259022	004977576	0.4224	0.9388
003259022	004978305	0.3594	0.9210
003259022	004978411	0.4166	0.9521
003259022	004980439	0.5424	0.9219
003259022	004989205	0.4174	0.9137
003259022	004993396	0.5362	0.9148
003259022	005001455	0.4942	0.9192
003259022	005012604	0.4192	0.9012
003259022	005013895	0.3636	0.9014
003259022	005019689	0.3492	0.9281
003259022	005026689	0.4553	0.9099
003259022	005030272	0.5170	0.9132
003259022	005030431	0.3702	0.9325
003259022	005031828	0.3806	0.9135
003259022	005034081	0.4435	0.9147
003259022	005034467	0.4572	0.9160
003259022	005034502	0.3545	0.9037
003259022	005035935	0.3748	0.9179
003259022	005046498	0.3546	0.9275
003259022	005055414	0.4599	0.9280
003259022	005056599	0.4392	0.9211
003259022	005056886	0.3734	0.9042
003259022	005060255	0.4090	0.9242
003259022	005060709	0.4000	0.9180
003259022	005061293	0.4955	0.9277
003259022	005064007	0.5188	0.9239
003259022	005064017	0.3922	0.9144
003259022	005064595	0.4683	0.9121
003259022	005064712	0.5796	0.9097
003259022	005064725	0.3868	0.9368
003259022	005067408	0.4240	0.9140
003259022	005073781	0.3862	0.9482
003259022	005077180	0.3712	0.9079
003259022	005080542	0.4028	0.9302
003259022	005082717	0.5067	0.9213
003260465	003980597	0.5505	0.9062
003260560	003278461	0.4882	0.9561
003260560	003326231	0.4800	0.9005
003260560	003384708	0.3785	0.9438
003260560	003388306	0.4230	0.9123
003260560	003596605	0.4904	0.9201
003260560	003707024	0.5355	0.9011
003260560	003893356	0.3902	0.9010
003260560	003927485	0.5354	0.9295
003260560	003979604	0.5320	0.9394
003260560	003980597	0.3740	0.9346
003260560	003983612	0.5097	0.9422
003260560	003988870	0.4853	0.9125
003260560	004002734	0.5206	0.9278
003260560	004009350	0.5545	0.9551
003260560	004028987	0.4613	0.9326
003260560	004034170	0.4548	0.9313
003260560	004253554	0.4226	0.9361
003260560	004477674	0.4853	0.9485
003260560	004935667	0.5400	0.9311
003260560	004946152	0.4511	0.9301
003260560	005013047	0.4788	0.9312
003260560	005033151	0.4740	0.9514
003260560	005063011	0.5108	0.9310
003260732	003277734	0.4856	0.9537
003260732	003293672	0.4368	0.9200
003260732	003326231	0.4567	0.9407
003260732	003351451	0.5109	0.9049
003260732	003388306	0.5426	0.9189
003260732	003469832	0.4867	0.9011
003260732	003502895	0.5920	0.9158
003260732	003599834	0.5323	0.9321
003260732	003635663	0.5960	0.9089
003260732	003705615	0.3502	0.9065
003260732	003707024	0.5473	0.9219
003260732	003712799	0.5005	0.9209
003260732	003739787	0.5856	0.9069
003260732	003753032	0.5890	0.9007
003260732	003783242	0.5792	0.9036
003260732	003893356	0.4561	0.9092
003260732	003974487	0.5095	0.9618
003260732	003980597	0.4691	0.9352
003260732	004009350	0.5641	0.9090
003260732	004023963	0.3653	0.9118
003260732	004025316	0.5391	0.9258
003260732	004028987	0.5462	0.9350
003260732	004034170	0.5460	0.9144
003260732	004253554	0.4879	0.9243
003260732	004935667	0.5745	0.9090
003260732	005013047	0.5707	0.9244
003260732	005028264	0.4689	0.9380
003261680	003278461	0.5121	0.9472
003261680	003384708	0.3767	0.9632
003261680	003388306	0.4601	0.9147
003261680	003538070	0.5302	0.9036
003261680	003596605	0.4950	0.9095
003261680	003707024	0.5403	0.9052
003261680	003801207	0.5990	0.9271
003261680	003840585	0.5908	0.9042
003261680	003893356	0.4140	0.9044
003261680	003927485	0.5740	0.9272
003261680	003974487	0.4701	0.9068
003261680	003979604	0.5867	0.9307
003261680	003980597	0.3784	0.9302
003261680	003983612	0.5666	0.9344
003261680	003988870	0.5201	0.9128
003261680	004002734	0.5616	0.9296
003261680	004009350	0.5563	0.9441
003261680	004028987	0.4893	0.9331
003261680	004034170	0.4753	0.9304
003261680	004253554	0.4380	0.9356
003261680	004477674	0.5081	0.9472
003261680	004613056	0.5891	0.9003
003261680	004935667	0.5744	0.9273
003261680	004946152	0.4569	0.9252
003261680	005013047	0.5091	0.9222
003261680	005033151	0.4927	0.9474
003261680	005063011	0.5213	0.9147
003262978	003980597	0.5215	0.9167
003262978	004236698	0.5982	0.9498
003263136	003269109	0.3790	0.9269
003263136	003270187	0.3713	0.9273
003263136	003278116	0.3148	0.9048
003263136	003278994	0.2804	0.9076
003263136	003281165	0.3295	0.9039
003263136	003282690	0.2883	0.9104
003263136	003286961	0.3566	0.9196
003263136	003290662	0.2831	0.9147
003263136	003291157	0.3589	0.9096
003263136	003313175	0.3808	0.9010
003263136	003385461	0.3387	0.9026
003263136	003404595	0.3708	0.9051
003263136	003430148	0.3875	0.9117
003263136	003432843	0.3889	0.9202
003263136	003463325	0.3872	0.9251
003263136	003464923	0.3437	0.9131
003263136	003484082	0.3876	0.9092
003263136	003489158	0.3279	0.9098
003263136	003496497	0.3883	0.9014
003263136	003496803	0.4220	0.9425
003263136	003599834	0.5938	0.9011
003263136	003609894	0.3840	0.9043
003263136	003659976	0.4800	0.9031
003263136	003673087	0.5169	0.9197
003263136	003690053	0.3934	0.9198
003263136	003719109	0.3254	0.9085
003263136	003729552	0.3640	0.9476
003263136	003786918	0.3388	0.9085
003263136	003817230	0.3599	0.9102
003263136	003825550	0.4060	0.9049
003263136	003947087	0.3579	0.9276
003263136	003947596	0.2886	0.9210
003263136	003956333	0.2571	0.9029
003263136	003959126	0.3275	0.9478
003263136	003962783	0.3840	0.9058
003263136	003963980	0.3604	0.9253
003263136	003969508	0.3337	0.9311
003263136	003971907	0.3003	0.9104
003263136	003979552	0.3278	0.9268
003263136	003979648	0.3056	0.9131
003263136	003993036	0.3228	0.9076
003263136	003993203	0.4078	0.9056
003263136	004020138	0.3802	0.9006
003263136	004022242	0.4496	0.9140
003263136	004024974	0.4034	0.9134
003263136	004027936	0.3249	0.9047
003263136	004218949	0.4261	0.9139
003263136	004476649	0.2863	0.9249
003263136	004936750	0.3584	0.9384
003263136	004940356	0.3497	0.9241
003263136	004942072	0.3337	0.9105
003263136	004945617	0.3501	0.9000
003263136	004953249	0.3413	0.9269
003263136	004954944	0.4259	0.9085
003263136	004977424	0.3524	0.9345
003263136	004979181	0.3615	0.9129
003263136	004986716	0.3729	0.9332
003263136	004993029	0.3437	0.9166
003263136	005014896	0.3745	0.9115
003263136	005021547	0.4085	0.9031
003263136	005026689	0.3580	0.9221
003263136	005029143	0.3273	0.9036
003263136	005029261	0.3617	0.9163
003263136	005029334	0.3590	0.9071
003263136	005030272	0.4519	0.9138
003263136	005034081	0.3725	0.9119
003263136	005043547	0.3741	0.9239
003263136	005049075	0.2761	0.9572
003263136	005054279	0.3906	0.9037
003263136	005055414	0.3721	0.9090
003263136	005055984	0.2703	0.9267
003263136	005056599	0.4293	0.9040
003263136	005056886	0.2957	0.9031
003263136	005060255	0.3100	0.9101
003263136	005064007	0.4215	0.9042
003263136	005064712	0.4552	0.9012
003263136	005066088	0.3595	0.9149
003263136	005066225	0.3707	0.9093
003263136	005068539	0.3311	0.9098
003263136	005069346	0.4029	0.9058
003263136	005078205	0.3705	0.9085
003263136	005078298	0.3679	0.9177
003263136	005079504	0.3030	0.9340
003264598	003278461	0.5345	0.9122
003264598	003384708	0.4643	0.9267
003264598	003422197	0.5532	0.9084
003264598	003423843	0.5191	0.9048
003264598	003783242	0.5514	0.9041
003264598	003893356	0.4890	0.9135
003264598	003980597	0.4362	0.9263
003264598	003983612	0.5215	0.9058
003264598	004026880	0.5745	0.9037
003264598	004253554	0.4345	0.9106
003264598	005033151	0.5041	0.9043
003264598	005063011	0.5328	0.9255
003265781	003276533	0.3823	0.9207
003265781	003277734	0.3810	0.9142
003265781	003278461	0.5040	0.9649
003265781	003304881	0.3135	0.9062
003265781	003326231	0.4279	0.9225
003265781	003384708	0.4060	0.9412
003265781	003388306	0.4296	0.9198
003265781	003467177	0.4040	0.9080
003265781	003489485	0.3767	0.9300
003265781	003599834	0.4668	0.9009
003265781	003699154	0.3248	0.9090
003265781	003707024	0.4916	0.9227
003265781	003738616	0.2927	0.9138
003265781	003790340	0.3702	0.9011
003265781	003837507	0.5807	0.9212
003265781	003893356	0.4321	0.9181
003265781	003927485	0.5089	0.9222
003265781	003938644	0.3466	0.9008
003265781	003974487	0.4504	0.9008
003265781	003979604	0.5333	0.9182
003265781	003980597	0.4018	0.9472
003265781	003983612	0.5174	0.9217
003265781	004002734	0.5213	0.9266
003265781	004009350	0.5036	0.9549
003265781	004023963	0.3271	0.9013
003265781	004028987	0.4533	0.9477
003265781	004034170	0.4536	0.9665
003265781	004253554	0.4367	0.9615
003265781	004477674	0.4897	0.9658
003265781	004935667	0.5257	0.9441
003265781	005013047	0.4728	0.9609
003265781	005033151	0.4560	0.9693
003265922	003461464	0.5485	0.9078
003266400	003278461	0.5084	0.9162
003266400	003384708	0.4487	0.9024
003266400	003413037	0.5965	0.9078
003266400	003596605	0.5300	0.9069
003266400	003597269	0.5754	0.9360
003266400	003599834	0.5490	0.9023
003266400	003688421	0.5947	0.9400
003266400	003702769	0.5955	0.9293
003266400	003797019	0.5695	0.9481
003266400	003837507	0.5520	0.9453
003266400	004477674	0.5212	0.9081
003266400	004608704	0.5379	0.9176
003266400	004669027	0.5893	0.9282
003266400	004675879	0.5799	0.9106
003266400	005033151	0.4911	0.9283
003268199	003278461	0.4508	0.9389
003268199	003304881	0.3064	0.9098
003268199	003390813	0.3014	0.9302
003268199	003467177	0.3724	0.9142
003268199	003486492	0.3644	0.9443
003268199	003489485	0.3646	0.9049
003268199	003497699	0.3461	0.9281
003268199	003596874	0.2853	0.9025
003268199	003699154	0.2964	0.9043
003268199	003711543	0.3496	0.9201
003268199	003738616	0.2686	0.9030
003268199	003790340	0.3502	0.9275
003268199	003863960	0.3044	0.9446
003268199	003932681	0.3388	0.9053
003268199	003934856	0.4686	0.9129
003268199	003980597	0.4344	0.9001
003268199	004034170	0.4142	0.9439
003268199	004253554	0.4104	0.9377
003268199	004477674	0.4774	0.9433
003268199	004935667	0.4510	0.9176
003268199	004946152	0.4913	0.9014
003268199	005013047	0.4246	0.9183
003268199	005033151	0.3977	0.9362
003269109	003277734	0.4924	0.9308
003269109	003304881	0.3926	0.9157
003269109	003384708	0.5469	0.9541
003269109	003467177	0.4404	0.9119
003269109	003468015	0.4344	0.9169
003269109	003489485	0.4714	0.9143
003269109	003607264	0.3748	0.9361
003269109	003699154	0.3905	0.9293
003269109	003701491	0.3759	0.9009
003269109	003705615	0.3538	0.9129
003269109	003738616	0.3657	0.9259
003269109	003788315	0.4220	0.9079
003269109	003893356	0.5264	0.9356
003269109	003938644	0.4435	0.9167
003269109	003980597	0.4956	0.9384
003269109	004023963	0.3783	0.9093
003269109	004253554	0.4469	0.9098
003269109	005063011	0.5657	0.9155
003270187	003276666	0.5274	0.9308
003270187	003277734	0.4359	0.9162
003270187	003278994	0.5636	0.9272
003270187	003304881	0.3907	0.9147
003270187	003323220	0.5099	0.9085
003270187	003330447	0.5604	0.9274
003270187	003334423	0.3535	0.9000
003270187	003347055	0.5489	0.9250
003270187	003364428	0.4628	0.9002
003270187	003384708	0.4644	0.9197
003270187	003403157	0.5940	0.9319
003270187	003403218	0.5318	0.9242
003270187	003405538	0.5856	0.9427
003270187	003422197	0.4991	0.9098
003270187	003489485	0.4479	0.9030
003270187	003496711	0.4393	0.9044
003270187	003498264	0.4631	0.9036
003270187	003517168	0.4749	0.9033
003270187	003532488	0.5176	0.9444
003270187	003573608	0.5807	0.9105
003270187	003582460	0.5937	0.9184
003270187	003591117	0.5906	0.9155
003270187	003599332	0.4857	0.9146
003270187	003599834	0.4506	0.9123
003270187	003601768	0.5498	0.9432
003270187	003607264	0.3736	0.9354
003270187	003620236	0.5637	0.9236
003270187	003627686	0.5736	0.9319
003270187	003638476	0.5451	0.9128
003270187	003655517	0.4520	0.9004
003270187	003671668	0.5359	0.9358
003270187	003685671	0.5616	0.9528
003270187	003699154	0.3637	0.9205
003270187	003705615	0.3615	0.9186
003270187	003723740	0.5449	0.9018
003270187	003734871	0.5365	0.9153
003270187	003737708	0.5559	0.9027
003270187	003737961	0.5514	0.9002
003270187	003738616	0.3686	0.9174
003270187	003740131	0.5438	0.9472
003270187	003786534	0.4305	0.9017
003270187	003788315	0.4300	0.9108
003270187	003788333	0.5605	0.9076
003270187	003789397	0.5850	0.9238
003270187	003921608	0.5514	0.9302
003270187	003928041	0.5395	0.9080
003270187	003934164	0.5984	0.9076
003270187	003938644	0.3929	0.9174
003270187	003962783	0.5843	0.9348
003270187	003974693	0.5014	0.9027
003270187	003980597	0.3958	0.9162
003270187	003981561	0.3968	0.9402
003270187	003994259	0.5168	0.9034
003270187	004021481	0.5002	0.9111
003270187	004022477	0.4579	0.9265
003270187	004023279	0.5485	0.9137
003270187	004023963	0.3627	0.9074
003270187	004025105	0.4978	0.9374
003270187	004026880	0.5237	0.9020
003270187	004030625	0.5338	0.9003
003270187	004161981	0.5813	0.9425
003270187	004221880	0.5678	0.9101
003270187	004436962	0.5296	0.9255
003270187	004503485	0.5785	0.9336
003270187	004507143	0.5996	0.9416
003270187	004936750	0.5620	0.9061
003270187	004938688	0.5712	0.9041
003270187	004986716	0.5856	0.9211
003270187	004989205	0.5883	0.9554
003270187	004995535	0.4667	0.9304
003270187	005021547	0.5670	0.9271
003270187	005029261	0.5577	0.9156
003270187	005030272	0.4939	0.9674
003270187	005032178	0.5589	0.9582
003270187	005034081	0.5602	0.9473
003270187	005054088	0.5869	0.9102
003270187	005055414	0.5521	0.9516
003270187	005067408	0.5486	0.9561
003270187	005069346	0.5606	0.9052
003270187	005078298	0.5058	0.9138
003270187	005084081	0.5548	0.9391
003270753	003461464	0.5116	0.9203
003270753	003698096	0.5746	0.9266
003271037	003848944	0.5985	0.9078
003271037	003934164	0.5838	0.9034
003271037	004993396	0.5815	0.9006
003271417	003294494	0.5725	0.9362
003271417	003443485	0.5790	0.9028
003271417	003470973	0.5933	0.9036
003271417	003492087	0.5920	0.9255
003271417	003497089	0.5897	0.9057
003271417	003598597	0.5371	0.9141
003271417	003672618	0.5787	0.9007
003271417	003688421	0.5061	0.9066
003271417	003700021	0.5142	0.9131
003271417	003701828	0.5538	0.9132
003271417	003703958	0.5272	0.9121
003271417	003713577	0.5514	0.9261
003271417	003719290	0.5390	0.9258
003271417	003807595	0.5778	0.9133
003271417	003912861	0.5640	0.9154
003271417	003916040	0.5882	0.9293
003271417	003927485	0.5926	0.9051
003271417	003974873	0.5553	0.9072
003271417	004016655	0.5291	0.9177
003271417	004021801	0.5856	0.9378
003271417	004030387	0.5800	0.9124
003271417	004127832	0.5907	0.9031
003271417	004265943	0.5119	0.9054
003271417	004429823	0.5881	0.9027
003271417	004935667	0.5828	0.9112
003271978	003278461	0.4550	0.9319
003271978	003384708	0.4071	0.9087
003271978	003538070	0.5379	0.9304
003271978	004178839	0.5773	0.9309
003271978	004477674	0.4754	0.9252
003271978	004946152	0.4606	0.9011
003271978	005033151	0.4794	0.9249
003272442	003278461	0.4900	0.9374
003272442	003538070	0.5597	0.9478
003272442	003837507	0.5902	0.9126
003272442	004009350	0.5638	0.9092
003272442	004477674	0.5130	0.9258
003272442	005013047	0.5289	0.9012
003272442	005033151	0.5219	0.9349
003272932	003316300	0.5957	0.9028
003272932	003399868	0.5828	0.9174
003272932	003427234	0.5512	0.9216
003272932	003452041	0.5965	0.9016
003272932	003520211	0.5981	0.9253
003272932	003539509	0.5884	0.9345
003272932	003599303	0.5238	0.9071
003272932	003611694	0.5694	0.9102
003272932	003619549	0.5971	0.9637
003272932	003635578	0.5980	0.9132
003272932	003685962	0.5547	0.9283
003272932	003686217	0.5947	0.9022
003272932	003708347	0.5522	0.9051
003272932	003719290	0.5831	0.9132
003272932	003719987	0.5993	0.9032
003272932	003738485	0.5531	0.9286
003272932	003792183	0.5841	0.9103
003272932	003974873	0.5347	0.9021
003272932	003992577	0.5952	0.9098
003272932	003997800	0.5964	0.9249
003272932	004002577	0.5703	0.9055
003272932	004030238	0.5946	0.9083
003272932	004060774	0.5786	0.9112
003272932	004068454	0.5971	0.9276
003272932	004069935	0.5595	0.9150
003272932	004218949	0.5291	0.9301
003272932	004443862	0.5542	0.9168
003272932	004605081	0.5757	0.9004
003272932	004960783	0.5936	0.9512
003272932	004993396	0.5063	0.9056
003272932	005012604	0.5518	0.9187
003272932	005033151	0.5339	0.9024
003272932	005053437	0.5166	0.9090
003272992	004011252	0.4243	0.9129
003273778	003277734	0.4283	0.9097
003273778	003278461	0.5105	0.9293
003273778	003384708	0.3651	0.9478
003273778	003538070	0.5307	0.9115
003273778	003596605	0.4476	0.9155
003273778	003974487	0.4780	0.9051
003273778	003975571	0.5891	0.9164
003273778	003980597	0.3835	0.9325
003273778	003983612	0.5805	0.9126
003273778	004028987	0.5058	0.9089
003273778	004034170	0.4864	0.9186
003273778	004178839	0.5690	0.9208
003273778	004253554	0.4576	0.9230
003273778	004477674	0.5316	0.9329
003273778	004935667	0.5980	0.9105
003273778	004946152	0.4248	0.9077
003273778	004993396	0.5689	0.9411
003273778	005013047	0.5248	0.9106
003273778	005033151	0.5289	0.9321
003273778	005063011	0.4945	0.9140
003274671	004993396	0.5682	0.9011
003274867	003278461	0.5095	0.9606
003274867	003326231	0.4579	0.9087
003274867	003384708	0.3869	0.9176
003274867	003538070	0.5185	0.9489
003274867	003596605	0.4692	0.9017
003274867	003599834	0.5232	0.9009
003274867	003707024	0.5260	0.9165
003274867	003979604	0.5736	0.9137
003274867	003980597	0.3876	0.9229
003274867	003983612	0.5509	0.9161
003274867	004002734	0.5903	0.9233
003274867	004009350	0.5425	0.9441
003274867	004028987	0.4505	0.9150
003274867	004034170	0.5246	0.9264
003274867	004124141	0.5845	0.9253
003274867	004155213	0.5976	0.9497
003274867	004178839	0.5844	0.9603
003274867	004253554	0.4709	0.9178
003274867	004477674	0.5130	0.9519
003274867	004935667	0.5526	0.9335
003274867	004946152	0.4463	0.9013
003274867	005013047	0.5436	0.9350
003274867	005033151	0.5338	0.9586
003274867	005063011	0.5347	0.9140
003275632	003330447	0.5964	0.9144
003275632	003418449	0.5687	0.9193
003275632	003455218	0.5973	0.9351
003275632	003801207	0.5770	0.9104
003275632	003955195	0.5608	0.9056
003275632	003980597	0.3980	0.9049
003275632	003983708	0.5879	0.9089
003275632	004155213	0.5408	0.9215
003275632	004178839	0.5755	0.9129
003275632	005078298	0.5815	0.9012
003276495	003278461	0.4156	0.9220
003276495	003538070	0.5532	0.9592
003276495	003837507	0.5921	0.9220
003276495	003927485	0.5210	0.9006
003276495	004124141	0.5739	0.9191
003276495	004178839	0.5728	0.9562
003276495	004477674	0.4611	0.9114
003276495	005033151	0.4799	0.9242
003276533	003290662	0.3757	0.9095
003276533	003316300	0.3457	0.9123
003276533	003377025	0.4247	0.9135
003276533	003397758	0.4158	0.9035
003276533	003400046	0.3584	0.9175
003276533	003408014	0.4284	0.9423
003276533	003415595	0.3372	0.9157
003276533	003419895	0.4108	0.9188
003276533	003422428	0.4470	0.9172
003276533	003431172	0.4258	0.9327
003276533	003433434	0.4256	0.9197
003276533	003434623	0.4263	0.9092
003276533	003437797	0.4555	0.9009
003276533	003437850	0.3885	0.9237
003276533	003448400	0.4035	0.9269
003276533	003452041	0.4120	0.9095
003276533	003452325	0.4801	0.9360
003276533	003463325	0.4312	0.9104
003276533	003466659	0.4235	0.9057
003276533	003469952	0.4193	0.9020
003276533	003471626	0.4580	0.9062
003276533	003472537	0.4973	0.9072
003276533	003484082	0.4236	0.9016
003276533	003490907	0.5258	0.9034
003276533	003495148	0.3628	0.9120
003276533	003496153	0.4222	0.9355
003276533	003496711	0.5965	0.9050
003276533	003496803	0.4050	0.9260
003276533	003498989	0.3910	0.9299
003276533	003520211	0.3547	0.9134
003276533	003592306	0.3803	0.9186
003276533	003595540	0.3417	0.9112
003276533	003608215	0.3989	0.9178
003276533	003613207	0.3595	0.9203
003276533	003615365	0.4255	0.9032
003276533	003650120	0.4215	0.9306
003276533	003674603	0.3901	0.9012
003276533	003690053	0.3607	0.9384
003276533	003699091	0.4630	0.9009
003276533	003699158	0.3634	0.9123
003276533	003699179	0.4284	0.9056
003276533	003712793	0.4479	0.9008
003276533	003730558	0.3127	0.9059
003276533	003737025	0.4384	0.9056
003276533	003737521	0.4030	0.9324
003276533	003757999	0.3552	0.9252
003276533	003781999	0.3512	0.9171
003276533	003784612	0.4937	0.9254
003276533	003797750	0.3443	0.9241
003276533	003800736	0.3159	0.9146
003276533	003800985	0.4865	0.9018
003276533	003803751	0.4586	0.9001
003276533	003826272	0.4391	0.9088
003276533	003829242	0.3751	0.9147
003276533	003837507	0.4934	0.9041
003276533	003884108	0.5292	0.9063
003276533	003922315	0.3050	0.9171
003276533	003929384	0.3667	0.9230
003276533	003932681	0.5793	0.9092
003276533	003940173	0.3916	0.9033
003276533	003978624	0.3330	0.9178
003276533	003997800	0.3996	0.9143
003276533	004012157	0.4458	0.9057
003276533	004016284	0.3956	0.9320
003276533	004018972	0.3983	0.9316
003276533	004021962	0.3694	0.9055
003276533	004101918	0.4517	0.9001
003276533	004218949	0.3520	0.9116
003276533	004256943	0.3470	0.9169
003276533	004261492	0.3341	0.9002
003276533	004533388	0.4084	0.9135
003276533	004936750	0.4335	0.9127
003276533	004960783	0.4217	0.9075
003276533	004970161	0.4012	0.9056
003276533	004978402	0.4121	0.9068
003276533	005020252	0.3289	0.9094
003276533	005021918	0.3811	0.9037
003276533	005052629	0.4451	0.9456
003276533	005056886	0.4975	0.9343
003276665	003410256	0.4398	0.9139
003276665	003465426	0.5271	0.9020
003276665	003937286	0.5913	0.9188
003276665	003987370	0.5706	0.9013
003276666	003522626	0.5714	0.9235
003276666	003582338	0.5329	0.9541
003276666	003595522	0.4853	0.9092
003276666	003625799	0.5724	0.9225
003276666	003643506	0.5323	0.9560
003276666	003671668	0.5850	0.9101
003276666	003712799	0.5664	0.9156
003276666	003715701	0.5221	0.9067
003276666	003732360	0.5779	0.9029
003276666	003741412	0.5041	0.9105
003276666	003786918	0.5026	0.9276
003276666	003855063	0.5447	0.9025
003276666	003869291	0.5470	0.9067
003276666	003935022	0.5023	0.9136
003276666	004020138	0.5123	0.9029
003276666	004020266	0.5590	0.9474
003276666	004028903	0.5144	0.9261
003276666	004856373	0.5306	0.9020
003277734	003277753	0.4438	0.9082
003277734	003278994	0.4077	0.9700
003277734	003280774	0.4759	0.9063
003277734	003286961	0.4474	0.9044
003277734	003290662	0.4263	0.9222
003277734	003291157	0.3827	0.9200
003277734	003299336	0.4846	0.9421
003277734	003299363	0.4582	0.9500
003277734	003299435	0.4460	0.9110
003277734	003313315	0.4363	0.9076
003277734	003316300	0.3923	0.9099
003277734	003317119	0.3888	0.9121
003277734	003354341	0.3606	0.9020
003277734	003360341	0.5519	0.9325
003277734	003377025	0.4035	0.9188
003277734	003385461	0.4294	0.9336
003277734	003385474	0.4106	0.9314
003277734	003390537	0.4708	0.9123
003277734	003391656	0.4166	0.9031
003277734	003392327	0.4102	0.9006
003277734	003397758	0.4573	0.9059
003277734	003399869	0.4715	0.9154
003277734	003400046	0.3708	0.9189
003277734	003402014	0.4793	0.9024
003277734	003404595	0.4867	0.9461
003277734	003405538	0.5324	0.9132
003277734	003408014	0.4665	0.9217
003277734	003413037	0.4550	0.9495
003277734	003415122	0.3956	0.9013
003277734	003415595	0.4367	0.9168
003277734	003419895	0.4042	0.9143
003277734	003422428	0.4263	0.9228
003277734	003433434	0.4005	0.9159
003277734	003434623	0.3869	0.9104
003277734	003443485	0.4463	0.9119
003277734	003444353	0.4498	0.9272
003277734	003448400	0.3937	0.9011
003277734	003450694	0.4526	0.9498
003277734	003470973	0.3904	0.9165
003277734	003471626	0.4766	0.9151
003277734	003484082	0.5206	0.9612
003277734	003486878	0.4150	0.9078
003277734	003488949	0.4013	0.9143
003277734	003493244	0.4862	0.9276
003277734	003495148	0.4304	0.9544
003277734	003496153	0.3861	0.9051
003277734	003496497	0.5261	0.9088
003277734	003496803	0.4474	0.9396
003277734	003497089	0.4004	0.9150
003277734	003507107	0.4508	0.9071
003277734	003508304	0.4284	0.9154
003277734	003510485	0.3918	0.9036
003277734	003514380	0.3898	0.9079
003277734	003515019	0.4580	0.9103
003277734	003517168	0.5782	0.9011
003277734	003520211	0.3915	0.9207
003277734	003520282	0.4758	0.9388
003277734	003527040	0.4910	0.9389
003277734	003566940	0.4804	0.9206
003277734	003567565	0.4101	0.9053
003277734	003577625	0.4189	0.9139
003277734	003588655	0.4437	0.9071
003277734	003589934	0.4428	0.9050
003277734	003591559	0.4979	0.9246
003277734	003591607	0.5604	0.9295
003277734	003592306	0.3824	0.9354
003277734	003592488	0.3831	0.9067
003277734	003593474	0.4863	0.9465
003277734	003593475	0.4757	0.9264
003277734	003594076	0.4868	0.9206
003277734	003595501	0.4281	0.9139
003277734	003595540	0.4414	0.9172
003277734	003596609	0.5522	0.9124
003277734	003597122	0.4080	0.9139
003277734	003598597	0.3839	0.9146
003277734	003599176	0.4477	0.9037
003277734	003599666	0.4022	0.9215
003277734	003600113	0.4971	0.9442
003277734	003601074	0.3549	0.9102
003277734	003601244	0.4653	0.9021
003277734	003601553	0.4339	0.9124
003277734	003607742	0.4409	0.9219
003277734	003612749	0.4356	0.9010
003277734	003613205	0.4567	0.9435
003277734	003613207	0.4108	0.9281
003277734	003615364	0.4412	0.9436
003277734	003615365	0.4340	0.9192
003277734	003617140	0.4559	0.9273
003277734	003620332	0.4099	0.9076
003277734	003624308	0.4102	0.9061
003277734	003635578	0.3831	0.9570
003277734	003650120	0.4790	0.9040
003277734	003655517	0.5871	0.9035
003277734	003661135	0.4249	0.9037
003277734	003668220	0.4341	0.9143
003277734	003672618	0.4356	0.9062
003277734	003674165	0.3917	0.9138
003277734	003674603	0.5133	0.9215
003277734	003678661	0.3693	0.9026
003277734	003685671	0.5272	0.9158
003277734	003685962	0.4930	0.9275
003277734	003688421	0.4398	0.9142
003277734	003699158	0.3847	0.9252
003277734	003700021	0.3536	0.9129
003277734	003700484	0.4182	0.9382
003277734	003701828	0.4327	0.9027
003277734	003706854	0.3710	0.9198
003277734	003712793	0.4709	0.9316
003277734	003713577	0.3776	0.9185
003277734	003714904	0.3946	0.9140
003277734	003716697	0.4942	0.9275
003277734	003719290	0.3992	0.9128
003277734	003723538	0.5038	0.9072
003277734	003723740	0.5601	0.9242
003277734	003729399	0.5603	0.9007
003277734	003730558	0.4030	0.9166
003277734	003731198	0.4191	0.9131
003277734	003739787	0.5424	0.9028
003277734	003740131	0.4948	0.9401
003277734	003762030	0.3677	0.9335
003277734	003781999	0.4097	0.9274
003277734	003786918	0.4274	0.9072
003277734	003791026	0.4140	0.9125
003277734	003792183	0.4711	0.9430
003277734	003795430	0.3915	0.9008
003277734	003797750	0.3750	0.9343
003277734	003800736	0.4578	0.9001
003277734	003800985	0.4820	0.9207
003277734	003804711	0.4845	0.9151
003277734	003807595	0.4452	0.9089
003277734	003808690	0.3095	0.9002
003277734	003809821	0.4329	0.9154
003277734	003817230	0.4668	0.9497
003277734	003829242	0.4501	0.9167
003277734	003865831	0.4232	0.9029
003277734	003873634	0.4001	0.9083
003277734	003885304	0.4760	0.9225
003277734	003906939	0.4007	0.9073
003277734	003916040	0.4288	0.9111
003277734	003922315	0.4431	0.9027
003277734	003923768	0.3767	0.9177
003277734	003926465	0.4274	0.9205
003277734	003929384	0.3743	0.9243
003277734	003940173	0.4073	0.9022
003277734	003947337	0.3667	0.9005
003277734	003947596	0.4048	0.9109
003277734	003959126	0.4139	0.9277
003277734	003961475	0.4649	0.9418
003277734	003962783	0.4440	0.9034
003277734	003963455	0.3977	0.9276
003277734	003966783	0.5499	0.9422
003277734	003967895	0.4815	0.9083
003277734	003969508	0.4033	0.9147
003277734	003970579	0.4464	0.9308
003277734	003972041	0.4296	0.9405
003277734	003972547	0.4423	0.9254
003277734	003972956	0.3993	0.9112
003277734	003974873	0.4379	0.9180
003277734	003975571	0.5442	0.9164
003277734	003978624	0.3418	0.9177
003277734	003979552	0.4219	0.9138
003277734	003983510	0.4696	0.9244
003277734	003983708	0.4438	0.9056
003277734	003987478	0.3810	0.9193
003277734	003993203	0.4507	0.9464
003277734	003994259	0.5177	0.9026
003277734	003997800	0.4556	0.9232
003277734	004011568	0.3516	0.9020
003277734	004016284	0.3917	0.9518
003277734	004018972	0.3957	0.9228
003277734	004021962	0.4078	0.9066
003277734	004023279	0.4189	0.9669
003277734	004024974	0.4656	0.9730
003277734	004029745	0.3469	0.9002
003277734	004030238	0.4017	0.9033
003277734	004041829	0.4701	0.9058
003277734	004046385	0.3979	0.9043
003277734	004047160	0.3809	0.9229
003277734	004053732	0.4404	0.9079
003277734	004068454	0.4632	0.9239
003277734	004069935	0.4566	0.9292
003277734	004080481	0.4557	0.9227
003277734	004099186	0.4595	0.9533
003277734	004127832	0.4147	0.9095
003277734	004146735	0.4068	0.9728
003277734	004215561	0.4528	0.9247
003277734	004218949	0.4848	0.9218
003277734	004241417	0.4438	0.9174
003277734	004256943	0.3976	0.9253
003277734	004261492	0.3656	0.9165
003277734	004268173	0.4541	0.9334
003277734	004346242	0.4847	0.9503
003277734	004405252	0.4056	0.9352
003277734	004448672	0.4235	0.9083
003277734	004494806	0.4177	0.9105
003277734	004500222	0.3886	0.9196
003277734	004503485	0.4524	0.9045
003277734	004505160	0.3988	0.9044
003277734	004548389	0.4622	0.9008
003277734	004562486	0.4223	0.9070
003277734	004627786	0.4433	0.9036
003277734	004927532	0.3783	0.9243
003277734	004936750	0.3558	0.9043
003277734	004937587	0.4513	0.9543
003277734	004938688	0.5498	0.9006
003277734	004940356	0.4515	0.9005
003277734	004942072	0.3759	0.9125
003277734	004957284	0.4878	0.9659
003277734	004960361	0.4419	0.9012
003277734	004960783	0.4561	0.9057
003277734	004970161	0.4205	0.9169
003277734	004974745	0.4153	0.9547
003277734	004977576	0.4804	0.9475
003277734	004978305	0.3981	0.9051
003277734	004978402	0.4299	0.9457
003277734	004978411	0.5184	0.9577
003277734	004989205	0.4382	0.9224
003277734	004993396	0.4871	0.9020
003277734	004995535	0.5057	0.9006
003277734	005019689	0.3724	0.9208
003277734	005026689	0.4441	0.9005
003277734	005029261	0.5146	0.9218
003277734	005029334	0.4226	0.9132
003277734	005030431	0.4870	0.9431
003277734	005032178	0.5230	0.9088
003277734	005034081	0.4862	0.9235
003277734	005034467	0.4021	0.9053
003277734	005035935	0.4238	0.9447
003277734	005039793	0.4762	0.9384
003277734	005040936	0.4694	0.9294
003277734	005046286	0.4860	0.9037
003277734	005046498	0.3960	0.9574
003277734	005052629	0.4692	0.9384
003277734	005055414	0.4440	0.9278
003277734	005055984	0.3460	0.9288
003277734	005056599	0.4197	0.9755
003277734	005056886	0.4619	0.9347
003277734	005060255	0.3222	0.9252
003277734	005060709	0.4199	0.9176
003277734	005061293	0.5625	0.9135
003277734	005064007	0.5163	0.9396
003277734	005064712	0.4724	0.9089
003277734	005064725	0.4127	0.9069
003277734	005067408	0.4521	0.9017
003277734	005073781	0.4072	0.9477
003277734	005078298	0.4079	0.9094
003277734	005080542	0.4361	0.9115
003277734	005080860	0.5439	0.9117
003277734	005084081	0.4634	0.9063
003277753	003278461	0.5391	0.9509
003277753	003326231	0.5576	0.9261
003277753	003384708	0.4087	0.9481
003277753	003388306	0.5012	0.9202
003277753	003538070	0.5521	0.9079
003277753	003837507	0.5870	0.9152
003277753	003927485	0.5840	0.9456
003277753	003974487	0.5621	0.9129
003277753	003975571	0.5772	0.9086
003277753	003979604	0.5569	0.9371
003277753	003980597	0.4425	0.9420
003277753	003983612	0.5429	0.9379
003277753	003988870	0.5524	0.9101
003277753	004002734	0.5717	0.9343
003277753	004028987	0.5637	0.9443
003277753	004034170	0.5079	0.9438
003277753	004253554	0.4822	0.9442
003277753	004477674	0.5740	0.9506
003277753	004946152	0.4924	0.9069
003277753	004993396	0.5451	0.9105
003277753	005013047	0.5525	0.9424
003277753	005033151	0.5296	0.9558
003277753	005063011	0.5637	0.9142
003278116	003278461	0.4733	0.9206
003278116	003304881	0.2720	0.9132
003278116	003467177	0.4376	0.9025
003278116	003486492	0.4003	0.9271
003278116	003489485	0.3746	0.9069
003278116	003497699	0.3862	0.9051
003278116	003699154	0.3021	0.9003
003278116	003711543	0.3911	0.9003
003278116	003738616	0.2438	0.9044
003278116	003754872	0.4634	0.9173
003278116	003790340	0.4111	0.9124
003278116	003932681	0.3554	0.9015
003278116	003938644	0.3366	0.9013
003278116	003981561	0.3461	0.9247
003278116	004034170	0.4587	0.9237
003278116	004253554	0.4373	0.9181
003278116	004477674	0.4753	0.9124
003278116	004935667	0.4027	0.9033
003278116	005013047	0.4429	0.9194
003278116	005033151	0.4285	0.9283
003278461	003278485	0.5434	0.9578
003278461	003278994	0.5565	0.9076
003278461	003279614	0.4865	0.9040
003278461	003282002	0.4615	0.9091
003278461	003284393	0.4700	0.9118
003278461	003285183	0.5501	0.9217
003278461	003286961	0.4866	0.9627
003278461	003287024	0.4255	0.9226
003278461	003291157	0.4542	0.9472
003278461	003294494	0.4591	0.9287
003278461	003299336	0.5339	0.9269
003278461	003299363	0.5464	0.9139
003278461	003299435	0.5102	0.9400
003278461	003303851	0.4828	0.9362
003278461	003313315	0.4941	0.9332
003278461	003316300	0.4645	0.9236
003278461	003317119	0.4985	0.9566
003278461	003320676	0.4223	0.9031
003278461	003358186	0.4475	0.9335
003278461	003358397	0.4451	0.9018
003278461	003360341	0.5924	0.9508
003278461	003362301	0.4516	0.9351
003278461	003366188	0.4408	0.9499
003278461	003368190	0.4499	0.9194
003278461	003376984	0.4480	0.9036
003278461	003377025	0.4473	0.9469
003278461	003382767	0.4366	0.9384
003278461	003385461	0.4955	0.9469
003278461	003391656	0.4875	0.9396
003278461	003392282	0.4752	0.9142
003278461	003392327	0.5402	0.9594
003278461	003395889	0.5004	0.9432
003278461	003397758	0.5242	0.9034
003278461	003399869	0.5557	0.9224
003278461	003399872	0.5378	0.9006
003278461	003400046	0.4448	0.9290
003278461	003401763	0.5104	0.9556
003278461	003401777	0.4962	0.9048
003278461	003402652	0.4206	0.9056
003278461	003404595	0.5667	0.9561
003278461	003404995	0.4858	0.9125
003278461	003408014	0.5178	0.9061
003278461	003408112	0.4611	0.9425
003278461	003412093	0.3879	0.9324
003278461	003413037	0.5061	0.9442
003278461	003413860	0.3870	0.9078
003278461	003415122	0.4782	0.9249
003278461	003415595	0.4949	0.9248
003278461	003417523	0.5377	0.9467
003278461	003419533	0.5851	0.9300
003278461	003419895	0.4967	0.9525
003278461	003421122	0.4922	0.9527
003278461	003421427	0.4342	0.9031
003278461	003422428	0.5166	0.9315
003278461	003426676	0.4676	0.9149
003278461	003431172	0.5166	0.9190
003278461	003433434	0.4967	0.9614
003278461	003434623	0.5050	0.9556
003278461	003436173	0.4979	0.9280
003278461	003437797	0.5185	0.9110
003278461	003437850	0.4223	0.9058
003278461	003443485	0.4987	0.9332
003278461	003444353	0.5149	0.9234
003278461	003448400	0.4827	0.9137
003278461	003450694	0.5439	0.9127
003278461	003452041	0.4805	0.9010
003278461	003453949	0.4335	0.9127
003278461	003460464	0.4657	0.9314
003278461	003460558	0.4567	0.9604
003278461	003460619	0.4447	0.9177
003278461	003463250	0.5449	0.9395
003278461	003466219	0.4984	0.9105
003278461	003466659	0.4705	0.9197
003278461	003469952	0.4011	0.9306
003278461	003470550	0.4882	0.9499
003278461	003470973	0.5162	0.9658
003278461	003471626	0.5690	0.9383
003278461	003479869	0.4863	0.9424
003278461	003481243	0.4799	0.9014
003278461	003481577	0.5098	0.9536
003278461	003484082	0.5540	0.9443
003278461	003484446	0.4712	0.9345
003278461	003484542	0.4370	0.9393
003278461	003485620	0.4317	0.9098
003278461	003486631	0.5895	0.9113
003278461	003486878	0.4939	0.9368
003278461	003487286	0.4285	0.9104
003278461	003487845	0.4520	0.9218
003278461	003488949	0.4927	0.9557
003278461	003489030	0.5394	0.9439
003278461	003490907	0.4804	0.9280
003278461	003492087	0.4645	0.9207
003278461	003492173	0.4662	0.9291
003278461	003494259	0.3897	0.9166
003278461	003495040	0.4764	0.9082
003278461	003497089	0.4932	0.9428
003278461	003498989	0.5017	0.9173
003278461	003502530	0.4503	0.9446
003278461	003502919	0.4977	0.9581
003278461	003505458	0.5351	0.9468
003278461	003507107	0.4334	0.9040
003278461	003508304	0.4390	0.9322
003278461	003508437	0.4626	0.9136
003278461	003509752	0.4709	0.9081
003278461	003510146	0.4306	0.9229
003278461	003510485	0.4849	0.9341
003278461	003514367	0.5041	0.9579
003278461	003514380	0.4987	0.9479
003278461	003517692	0.4811	0.9352
003278461	003519107	0.4734	0.9269
003278461	003520211	0.4678	0.9395
003278461	003520282	0.5474	0.9085
003278461	003522616	0.4508	0.9295
003278461	003524963	0.5505	0.9315
003278461	003527040	0.5846	0.9166
003278461	003529004	0.4323	0.9443
003278461	003532456	0.5048	0.9093
003278461	003539509	0.4936	0.9312
003278461	003560014	0.4401	0.9158
003278461	003562264	0.4406	0.9042
003278461	003564430	0.5243	0.9301
003278461	003567565	0.4830	0.9398
003278461	003568385	0.4515	0.9471
003278461	003576622	0.4402	0.9406
003278461	003577625	0.5356	0.9468
003278461	003582980	0.4528	0.9052
003278461	003586488	0.4315	0.9077
003278461	003588655	0.5153	0.9403
003278461	003589934	0.5260	0.9478
003278461	003590884	0.5381	0.9462
003278461	003591559	0.5212	0.9301
003278461	003591607	0.5790	0.9386
003278461	003592306	0.4560	0.9115
003278461	003592488	0.4189	0.9496
003278461	003592731	0.4520	0.9076
003278461	003593299	0.4414	0.9033
003278461	003593474	0.5641	0.9328
003278461	003593475	0.5377	0.9153
003278461	003593723	0.4353	0.9260
003278461	003594076	0.5684	0.9478
003278461	003594089	0.4363	0.9293
003278461	003595501	0.4873	0.9328
003278461	003596609	0.5744	0.9282
003278461	003596871	0.4854	0.9028
003278461	003597789	0.4892	0.9232
003278461	003598597	0.4401	0.9402
003278461	003599176	0.4335	0.9144
003278461	003599196	0.5152	0.9047
003278461	003599666	0.4876	0.9182
003278461	003599791	0.5147	0.9114
003278461	003600113	0.5428	0.9327
003278461	003600156	0.4163	0.9152
003278461	003600457	0.4860	0.9169
003278461	003601074	0.4305	0.9230
003278461	003601553	0.4900	0.9233
003278461	003605448	0.4776	0.9047
003278461	003607742	0.5424	0.9502
003278461	003607811	0.5904	0.9002
003278461	003608005	0.4720	0.9405
003278461	003612063	0.4635	0.9126
003278461	003613205	0.5171	0.9336
003278461	003613207	0.5022	0.9090
003278461	003613878	0.5726	0.9332
003278461	003614286	0.4362	0.9344
003278461	003615364	0.5550	0.9424
003278461	003615365	0.5127	0.9506
003278461	003617140	0.5181	0.9382
003278461	003618846	0.4979	0.9057
003278461	003620332	0.4861	0.9253
003278461	003622020	0.5018	0.9472
003278461	003624308	0.4711	0.9456
003278461	003628877	0.4183	0.9286
003278461	003630851	0.5407	0.9092
003278461	003635578	0.4279	0.9070
003278461	003636498	0.4692	0.9263
003278461	003637781	0.4912	0.9144
003278461	003638256	0.4483	0.9231
003278461	003638485	0.5251	0.9070
003278461	003639520	0.4825	0.9153
003278461	003639689	0.4449	0.9211
003278461	003640457	0.4768	0.9007
003278461	003648296	0.4739	0.9472
003278461	003649668	0.4782	0.9291
003278461	003652683	0.4849	0.9159
003278461	003656345	0.5113	0.9372
003278461	003660442	0.4651	0.9355
003278461	003661135	0.5026	0.9435
003278461	003666338	0.5237	0.9028
003278461	003668220	0.4803	0.9460
003278461	003672618	0.4891	0.9369
003278461	003674165	0.4780	0.9527
003278461	003674603	0.4931	0.9025
003278461	003676121	0.5085	0.9645
003278461	003677716	0.4660	0.9307
003278461	003679431	0.4431	0.9377
003278461	003682574	0.4162	0.9408
003278461	003685962	0.5647	0.9231
003278461	003688421	0.4744	0.9237
003278461	003688874	0.4706	0.9508
003278461	003689984	0.4762	0.9357
003278461	003690322	0.4443	0.9222
003278461	003694420	0.4391	0.9201
003278461	003694580	0.4826	0.9276
003278461	003698832	0.4654	0.9082
003278461	003699091	0.4544	0.9259
003278461	003699158	0.4517	0.9247
003278461	003699179	0.5397	0.9157
003278461	003699843	0.4560	0.9047
003278461	003699969	0.5228	0.9603
003278461	003700021	0.3926	0.9457
003278461	003701268	0.4035	0.9078
003278461	003701828	0.4088	0.9331
003278461	003703958	0.4160	0.9371
003278461	003704833	0.4661	0.9546
003278461	003705335	0.5141	0.9533
003278461	003706854	0.4477	0.9220
003278461	003709104	0.4439	0.9362
003278461	003712793	0.5501	0.9434
003278461	003713577	0.4652	0.9318
003278461	003714904	0.4708	0.9072
003278461	003716697	0.5446	0.9130
003278461	003716949	0.4409	0.9129
003278461	003718903	0.5525	0.9125
003278461	003718923	0.4395	0.9209
003278461	003719044	0.4425	0.9227
003278461	003719290	0.4549	0.9417
003278461	003723169	0.3863	0.9340
003278461	003723538	0.5889	0.9531
003278461	003724767	0.4519	0.9336
003278461	003730558	0.4941	0.9287
003278461	003730941	0.4485	0.9044
003278461	003732856	0.5179	0.9038
003278461	003734153	0.4892	0.9121
003278461	003735038	0.4481	0.9448
003278461	003737025	0.3911	0.9088
003278461	003737521	0.4684	0.9163
003278461	003738485	0.5489	0.9188
003278461	003739929	0.5132	0.9376
003278461	003740282	0.4692	0.9325
003278461	003743499	0.4413	0.9228
003278461	003743825	0.4606	0.9418
003278461	003745990	0.5126	0.9508
003278461	003750815	0.4909	0.9074
003278461	003757999	0.5178	0.9104
003278461	003776905	0.5009	0.9338
003278461	003781999	0.4672	0.9377
003278461	003783065	0.4683	0.9154
003278461	003785778	0.4660	0.9265
003278461	003787662	0.4046	0.9037
003278461	003788177	0.5295	0.9241
003278461	003788360	0.4651	0.9098
003278461	003789028	0.4497	0.9083
003278461	003791026	0.5022	0.9349
003278461	003792183	0.5438	0.9418
003278461	003793204	0.4747	0.9581
003278461	003795430	0.5402	0.9531
003278461	003797595	0.5016	0.9446
003278461	003797750	0.4464	0.9272
003278461	003798944	0.5464	0.9584
003278461	003798981	0.4250	0.9014
003278461	003800736	0.4605	0.9229
003278461	003800852	0.5071	0.9147
003278461	003800985	0.5832	0.9448
003278461	003803751	0.5195	0.9467
003278461	003803752	0.4861	0.9043
003278461	003804059	0.4110	0.9462
003278461	003807424	0.4506	0.9362
003278461	003807595	0.4945	0.9368
003278461	003808690	0.4209	0.9368
003278461	003809737	0.4995	0.9114
003278461	003809821	0.4815	0.9448
003278461	003813985	0.5223	0.9130
003278461	003814705	0.4465	0.9195
003278461	003817230	0.5011	0.9433
003278461	003823449	0.4593	0.9230
003278461	003824556	0.4916	0.9115
003278461	003832249	0.5509	0.9075
003278461	003837107	0.5024	0.9241
003278461	003842107	0.4567	0.9366
003278461	003854364	0.4720	0.9078
003278461	003856901	0.4381	0.9474
003278461	003864688	0.4646	0.9300
003278461	003865831	0.5068	0.9116
003278461	003873634	0.4480	0.9488
003278461	003879415	0.4599	0.9237
003278461	003884055	0.5417	0.9497
003278461	003884108	0.5899	0.9410
003278461	003885304	0.5826	0.9436
003278461	003890165	0.5324	0.9243
003278461	003891882	0.5214	0.9502
003278461	003903582	0.5072	0.9170
003278461	003903618	0.5235	0.9308
003278461	003906939	0.4883	0.9572
003278461	003911651	0.4377	0.9248
003278461	003912023	0.5096	0.9450
003278461	003912861	0.4560	0.9198
003278461	003913807	0.4590	0.9261
003278461	003916040	0.4713	0.9371
003278461	003920985	0.4323	0.9236
003278461	003921471	0.4622	0.9194
003278461	003922315	0.4945	0.9269
003278461	003923768	0.4220	0.9286
003278461	003926080	0.4937	0.9323
003278461	003928073	0.4735	0.9089
003278461	003929384	0.4462	0.9253
003278461	003938586	0.4995	0.9503
003278461	003940173	0.4982	0.9491
003278461	003940207	0.5221	0.9501
003278461	003940760	0.4440	0.9514
003278461	003940902	0.4518	0.9229
003278461	003947337	0.4608	0.9468
003278461	003947596	0.4457	0.9305
003278461	003956333	0.4476	0.9018
003278461	003961475	0.5334	0.9490
003278461	003963455	0.4862	0.9431
003278461	003964422	0.4614	0.9037
003278461	003966067	0.4945	0.9175
003278461	003968842	0.5013	0.9351
003278461	003969508	0.4844	0.9125
003278461	003970579	0.5195	0.9685
003278461	003971907	0.4996	0.9237
003278461	003972041	0.5080	0.9160
003278461	003972547	0.5046	0.9548
003278461	003972956	0.4753	0.9383
003278461	003973655	0.5314	0.9272
003278461	003974873	0.4824	0.9545
003278461	003976351	0.5190	0.9728
003278461	003979552	0.4831	0.9076
003278461	003979648	0.4463	0.9215
003278461	003987478	0.5171	0.9381
003278461	003993203	0.4986	0.9469
003278461	003993647	0.4537	0.9227
003278461	003997372	0.4401	0.9103
003278461	003998812	0.4856	0.9247
003278461	004000435	0.4721	0.9298
003278461	004000671	0.5219	0.9357
003278461	004000914	0.5314	0.9333
003278461	004003825	0.4678	0.9077
003278461	004011568	0.4043	0.9326
003278461	004012157	0.4241	0.9246
003278461	004012314	0.5035	0.9022
003278461	004015238	0.5210	0.9029
003278461	004015835	0.4588	0.9056
003278461	004016284	0.4442	0.9012
003278461	004016655	0.4660	0.9007
003278461	004017539	0.4964	0.9364
003278461	004017540	0.4593	0.9264
003278461	004018972	0.4679	0.9207
003278461	004020992	0.4489	0.9433
003278461	004021473	0.5355	0.9509
003278461	004021801	0.4756	0.9217
003278461	004021962	0.4577	0.9391
003278461	004022523	0.4655	0.9095
003278461	004023279	0.5809	0.9071
003278461	004024199	0.5016	0.9138
003278461	004024247	0.4256	0.9161
003278461	004024702	0.5185	0.9298
003278461	004024974	0.5388	0.9250
003278461	004026925	0.5454	0.9293
003278461	004027374	0.4698	0.9192
003278461	004029401	0.5403	0.9528
003278461	004029745	0.3869	0.9212
003278461	004029890	0.4791	0.9285
003278461	004030238	0.4896	0.9209
003278461	004030387	0.4552	0.9403
003278461	004030613	0.4876	0.9354
003278461	004030940	0.4788	0.9304
003278461	004031159	0.4827	0.9228
003278461	004032324	0.5504	0.9227
003278461	004041829	0.5218	0.9068
003278461	004046385	0.5255	0.9455
003278461	004047160	0.5101	0.9508
003278461	004053732	0.5102	0.9372
003278461	004059449	0.4787	0.9381
003278461	004064452	0.5125	0.9524
003278461	004069935	0.5768	0.9711
003278461	004076563	0.4334	0.9500
003278461	004078132	0.4931	0.9261
003278461	004080481	0.5062	0.9387
003278461	004099186	0.5767	0.9084
003278461	004101918	0.4169	0.9245
003278461	004127832	0.4844	0.9514
003278461	004136524	0.5308	0.9394
003278461	004155213	0.5702	0.9090
003278461	004201023	0.4905	0.9509
003278461	004218949	0.5486	0.9319
003278461	004235295	0.4783	0.9416
003278461	004241417	0.4927	0.9140
003278461	004256943	0.5311	0.9264
003278461	004261492	0.4744	0.9634
003278461	004265797	0.4579	0.9265
003278461	004265943	0.4696	0.9437
003278461	004267419	0.5517	0.9181
003278461	004268173	0.5079	0.9317
003278461	004277582	0.4960	0.9518
003278461	004318640	0.4432	0.9107
003278461	004369043	0.4665	0.9282
003278461	004373825	0.5128	0.9070
003278461	004377695	0.5352	0.9435
003278461	004391291	0.5117	0.9512
003278461	004405252	0.5109	0.9368
003278461	004415790	0.4724	0.9317
003278461	004416711	0.4897	0.9085
003278461	004429823	0.5071	0.9392
003278461	004440911	0.5072	0.9410
003278461	004448672	0.4898	0.9384
003278461	004476649	0.4735	0.9320
003278461	004483125	0.4642	0.9557
003278461	004487335	0.5182	0.9267
003278461	004494806	0.4840	0.9406
003278461	004500222	0.4306	0.9434
003278461	004505160	0.5011	0.9239
003278461	004533388	0.4773	0.9496
003278461	004548389	0.5325	0.9124
003278461	004562486	0.4872	0.9524
003278461	004583705	0.4628	0.9364
003278461	004592780	0.5331	0.9190
003278461	004605731	0.4627	0.9060
003278461	004608704	0.4388	0.9401
003278461	004627786	0.4944	0.9408
003278461	004663619	0.5364	0.9343
003278461	004668932	0.5022	0.9313
003278461	004669027	0.4588	0.9455
003278461	004675879	0.4450	0.9319
003278461	004857588	0.5566	0.9081
003278461	004879299	0.4851	0.9290
003278461	004936750	0.3976	0.9232
003278461	004937587	0.5587	0.9255
003278461	004957284	0.5591	0.9230
003278461	004960361	0.5507	0.9428
003278461	004960783	0.4922	0.9463
003278461	004970161	0.5193	0.9454
003278461	004974486	0.4775	0.9212
003278461	004977576	0.5505	0.9366
003278461	004978305	0.4873	0.9479
003278461	004978402	0.5104	0.9251
003278461	005005855	0.4973	0.9313
003278461	005012604	0.5645	0.9598
003278461	005013895	0.5027	0.9234
003278461	005016484	0.4775	0.9455
003278461	005018522	0.5610	0.9352
003278461	005019689	0.4763	0.9669
003278461	005021635	0.4732	0.9213
003278461	005021918	0.4839	0.9487
003278461	005030431	0.5502	0.9261
003278461	005032667	0.5405	0.9277
003278461	005033092	0.5476	0.9441
003278461	005034263	0.5620	0.9338
003278461	005034437	0.5137	0.9276
003278461	005034502	0.4951	0.9491
003278461	005035935	0.4914	0.9278
003278461	005040936	0.5196	0.9237
003278461	005046498	0.4979	0.9306
003278461	005053437	0.5509	0.9007
003278461	005056229	0.5413	0.9138
003278461	005056599	0.5020	0.9071
003278461	005056886	0.5071	0.9331
003278461	005060709	0.4935	0.9262
003278461	005063005	0.4931	0.9118
003278461	005064017	0.5180	0.9612
003278461	005064725	0.5218	0.9575
003278461	005073781	0.5262	0.9230
003278461	005080542	0.5390	0.9425
003278461	005082717	0.4711	0.9160
003278485	003286961	0.5920	0.9361
003278485	003326231	0.5374	0.9065
003278485	003384708	0.3254	0.9546
003278485	003388306	0.5155	0.9177
003278485	003489485	0.4204	0.9031
003278485	003700176	0.5624	0.9036
003278485	003840585	0.5019	0.9035
003278485	003893356	0.3581	0.9096
003278485	003974487	0.4046	0.9000
003278485	003975571	0.5692	0.9381
003278485	003980597	0.4181	0.9434
003278485	003988870	0.5756	0.9112
003278485	004009350	0.5330	0.9531
003278485	004028987	0.5745	0.9495
003278485	004034170	0.4545	0.9577
003278485	004155213	0.5293	0.9002
003278485	004253554	0.4438	0.9547
003278485	004477674	0.5528	0.9619
003278485	004946152	0.3990	0.9106
003278485	004993396	0.5145	0.9077
003278485	005013047	0.5116	0.9503
003278485	005033151	0.4848	0.9624
003278485	005063011	0.4770	0.9020
003278994	003293672	0.3868	0.9226
003278994	003304881	0.2909	0.9152
003278994	003326231	0.5091	0.9640
003278994	003334423	0.3389	0.9112
003278994	003351451	0.4807	0.9512
003278994	003356938	0.5955	0.9039
003278994	003384708	0.3603	0.9344
003278994	003388306	0.4399	0.9634
003278994	003467177	0.4239	0.9038
003278994	003469832	0.4815	0.9518
003278994	003489485	0.3811	0.9164
003278994	003496711	0.3528	0.9098
003278994	003497699	0.4660	0.9022
003278994	003502895	0.5892	0.9090
003278994	003510364	0.5543	0.9061
003278994	003582338	0.5977	0.9133
003278994	003596874	0.2868	0.9005
003278994	003599834	0.5284	0.9666
003278994	003607264	0.2753	0.9104
003278994	003607811	0.3850	0.9386
003278994	003625799	0.5315	0.9304
003278994	003699154	0.3210	0.9112
003278994	003705615	0.3189	0.9299
003278994	003707024	0.5958	0.9393
003278994	003712799	0.4909	0.9488
003278994	003738616	0.2907	0.9170
003278994	003786918	0.5964	0.9059
003278994	003790340	0.4061	0.9122
003278994	003893356	0.4104	0.9099
003278994	003926817	0.4623	0.9083
003278994	003927485	0.5505	0.9230
003278994	003938644	0.3065	0.9157
003278994	003974487	0.4320	0.9285
003278994	003979604	0.5975	0.9438
003278994	003980597	0.3811	0.9371
003278994	003981561	0.3392	0.9251
003278994	003983612	0.5821	0.9453
003278994	003988870	0.5227	0.9093
003278994	004002734	0.5820	0.9358
003278994	004009350	0.5739	0.9316
003278994	004023963	0.3429	0.9238
003278994	004025316	0.5243	0.9483
003278994	004027380	0.3082	0.9240
003278994	004028987	0.4634	0.9574
003278994	004034170	0.4525	0.9375
003278994	004253554	0.3888	0.9295
003278994	004477674	0.5221	0.9042
003278994	004856373	0.5063	0.9161
003278994	004935667	0.4970	0.9364
003278994	004946152	0.4428	0.9044
003278994	005013047	0.4856	0.9540
003278994	005028264	0.4469	0.9274
003278994	005030272	0.5916	0.9299
003278994	005033151	0.4472	0.9389
003278994	005063011	0.4832	0.9168
003279614	003893356	0.4968	0.9120
003279614	003980597	0.4416	0.9134
003279614	004034170	0.4286	0.9221
003279614	004253554	0.4138	0.9344
003279614	004477674	0.4548	0.9226
003281165	003384708	0.4162	0.9139
003281165	003934856	0.4409	0.9061
003282002	003384708	0.3645	0.9370
003282002	003390813	0.3949	0.9032
003282002	003467177	0.4149	0.9016
003282002	003711543	0.3631	0.9001
003282002	003863960	0.3719	0.9083
003282002	003980597	0.3459	0.9191
003282002	004009350	0.5328	0.9023
003282002	004034170	0.3828	0.9180
003282002	004253554	0.3377	0.9178
003282002	004477674	0.4472	0.9296
003282002	005033151	0.4038	0.9179
003282002	005066083	0.5940	0.9022
003282690	003304881	0.2698	0.9185
003282690	003334423	0.2927	0.9207
003282690	003390813	0.2870	0.9482
003282690	003467177	0.3699	0.9208
003282690	003486492	0.3263	0.9668
003282690	003497699	0.3100	0.9256
003282690	003620621	0.2878	0.9039
003282690	003711543	0.3284	0.9236
003282690	003738616	0.2354	0.9009
003282690	003790340	0.3157	0.9413
003282690	003863960	0.2882	0.9402
003282690	003884605	0.3316	0.9315
003282690	003934856	0.4274	0.9537
003282690	004034170	0.3984	0.9137
003282690	004253554	0.3782	0.9083
003284393	003486492	0.3513	0.9107
003284393	004034170	0.4292	0.9293
003284393	004253554	0.4321	0.9270
003284393	004477674	0.4460	0.9138
003284393	005013047	0.4219	0.9000
003284393	005033151	0.4005	0.9064
003285183	003384708	0.5750	0.9491
003285183	003893356	0.5998	0.9094
003285183	003979604	0.4983	0.9208
003285183	003980597	0.5352	0.9316
003285183	003983612	0.5070	0.9261
003285183	004002734	0.4945	0.9081
003285183	004009350	0.5922	0.9224
003285183	004028987	0.5679	0.9121
003285183	004034170	0.5048	0.9029
003285183	004253554	0.4855	0.9101
003285183	004477674	0.5028	0.9112
003285183	004935667	0.5607	0.9031
003285183	005013047	0.5423	0.9038
003285183	005033151	0.5114	0.9210
003286961	003304881	0.3334	0.9188
003286961	003326231	0.3652	0.9110
003286961	003334423	0.4265	0.9172
003286961	003384708	0.5503	0.9331
003286961	003388306	0.4304	0.9149
003286961	003390813	0.3546	0.9260
003286961	003467177	0.4129	0.9255
003286961	003486492	0.4021	0.9359
003286961	003489485	0.3785	0.9245
003286961	003496711	0.4148	0.9015
003286961	003497699	0.4002	0.9244
003286961	003596874	0.3288	0.9190
003286961	003688421	0.5817	0.9054
003286961	003699154	0.3234	0.9198
003286961	003707024	0.4049	0.9017
003286961	003711543	0.3777	0.9216
003286961	003738616	0.3078	0.9181
003286961	003790340	0.4179	0.9372
003286961	003823449	0.5937	0.9343
003286961	003837507	0.4194	0.9233
003286961	003863960	0.3362	0.9355
003286961	003927485	0.3802	0.9193
003286961	003934856	0.5179	0.9184
003286961	003938644	0.3554	0.9177
003286961	003979604	0.3838	0.9078
003286961	003980597	0.5044	0.9364
003286961	003981561	0.3391	0.9096
003286961	003983612	0.3874	0.9143
003286961	004002734	0.4373	0.9273
003286961	004009350	0.4780	0.9390
003286961	004028987	0.4381	0.9233
003286961	004034170	0.4920	0.9657
003286961	004253554	0.4609	0.9575
003286961	004477674	0.5043	0.9629
003286961	004608704	0.5439	0.9078
003286961	004669027	0.5813	0.9156
003286961	004675879	0.5846	0.9019
003286961	004935667	0.4195	0.9477
003286961	004946152	0.5909	0.9086
003286961	005013047	0.4871	0.9545
003286961	005033151	0.4385	0.9662
003286961	005078298	0.5784	0.9262
003287024	003467177	0.3576	0.9104
003287024	003486492	0.3321	0.9268
003287024	003711543	0.3210	0.9033
003287024	003790340	0.3111	0.9057
003287024	003893356	0.3758	0.9021
003287024	003980597	0.4008	0.9130
003287024	004034170	0.3730	0.9482
003287024	004253554	0.3684	0.9429
003287024	004477674	0.4201	0.9206
003287024	004935667	0.4599	0.9088
003287024	005013047	0.3872	0.9259
003287024	005033151	0.3686	0.9258
003290662	003304881	0.2750	0.9294
003290662	003326231	0.4781	0.9290
003290662	003334423	0.3535	0.9418
003290662	003390813	0.4169	0.9219
003290662	003467177	0.4480	0.9043
003290662	003486492	0.3809	0.9266
003290662	003489485	0.3820	0.9228
003290662	003496711	0.3770	0.9092
003290662	003497699	0.5041	0.9206
003290662	003596874	0.2682	0.9063
003290662	003599834	0.5036	0.9034
003290662	003705615	0.2953	0.9089
003290662	003707024	0.5410	0.9088
003290662	003738616	0.2669	0.9206
003290662	003790340	0.4079	0.9236
003290662	003837507	0.5695	0.9199
003290662	003863960	0.3953	0.9102
003290662	003934856	0.4341	0.9102
003290662	003938644	0.3023	0.9167
003290662	003981561	0.3369	0.9454
003290662	004023963	0.3138	0.9286
003290662	004025316	0.5082	0.9276
003290662	004027380	0.3275	0.9119
003290662	004028987	0.4484	0.9084
003290662	004034170	0.4317	0.9268
003290662	004253554	0.3709	0.9127
003290662	004477674	0.4747	0.9045
003290662	004935667	0.4027	0.9090
003290662	005013047	0.4374	0.9379
003290662	005028264	0.4017	0.9088
003290662	005033151	0.3927	0.9222
003291045	003516618	0.3095	0.9047
003291157	003304881	0.3184	0.9221
003291157	003384708	0.4386	0.9350
003291157	003388306	0.3826	0.9176
003291157	003390813	0.3750	0.9123
003291157	003467177	0.4423	0.9197
003291157	003468015	0.3665	0.9109
003291157	003486492	0.3977	0.9381
003291157	003489485	0.3967	0.9251
003291157	003497699	0.4457	0.9086
003291157	003596874	0.2909	0.9075
003291157	003699154	0.3214	0.9205
003291157	003711543	0.3918	0.9145
003291157	003738616	0.2927	0.9148
003291157	003790340	0.3866	0.9210
003291157	003863960	0.3792	0.9087
003291157	003893356	0.4705	0.9343
003291157	003932681	0.4181	0.9134
003291157	003934856	0.5121	0.9017
003291157	003938644	0.3593	0.9237
003291157	003979604	0.4367	0.9214
003291157	003980597	0.4311	0.9564
003291157	003981561	0.3860	0.9008
003291157	003983612	0.4221	0.9314
003291157	004002734	0.4363	0.9173
003291157	004009350	0.4471	0.9197
003291157	004023963	0.3162	0.9097
003291157	004028987	0.4035	0.9285
003291157	004034170	0.4205	0.9703
003291157	004253554	0.4253	0.9702
003291157	004477674	0.4326	0.9459
003291157	004935667	0.4061	0.9453
003291157	004946152	0.5077	0.9358
003291157	005013047	0.4027	0.9551
003291157	005033151	0.3875	0.9547
003291157	005063011	0.4747	0.9234
003293672	003402014	0.4044	0.9012
003293672	003404595	0.4299	0.9015
003293672	003452325	0.4067	0.9069
003293672	003463325	0.5023	0.9213
003293672	003496497	0.4496	0.9092
003293672	003496803	0.4500	0.9357
003293672	003566940	0.4285	0.9132
003293672	003599834	0.5941	0.9345
003293672	003650120	0.4153	0.9039
003293672	003690053	0.4088	0.9190
003293672	003740131	0.5347	0.9177
003293672	003959126	0.4129	0.9159
003293672	003966783	0.4632	0.9136
003293672	003974487	0.5590	0.9152
003293672	003993203	0.4687	0.9029
003293672	004023279	0.4047	0.9199
003293672	004024974	0.4664	0.9253
003293672	004099186	0.4449	0.9087
003293672	004146735	0.4096	0.9160
003293672	004218949	0.4436	0.9160
003293672	004346242	0.3918	0.9174
003293672	004977576	0.4139	0.9003
003293672	005039793	0.4587	0.9081
003293672	005055414	0.4414	0.9010
003293672	005056599	0.4161	0.9168
003293672	005056886	0.4328	0.9038
003294494	003384708	0.3912	0.9471
003294494	003422197	0.5867	0.9073
003294494	003438527	0.5736	0.9310
003294494	003538070	0.5271	0.9047
003294494	003596605	0.5158	0.9298
003294494	003636504	0.5789	0.9362
003294494	003648094	0.5563	0.9142
003294494	003740241	0.5838	0.9415
003294494	003893356	0.4260	0.9133
003294494	003927485	0.4723	0.9084
003294494	003979604	0.4958	0.9288
003294494	003980597	0.3767	0.9552
003294494	003983612	0.4760	0.9308
003294494	004002734	0.4645	0.9147
003294494	004009350	0.5172	0.9295
003294494	004028987	0.4527	0.9200
003294494	004029045	0.5661	0.9094
003294494	004034170	0.4089	0.9268
003294494	004178839	0.5550	0.9163
003294494	004253554	0.4046	0.9299
003294494	004477674	0.4680	0.9095
003294494	004935667	0.5351	0.9089
003294494	004946152	0.4506	0.9335
003294494	005013047	0.4428	0.9222
003294494	005030272	0.5782	0.9156
003294494	005033151	0.4385	0.9324
003294494	005063011	0.4728	0.9311
003299336	003326231	0.5454	0.9208
003299336	003351451	0.4951	0.9037
003299336	003384708	0.4356	0.9598
003299336	003388306	0.4920	0.9282
003299336	003469832	0.5033	0.9151
003299336	003489485	0.4802	0.9041
003299336	003538070	0.5476	0.9047
003299336	003596605	0.5027	0.9226
003299336	003599834	0.5320	0.9253
003299336	003607811	0.5391	0.9095
003299336	003707024	0.5984	0.9103
003299336	003801207	0.5891	0.9214
003299336	003893356	0.4657	0.9153
003299336	003926817	0.4497	0.9001
003299336	003974487	0.4721	0.9279
003299336	003980597	0.4219	0.9390
003299336	004002734	0.5923	0.9131
003299336	004028987	0.5305	0.9364
003299336	004034170	0.5150	0.9317
003299336	004155213	0.5741	0.9416
003299336	004178839	0.5485	0.9152
003299336	004253554	0.4915	0.9338
003299336	004477674	0.5331	0.9357
003299336	004946152	0.4677	0.9108
003299336	005013047	0.5470	0.9304
003299336	005030272	0.5827	0.9134
003299336	005033151	0.5548	0.9412
003299336	005063011	0.5279	0.9207
003299363	003326231	0.5001	0.9167
003299363	003384708	0.3838	0.9359
003299363	003388306	0.4859	0.9162
003299363	003410176	0.5854	0.9187
003299363	003437661	0.5926	0.9006
003299363	003448699	0.5870	0.9145
003299363	003517168	0.5641	0.9241
003299363	003600999	0.5992	0.9205
003299363	003626575	0.5811	0.9040
003299363	003635663	0.5892	0.9090
003299363	003707024	0.5849	0.9072
003299363	003739787	0.5749	0.9201
003299363	003753032	0.5780	0.9247
003299363	003783242	0.5611	0.9338
003299363	003793128	0.5190	0.9055
003299363	003836999	0.5885	0.9107
003299363	003875060	0.5700	0.9084
003299363	003893356	0.4213	0.9493
003299363	003927485	0.5696	0.9050
003299363	003974487	0.4433	0.9327
003299363	003980597	0.4312	0.9754
003299363	003994259	0.5667	0.9008
003299363	004009350	0.5546	0.9442
003299363	004028987	0.5347	0.9393
003299363	004034170	0.4827	0.9500
003299363	004253554	0.4420	0.9714
003299363	004477674	0.5366	0.9197
003299363	004935667	0.5560	0.9449
003299363	004946152	0.4238	0.9059
003299363	005013047	0.5141	0.9428
003299363	005033151	0.4863	0.9240
003299363	005063011	0.4716	0.9445
003299435	003326231	0.5156	0.9073
003299435	003384708	0.3891	0.9513
003299435	003388306	0.4659	0.9145
003299435	003538070	0.5756	0.9157
003299435	003596605	0.5105	0.9242
003299435	003599834	0.5415	0.9116
003299435	003707024	0.5898	0.9044
003299435	003893356	0.4244	0.9061
003299435	003927485	0.5744	0.9191
003299435	003974487	0.4917	0.9227
003299435	003979604	0.5821	0.9328
003299435	003980597	0.3931	0.9405
003299435	003983612	0.5632	0.9357
003299435	004002734	0.5644	0.9222
003299435	004009350	0.5969	0.9499
003299435	004028987	0.5258	0.9337
003299435	004034170	0.4745	0.9256
003299435	004253554	0.4450	0.9313
003299435	004477674	0.5313	0.9345
003299435	004935667	0.5922	0.9249
003299435	004946152	0.4556	0.9143
003299435	004993396	0.5799	0.9404
003299435	005013047	0.5160	0.9267
003299435	005033151	0.5040	0.9418
003299435	005063011	0.5095	0.9288
003303851	003384708	0.4372	0.9104
003303851	003538070	0.5726	0.9365
003303851	003596605	0.5285	0.9070
003303851	004009350	0.5683	0.9134
003303851	004477674	0.5260	0.9278
003303851	005033151	0.5149	0.9308
003303873	003384708	0.4721	0.9241
003303873	004993396	0.5603	0.9114
003304778	003384708	0.4816	0.9394
003304881	003385461	0.3143	0.9087
003304881	003404595	0.3609	0.9154
003304881	003408014	0.3936	0.9019
003304881	003430148	0.3777	0.9005
003304881	003437850	0.3673	0.9067
003304881	003452325	0.3210	0.9033
003304881	003463325	0.3948	0.9144
003304881	003484082	0.3964	0.9203
003304881	003495148	0.3129	0.9058
003304881	003496803	0.4007	0.9508
003304881	003517692	0.2507	0.9074
003304881	003600113	0.3721	0.9060
003304881	003615365	0.3639	0.9037
003304881	003690053	0.3440	0.9349
003304881	003729552	0.3697	0.9212
003304881	003762030	0.3909	0.9081
003304881	003817230	0.3610	0.9210
003304881	003947087	0.3735	0.9062
003304881	003947596	0.2792	0.9302
003304881	003959126	0.3474	0.9364
003304881	003963980	0.3149	0.9145
003304881	003968700	0.2955	0.9017
003304881	003969508	0.3184	0.9307
003304881	003971907	0.2932	0.9254
003304881	003978624	0.2079	0.9025
003304881	003979552	0.3199	0.9253
003304881	003979648	0.2907	0.9158
003304881	003993203	0.3826	0.9137
003304881	004023279	0.3162	0.9067
003304881	004024974	0.3855	0.9265
003304881	004078132	0.2599	0.9174
003304881	004146735	0.3124	0.9010
003304881	004218949	0.3917	0.9184
003304881	004277582	0.3257	0.9007
003304881	004476649	0.2754	0.9320
003304881	004936750	0.3725	0.9399
003304881	004937587	0.3304	0.9030
003304881	004940356	0.3488	0.9035
003304881	004942072	0.3413	0.9011
003304881	004953249	0.3350	0.9058
003304881	004977424	0.3669	0.9127
003304881	004978402	0.3819	0.9101
003304881	004986716	0.3660	0.9182
003304881	005026689	0.3656	0.9103
003304881	005029261	0.3831	0.9260
003304881	005030272	0.4841	0.9078
003304881	005049075	0.2897	0.9405
003304881	005052629	0.3932	0.9019
003304881	005055984	0.2406	0.9344
003304881	005056599	0.3834	0.9175
003304881	005056886	0.3298	0.9140
003304881	005060255	0.3070	0.9040
003304881	005078298	0.4073	0.9050
003304881	005079504	0.3061	0.9002
003310183	003837507	0.5834	0.9324
003310183	005033151	0.4948	0.9037
003313315	003384708	0.3906	0.9493
003313315	003388306	0.4734	0.9009
003313315	003538070	0.5177	0.9175
003313315	003596605	0.4819	0.9278
003313315	003599834	0.5033	0.9039
003313315	003801207	0.5852	0.9346
003313315	003974487	0.4673	0.9099
003313315	003975571	0.5834	0.9145
003313315	003979604	0.5988	0.9120
003313315	003980597	0.3795	0.9263
003313315	003983612	0.5714	0.9161
003313315	004002734	0.5728	0.9016
003313315	004009350	0.5741	0.9284
003313315	004028987	0.4972	0.9142
003313315	004034170	0.5036	0.9148
003313315	004124141	0.5959	0.9063
003313315	004178839	0.5752	0.9256
003313315	004253554	0.4763	0.9167
003313315	004477674	0.5178	0.9342
003313315	004946152	0.4367	0.9106
003313315	004993396	0.5925	0.9395
003313315	005013047	0.5321	0.9139
003313315	005033151	0.5429	0.9369
003313315	005063011	0.5103	0.9151
003316300	003384708	0.3225	0.9155
003316300	003538070	0.4763	0.9028
003316300	003707024	0.4869	0.9021
003316300	003801207	0.5815	0.9019
003316300	003927485	0.5190	0.9123
003316300	003980597	0.3765	0.9110
003316300	004009350	0.5071	0.9285
003316300	004034170	0.4239	0.9094
003316300	004253554	0.4121	0.9091
003316300	004477674	0.4673	0.9425
003316300	004935667	0.5114	0.9145
003316300	005013047	0.4417	0.9087
003316300	005033151	0.4359	0.9248
003317119	003326231	0.4888	0.9058
003317119	003384708	0.3350	0.9588
003317119	003388306	0.4247	0.9129
003317119	003596605	0.4505	0.9063
003317119	003707024	0.5610	0.9092
003317119	003893356	0.3735	0.9214
003317119	003927485	0.5600	0.9221
003317119	003974487	0.4434	0.9097
003317119	003979604	0.5684	0.9310
003317119	003980597	0.3719	0.9551
003317119	003983612	0.5468	0.9355
003317119	004002734	0.5520	0.9242
003317119	004009350	0.5668	0.9557
003317119	004028987	0.4638	0.9394
003317119	004034170	0.4544	0.9499
003317119	004253554	0.4219	0.9538
003317119	004477674	0.5077	0.9585
003317119	004935667	0.5431	0.9390
003317119	004946152	0.4066	0.9218
003317119	004993396	0.5905	0.9297
003317119	005013047	0.4863	0.9426
003317119	005033151	0.4800	0.9581
003317119	005063011	0.4590	0.9242
003319564	003473479	0.4301	0.9263
003320676	003538070	0.5290	0.9260
003320676	004124141	0.5846	0.9065
003320676	004155213	0.5957	0.9315
003320676	004178839	0.5942	0.9206
003322297	003326752	0.5920	0.9006
003322297	003645871	0.5044	0.9368
003322297	003682520	0.5205	0.9133
003323220	003645871	0.5925	0.9203
003323220	003974487	0.5989	0.9012
003323220	003980597	0.5135	0.9203
003323220	005063011	0.4980	0.9048
003326231	003360341	0.4705	0.9569
003326231	003377025	0.4403	0.9199
003326231	003382767	0.4280	0.9070
003326231	003385461	0.4069	0.9439
003326231	003392327	0.5307	0.9075
003326231	003400046	0.4300	0.9062
003326231	003401763	0.5015	0.9087
003326231	003402014	0.4549	0.9293
003326231	003404595	0.4877	0.9792
003326231	003413037	0.5071	0.9333
003326231	003414682	0.4711	0.9052
003326231	003415595	0.4599	0.9089
003326231	003419895	0.4094	0.9097
003326231	003433434	0.4404	0.9144
003326231	003443485	0.5068	0.9042
003326231	003450694	0.4965	0.9176
003326231	003452325	0.5172	0.9066
003326231	003460558	0.4335	0.9044
003326231	003463325	0.4605	0.9015
003326231	003470973	0.4945	0.9264
003326231	003481577	0.5000	0.9008
003326231	003484082	0.5074	0.9550
003326231	003486878	0.4799	0.9037
003326231	003488949	0.4893	0.9179
003326231	003493239	0.4053	0.9040
003326231	003495148	0.4379	0.9188
003326231	003496803	0.4365	0.9240
003326231	003497089	0.4912	0.9127
003326231	003498989	0.4600	0.9115
003326231	003502919	0.4217	0.9247
003326231	003505458	0.5216	0.9025
003326231	003507107	0.4454	0.9173
003326231	003508304	0.4402	0.9290
003326231	003514367	0.4865	0.9126
003326231	003514380	0.4809	0.9096
003326231	003515019	0.5345	0.9125
003326231	003520211	0.4557	0.9171
003326231	003520282	0.5275	0.9561
003326231	003527040	0.5534	0.9304
003326231	003532456	0.5352	0.9036
003326231	003566940	0.4717	0.9431
003326231	003577625	0.5463	0.9185
003326231	003591559	0.4349	0.9300
003326231	003591607	0.5228	0.9312
003326231	003592306	0.4466	0.9059
003326231	003592488	0.4134	0.9227
003326231	003593474	0.4763	0.9653
003326231	003593475	0.4750	0.9542
003326231	003595540	0.4463	0.9006
003326231	003596609	0.5468	0.9240
003326231	003598597	0.4593	0.9098
003326231	003599666	0.4071	0.9332
003326231	003600113	0.4834	0.9232
003326231	003600156	0.4833	0.9064
003326231	003601553	0.5139	0.9141
003326231	003601768	0.4421	0.9091
003326231	003607742	0.4680	0.9037
003326231	003613205	0.4484	0.9378
003326231	003613207	0.4568	0.9102
003326231	003615364	0.4749	0.9596
003326231	003615365	0.4364	0.9199
003326231	003617140	0.5689	0.9215
003326231	003624308	0.4347	0.9083
003326231	003635578	0.4630	0.9196
003326231	003638256	0.4157	0.9063
003326231	003639520	0.4174	0.9028
003326231	003643302	0.4917	0.9286
003326231	003650120	0.4809	0.9141
003326231	003661135	0.5177	0.9044
003326231	003668220	0.5029	0.9182
003326231	003674165	0.4798	0.9255
003326231	003676121	0.4764	0.9061
003326231	003682574	0.3615	0.9235
003326231	003685962	0.4759	0.9127
003326231	003688421	0.5111	0.9076
003326231	003688874	0.4158	0.9188
003326231	003699158	0.4475	0.9079
003326231	003700021	0.4212	0.9148
003326231	003700484	0.4149	0.9620
003326231	003713577	0.4770	0.9152
003326231	003714904	0.4278	0.9319
003326231	003716697	0.4781	0.9276
003326231	003719290	0.4562	0.9188
003326231	003723538	0.5758	0.9477
003326231	003731198	0.4586	0.9019
003326231	003757999	0.4897	0.9084
003326231	003781999	0.4563	0.9150
003326231	003792183	0.5227	0.9322
003326231	003793204	0.4458	0.9078
003326231	003795430	0.5211	0.9060
003326231	003797750	0.4221	0.9169
003326231	003798944	0.5216	0.9072
003326231	003800736	0.4294	0.9114
003326231	003804059	0.3717	0.9136
003326231	003807595	0.5011	0.9030
003326231	003808690	0.4145	0.9142
003326231	003809821	0.4701	0.9196
003326231	003817230	0.4765	0.9776
003326231	003825550	0.4031	0.9059
003326231	003856901	0.4345	0.9095
003326231	003873634	0.4251	0.9289
003326231	003906939	0.4802	0.9193
003326231	003916040	0.4929	0.9123
003326231	003922315	0.4289	0.9112
003326231	003923768	0.3932	0.9200
003326231	003929384	0.4355	0.9117
003326231	003938586	0.5243	0.9008
003326231	003947596	0.4065	0.9160
003326231	003961475	0.4614	0.9630
003326231	003963455	0.4088	0.9399
003326231	003966783	0.4934	0.9390
003326231	003968842	0.4404	0.9096
003326231	003970579	0.3979	0.9409
003326231	003972041	0.4244	0.9192
003326231	003972547	0.4302	0.9212
003326231	003974873	0.5018	0.9030
003326231	003976351	0.4130	0.9154
003326231	003987478	0.4423	0.9163
003326231	003993203	0.4252	0.9673
003326231	004016284	0.4521	0.9099
003326231	004023279	0.5191	0.9645
003326231	004024974	0.4785	0.9552
003326231	004029401	0.4546	0.9156
003326231	004030238	0.4301	0.9219
003326231	004046385	0.4967	0.9214
003326231	004047160	0.5122	0.9242
003326231	004059449	0.4837	0.9006
003326231	004064452	0.4543	0.9207
003326231	004069935	0.4607	0.9533
003326231	004080481	0.4304	0.9358
003326231	004099186	0.5542	0.9160
003326231	004127832	0.4956	0.9089
003326231	004146735	0.4865	0.9641
003326231	004155213	0.5975	0.9103
003326231	004178839	0.5888	0.9223
003326231	004218949	0.4455	0.9345
003326231	004241417	0.4106	0.9190
003326231	004256943	0.4422	0.9254
003326231	004261492	0.3690	0.9130
003326231	004268173	0.5210	0.9207
003326231	004405252	0.4584	0.9286
003326231	004500222	0.3985	0.9367
003326231	004627786	0.4967	0.9054
003326231	004883502	0.4345	0.9076
003326231	004927532	0.4301	0.9333
003326231	004937587	0.5183	0.9521
003326231	004957284	0.5303	0.9544
003326231	004960361	0.5641	0.9110
003326231	004970161	0.4688	0.9095
003326231	004974745	0.4809	0.9246
003326231	004977576	0.4504	0.9620
003326231	004978305	0.4854	0.9148
003326231	004978402	0.4481	0.9254
003326231	004978411	0.5857	0.9408
003326231	005013895	0.4479	0.9263
003326231	005019689	0.4249	0.9146
003326231	005030431	0.4701	0.9381
003326231	005035935	0.4196	0.9396
003326231	005039793	0.4416	0.9520
003326231	005040936	0.4342	0.9207
003326231	005046286	0.4766	0.9254
003326231	005046498	0.4060	0.9368
003326231	005055984	0.3676	0.9372
003326231	005056599	0.3767	0.9478
003326231	005056886	0.5470	0.9130
003326231	005061293	0.4830	0.9480
003326231	005064725	0.4774	0.9055
003326231	005073781	0.4743	0.9437
003326231	005080542	0.5188	0.9098
003326752	003384708	0.5994	0.9067
003326752	003980597	0.5797	0.9324
003326752	003983612	0.4872	0.9025
003326752	004028987	0.5420	0.9050
003327697	003980597	0.4901	0.9168
003329474	003384708	0.4602	0.9015
003329474	004993396	0.5553	0.9018
003330447	003448400	0.5981	0.9201
003330447	003595540	0.5905	0.9045
003330447	003599666	0.5942	0.9081
003330447	003792183	0.5779	0.9138
003330447	003800736	0.5509	0.9010
003330447	003923768	0.5979	0.9235
003330447	003979604	0.5540	0.9057
003330447	003980597	0.5812	0.9308
003330447	003983612	0.5667	0.9136
003330447	004416711	0.5828	0.9120
003330537	003996190	0.5901	0.9061
003332356	004854346	0.5144	0.9047
003334305	003410256	0.5794	0.9020
003334305	003645871	0.4885	0.9451
003334305	003682520	0.5171	0.9245
003334423	003385461	0.3919	0.9012
003334423	003404595	0.4264	0.9181
003334423	003432843	0.4128	0.9222
003334423	003463325	0.3650	0.9035
003334423	003484082	0.4224	0.9081
003334423	003496803	0.4376	0.9565
003334423	003517692	0.3358	0.9020
003334423	003690053	0.4326	0.9549
003334423	003729552	0.3419	0.9104
003334423	003817230	0.3817	0.9207
003334423	003825550	0.4737	0.9105
003334423	003947596	0.3542	0.9175
003334423	003959126	0.3181	0.9070
003334423	003993036	0.3268	0.9077
003334423	003993203	0.4174	0.9107
003334423	004022242	0.4701	0.9039
003334423	004023279	0.3713	0.9056
003334423	004024974	0.4393	0.9140
003334423	004218949	0.4668	0.9069
003334423	004476649	0.3418	0.9211
003334423	004937587	0.3845	0.9010
003334423	004978402	0.4070	0.9142
003334423	005049075	0.2223	0.9215
003334423	005055984	0.2962	0.9328
003334423	005056599	0.4485	0.9049
003334423	005056886	0.3555	0.9026
003347055	003582338	0.5640	0.9325
003347055	003643506	0.5544	0.9230
003347055	003786918	0.5317	0.9269
003347055	004020138	0.5745	0.9148
003347055	004020266	0.5715	0.9255
003351451	003475191	0.4102	0.9156
003351451	003484082	0.5819	0.9046
003351451	003496803	0.4626	0.9242
003351451	003520282	0.5249	0.9130
003351451	003527040	0.5460	0.9268
003351451	003566940	0.4806	0.9214
003351451	003582460	0.5286	0.9052
003351451	003593332	0.4547	0.9027
003351451	003620236	0.5402	0.9012
003351451	003621686	0.5153	0.9144
003351451	003740131	0.5188	0.9075
003351451	003792183	0.5338	0.9006
003351451	003921608	0.4944	0.9045
003351451	004023279	0.4901	0.9524
003351451	004024974	0.4991	0.9188
003351451	004146735	0.5108	0.9478
003351451	004346242	0.5730	0.9506
003351451	004927532	0.4932	0.9010
003351451	004957284	0.5627	0.9135
003351451	004968082	0.5086	0.9085
003351451	004974745	0.5244	0.9223
003351451	004977576	0.5283	0.9231
003351451	005052629	0.5119	0.9074
003351451	005056599	0.4423	0.9138
003351451	005073781	0.4709	0.9228
003354341	003388306	0.4265	0.9183
003354341	003599834	0.4411	0.9050
003354341	003794450	0.3904	0.9282
003354341	003893356	0.4082	0.9028
003354341	003924245	0.3701	0.9123
003354341	003926817	0.3997	0.9366
003354341	003979604	0.5407	0.9231
003354341	003983612	0.5146	0.9257
003354341	004028987	0.4481	0.9051
003356938	003671668	0.5247	0.9048
003356938	003840585	0.3973	0.9044
003356938	003981561	0.4247	0.9180
003356938	004025105	0.5604	0.9185
003356938	004436962	0.5961	0.9313
003356938	004995535	0.5497	0.9010
003356938	005030272	0.5341	0.9089
003358186	003384708	0.4512	0.9008
003358186	003538070	0.5858	0.9602
003358186	003596605	0.5429	0.9066
003358186	003688269	0.5033	0.9065
003358186	003837507	0.5756	0.9166
003358186	003927485	0.5190	0.9071
003358186	003980597	0.3821	0.9160
003358186	004009350	0.5683	0.9265
003358186	004034170	0.4911	0.9060
003358186	004124141	0.5830	0.9468
003358186	004477674	0.4857	0.9257
003358186	004935667	0.5089	0.9123
003358186	005013047	0.5241	0.9136
003358186	005033151	0.5008	0.9349
003358186	005063011	0.4817	0.9033
003358397	003538070	0.5417	0.9271
003358397	004124141	0.5720	0.9085
003360341	003384708	0.5143	0.9312
003360341	003388306	0.5282	0.9519
003360341	003460619	0.5903	0.9045
003360341	003489485	0.5356	0.9062
003360341	003502895	0.5768	0.9450
003360341	003599834	0.4911	0.9302
003360341	003607811	0.4484	0.9041
003360341	003699154	0.4941	0.9024
003360341	003707024	0.5031	0.9542
003360341	003790340	0.5755	0.9063
003360341	003823449	0.5498	0.9014
003360341	003893356	0.5654	0.9154
003360341	003927485	0.5369	0.9615
003360341	003974487	0.4983	0.9170
003360341	003979604	0.5726	0.9540
003360341	003980597	0.5272	0.9681
003360341	003983612	0.5739	0.9538
003360341	003988870	0.5248	0.9369
003360341	004002734	0.5544	0.9678
003360341	004009350	0.5642	0.9762
003360341	004028987	0.5247	0.9745
003360341	004034170	0.5509	0.9802
003360341	004253554	0.5255	0.9792
003360341	004477674	0.5318	0.9365
003360341	004935667	0.4943	0.9753
003360341	005013047	0.5228	0.9806
003360341	005028264	0.4469	0.9286
003360341	005033151	0.5309	0.9678
003360341	005063011	0.5854	0.9179
003361220	003538070	0.5428	0.9358
003361220	003596605	0.4816	0.9079
003361220	003659976	0.5624	0.9065
003361220	004124141	0.5700	0.9375
003361220	004178839	0.5915	0.9298
003361220	004993396	0.5957	0.9194
003361220	005066083	0.5585	0.9183
003362301	003538070	0.5413	0.9433
003362301	004009350	0.5539	0.9043
003362301	004124141	0.5997	0.9234
003362301	004178839	0.5712	0.9482
003362301	004477674	0.4841	0.9249
003362301	005033151	0.4981	0.9265
003366188	003384708	0.4126	0.9017
003366188	003538070	0.5331	0.9504
003366188	003596605	0.5235	0.9053
003366188	003837507	0.5817	0.9100
003366188	003927485	0.5212	0.9175
003366188	003980597	0.3559	0.9133
003366188	004002734	0.5131	0.9037
003366188	004009350	0.5311	0.9372
003366188	004034170	0.4574	0.9153
003366188	004124141	0.5943	0.9322
003366188	004178839	0.5728	0.9660
003366188	004253554	0.4296	0.9068
003366188	004477674	0.4874	0.9395
003366188	004935667	0.5490	0.9191
003366188	005013047	0.4962	0.9190
003366188	005033151	0.4752	0.9445
003367465	003980597	0.5119	0.9309
003367465	005063011	0.5817	0.9260
003368190	003538070	0.5057	0.9390
003368190	004124141	0.5642	0.9164
003368190	004155213	0.5700	0.9381
003368190	004178839	0.5405	0.9385
003368190	004477674	0.4896	0.9166
003368190	005033151	0.5211	0.9130
003369707	003980597	0.5256	0.9158
003375823	003800736	0.5868	0.9031
003375823	003823449	0.5859	0.9033
003375823	003980597	0.5512	0.9339
003375823	004253554	0.4882	0.9040
003376984	003538070	0.5555	0.9467
003376984	004124141	0.5897	0.9348
003376984	004178839	0.5985	0.9500
003376984	005033151	0.5609	0.9005
003377025	003384708	0.4316	0.9377
003377025	003388306	0.4162	0.9028
003377025	003538070	0.5756	0.9501
003377025	003596605	0.5258	0.9137
003377025	003599834	0.5037	0.9217
003377025	003707024	0.5163	0.9221
003377025	003837507	0.5791	0.9300
003377025	003927485	0.5598	0.9204
003377025	003974487	0.5746	0.9159
003377025	003979604	0.5184	0.9067
003377025	003980597	0.3793	0.9308
003377025	003983612	0.4956	0.9110
003377025	004002734	0.5416	0.9169
003377025	004009350	0.5754	0.9425
003377025	004025316	0.4919	0.9037
003377025	004028987	0.4368	0.9208
003377025	004034170	0.5012	0.9257
003377025	004253554	0.4655	0.9208
003377025	004477674	0.5019	0.9490
003377025	004935667	0.5495	0.9320
003377025	005013047	0.5341	0.9337
003377025	005033151	0.5244	0.9523
003377025	005063011	0.5040	0.9178
003378386	003384708	0.5688	0.9218
003378386	003980597	0.4983	0.9271
003378386	005063011	0.5645	0.9213
003381005	003410256	0.5668	0.9275
003381005	003645871	0.5177	0.9517
003381005	003682520	0.5312	0.9248
003381005	003706549	0.5899	0.9003
003382767	003538070	0.5524	0.9543
003382767	003596605	0.5519	0.9065
003382767	003599834	0.4680	0.9017
003382767	003688269	0.5122	0.9008
003382767	003707024	0.4769	0.9012
003382767	003837507	0.5578	0.9132
003382767	003927485	0.4954	0.9187
003382767	003979604	0.5040	0.9020
003382767	003980597	0.3664	0.9188
003382767	003983612	0.4846	0.9041
003382767	004002734	0.4997	0.9057
003382767	004009350	0.5268	0.9378
003382767	004028987	0.4305	0.9016
003382767	004034170	0.4521	0.9090
003382767	004124141	0.5910	0.9389
003382767	004178839	0.5869	0.9712
003382767	004253554	0.4214	0.9023
003382767	004477674	0.4644	0.9261
003382767	004935667	0.5190	0.9178
003382767	005013047	0.4876	0.9200
003382767	005033151	0.4635	0.9381
003382767	005063011	0.4791	0.9097
003384708	003385461	0.4405	0.9095
003384708	003385474	0.4582	0.9068
003384708	003391656	0.3711	0.9432
003384708	003392282	0.4602	0.9362
003384708	003392327	0.3922	0.9542
003384708	003395889	0.3565	0.9581
003384708	003397758	0.4385	0.9069
003384708	003399869	0.4020	0.9046
003384708	003400046	0.3174	0.9175
003384708	003401763	0.3640	0.9423
003384708	003404595	0.4514	0.9290
003384708	003405538	0.5833	0.9419
003384708	003405723	0.4560	0.9133
003384708	003408014	0.4469	0.9251
003384708	003408112	0.4142	0.9053
003384708	003412093	0.4150	0.9173
003384708	003413037	0.3796	0.9541
003384708	003413860	0.4086	0.9029
003384708	003414682	0.3905	0.9046
003384708	003415122	0.3682	0.9288
003384708	003415595	0.3859	0.9198
003384708	003417523	0.3880	0.9511
003384708	003419533	0.5409	0.9512
003384708	003419895	0.3989	0.9588
003384708	003421122	0.3329	0.9506
003384708	003421427	0.3665	0.9025
003384708	003422428	0.4091	0.9664
003384708	003426676	0.4093	0.9058
003384708	003431172	0.3486	0.9139
003384708	003433434	0.3350	0.9484
003384708	003434623	0.3261	0.9489
003384708	003436173	0.5070	0.9104
003384708	003437797	0.4259	0.9304
003384708	003437850	0.3999	0.9243
003384708	003443485	0.3852	0.9536
003384708	003444353	0.4372	0.9691
003384708	003448400	0.3267	0.9313
003384708	003450694	0.3780	0.9376
003384708	003452041	0.3770	0.9092
003384708	003452899	0.4337	0.9363
003384708	003460558	0.4293	0.9128
003384708	003460619	0.4600	0.9041
003384708	003463325	0.4917	0.9065
003384708	003465426	0.4713	0.9190
003384708	003466659	0.3415	0.9031
003384708	003469952	0.4022	0.9217
003384708	003470550	0.4150	0.9102
003384708	003470973	0.3499	0.9488
003384708	003471626	0.4122	0.9300
003384708	003479869	0.3533	0.9618
003384708	003481577	0.3452	0.9474
003384708	003483014	0.3932	0.9130
003384708	003484082	0.4728	0.9519
003384708	003484446	0.4545	0.9389
003384708	003484542	0.3981	0.9048
003384708	003486631	0.5078	0.9103
003384708	003486878	0.3741	0.9652
003384708	003487845	0.4501	0.9323
003384708	003488949	0.3743	0.9553
003384708	003489030	0.3492	0.9628
003384708	003490907	0.4017	0.9356
003384708	003491413	0.5569	0.9148
003384708	003492087	0.4393	0.9384
003384708	003492173	0.3860	0.9420
003384708	003496153	0.3512	0.9221
003384708	003496497	0.5836	0.9284
003384708	003497089	0.3522	0.9628
003384708	003498989	0.4018	0.9131
003384708	003502530	0.4169	0.9051
003384708	003502919	0.4355	0.9430
003384708	003505458	0.3461	0.9440
003384708	003507107	0.4414	0.9116
003384708	003508304	0.4472	0.9233
003384708	003509752	0.4815	0.9257
003384708	003510146	0.4149	0.9200
003384708	003510485	0.3548	0.9576
003384708	003514367	0.3863	0.9465
003384708	003514380	0.3539	0.9535
003384708	003515019	0.4521	0.9073
003384708	003519107	0.3559	0.9535
003384708	003520211	0.3085	0.9285
003384708	003520282	0.3670	0.9072
003384708	003522616	0.4534	0.9214
003384708	003524963	0.4671	0.9369
003384708	003527040	0.4118	0.9424
003384708	003529004	0.4125	0.9341
003384708	003532104	0.5852	0.9331
003384708	003532456	0.4330	0.9210
003384708	003564430	0.3725	0.9360
003384708	003567565	0.3780	0.9639
003384708	003568385	0.4185	0.9028
003384708	003576622	0.3652	0.9217
003384708	003577625	0.3982	0.9592
003384708	003582980	0.4314	0.9286
003384708	003586488	0.4649	0.9035
003384708	003588655	0.3888	0.9481
003384708	003589934	0.4135	0.9395
003384708	003591559	0.4582	0.9321
003384708	003591607	0.4909	0.9486
003384708	003592306	0.3046	0.9168
003384708	003592488	0.4038	0.9322
003384708	003593299	0.4333	0.9251
003384708	003593474	0.4271	0.9302
003384708	003593475	0.3890	0.9041
003384708	003594076	0.4290	0.9304
003384708	003594089	0.3672	0.9125
003384708	003595251	0.4741	0.9025
003384708	003595390	0.4278	0.9306
003384708	003595501	0.3850	0.9604
003384708	003595540	0.3631	0.9110
003384708	003596057	0.5520	0.9121
003384708	003596609	0.4803	0.9313
003384708	003597122	0.3869	0.9216
003384708	003597269	0.4429	0.9212
003384708	003597789	0.4112	0.9402
003384708	003598597	0.3978	0.9456
003384708	003598651	0.3960	0.9193
003384708	003599176	0.4922	0.9350
003384708	003599196	0.3878	0.9051
003384708	003599666	0.4121	0.9087
003384708	003599791	0.4689	0.9046
003384708	003600113	0.4529	0.9686
003384708	003600156	0.3678	0.9318
003384708	003600457	0.4392	0.9158
003384708	003601074	0.3780	0.9360
003384708	003601244	0.4328	0.9098
003384708	003601553	0.4001	0.9348
003384708	003601768	0.5672	0.9475
003384708	003602156	0.5410	0.9087
003384708	003604406	0.4603	0.9067
003384708	003607742	0.4013	0.9540
003384708	003608005	0.4244	0.9296
003384708	003612063	0.4507	0.9407
003384708	003612977	0.3869	0.9426
003384708	003613205	0.4180	0.9385
003384708	003613207	0.3588	0.9174
003384708	003614286	0.3859	0.9227
003384708	003615364	0.3957	0.9238
003384708	003615365	0.4040	0.9482
003384708	003617140	0.3894	0.9490
003384708	003620332	0.3162	0.9525
003384708	003621686	0.5074	0.9017
003384708	003622020	0.4365	0.9063
003384708	003624308	0.4084	0.9294
003384708	003627686	0.5778	0.9374
003384708	003635578	0.3681	0.9275
003384708	003637671	0.5503	0.9002
003384708	003639520	0.4025	0.9044
003384708	003648296	0.4281	0.9054
003384708	003650120	0.4079	0.9008
003384708	003656345	0.3752	0.9645
003384708	003659976	0.5975	0.9039
003384708	003661135	0.3831	0.9570
003384708	003668220	0.3872	0.9500
003384708	003672618	0.3765	0.9547
003384708	003674165	0.3811	0.9496
003384708	003674603	0.4601	0.9341
003384708	003676121	0.3798	0.9297
003384708	003676439	0.4217	0.9025
003384708	003679431	0.3516	0.9526
003384708	003682574	0.3663	0.9015
003384708	003685671	0.5445	0.9092
003384708	003685962	0.4231	0.9288
003384708	003688421	0.3848	0.9289
003384708	003688874	0.3509	0.9211
003384708	003689984	0.3975	0.9124
003384708	003690322	0.4693	0.9306
003384708	003691938	0.3788	0.9146
003384708	003693551	0.5586	0.9085
003384708	003694420	0.4093	0.9198
003384708	003699091	0.4484	0.9049
003384708	003699158	0.3165	0.9204
003384708	003699179	0.3870	0.9050
003384708	003699843	0.4014	0.9351
003384708	003699969	0.4137	0.9448
003384708	003700021	0.3994	0.9453
003384708	003700484	0.3773	0.9023
003384708	003700860	0.4574	0.9218
003384708	003701828	0.4791	0.9400
003384708	003702769	0.4407	0.9393
003384708	003703958	0.3890	0.9327
003384708	003704064	0.4769	0.9080
003384708	003704372	0.5903	0.9258
003384708	003704546	0.3918	0.9160
003384708	003704833	0.3919	0.9172
003384708	003705335	0.3893	0.9489
003384708	003706854	0.4020	0.9525
003384708	003707024	0.5992	0.9086
003384708	003709104	0.4076	0.9045
003384708	003712793	0.4218	0.9390
003384708	003713577	0.3792	0.9356
003384708	003716697	0.4400	0.9190
003384708	003717955	0.4450	0.9206
003384708	003718903	0.5439	0.9208
003384708	003718923	0.4127	0.9035
003384708	003719290	0.3920	0.9484
003384708	003721511	0.5650	0.9169
003384708	003723169	0.3779	0.9264
003384708	003723538	0.4918	0.9246
003384708	003724738	0.5327	0.9251
003384708	003724767	0.3748	0.9234
003384708	003730558	0.3361	0.9133
003384708	003731198	0.3601	0.9269
003384708	003735038	0.3909	0.9114
003384708	003737025	0.3705	0.9014
003384708	003737521	0.3408	0.9300
003384708	003738485	0.4773	0.9133
003384708	003739929	0.3720	0.9109
003384708	003740131	0.4596	0.9134
003384708	003743499	0.4053	0.9174
003384708	003743825	0.4611	0.9037
003384708	003745990	0.3607	0.9457
003384708	003757999	0.4004	0.9097
003384708	003762030	0.3946	0.9038
003384708	003776905	0.3604	0.9421
003384708	003781999	0.3455	0.9359
003384708	003783065	0.4344	0.9057
003384708	003787118	0.4416	0.9130
003384708	003787662	0.4729	0.9238
003384708	003788360	0.4232	0.9016
003384708	003789028	0.4403	0.9066
003384708	003789397	0.5691	0.9023
003384708	003791026	0.3676	0.9490
003384708	003792183	0.3687	0.9526
003384708	003793204	0.4145	0.9119
003384708	003795430	0.3665	0.9571
003384708	003797595	0.4242	0.9057
003384708	003797750	0.3175	0.9317
003384708	003798944	0.3558	0.9446
003384708	003800736	0.3755	0.9177
003384708	003800852	0.4225	0.9079
003384708	003800985	0.3943	0.9277
003384708	003803751	0.3628	0.9363
003384708	003804059	0.3751	0.9016
003384708	003807595	0.3811	0.9554
003384708	003809737	0.4697	0.9171
003384708	003809821	0.4626	0.9368
003384708	003814705	0.4169	0.9075
003384708	003815944	0.4201	0.9344
003384708	003817230	0.4525	0.9160
003384708	003828350	0.4201	0.9149
003384708	003832249	0.4188	0.9069
003384708	003837107	0.3660	0.9076
003384708	003846043	0.4786	0.9198
003384708	003856072	0.4995	0.9176
003384708	003856901	0.4455	0.9147
003384708	003864069	0.4885	0.9041
003384708	003865831	0.3652	0.9439
003384708	003871299	0.5937	0.9240
003384708	003873634	0.4173	0.9252
003384708	003879415	0.4229	0.9377
003384708	003884055	0.3760	0.9495
003384708	003884108	0.5676	0.9425
003384708	003885304	0.4034	0.9285
003384708	003888351	0.5848	0.9245
003384708	003890165	0.4203	0.9074
003384708	003891882	0.4406	0.9547
003384708	003906939	0.3636	0.9590
003384708	003911651	0.4449	0.9078
003384708	003912023	0.4309	0.9050
003384708	003912861	0.3978	0.9360
003384708	003916040	0.4355	0.9306
003384708	003920985	0.4086	0.9087
003384708	003922315	0.3837	0.9171
003384708	003923768	0.4341	0.9258
003384708	003926465	0.4380	0.9436
003384708	003927485	0.5888	0.9095
003384708	003929384	0.3154	0.9245
003384708	003929966	0.5635	0.9287
003384708	003931010	0.4278	0.9205
003384708	003938586	0.3699	0.9565
003384708	003940173	0.3794	0.9568
003384708	003940207	0.3457	0.9621
003384708	003940760	0.3825	0.9391
003384708	003947087	0.4971	0.9539
003384708	003947337	0.4143	0.9050
003384708	003947596	0.3821	0.9019
003384708	003952751	0.4262	0.9350
003384708	003955195	0.4606	0.9238
003384708	003959126	0.4362	0.9389
003384708	003961475	0.4190	0.9452
003384708	003962783	0.5276	0.9322
003384708	003963455	0.3930	0.9071
003384708	003963980	0.4556	0.9037
003384708	003964422	0.4777	0.9179
003384708	003966067	0.5251	0.9525
003384708	003966783	0.5107	0.9166
003384708	003967895	0.4689	0.9525
003384708	003968700	0.3877	0.9204
003384708	003969508	0.4431	0.9274
003384708	003970579	0.4478	0.9347
003384708	003971907	0.4137	0.9151
003384708	003972041	0.4399	0.9550
003384708	003972547	0.4398	0.9385
003384708	003973655	0.4598	0.9151
003384708	003974693	0.4544	0.9123
003384708	003974873	0.3816	0.9467
003384708	003976351	0.4299	0.9311
003384708	003979552	0.4737	0.9359
003384708	003979648	0.4121	0.9161
003384708	003993203	0.4546	0.9390
003384708	003997800	0.4292	0.9394
003384708	003998812	0.3532	0.9469
003384708	004000435	0.5166	0.9037
003384708	004000671	0.3838	0.9573
003384708	004011362	0.5469	0.9392
003384708	004011568	0.3761	0.9308
003384708	004012157	0.4284	0.9282
003384708	004012314	0.5478	0.9312
003384708	004016284	0.3398	0.9063
003384708	004016655	0.3648	0.9376
003384708	004017539	0.4488	0.9150
003384708	004017540	0.4441	0.9045
003384708	004018972	0.3631	0.9186
003384708	004020992	0.3554	0.9071
003384708	004021473	0.3940	0.9571
003384708	004021801	0.4011	0.9380
003384708	004021962	0.3474	0.9263
003384708	004023279	0.3473	0.9351
003384708	004024199	0.3860	0.9468
003384708	004024611	0.3811	0.9301
003384708	004024702	0.3883	0.9560
003384708	004024974	0.4267	0.9611
003384708	004026925	0.4453	0.9326
003384708	004027374	0.3469	0.9163
003384708	004028717	0.5498	0.9063
003384708	004029745	0.3955	0.9276
003384708	004029890	0.3929	0.9032
003384708	004030238	0.3261	0.9113
003384708	004030387	0.4106	0.9401
003384708	004030613	0.3960	0.9270
003384708	004032324	0.5570	0.9098
003384708	004041829	0.4059	0.9070
003384708	004047160	0.3476	0.9630
003384708	004053732	0.3924	0.9571
003384708	004056079	0.4291	0.9199
003384708	004059449	0.3674	0.9518
003384708	004060774	0.4260	0.9205
003384708	004063483	0.4698	0.9218
003384708	004068454	0.3792	0.9362
003384708	004069935	0.3893	0.9653
003384708	004076563	0.4032	0.9049
003384708	004080481	0.4259	0.9173
003384708	004099186	0.3493	0.9117
003384708	004101918	0.4332	0.9077
003384708	004127832	0.3728	0.9586
003384708	004128832	0.4861	0.9040
003384708	004136524	0.3679	0.9291
003384708	004146735	0.3295	0.9057
003384708	004155213	0.5063	0.9098
003384708	004161981	0.5107	0.9104
003384708	004201023	0.4716	0.9171
003384708	004215561	0.3852	0.9324
003384708	004218949	0.3999	0.9435
003384708	004221880	0.5398	0.9184
003384708	004241417	0.4189	0.9030
003384708	004261492	0.3967	0.9273
003384708	004265797	0.4561	0.9244
003384708	004265943	0.4173	0.9031
003384708	004267419	0.5540	0.9300
003384708	004268173	0.4083	0.9515
003384708	004277582	0.4700	0.9202
003384708	004318640	0.4609	0.9090
003384708	004346242	0.3750	0.9330
003384708	004358484	0.5614	0.9492
003384708	004377695	0.3639	0.9603
003384708	004391291	0.3669	0.9439
003384708	004405252	0.3834	0.9072
003384708	004415790	0.3971	0.9397
003384708	004416711	0.4095	0.9033
003384708	004429823	0.3835	0.9546
003384708	004436962	0.5931	0.9243
003384708	004440911	0.4498	0.9152
003384708	004448672	0.3697	0.9505
003384708	004476649	0.3970	0.9159
003384708	004487335	0.5418	0.9431
003384708	004494806	0.3730	0.9496
003384708	004500222	0.4391	0.9407
003384708	004503485	0.4953	0.9316
003384708	004505160	0.3728	0.9539
003384708	004507143	0.5536	0.9352
003384708	004533388	0.3803	0.9265
003384708	004548389	0.4184	0.9423
003384708	004562486	0.4338	0.9301
003384708	004592780	0.5338	0.9324
003384708	004627786	0.3910	0.9616
003384708	004634055	0.5168	0.9161
003384708	004663619	0.3919	0.9325
003384708	004668932	0.5236	0.9380
003384708	004936750	0.3793	0.9266
003384708	004937587	0.4242	0.9287
003384708	004938688	0.5629	0.9060
003384708	004940356	0.4915	0.9312
003384708	004942072	0.4435	0.9342
003384708	004944506	0.5526	0.9080
003384708	004950254	0.5454	0.9228
003384708	004953249	0.4612	0.9353
003384708	004957284	0.4678	0.9545
003384708	004960361	0.4073	0.9375
003384708	004960783	0.4555	0.9398
003384708	004970161	0.3722	0.9513
003384708	004974486	0.3679	0.9131
003384708	004974745	0.3773	0.9283
003384708	004977424	0.5224	0.9295
003384708	004977576	0.4282	0.9503
003384708	004978305	0.3502	0.9696
003384708	004978402	0.3959	0.9208
003384708	004978411	0.4184	0.9412
003384708	004979181	0.5008	0.9158
003384708	004984571	0.4656	0.9111
003384708	004986716	0.5374	0.9335
003384708	004989205	0.4632	0.9634
003384708	004993029	0.4494	0.9251
003384708	004995535	0.5654	0.9152
003384708	005001455	0.5176	0.9345
003384708	005005855	0.3908	0.9221
003384708	005008468	0.4398	0.9128
003384708	005012604	0.4283	0.9320
003384708	005013895	0.3888	0.9063
003384708	005016484	0.4188	0.9310
003384708	005018522	0.4233	0.9191
003384708	005019689	0.3426	0.9510
003384708	005021547	0.5197	0.9231
003384708	005021918	0.3893	0.9567
003384708	005026689	0.4560	0.9219
003384708	005029261	0.4483	0.9253
003384708	005029334	0.4899	0.9415
003384708	005030272	0.5573	0.9369
003384708	005030431	0.4542	0.9294
003384708	005031828	0.4451	0.9270
003384708	005032178	0.5596	0.9313
003384708	005032667	0.4167	0.9353
003384708	005033092	0.3773	0.9354
003384708	005034081	0.4571	0.9353
003384708	005034224	0.5107	0.9080
003384708	005034263	0.4285	0.9226
003384708	005034437	0.4005	0.9100
003384708	005034467	0.4478	0.9522
003384708	005034502	0.3935	0.9560
003384708	005034820	0.4585	0.9351
003384708	005035935	0.4242	0.9321
003384708	005040936	0.4751	0.9086
003384708	005043547	0.5100	0.9243
003384708	005046498	0.3780	0.9482
003384708	005052629	0.4343	0.9166
003384708	005053437	0.5282	0.9325
003384708	005055063	0.5861	0.9228
003384708	005055414	0.4890	0.9270
003384708	005056599	0.4873	0.9411
003384708	005056886	0.3399	0.9501
003384708	005058594	0.5261	0.9177
003384708	005060255	0.3998	0.9650
003384708	005060709	0.3912	0.9533
003384708	005061293	0.4860	0.9233
003384708	005064007	0.5943	0.9598
003384708	005064017	0.5017	0.9421
003384708	005064595	0.5014	0.9451
003384708	005064725	0.3623	0.9511
003384708	005066225	0.5210	0.9298
003384708	005067408	0.4696	0.9470
003384708	005069346	0.4361	0.9452
003384708	005073781	0.3441	0.9454
003384708	005077180	0.4472	0.9341
003384708	005078205	0.4960	0.9301
003384708	005078298	0.3934	0.9399
003384708	005078649	0.5100	0.9199
003384708	005079504	0.4609	0.9165
003384708	005080542	0.3946	0.9453
003384708	005082717	0.5351	0.9684
003384708	005084081	0.5211	0.9154
003385461	003388306	0.3902	0.9203
003385461	003467177	0.4725	0.9086
003385461	003486492	0.4046	0.9063
003385461	003489485	0.4189	0.9172
003385461	003501011	0.5767	0.9025
003385461	003599834	0.4480	0.9150
003385461	003699091	0.5934	0.9037
003385461	003699154	0.3487	0.9013
003385461	003707024	0.4658	0.9320
003385461	003738616	0.2945	0.9105
003385461	003823449	0.4932	0.9380
003385461	003837507	0.4806	0.9054
003385461	003893356	0.4761	0.9264
003385461	003927485	0.3746	0.9146
003385461	003938644	0.3641	0.9041
003385461	003974487	0.4895	0.9123
003385461	003979604	0.4465	0.9228
003385461	003980597	0.4423	0.9685
003385461	003981561	0.3556	0.9179
003385461	003983612	0.4352	0.9259
003385461	004002734	0.4416	0.9220
003385461	004009350	0.4791	0.9517
003385461	004023963	0.3254	0.9068
003385461	004025316	0.4611	0.9032
003385461	004028987	0.4336	0.9511
003385461	004034170	0.4387	0.9752
003385461	004253554	0.4110	0.9691
003385461	004477674	0.4544	0.9388
003385461	004935667	0.3773	0.9564
003385461	005013047	0.4181	0.9763
003385461	005028264	0.3598	0.9102
003385461	005033151	0.3881	0.9639
003385461	005063011	0.4977	0.9048
003385474	003388306	0.4114	0.9185
003385474	003468015	0.3786	0.9331
003385474	003627887	0.5430	0.9081
003385474	003793128	0.5570	0.9140
003385474	003875439	0.3649	0.9221
003385474	003888854	0.3337	0.9304
003385474	003893356	0.4952	0.9670
003385474	003917565	0.3961	0.9123
003385474	003924245	0.4588	0.9007
003385474	003926817	0.4657	0.9078
003385474	003979604	0.4522	0.9249
003385474	003980597	0.4685	0.9349
003385474	003983612	0.4463	0.9323
003385474	004028987	0.4811	0.9197
003385474	004034170	0.4236	0.9093
003385474	004253554	0.4262	0.9299
003385474	004935667	0.4682	0.9011
003385474	004946152	0.5332	0.9055
003385474	005013047	0.4347	0.9109
003385474	005063011	0.5091	0.9224
003388306	003391656	0.4535	0.9100
003388306	003392327	0.4515	0.9184
003388306	003395889	0.4122	0.9043
003388306	003401763	0.4372	0.9165
003388306	003402014	0.5114	0.9068
003388306	003404595	0.4760	0.9638
003388306	003413037	0.4796	0.9557
003388306	003417523	0.4631	0.9097
003388306	003419895	0.4524	0.9324
003388306	003421122	0.4212	0.9119
003388306	003422428	0.4656	0.9152
003388306	003433434	0.4508	0.9216
003388306	003434623	0.4665	0.9137
003388306	003443485	0.4576	0.9116
003388306	003444353	0.4637	0.9195
003388306	003450694	0.4932	0.9163
003388306	003470973	0.4415	0.9234
003388306	003479869	0.4153	0.9159
003388306	003481577	0.4356	0.9107
003388306	003484082	0.4793	0.9557
003388306	003484446	0.3929	0.9044
003388306	003486878	0.4444	0.9172
003388306	003488949	0.4211	0.9313
003388306	003489030	0.4483	0.9108
003388306	003492173	0.4044	0.9139
003388306	003496803	0.4678	0.9051
003388306	003497089	0.4232	0.9240
003388306	003502919	0.4455	0.9429
003388306	003505458	0.4514	0.9078
003388306	003507107	0.4355	0.9010
003388306	003510485	0.4064	0.9098
003388306	003514367	0.4431	0.9232
003388306	003514380	0.4220	0.9237
003388306	003515019	0.4092	0.9108
003388306	003519107	0.3994	0.9026
003388306	003520282	0.4755	0.9295
003388306	003527040	0.5135	0.9193
003388306	003532456	0.4233	0.9017
003388306	003566940	0.5117	0.9238
003388306	003567565	0.4342	0.9143
003388306	003577625	0.4463	0.9328
003388306	003588655	0.4627	0.9002
003388306	003589934	0.4720	0.9176
003388306	003590884	0.3771	0.9191
003388306	003591607	0.5079	0.9198
003388306	003592488	0.3748	0.9005
003388306	003593474	0.5166	0.9439
003388306	003593475	0.4665	0.9040
003388306	003595501	0.4470	0.9060
003388306	003596609	0.5147	0.9005
003388306	003598597	0.4013	0.9157
003388306	003598651	0.3777	0.9002
003388306	003600113	0.4756	0.9394
003388306	003601074	0.3892	0.9083
003388306	003601553	0.4199	0.9194
003388306	003607742	0.4747	0.9138
003388306	003613205	0.4641	0.9097
003388306	003615364	0.4884	0.9308
003388306	003615365	0.4637	0.9151
003388306	003617140	0.4543	0.9256
003388306	003620332	0.4203	0.9069
003388306	003635578	0.3670	0.9305
003388306	003656345	0.4471	0.9211
003388306	003661135	0.4471	0.9108
003388306	003668220	0.4307	0.9204
003388306	003672618	0.4556	0.9099
003388306	003674165	0.4245	0.9333
003388306	003676121	0.4575	0.9151
003388306	003679431	0.4088	0.9047
003388306	003688421	0.4155	0.9154
003388306	003699969	0.4435	0.9027
003388306	003700021	0.3546	0.9165
003388306	003700484	0.4728	0.9133
003388306	003701828	0.3794	0.9181
003388306	003703958	0.3743	0.9051
003388306	003705335	0.4510	0.9058
003388306	003710887	0.5273	0.9019
003388306	003712793	0.4785	0.9004
003388306	003713577	0.4089	0.9134
003388306	003716697	0.4770	0.9074
003388306	003719290	0.4306	0.9210
003388306	003723538	0.5458	0.9301
003388306	003745990	0.4229	0.9168
003388306	003762030	0.4577	0.9227
003388306	003776905	0.4308	0.9079
003388306	003781999	0.4062	0.9001
003388306	003791026	0.4543	0.9048
003388306	003792183	0.4938	0.9430
003388306	003795430	0.4567	0.9186
003388306	003798944	0.4697	0.9201
003388306	003803751	0.4618	0.9115
003388306	003807595	0.4629	0.9135
003388306	003809821	0.4384	0.9010
003388306	003817230	0.4200	0.9584
003388306	003838874	0.4059	0.9048
003388306	003873634	0.4158	0.9039
003388306	003884055	0.4868	0.9033
003388306	003884108	0.5846	0.9028
003388306	003891882	0.4616	0.9110
003388306	003906939	0.4256	0.9310
003388306	003916040	0.4277	0.9123
003388306	003924245	0.5917	0.9151
003388306	003938586	0.4443	0.9107
003388306	003940173	0.4227	0.9160
003388306	003940207	0.4463	0.9206
003388306	003947596	0.3598	0.9204
003388306	003961475	0.4851	0.9613
003388306	003963455	0.3822	0.9168
003388306	003966067	0.4672	0.9026
003388306	003966783	0.5864	0.9114
003388306	003968700	0.3627	0.9074
003388306	003970579	0.4420	0.9326
003388306	003971907	0.3686	0.9074
003388306	003972041	0.4337	0.9410
003388306	003972547	0.4091	0.9282
003388306	003974873	0.4215	0.9207
003388306	003975571	0.5164	0.9055
003388306	003976351	0.4846	0.9140
003388306	003993203	0.4472	0.9663
003388306	003998812	0.3991	0.9002
003388306	004000671	0.4474	0.9143
003388306	004021473	0.4735	0.9076
003388306	004023279	0.4654	0.9669
003388306	004024702	0.4384	0.9092
003388306	004024826	0.4045	0.9075
003388306	004024974	0.4852	0.9563
003388306	004029401	0.4580	0.9119
003388306	004030387	0.4115	0.9005
003388306	004046385	0.3915	0.9098
003388306	004047160	0.4177	0.9310
003388306	004053732	0.4535	0.9081
003388306	004059449	0.4005	0.9023
003388306	004069935	0.5384	0.9431
003388306	004078132	0.3728	0.9203
003388306	004099186	0.4845	0.9132
003388306	004127832	0.4337	0.9134
003388306	004146735	0.4533	0.9435
003388306	004218949	0.5004	0.9098
003388306	004256943	0.4072	0.9113
003388306	004261492	0.3660	0.9075
003388306	004268173	0.4560	0.9282
003388306	004277582	0.4296	0.9087
003388306	004346242	0.4825	0.9713
003388306	004377695	0.4432	0.9142
003388306	004391291	0.4397	0.9017
003388306	004405252	0.3971	0.9151
003388306	004476649	0.3622	0.9100
003388306	004494806	0.4526	0.9088
003388306	004500222	0.3855	0.9094
003388306	004505160	0.4094	0.9151
003388306	004562486	0.4128	0.9152
003388306	004608704	0.4347	0.9126
003388306	004627786	0.4578	0.9128
003388306	004927532	0.4103	0.9295
003388306	004937587	0.4213	0.9474
003388306	004957284	0.4556	0.9689
003388306	004960361	0.4823	0.9109
003388306	004960783	0.4493	0.9069
003388306	004970161	0.4674	0.9205
003388306	004974745	0.4840	0.9515
003388306	004977576	0.5064	0.9752
003388306	004978305	0.4200	0.9289
003388306	004978402	0.4680	0.9203
003388306	004978411	0.4934	0.9643
003388306	005013895	0.4221	0.9085
003388306	005016484	0.3860	0.9070
003388306	005019689	0.4360	0.9249
003388306	005021918	0.4257	0.9051
003388306	005030431	0.4537	0.9292
003388306	005034502	0.4456	0.9058
003388306	005035935	0.4192	0.9313
003388306	005039793	0.5383	0.9171
003388306	005046498	0.4369	0.9459
003388306	005056599	0.4373	0.9438
003388306	005056886	0.4562	0.9180
003388306	005060709	0.4464	0.9109
003388306	005061293	0.5818	0.9277
003388306	005063005	0.4061	0.9042
003388306	005064017	0.4222	0.9032
003388306	005064725	0.4876	0.9212
003388306	005073781	0.4834	0.9628
003388306	005080542	0.4536	0.9162
003388829	004677137	0.5853	0.9152
003390045	003427234	0.5852	0.9235
003390045	003538070	0.5179	0.9292
003390045	004124141	0.5513	0.9164
003390045	004155213	0.5816	0.9388
003390045	004178839	0.5374	0.9226
003390052	004477674	0.4908	0.9081
003390537	003893356	0.5064	0.9074
003390537	003980597	0.4299	0.9174
003390537	004029045	0.5993	0.9118
003390537	004236698	0.5608	0.9058
003390813	003437850	0.4250	0.9067
003390813	003484082	0.4723	0.9072
003390813	003496803	0.4597	0.9372
003390813	003517692	0.3448	0.9176
003390813	003615365	0.4197	0.9076
003390813	003690053	0.4231	0.9271
003390813	003817230	0.4350	0.9014
003390813	003947087	0.2885	0.9072
003390813	003947596	0.4002	0.9198
003390813	003959126	0.3345	0.9118
003390813	003963980	0.3617	0.9032
003390813	003969508	0.3209	0.9075
003390813	003971907	0.3961	0.9173
003390813	003979552	0.3232	0.9024
003390813	003979648	0.3434	0.9216
003390813	004024974	0.4692	0.9113
003390813	004078132	0.3799	0.9078
003390813	004277582	0.3447	0.9108
003390813	004476649	0.3599	0.9373
003390813	004936750	0.3349	0.9081
003390813	004978402	0.4313	0.9328
003390813	004986716	0.3430	0.9078
003390813	005049075	0.2647	0.9316
003390813	005052629	0.4474	0.9072
003390813	005055984	0.3520	0.9145
003390813	005056886	0.4257	0.9075
003391656	003538070	0.5326	0.9169
003391656	003596605	0.4999	0.9164
003391656	003599834	0.5316	0.9117
003391656	003927485	0.5740	0.9130
003391656	003974487	0.4832	0.9144
003391656	003979604	0.5739	0.9261
003391656	003980597	0.3812	0.9255
003391656	003983612	0.5515	0.9291
003391656	004002734	0.5558	0.9180
003391656	004009350	0.5747	0.9381
003391656	004028987	0.5131	0.9245
003391656	004034170	0.4625	0.9128
003391656	004178839	0.5786	0.9266
003391656	004253554	0.4417	0.9164
003391656	004477674	0.5184	0.9330
003391656	004946152	0.4338	0.9131
003391656	004993396	0.5796	0.9400
003391656	005013047	0.5093	0.9181
003391656	005033151	0.4968	0.9388
003391656	005063011	0.4948	0.9204
003392282	003538070	0.5989	0.9040
003392282	003596605	0.5927	0.9312
003392282	003979604	0.4131	0.9157
003392282	003980597	0.4454	0.9168
003392282	003983612	0.4121	0.9165
003392282	004002734	0.4105	0.9024
003392282	004009350	0.5537	0.9031
003392282	004477674	0.4936	0.9004
003392282	004946152	0.5164	0.9273
003392282	005033151	0.4287	0.9157
003392282	005063011	0.4728	0.9191
003392327	003538070	0.5527	0.9011
003392327	003596605	0.4850	0.9124
003392327	003707024	0.5921	0.9114
003392327	003840585	0.5894	0.9039
003392327	003893356	0.4212	0.9104
003392327	003927485	0.5570	0.9263
003392327	003974487	0.4926	0.9002
003392327	003979604	0.5728	0.9374
003392327	003980597	0.4167	0.9393
003392327	003983612	0.5572	0.9400
003392327	003988870	0.5233	0.9086
003392327	004002734	0.5689	0.9281
003392327	004009350	0.5975	0.9518
003392327	004028987	0.4973	0.9409
003392327	004034170	0.4805	0.9417
003392327	004253554	0.4525	0.9410
003392327	004477674	0.5499	0.9557
003392327	004935667	0.5739	0.9330
003392327	004946152	0.4750	0.9260
003392327	005013047	0.5271	0.9400
003392327	005033151	0.5012	0.9603
003392327	005063011	0.5007	0.9194
003393797	003643506	0.5907	0.9194
003395889	003538070	0.5483	0.9137
003395889	003596605	0.4895	0.9140
003395889	003840585	0.5731	0.9073
003395889	003927485	0.5160	0.9184
003395889	003979604	0.5424	0.9253
003395889	003980597	0.3879	0.9287
003395889	003983612	0.5262	0.9281
003395889	003988870	0.4885	0.9050
003395889	004002734	0.5301	0.9230
003395889	004009350	0.5917	0.9366
003395889	004028987	0.4846	0.9241
003395889	004034170	0.4330	0.9235
003395889	004253554	0.4020	0.9252
003395889	004477674	0.5093	0.9379
003395889	004935667	0.5365	0.9160
003395889	004946152	0.4326	0.9254
003395889	004993396	0.5947	0.9436
003395889	005013047	0.4821	0.9168
003395889	005033151	0.4549	0.9446
003395889	005063011	0.4585	0.9096
003395889	005066083	0.5793	0.9014
003397758	003739062	0.5855	0.9070
003397758	003980597	0.4371	0.9216
003397758	004253554	0.4641	0.9144
003397758	004477674	0.4939	0.9242
003397758	005063011	0.5322	0.9027
003399868	003418449	0.5600	0.9326
003399868	003607918	0.5410	0.9024
003399868	003980597	0.3882	0.9051
003399868	004124141	0.5920	0.9096
003399868	004677137	0.5842	0.9085
003399869	003639762	0.5929	0.9060
003399869	003707024	0.5558	0.9004
003399869	003823449	0.5827	0.9096
003399869	003927485	0.5981	0.9096
003399869	003974487	0.4328	0.9040
003399869	003980597	0.4373	0.9308
003399869	004009350	0.5554	0.9334
003399869	004028987	0.5380	0.9020
003399869	004034170	0.4812	0.9182
003399869	004253554	0.4613	0.9376
003399869	004477674	0.5128	0.9384
003399869	004935667	0.5699	0.9269
003399869	005013047	0.5024	0.9180
003399869	005033151	0.4934	0.9136
003399869	005063011	0.5352	0.9172
003399870	004477674	0.4983	0.9239
003399872	003980597	0.4288	0.9158
003399872	004253554	0.4803	0.9065
003399872	004477674	0.5065	0.9213
003400046	003538070	0.4940	0.9085
003400046	003707024	0.4836	0.9147
003400046	003801207	0.5945	0.9049
003400046	003927485	0.5184	0.9198
003400046	003974487	0.4115	0.9029
003400046	003980597	0.3486	0.9180
003400046	004002734	0.4855	0.9073
003400046	004009350	0.4920	0.9339
003400046	004028987	0.4555	0.9030
003400046	004034170	0.4018	0.9136
003400046	004178839	0.5977	0.9304
003400046	004253554	0.3927	0.9149
003400046	004477674	0.4604	0.9462
003400046	004935667	0.5340	0.9205
003400046	005013047	0.4330	0.9190
003400046	005033151	0.4235	0.9305
003401763	003596605	0.4708	0.9009
003401763	003707024	0.5755	0.9040
003401763	003893356	0.3905	0.9007
003401763	003927485	0.5574	0.9298
003401763	003979604	0.5605	0.9368
003401763	003980597	0.3933	0.9305
003401763	003983612	0.5402	0.9391
003401763	003988870	0.5166	0.9093
003401763	004002734	0.5542	0.9252
003401763	004009350	0.5753	0.9587
003401763	004028987	0.4830	0.9371
003401763	004034170	0.4637	0.9323
003401763	004178839	0.5913	0.9103
003401763	004253554	0.4404	0.9390
003401763	004477674	0.5349	0.9530
003401763	004935667	0.5840	0.9343
003401763	004946152	0.4451	0.9152
003401763	005013047	0.5118	0.9332
003401763	005033151	0.4937	0.9492
003401763	005063011	0.4842	0.9217
003401777	003427234	0.5958	0.9006
003401777	004477674	0.5512	0.9038
003402014	003502895	0.5441	0.9017
003402014	003599834	0.5383	0.9351
003402014	003607811	0.3814	0.9007
003402014	003707024	0.5482	0.9084
003402014	003712799	0.5040	0.9070
003402014	003974487	0.5405	0.9387
003402014	004025316	0.5664	0.9065
003402014	004028987	0.5275	0.9119
003402014	005028264	0.4718	0.9199
003402652	003538070	0.5166	0.9342
003402652	004124141	0.5757	0.9189
003402652	004155213	0.5856	0.9386
003402652	004178839	0.5480	0.9369
003402652	004477674	0.4537	0.9002
003403157	003699154	0.3736	0.9050
003403157	003980597	0.5147	0.9062
003403157	005033151	0.5385	0.9029
003403218	003582338	0.5483	0.9514
003403218	003625799	0.5417	0.9108
003403218	003643506	0.5249	0.9529
003403218	003712799	0.5216	0.9014
003403218	003741412	0.5146	0.9035
003403218	003786918	0.5049	0.9283
003403218	004020266	0.5482	0.9468
003403218	004028903	0.5456	0.9157
003403368	003483014	0.5845	0.9184
003403710	003538070	0.5954	0.9292
003403710	004124141	0.5932	0.9334
003404595	003467177	0.5083	0.9154
003404595	003486492	0.4612	0.9042
003404595	003489485	0.4576	0.9266
003404595	003496711	0.4097	0.9141
003404595	003497699	0.4983	0.9077
003404595	003502895	0.5686	0.9289
003404595	003596874	0.3402	0.9012
003404595	003599834	0.5165	0.9633
003404595	003607811	0.3751	0.9230
003404595	003699154	0.3753	0.9121
003404595	003705615	0.3528	0.9153
003404595	003707024	0.5723	0.9655
003404595	003711543	0.4374	0.9040
003404595	003738616	0.3428	0.9174
003404595	003790340	0.4698	0.9128
003404595	003837507	0.5546	0.9205
003404595	003893356	0.5042	0.9120
003404595	003926817	0.5028	0.9045
003404595	003927485	0.5324	0.9505
003404595	003938644	0.3850	0.9149
003404595	003974487	0.5065	0.9370
003404595	003979604	0.5908	0.9553
003404595	003980597	0.4655	0.9526
003404595	003981561	0.3991	0.9292
003404595	003983612	0.5770	0.9549
003404595	003988870	0.5251	0.9260
003404595	004002734	0.5855	0.9562
003404595	004009350	0.5863	0.9703
003404595	004023963	0.3745	0.9163
003404595	004025316	0.5404	0.9454
003404595	004027380	0.3730	0.9193
003404595	004028987	0.5120	0.9800
003404595	004034170	0.5062	0.9717
003404595	004253554	0.4656	0.9614
003404595	004477674	0.5470	0.9457
003404595	004935667	0.4954	0.9693
003404595	005013047	0.5129	0.9849
003404595	005028264	0.4533	0.9377
003404595	005033151	0.4857	0.9781
003404595	005063011	0.5251	0.9149
003404797	003450694	0.5497	0.9022
003404797	003645871	0.5676	0.9057
003404797	003677902	0.5816	0.9032
003404797	003980597	0.5403	0.9042
003404995	004477674	0.5305	0.9070
003404995	005033151	0.4880	0.9118
003405538	003643506	0.5929	0.9077
003405538	003786918	0.5874	0.9205
003405538	003974487	0.5747	0.9132
003405538	003980597	0.4865	0.9431
003405538	005013047	0.4958	0.9002
003405538	005063011	0.5709	0.9446
003405723	004993396	0.5727	0.9240
003408014	003489485	0.4581	0.9135
003408014	003538070	0.5698	0.9019
003408014	003596874	0.3774	0.9176
003408014	003607918	0.5410	0.9135
003408014	003699154	0.3879	0.9078
003408014	003705615	0.3776	0.9001
003408014	003738616	0.3699	0.9015
003408014	003801207	0.5692	0.9039
003408014	003837507	0.5367	0.9034
003408014	003974487	0.4668	0.9022
003408014	003980597	0.4436	0.9242
003408014	004034170	0.4887	0.9041
003408014	004253554	0.4651	0.9088
003408014	004477674	0.5012	0.9317
003408014	004935667	0.5354	0.9000
003408014	005013047	0.4993	0.9059
003408014	005030272	0.5837	0.9063
003408014	005033151	0.4880	0.9127
003408015	003607918	0.5520	0.9108
003408112	003538070	0.5734	0.9482
003408112	003596605	0.5302	0.9035
003408112	003837507	0.5721	0.9105
003408112	003927485	0.5343	0.9150
003408112	003980597	0.3695	0.9006
003408112	004002734	0.5224	0.9009
003408112	004009350	0.5478	0.9218
003408112	004034170	0.4570	0.9011
003408112	004477674	0.4659	0.9345
003408112	004935667	0.5466	0.9081
003408112	005013047	0.4969	0.9031
003408112	005033151	0.4811	0.9345
003408147	003418449	0.5978	0.9101
003409881	003980597	0.5552	0.9130
003410176	003410256	0.5939	0.9233
003410176	003450694	0.5728	0.9220
003410176	003645871	0.5647	0.9077
003410176	003980597	0.5722	0.9109
003410256	003430595	0.5875	0.9009
003410256	003459009	0.5923	0.9000
003410256	003516275	0.5829	0.9166
003410256	003517168	0.5729	0.9133
003410256	003739787	0.5898	0.9095
003410256	003753032	0.5842	0.9147
003410256	003783242	0.5766	0.9177
003410256	003794680	0.5311	0.9160
003410256	003875060	0.5805	0.9023
003410256	003893356	0.4207	0.9030
003410256	003928890	0.5884	0.9064
003410256	005021623	0.5072	0.9152
003410484	004009281	0.5415	0.9263
003410484	004346242	0.5218	0.9009
003410484	004927532	0.4028	0.9052
003411408	003837507	0.5691	0.9284
003412093	003538070	0.5630	0.9589
003412093	003596605	0.5538	0.9120
003412093	003837507	0.5452	0.9191
003412093	003927485	0.4710	0.9093
003412093	003980597	0.3284	0.9159
003412093	004009350	0.4769	0.9238
003412093	004034170	0.4116	0.9077
003412093	004178839	0.5838	0.9658
003412093	004477674	0.4051	0.9291
003412093	004935667	0.4868	0.9113
003412093	005013047	0.4435	0.9100
003412093	005033151	0.4305	0.9345
003413037	003467177	0.4485	0.9076
003413037	003469832	0.5423	0.9081
003413037	003489485	0.4667	0.9094
003413037	003497699	0.5332	0.9034
003413037	003502895	0.5518	0.9107
003413037	003599834	0.5035	0.9276
003413037	003607811	0.4577	0.9288
003413037	003690322	0.5994	0.9126
003413037	003699154	0.4147	0.9021
003413037	003707024	0.5659	0.9374
003413037	003711543	0.4368	0.9042
003413037	003801207	0.5287	0.9022
003413037	003840585	0.5704	0.9200
003413037	003893356	0.4244	0.9385
003413037	003924245	0.5570	0.9058
003413037	003926817	0.5539	0.9280
003413037	003927485	0.5153	0.9344
003413037	003974487	0.3857	0.9201
003413037	003979604	0.5842	0.9618
003413037	003980597	0.4201	0.9549
003413037	003983612	0.5602	0.9657
003413037	003988870	0.4862	0.9265
003413037	004002734	0.5412	0.9458
003413037	004009350	0.5231	0.9502
003413037	004025316	0.5532	0.9039
003413037	004028987	0.5523	0.9642
003413037	004034170	0.4181	0.9620
003413037	004253554	0.4142	0.9626
003413037	004477674	0.5093	0.9460
003413037	004935667	0.5706	0.9609
003413037	004946152	0.4252	0.9382
003413037	004993396	0.5502	0.9337
003413037	005013047	0.4584	0.9620
003413037	005033151	0.4298	0.9601
003413037	005063011	0.4347	0.9406
003413860	003538070	0.5332	0.9463
003413860	003596605	0.5403	0.9160
003413860	004124141	0.5735	0.9289
003413860	004178839	0.5640	0.9516
003413860	004477674	0.4167	0.9030
003413860	005033151	0.4480	0.9018
003414682	003538070	0.5390	0.9256
003414682	003599834	0.4945	0.9114
003414682	004009350	0.5529	0.9156
003414682	004155213	0.5975	0.9557
003415122	003422197	0.5987	0.9251
003415122	003783242	0.5719	0.9092
003415122	003893356	0.4043	0.9064
003415122	003974487	0.4422	0.9149
003415122	003980597	0.3690	0.9471
003415122	004009350	0.5289	0.9409
003415122	004026880	0.5965	0.9133
003415122	004028987	0.4559	0.9129
003415122	004034170	0.4679	0.9345
003415122	004253554	0.4379	0.9523
003415122	004477674	0.4695	0.9420
003415122	004935667	0.5618	0.9256
003415122	005013047	0.4868	0.9227
003415122	005033151	0.4899	0.9199
003415595	003538070	0.5712	0.9319
003415595	003599834	0.4934	0.9122
003415595	003707024	0.4967	0.9107
003415595	003927485	0.4935	0.9154
003415595	003974487	0.4855	0.9111
003415595	003980597	0.4100	0.9187
003415595	004002734	0.4872	0.9022
003415595	004009350	0.5440	0.9323
003415595	004028987	0.4553	0.9042
003415595	004034170	0.4660	0.9115
003415595	004253554	0.4413	0.9075
003415595	004477674	0.4999	0.9339
003415595	004935667	0.4784	0.9132
003415595	005013047	0.4722	0.9156
003415595	005033151	0.4609	0.9310
003416006	003980597	0.4935	0.9230
003417523	003596605	0.4834	0.9069
003417523	003893356	0.4104	0.9074
003417523	003927485	0.5605	0.9099
003417523	003979604	0.5746	0.9287
003417523	003980597	0.4088	0.9198
003417523	003983612	0.5579	0.9318
003417523	003988870	0.5212	0.9027
003417523	004002734	0.5672	0.9140
003417523	004009350	0.5903	0.9312
003417523	004028987	0.5132	0.9256
003417523	004034170	0.4773	0.9224
003417523	004253554	0.4462	0.9272
003417523	004477674	0.5391	0.9467
003417523	004935667	0.5842	0.9149
003417523	004946152	0.4709	0.9268
003417523	005013047	0.5230	0.9187
003417523	005033151	0.4987	0.9425
003417523	005063011	0.5194	0.9136
003418449	003433434	0.5834	0.9022
003418449	003598786	0.5804	0.9191
003418449	003599303	0.5436	0.9135
003418449	003611694	0.5930	0.9255
003418449	003685962	0.5579	0.9396
003418449	003708347	0.5700	0.9201
003418449	003738485	0.5489	0.9365
003418449	003885304	0.5390	0.9021
003418449	003890165	0.5441	0.9054
003418449	003934538	0.5986	0.9463
003418449	003974873	0.5449	0.9038
003418449	004002577	0.5707	0.9229
003418449	004021475	0.5983	0.9180
003418449	004063483	0.5866	0.9247
003418449	004069935	0.4983	0.9102
003418449	004443862	0.5678	0.9231
003418449	004605081	0.5853	0.9218
003418449	004611031	0.5903	0.9133
003418449	005012604	0.5492	0.9263
003418449	005019689	0.5946	0.9072
003418449	005034263	0.5860	0.9340
003419533	003596605	0.5957	0.9125
003419533	003979604	0.5656	0.9064
003419533	003980597	0.4708	0.9216
003419533	003983612	0.5716	0.9119
003419533	004002734	0.5749	0.9008
003419533	004028987	0.4934	0.9016
003419533	004034170	0.5625	0.9068
003419533	004253554	0.5015	0.9182
003419533	004477674	0.5586	0.9334
003419533	004935667	0.5308	0.9001
003419533	004946152	0.5969	0.9211
003419533	005033151	0.5677	0.9218
003419817	003707829	0.5920	0.9100
003419895	003489485	0.3832	0.9136
003419895	003538070	0.5411	0.9023
003419895	003596605	0.5124	0.9083
003419895	003599834	0.4589	0.9129
003419895	003607811	0.4426	0.9037
003419895	003699154	0.3383	0.9017
003419895	003707024	0.4933	0.9139
003419895	003840585	0.5609	0.9101
003419895	003893356	0.4206	0.9020
003419895	003926817	0.4017	0.9215
003419895	003927485	0.5643	0.9276
003419895	003974487	0.4572	0.9085
003419895	003979604	0.5750	0.9338
003419895	003980597	0.3839	0.9209
003419895	003983612	0.5541	0.9376
003419895	003988870	0.5199	0.9157
003419895	004002734	0.5609	0.9312
003419895	004009350	0.5190	0.9398
003419895	004028987	0.4502	0.9386
003419895	004034170	0.4872	0.9322
003419895	004253554	0.4439	0.9320
003419895	004477674	0.5096	0.9548
003419895	004935667	0.5538	0.9289
003419895	004946152	0.4566	0.9267
003419895	005013047	0.5137	0.9310
003419895	005033151	0.4977	0.9545
003419895	005063011	0.4952	0.9134
003421122	003893356	0.3687	0.9129
003421122	003927485	0.5426	0.9197
003421122	003979604	0.5465	0.9366
003421122	003980597	0.3743	0.9339
003421122	003983612	0.5262	0.9390
003421122	003988870	0.5042	0.9080
003421122	004002734	0.5419	0.9212
003421122	004009350	0.5539	0.9427
003421122	004028987	0.4696	0.9334
003421122	004034170	0.4398	0.9343
003421122	004253554	0.4141	0.9356
003421122	004477674	0.5293	0.9458
003421122	004935667	0.5664	0.9223
003421122	004946152	0.4130	0.9286
003421122	004993396	0.5963	0.9299
003421122	005013047	0.4901	0.9288
003421122	005033151	0.4667	0.9515
003421122	005063011	0.4488	0.9122
003421427	003538070	0.5353	0.9056
003421427	003607918	0.5964	0.9259
003421427	004477674	0.4507	0.9168
003421699	003645871	0.5836	0.9207
003422197	003700021	0.5841	0.9123
003422197	003700484	0.5932	0.9039
003422197	003703958	0.5721	0.9149
003422197	003713577	0.5690	0.9230
003422197	003719290	0.5690	0.9144
003422197	003740131	0.5835	0.9107
003422197	003815944	0.5265	0.9056
003422197	003959126	0.5986	0.9293
003422197	004016655	0.5529	0.9015
003422197	004021801	0.5970	0.9081
003422197	004047160	0.5704	0.9043
003422197	004069935	0.5927	0.9122
003422197	004099186	0.5999	0.9157
003422197	004253554	0.5712	0.9211
003422197	004268173	0.5923	0.9039
003422197	004936750	0.5068	0.9001
003422197	004984571	0.5752	0.9324
003422197	005008468	0.5769	0.9020
003422197	005078298	0.4747	0.9027
003422428	003489485	0.3888	0.9142
003422428	003596605	0.5452	0.9122
003422428	003699154	0.3402	0.9078
003422428	003738616	0.3152	0.9002
003422428	003893356	0.4308	0.9162
003422428	003926817	0.3973	0.9162
003422428	003927485	0.5589	0.9010
003422428	003974487	0.4943	0.9168
003422428	003979604	0.5727	0.9146
003422428	003980597	0.4101	0.9279
003422428	003983612	0.5548	0.9218
003422428	004002734	0.5727	0.9109
003422428	004009350	0.5607	0.9256
003422428	004028987	0.4889	0.9232
003422428	004034170	0.4951	0.9216
003422428	004253554	0.4449	0.9314
003422428	004477674	0.5491	0.9430
003422428	004935667	0.5682	0.9146
003422428	004946152	0.4688	0.9239
003422428	005013047	0.5362	0.9135
003422428	005033151	0.5033	0.9337
003422428	005063011	0.4935	0.9180
003423843	003550856	0.5924	0.9055
003423843	003980597	0.5628	0.9192
003423843	005063011	0.5709	0.9088
003425345	004984571	0.5754	0.9178
003426157	003487098	0.5791	0.9149
003426157	003609894	0.5798	0.9110
003426676	003538070	0.5344	0.9374
003426676	004124141	0.5747	0.9163
003426676	004178839	0.5601	0.9330
003426676	004477674	0.5207	0.9107
003426676	005033151	0.5223	0.9097
003427234	003463250	0.5860	0.9043
003427234	003481243	0.5900	0.9045
003427234	003502530	0.5880	0.9009
003427234	003538070	0.5816	0.9279
003427234	003607918	0.5385	0.9026
003427234	003622020	0.5861	0.9095
003427234	003639762	0.5635	0.9081
003427234	003684619	0.5991	0.9320
003427234	003686686	0.5747	0.9181
003427234	003699091	0.5719	0.9079
003427234	003717786	0.5883	0.9109
003427234	003732856	0.5916	0.9184
003427234	003739062	0.4848	0.9015
003427234	003743825	0.5814	0.9063
003427234	003797595	0.5907	0.9104
003427234	003801207	0.5977	0.9013
003427234	003856901	0.5952	0.9011
003427234	004024708	0.5650	0.9006
003427234	004029890	0.5599	0.9203
003427234	004155213	0.5148	0.9050
003427234	004178839	0.5980	0.9137
003430148	003489485	0.4439	0.9042
003430148	003671668	0.5638	0.9088
003430148	003699154	0.3844	0.9006
003430148	003738616	0.3507	0.9036
003430148	003823449	0.5493	0.9040
003430148	003938644	0.4092	0.9035
003430148	003981561	0.4211	0.9134
003430148	005030272	0.5423	0.9013
003430148	005078298	0.5303	0.9091
003430595	003677902	0.5978	0.9182
003431172	004477674	0.5392	0.9327
003431172	005033151	0.5311	0.9086
003432757	003645871	0.5645	0.9391
003432843	003489485	0.4590	0.9001
003432843	003496711	0.5572	0.9027
003432843	003671668	0.5118	0.9339
003432843	003738616	0.3958	0.9016
003432843	003884605	0.4040	0.9021
003432843	003934856	0.4895	0.9035
003432843	003938644	0.4097	0.9066
003432843	003981561	0.4200	0.9174
003432843	005049075	0.5700	0.9105
003432843	005078205	0.5842	0.9010
003433434	003489485	0.3758	0.9094
003433434	003538070	0.5144	0.9191
003433434	003596605	0.4894	0.9099
003433434	003599834	0.4843	0.9178
003433434	003607918	0.5974	0.9200
003433434	003707024	0.5343	0.9198
003433434	003801207	0.5901	0.9229
003433434	003840585	0.5612	0.9040
003433434	003893356	0.3842	0.9060
003433434	003926817	0.4348	0.9073
003433434	003927485	0.5675	0.9253
003433434	003974487	0.4307	0.9128
003433434	003979604	0.5863	0.9311
003433434	003980597	0.3821	0.9347
003433434	003983612	0.5644	0.9347
003433434	003988870	0.5313	0.9023
003433434	004002734	0.5687	0.9278
003433434	004009350	0.5253	0.9447
003433434	004028987	0.4806	0.9386
003433434	004034170	0.4545	0.9403
003433434	004253554	0.4098	0.9365
003433434	004477674	0.4997	0.9585
003433434	004935667	0.5465	0.9345
003433434	004946152	0.4070	0.9177
003433434	005013047	0.4898	0.9426
003433434	005033151	0.4675	0.9618
003433434	005063011	0.4644	0.9192
003434623	003596605	0.4628	0.9014
003434623	003707024	0.5488	0.9029
003434623	003801207	0.5853	0.9124
003434623	003893356	0.3627	0.9146
003434623	003926817	0.4228	0.9042
003434623	003974487	0.4261	0.9044
003434623	003980597	0.3790	0.9355
003434623	003983612	0.5822	0.9324
003434623	003988870	0.5512	0.9004
003434623	004002734	0.5927	0.9193
003434623	004009350	0.5449	0.9367
003434623	004028987	0.4849	0.9297
003434623	004034170	0.4726	0.9385
003434623	004253554	0.4308	0.9410
003434623	004477674	0.5135	0.9552
003434623	004935667	0.5832	0.9275
003434623	004946152	0.4124	0.9233
003434623	005013047	0.5102	0.9322
003434623	005033151	0.4965	0.9534
003434623	005063011	0.4771	0.9184
003436173	003837507	0.5589	0.9233
003436173	003927485	0.4705	0.9098
003436173	003980597	0.4399	0.9337
003436173	004009350	0.5910	0.9283
003436173	004034170	0.5068	0.9262
003436173	004253554	0.4435	0.9232
003436173	004477674	0.5266	0.9284
003436173	004935667	0.4752	0.9237
003436173	005013047	0.5333	0.9189
003436173	005033151	0.4882	0.9316
003436173	005063011	0.5374	0.9081
003437661	003450694	0.5855	0.9047
003437661	003645871	0.5893	0.9120
003437661	003980597	0.5635	0.9044
003437661	005063011	0.5925	0.9014
003437797	003893356	0.4384	0.9001
003437797	003980597	0.4353	0.9014
003437797	004477674	0.5274	0.9184
003437797	005033151	0.4849	0.9110
003437850	003489485	0.4298	0.9105
003437850	003538070	0.5658	0.9005
003437850	003596874	0.3617	0.9208
003437850	003699154	0.3606	0.9131
003437850	003701491	0.3696	0.9111
003437850	003738616	0.3743	0.9038
003437850	003863960	0.4100	0.9140
003437850	003938644	0.3565	0.9058
003437850	004025925	0.3447	0.9108
003437850	004477674	0.4372	0.9335
003437850	005033151	0.4012	0.9097
003438206	003645871	0.5658	0.9043
003438206	003980597	0.4774	0.9022
003438527	003470973	0.5875	0.9072
003438527	003479869	0.5889	0.9113
003438527	003492087	0.5926	0.9179
003438527	003492173	0.5950	0.9168
003438527	003497089	0.5740	0.9074
003438527	003598597	0.5374	0.9160
003438527	003600156	0.5210	0.9006
003438527	003656345	0.5872	0.9127
003438527	003688421	0.5115	0.9130
003438527	003700021	0.5134	0.9162
003438527	003701828	0.5684	0.9107
003438527	003703958	0.5181	0.9129
003438527	003706854	0.5780	0.9004
003438527	003713577	0.5496	0.9338
003438527	003719290	0.5352	0.9319
003438527	003807595	0.5755	0.9083
003438527	003879415	0.5989	0.9060
003438527	003906939	0.5981	0.9190
003438527	003912861	0.5606	0.9043
003438527	003916040	0.5828	0.9294
003438527	003927485	0.5941	0.9226
003438527	004016655	0.5282	0.9085
003438527	004021801	0.5874	0.9317
003438527	004030387	0.5876	0.9096
003438527	004047160	0.5974	0.9052
003438527	004127832	0.5882	0.9027
003438527	004935667	0.5898	0.9286
003438527	004978305	0.5962	0.9286
003439613	003974487	0.5397	0.9039
003439613	003980597	0.4996	0.9189
003443485	003538070	0.5351	0.9293
003443485	003596605	0.4829	0.9389
003443485	003599834	0.5156	0.9127
003443485	003607811	0.5102	0.9004
003443485	003840585	0.5319	0.9052
003443485	003927485	0.5771	0.9107
003443485	003974487	0.4594	0.9087
003443485	003979604	0.5951	0.9302
003443485	003980597	0.3844	0.9393
003443485	003983612	0.5704	0.9347
003443485	004002734	0.5636	0.9189
003443485	004009350	0.5772	0.9412
003443485	004028987	0.5111	0.9231
003443485	004034170	0.4753	0.9186
003443485	004178839	0.5679	0.9345
003443485	004253554	0.4510	0.9224
003443485	004477674	0.5141	0.9290
003443485	004935667	0.5902	0.9233
003443485	004946152	0.4295	0.9323
003443485	004993396	0.5911	0.9489
003443485	005013047	0.5077	0.9223
003443485	005030272	0.5644	0.9035
003443485	005033151	0.5108	0.9391
003443485	005063011	0.4908	0.9390
003444353	003469832	0.5048	0.9025
003444353	003489485	0.4021	0.9073
003444353	003596605	0.5825	0.9329
003444353	003607811	0.4568	0.9182
003444353	003699154	0.3454	0.9103
003444353	003738616	0.3273	0.9010
003444353	003893356	0.4657	0.9184
003444353	003926817	0.4208	0.9142
003444353	003974487	0.5092	0.9080
003444353	003979604	0.5495	0.9175
003444353	003980597	0.4278	0.9235
003444353	003983612	0.5366	0.9274
003444353	004002734	0.5496	0.9072
003444353	004009350	0.5586	0.9209
003444353	004028987	0.5029	0.9180
003444353	004034170	0.4853	0.9154
003444353	004253554	0.4369	0.9273
003444353	004477674	0.5476	0.9401
003444353	004935667	0.5554	0.9164
003444353	004946152	0.4889	0.9395
003444353	005013047	0.5271	0.9102
003444353	005033151	0.4872	0.9247
003444353	005063011	0.4990	0.9346
003445966	003645871	0.5764	0.9128
003448400	003452879	0.5949	0.9151
003448400	004009350	0.5185	0.9057
003448400	004477674	0.5044	0.9277
003448400	005033151	0.5096	0.9151
003448699	003450694	0.5873	0.9165
003448699	003645871	0.5169	0.9048
003448699	003926465	0.5709	0.9168
003448699	003981344	0.5989	0.9016
003449798	003538070	0.5684	0.9017
003449798	003980597	0.4279	0.9090
003449798	004124141	0.5765	0.9083
003450694	003498187	0.5924	0.9331
003450694	003517168	0.5532	0.9269
003450694	003600999	0.5996	0.9255
003450694	003626575	0.5691	0.9077
003450694	003635663	0.5803	0.9124
003450694	003707024	0.5884	0.9085
003450694	003729399	0.5974	0.9267
003450694	003739787	0.5630	0.9219
003450694	003753032	0.5679	0.9280
003450694	003783242	0.5512	0.9377
003450694	003793128	0.5096	0.9089
003450694	003836999	0.5737	0.9133
003450694	003875060	0.5563	0.9120
003450694	003893356	0.4170	0.9507
003450694	003927485	0.5952	0.9060
003450694	003974487	0.4471	0.9363
003450694	003980597	0.4234	0.9766
003450694	003994259	0.5610	0.9040
003450694	004009350	0.5622	0.9463
003450694	004026880	0.5973	0.9398
003450694	004028987	0.5391	0.9415
003450694	004034170	0.4886	0.9494
003450694	004236698	0.4336	0.9016
003450694	004253554	0.4535	0.9710
003450694	004477674	0.5401	0.9178
003450694	004935667	0.5801	0.9438
003450694	004946152	0.4249	0.9024
003450694	005013047	0.5222	0.9430
003450694	005033151	0.5002	0.9231
003450694	005063011	0.4800	0.9432
003452041	004477674	0.4802	0.9143
003452325	003496711	0.3594	0.9049
003452325	003596874	0.3025	0.9162
003452325	003599834	0.5268	0.9205
003452325	003633294	0.3328	0.9049
003452325	003635276	0.2872	0.9033
003452325	003695268	0.3376	0.9032
003452325	003701491	0.3556	0.9082
003452325	003705615	0.3238	0.9174
003452325	003707024	0.5868	0.9172
003452325	003728936	0.4107	0.9291
003452325	003926817	0.5174	0.9000
003452325	004025316	0.5670	0.9615
003452325	004025925	0.3618	0.9017
003452325	004027380	0.3220	0.9010
003452325	004404510	0.4782	0.9176
003452461	003453283	0.5755	0.9088
003452879	003620332	0.5865	0.9298
003452879	003685962	0.5955	0.9317
003452879	003800736	0.5913	0.9165
003452879	003922315	0.5929	0.9110
003452879	004030238	0.5278	0.9017
003452879	004069935	0.5987	0.9103
003452899	004477674	0.5012	0.9102
003452899	004946152	0.4979	0.9057
003453949	003538070	0.5776	0.9255
003453949	003837507	0.5722	0.9088
003453949	003980597	0.3440	0.9189
003453949	004009350	0.5194	0.9180
003453949	004034170	0.4088	0.9083
003453949	004253554	0.3699	0.9031
003453949	004477674	0.4584	0.9181
003453949	004935667	0.4879	0.9012
003453949	005013047	0.4448	0.9052
003453949	005033151	0.4178	0.9141
003455218	003595540	0.5929	0.9016
003455218	003598786	0.5959	0.9187
003455218	003620332	0.5751	0.9081
003455218	003639520	0.5952	0.9037
003455218	003682574	0.5746	0.9122
003455218	003782183	0.5727	0.9163
003455218	003804059	0.5917	0.9031
003455218	003923768	0.5862	0.9114
003455218	004021475	0.5978	0.9331
003455218	005060255	0.5957	0.9217
003458803	003645871	0.5949	0.9032
003459009	003645871	0.5827	0.9371
003459162	003645871	0.5610	0.9036
003459162	003980597	0.5543	0.9083
003460464	003538070	0.5390	0.9447
003460464	003980597	0.3769	0.9021
003460464	004009350	0.5434	0.9136
003460464	004124141	0.5917	0.9278
003460464	004178839	0.5950	0.9545
003460464	004477674	0.4905	0.9253
003460464	005033151	0.4762	0.9272
003460558	003538070	0.5439	0.9406
003460558	003596605	0.5384	0.9032
003460558	003707024	0.4858	0.9104
003460558	003837507	0.5718	0.9076
003460558	003927485	0.5454	0.9294
003460558	003979604	0.5256	0.9120
003460558	003980597	0.3597	0.9293
003460558	003983612	0.5060	0.9152
003460558	004002734	0.5337	0.9189
003460558	004009350	0.5147	0.9490
003460558	004028987	0.4304	0.9139
003460558	004034170	0.4807	0.9269
003460558	004178839	0.5733	0.9565
003460558	004253554	0.4309	0.9229
003460558	004477674	0.4649	0.9500
003460558	004935667	0.5374	0.9344
003460558	005013047	0.5131	0.9340
003460558	005033151	0.4905	0.9543
003460558	005063011	0.5288	0.9198
003460619	003538070	0.5818	0.9583
003460619	003596605	0.5755	0.9093
003460619	003688269	0.5493	0.9214
003460619	003947337	0.5994	0.9330
003460619	003972956	0.5815	0.9197
003460619	003980597	0.3976	0.9195
003460619	004009350	0.5904	0.9100
003460619	004034170	0.4901	0.9006
003460619	004178839	0.5744	0.9547
003460619	004477674	0.5112	0.9055
003460619	004677137	0.5947	0.9160
003460619	004935667	0.5940	0.9001
003460619	004993396	0.5919	0.9358
003460619	005013047	0.5503	0.9041
003460619	005033151	0.5268	0.9263
003462610	003645871	0.5739	0.9198
003463250	003538070	0.5309	0.9371
003463250	004009350	0.5942	0.9100
003463250	004178839	0.5801	0.9427
003463250	004477674	0.5581	0.9335
003463250	005033151	0.5571	0.9306
003463325	003489485	0.4774	0.9255
003463325	003496711	0.4843	0.9196
003463325	003596874	0.3986	0.9231
003463325	003599834	0.5370	0.9128
003463325	003671668	0.5183	0.9050
003463325	003699154	0.4158	0.9267
003463325	003701491	0.3976	0.9087
003463325	003705615	0.3863	0.9268
003463325	003738616	0.3788	0.9200
003463325	003788315	0.4412	0.9107
003463325	003938644	0.4474	0.9229
003463325	003974487	0.5523	0.9060
003463325	003980597	0.4185	0.9002
003463325	004009350	0.5221	0.9072
003463325	004027380	0.4332	0.9119
003463325	004034170	0.5251	0.9007
003463325	004477674	0.5210	0.9021
003463325	005013047	0.5465	0.9060
003463325	005033151	0.5474	0.9095
003464923	003607264	0.3633	0.9106
003464923	003699154	0.3727	0.9102
003464923	003738616	0.3605	0.9076
003464923	003884605	0.3436	0.9141
003465426	003602156	0.5720	0.9104
003465426	003928890	0.5895	0.9023
003465733	003494272	0.5537	0.9046
003466219	003538070	0.5506	0.9368
003466219	004178839	0.5975	0.9343
003466219	004477674	0.5137	0.9199
003466219	005033151	0.5263	0.9035
003466659	004009350	0.5231	0.9135
003466659	004155213	0.5880	0.9108
003466659	004178839	0.5595	0.9036
003466659	004477674	0.4935	0.9354
003466659	005033151	0.4853	0.9118
003467177	003484082	0.5264	0.9149
003467177	003496803	0.4951	0.9170
003467177	003517692	0.3716	0.9162
003467177	003600113	0.4639	0.9122
003467177	003615365	0.4420	0.9204
003467177	003690053	0.5137	0.9188
003467177	003817230	0.4766	0.9149
003467177	003947087	0.3605	0.9309
003467177	003947596	0.4358	0.9244
003467177	003959126	0.3651	0.9172
003467177	003963455	0.4465	0.9005
003467177	003963980	0.4449	0.9278
003467177	003969508	0.4096	0.9296
003467177	003970579	0.5176	0.9099
003467177	003971907	0.4435	0.9220
003467177	003972041	0.4935	0.9152
003467177	003972547	0.4842	0.9026
003467177	003979552	0.4081	0.9227
003467177	003979648	0.4055	0.9320
003467177	003993203	0.5117	0.9131
003467177	004024974	0.4868	0.9272
003467177	004069935	0.4817	0.9061
003467177	004078132	0.4016	0.9175
003467177	004218949	0.5549	0.9041
003467177	004277582	0.4393	0.9245
003467177	004373825	0.4256	0.9050
003467177	004476649	0.4045	0.9445
003467177	004936750	0.3603	0.9063
003467177	004937587	0.4647	0.9142
003467177	004940356	0.4078	0.9073
003467177	004953249	0.3477	0.9249
003467177	004977424	0.3654	0.9154
003467177	004978402	0.4694	0.9191
003467177	004986716	0.4225	0.9207
003467177	004993029	0.3451	0.9016
003467177	005030431	0.5080	0.9116
003467177	005034081	0.4625	0.9000
003467177	005035935	0.4578	0.9028
003467177	005049075	0.3096	0.9158
003467177	005055984	0.3980	0.9004
003467177	005056599	0.4854	0.9142
003467177	005056886	0.3971	0.9152
003467177	005064017	0.4140	0.9020
003467177	005064595	0.3814	0.9005
003467177	005066225	0.3888	0.9175
003467177	005069346	0.4457	0.9124
003467177	005078298	0.4053	0.9089
003467177	005079504	0.3270	0.9110
003468015	003480227	0.4159	0.9198
003468015	003494939	0.5062	0.9231
003468015	003600113	0.3737	0.9084
003468015	003602156	0.5277	0.9457
003468015	003622158	0.4438	0.9242
003468015	003693551	0.4241	0.9092
003468015	003719109	0.3605	0.9269
003468015	003762030	0.4095	0.9263
003468015	003838874	0.3686	0.9256
003468015	003856072	0.4070	0.9215
003468015	003899113	0.4277	0.9013
003468015	003926465	0.3599	0.9538
003468015	003947087	0.3799	0.9027
003468015	003963980	0.3885	0.9083
003468015	003967895	0.3968	0.9135
003468015	003968700	0.2918	0.9256
003468015	003971907	0.3104	0.9247
003468015	003972041	0.4170	0.9195
003468015	003979552	0.3853	0.9078
003468015	003979648	0.3297	0.9199
003468015	003980140	0.3625	0.9194
003468015	003981045	0.3047	0.9230
003468015	004003142	0.4994	0.9061
003468015	004012913	0.3835	0.9050
003468015	004078132	0.2720	0.9137
003468015	004373825	0.3173	0.9190
003468015	004476649	0.3025	0.9007
003468015	004548389	0.3583	0.9282
003468015	004936750	0.3499	0.9045
003468015	004950254	0.4294	0.9037
003468015	004953249	0.3730	0.9076
003468015	004977424	0.3885	0.9168
003468015	004979181	0.3855	0.9107
003468015	004980439	0.5026	0.9160
003468015	004989205	0.3622	0.9022
003468015	005001455	0.4228	0.9130
003468015	005026689	0.4025	0.9171
003468015	005029261	0.3640	0.9123
003468015	005034081	0.3926	0.9021
003468015	005034467	0.4049	0.9123
003468015	005049046	0.4624	0.9112
003468015	005063005	0.3423	0.9162
003468015	005064712	0.5134	0.9155
003468015	005066225	0.3851	0.9134
003468015	005069346	0.4106	0.9105
003468015	005082717	0.4463	0.9075
003469832	003475191	0.4718	0.9104
003469832	003484082	0.5566	0.9122
003469832	003496803	0.4448	0.9201
003469832	003520282	0.4854	0.9086
003469832	003527040	0.5062	0.9277
003469832	003566940	0.4569	0.9037
003469832	003593332	0.4880	0.9016
003469832	003621686	0.5246	0.9081
003469832	003635578	0.4570	0.9087
003469832	003740131	0.5681	0.9089
003469832	003792183	0.4994	0.9112
003469832	003921608	0.5622	0.9002
003469832	003959126	0.5645	0.9034
003469832	003972041	0.4692	0.9033
003469832	003993778	0.5357	0.9068
003469832	004016284	0.4628	0.9013
003469832	004023279	0.4770	0.9521
003469832	004024974	0.4885	0.9281
003469832	004146735	0.5001	0.9450
003469832	004346242	0.5410	0.9540
003469832	004957284	0.5688	0.9248
003469832	004974745	0.5460	0.9333
003469832	004977576	0.5061	0.9270
003469832	004978402	0.4712	0.9030
003469832	004978411	0.5864	0.9424
003469832	005046498	0.4398	0.9004
003469832	005052629	0.5094	0.9155
003469832	005056599	0.4605	0.9207
003469832	005073781	0.4972	0.9299
003469952	003538070	0.5450	0.9302
003469952	003837507	0.5902	0.9181
003469952	003980597	0.3312	0.9019
003469952	004009350	0.5291	0.9038
003469952	004124141	0.5964	0.9116
003469952	004178839	0.5586	0.9341
003469952	004477674	0.4363	0.9373
003469952	005033151	0.4677	0.9231
003470130	003980597	0.5188	0.9331
003470130	004253554	0.4658	0.9074
003470550	003538070	0.5629	0.9422
003470550	003596605	0.5330	0.9095
003470550	003927485	0.5317	0.9256
003470550	003979604	0.5330	0.9042
003470550	003980597	0.3980	0.9154
003470550	003983612	0.5139	0.9078
003470550	004002734	0.5446	0.9117
003470550	004009350	0.5834	0.9432
003470550	004028987	0.4832	0.9023
003470550	004034170	0.4747	0.9121
003470550	004253554	0.4417	0.9109
003470550	004477674	0.5312	0.9432
003470550	004935667	0.5666	0.9252
003470550	005013047	0.5275	0.9177
003470550	005033151	0.4930	0.9409
003470550	005063011	0.4878	0.9158
003470973	003538070	0.5103	0.9125
003470973	003596605	0.4412	0.9087
003470973	003599834	0.5207	0.9081
003470973	003707024	0.5613	0.9259
003470973	003893356	0.3782	0.9140
003470973	003927485	0.5728	0.9412
003470973	003974487	0.4476	0.9109
003470973	003979604	0.5862	0.9431
003470973	003980597	0.3765	0.9570
003470973	003983612	0.5628	0.9463
003470973	003988870	0.5282	0.9117
003470973	004002734	0.5669	0.9385
003470973	004009350	0.5608	0.9687
003470973	004028987	0.4739	0.9491
003470973	004034170	0.4701	0.9568
003470973	004178839	0.5793	0.9367
003470973	004253554	0.4374	0.9580
003470973	004477674	0.5212	0.9615
003470973	004935667	0.5676	0.9527
003470973	004946152	0.4240	0.9231
003470973	005013047	0.5066	0.9564
003470973	005033151	0.4961	0.9668
003470973	005063011	0.4811	0.9347
003471626	003893356	0.4648	0.9190
003471626	003980597	0.4512	0.9389
003471626	003983612	0.5968	0.9125
003471626	004009350	0.5840	0.9303
003471626	004028987	0.5364	0.9102
003471626	004034170	0.4965	0.9252
003471626	004253554	0.4506	0.9354
003471626	004477674	0.5409	0.9455
003471626	004935667	0.5465	0.9203
003471626	004946152	0.4833	0.9051
003471626	005013047	0.5285	0.9241
003471626	005033151	0.4911	0.9313
003471626	005063011	0.5180	0.9250
003472537	003837507	0.5967	0.9018
003473479	003494653	0.5511	0.9112
003473479	004948578	0.5553	0.9044
003475191	003498264	0.5855	0.9585
003475191	003599332	0.5214	0.9715
003475191	003609369	0.5570	0.9111
003475191	003625799	0.4800	0.9142
003475191	003638476	0.5901	0.9348
003475191	003685671	0.5939	0.9497
003475191	003712799	0.4434	0.9116
003475191	003740131	0.5810	0.9535
003475191	004021481	0.5848	0.9152
003475191	004022477	0.5124	0.9566
003475191	004025105	0.5858	0.9510
003475191	004856373	0.4589	0.9041
003475191	004995535	0.5955	0.9377
003475191	005030272	0.5843	0.9264
003479667	003538070	0.5591	0.9276
003479667	004178839	0.5875	0.9180
003479667	005033151	0.5396	0.9011
003479869	003538070	0.5264	0.9075
003479869	003596605	0.4769	0.9075
003479869	003599834	0.5185	0.9005
003479869	003707024	0.5658	0.9031
003479869	003840585	0.5490	0.9157
003479869	003927485	0.5296	0.9270
003479869	003974487	0.4684	0.9012
003479869	003979604	0.5497	0.9347
003479869	003980597	0.3797	0.9288
003479869	003983612	0.5294	0.9360
003479869	003988870	0.4973	0.9176
003479869	004002734	0.5324	0.9316
003479869	004009350	0.5766	0.9418
003479869	004028987	0.4778	0.9351
003479869	004034170	0.4414	0.9282
003479869	004253554	0.4157	0.9290
003479869	004477674	0.5100	0.9346
003479869	004935667	0.5478	0.9195
003479869	004946152	0.4208	0.9254
003479869	004993396	0.5923	0.9404
003479869	005013047	0.4861	0.9206
003479869	005033151	0.4658	0.9471
003479869	005063011	0.4509	0.9047
003481577	003707024	0.5740	0.9045
003481577	003893356	0.3853	0.9036
003481577	003927485	0.5676	0.9250
003481577	003979604	0.5787	0.9306
003481577	003980597	0.3831	0.9308
003481577	003983612	0.5578	0.9326
003481577	003988870	0.5291	0.9021
003481577	004002734	0.5634	0.9209
003481577	004009350	0.5732	0.9491
003481577	004028987	0.4783	0.9350
003481577	004034170	0.4647	0.9366
003481577	004253554	0.4290	0.9351
003481577	004477674	0.5153	0.9511
003481577	004935667	0.5583	0.9280
003481577	004946152	0.4163	0.9135
003481577	005013047	0.5021	0.9322
003481577	005033151	0.4914	0.9545
003481577	005063011	0.4777	0.9042
003483014	003596605	0.5955	0.9212
003483014	004946152	0.4618	0.9079
003484082	003486492	0.4550	0.9100
003484082	003489485	0.4835	0.9321
003484082	003496711	0.4265	0.9047
003484082	003497699	0.5227	0.9096
003484082	003502895	0.5512	0.9067
003484082	003596874	0.3717	0.9013
003484082	003599834	0.5134	0.9431
003484082	003607264	0.3840	0.9010
003484082	003607811	0.4329	0.9151
003484082	003699154	0.3989	0.9172
003484082	003705615	0.3798	0.9115
003484082	003707024	0.5665	0.9425
003484082	003711543	0.4610	0.9067
003484082	003712799	0.5759	0.9057
003484082	003738616	0.3763	0.9240
003484082	003790340	0.4668	0.9122
003484082	003837507	0.5603	0.9198
003484082	003893356	0.5468	0.9434
003484082	003926817	0.5394	0.9154
003484082	003927485	0.5051	0.9280
003484082	003938644	0.4225	0.9209
003484082	003974487	0.4890	0.9345
003484082	003979604	0.5714	0.9511
003484082	003980597	0.4694	0.9681
003484082	003981561	0.3930	0.9253
003484082	003983612	0.5636	0.9540
003484082	003988870	0.4896	0.9129
003484082	004002734	0.5465	0.9413
003484082	004009350	0.5841	0.9526
003484082	004023963	0.3989	0.9230
003484082	004025316	0.5398	0.9320
003484082	004027380	0.3909	0.9122
003484082	004028987	0.5327	0.9701
003484082	004034170	0.4780	0.9707
003484082	004253554	0.4450	0.9654
003484082	004477674	0.5243	0.9387
003484082	004935667	0.5056	0.9532
003484082	004946152	0.5348	0.9158
003484082	005013047	0.4943	0.9729
003484082	005028264	0.4534	0.9102
003484082	005033151	0.4659	0.9678
003484082	005063011	0.5313	0.9246
003484446	003840585	0.5814	0.9153
003484446	003893356	0.4860	0.9079
003484446	003927485	0.4239	0.9104
003484446	003979604	0.4382	0.9398
003484446	003980597	0.4319	0.9374
003484446	003983612	0.4302	0.9404
003484446	003988870	0.4140	0.9082
003484446	004002734	0.4307	0.9211
003484446	004009350	0.5476	0.9198
003484446	004028987	0.4690	0.9250
003484446	004034170	0.4272	0.9239
003484446	004253554	0.4224	0.9212
003484446	004477674	0.4817	0.9118
003484446	004935667	0.5137	0.9072
003484446	004946152	0.5223	0.9426
003484446	005013047	0.4569	0.9258
003484446	005033151	0.4440	0.9405
003484446	005063011	0.5130	0.9298
003484542	003538070	0.5328	0.9364
003484542	003596605	0.5058	0.9038
003484542	003927485	0.5483	0.9014
003484542	003980597	0.3422	0.9009
003484542	004009350	0.5458	0.9131
003484542	004178839	0.5614	0.9416
003484542	004477674	0.4664	0.9336
003484542	005033151	0.4891	0.9290
003484542	005063011	0.4918	0.9025
003484598	003645871	0.4964	0.9442
003484598	003682520	0.5455	0.9342
003485620	003538070	0.5465	0.9395
003485620	003837507	0.5813	0.9019
003485620	004124141	0.5817	0.9166
003485620	004178839	0.5668	0.9367
003485620	004477674	0.4858	0.9080
003485620	005033151	0.4871	0.9050
003486492	003496803	0.4622	0.9144
003486492	003517692	0.3663	0.9468
003486492	003615365	0.4227	0.9048
003486492	003690053	0.4498	0.9069
003486492	003817230	0.4103	0.9077
003486492	003947087	0.3553	0.9061
003486492	003947596	0.3785	0.9437
003486492	003956333	0.3147	0.9114
003486492	003959126	0.3711	0.9012
003486492	003963455	0.3860	0.9013
003486492	003963980	0.4073	0.9336
003486492	003969508	0.3917	0.9277
003486492	003970579	0.4603	0.9047
003486492	003971907	0.3988	0.9457
003486492	003972041	0.4717	0.9029
003486492	003979552	0.3795	0.9216
003486492	003979648	0.3562	0.9457
003486492	003980140	0.3602	0.9148
003486492	003993203	0.4512	0.9026
003486492	004024974	0.4509	0.9041
003486492	004078132	0.3778	0.9433
003486492	004277582	0.4068	0.9403
003486492	004373825	0.4148	0.9244
003486492	004476649	0.3639	0.9625
003486492	004936750	0.3865	0.9118
003486492	004937587	0.4095	0.9097
003486492	004953249	0.3433	0.9152
003486492	004977424	0.3390	0.9032
003486492	004978402	0.4370	0.9197
003486492	004986716	0.4150	0.9019
003486492	005049075	0.2957	0.9271
003486492	005055984	0.3240	0.9187
003486492	005056599	0.4565	0.9027
003486492	005063005	0.3984	0.9040
003486492	005066225	0.3732	0.9060
003486492	005079504	0.3224	0.9031
003486631	003538070	0.5713	0.9063
003486631	003797019	0.5587	0.9006
003486631	003955195	0.5512	0.9039
003486631	003980597	0.4842	0.9310
003486631	003983708	0.5893	0.9113
003486631	004124141	0.5436	0.9049
003486631	004253554	0.5519	0.9062
003486631	004477674	0.5450	0.9084
003486631	005069346	0.5940	0.9076
003486631	005078298	0.5661	0.9161
003486878	003538070	0.4988	0.9089
003486878	003596605	0.4897	0.9224
003486878	003599834	0.5050	0.9118
003486878	003607811	0.5025	0.9005
003486878	003607918	0.5922	0.9189
003486878	003707024	0.5380	0.9140
003486878	003801207	0.5859	0.9343
003486878	003840585	0.5789	0.9084
003486878	003893356	0.4038	0.9031
003486878	003927485	0.5729	0.9240
003486878	003974487	0.4486	0.9288
003486878	003979604	0.5764	0.9344
003486878	003980597	0.3683	0.9382
003486878	003983612	0.5525	0.9369
003486878	003988870	0.5099	0.9078
003486878	004002734	0.5461	0.9291
003486878	004009350	0.5569	0.9470
003486878	004028987	0.4782	0.9378
003486878	004034170	0.4616	0.9237
003486878	004178839	0.5846	0.9174
003486878	004253554	0.4336	0.9303
003486878	004477674	0.4893	0.9364
003486878	004613056	0.5922	0.9056
003486878	004935667	0.5695	0.9262
003486878	004946152	0.4428	0.9237
003486878	005013047	0.4893	0.9243
003486878	005033151	0.4872	0.9417
003486878	005063011	0.5075	0.9294
003487286	003538070	0.5664	0.9315
003487286	004124141	0.5953	0.9228
003487286	004178839	0.5732	0.9282
003487286	004477674	0.4788	0.9136
003487286	005033151	0.4808	0.9022
003487845	003840585	0.5446	0.9064
003487845	003927485	0.4126	0.9027
003487845	003979604	0.4239	0.9331
003487845	003980597	0.4264	0.9243
003487845	003983612	0.4154	0.9334
003487845	003988870	0.4028	0.9034
003487845	004002734	0.4171	0.9117
003487845	004009350	0.5262	0.9083
003487845	004028987	0.4660	0.9099
003487845	004034170	0.4113	0.9049
003487845	004253554	0.4136	0.9042
003487845	004946152	0.5067	0.9447
003487845	005013047	0.4464	0.9071
003487845	005033151	0.4322	0.9244
003487845	005063011	0.5055	0.9273
003488949	003596605	0.4935	0.9052
003488949	003599834	0.5118	0.9099
003488949	003707024	0.5575	0.9163
003488949	003893356	0.4027	0.9222
003488949	003926817	0.3896	0.9029
003488949	003927485	0.5403	0.9308
003488949	003974487	0.4732	0.9117
003488949	003979604	0.5494	0.9450
003488949	003980597	0.3747	0.9430
003488949	003983612	0.5313	0.9477
003488949	003988870	0.5021	0.9152
003488949	004002734	0.5381	0.9330
003488949	004009350	0.5674	0.9575
003488949	004028987	0.4684	0.9503
003488949	004034170	0.4557	0.9462
003488949	004253554	0.4220	0.9478
003488949	004477674	0.5137	0.9528
003488949	004935667	0.5485	0.9379
003488949	004946152	0.4283	0.9229
003488949	005013047	0.4933	0.9442
003488949	005033151	0.4792	0.9593
003488949	005063011	0.4738	0.9206
003489030	003538070	0.5354	0.9152
003489030	003596605	0.4633	0.9138
003489030	003599834	0.5605	0.9007
003489030	003840585	0.5642	0.9100
003489030	003927485	0.5614	0.9253
003489030	003974487	0.4765	0.9048
003489030	003979604	0.5876	0.9281
003489030	003980597	0.4121	0.9318
003489030	003983612	0.5685	0.9303
003489030	003988870	0.5452	0.9077
003489030	004002734	0.5819	0.9271
003489030	004028987	0.5120	0.9330
003489030	004034170	0.4696	0.9298
003489030	004253554	0.4357	0.9307
003489030	004477674	0.5608	0.9413
003489030	004935667	0.5738	0.9236
003489030	004946152	0.4285	0.9186
003489030	004993396	0.5788	0.9389
003489030	005013047	0.5207	0.9222
003489030	005033151	0.4909	0.9488
003489030	005063011	0.4640	0.9071
003489158	003498264	0.5903	0.9174
003489158	003599332	0.5381	0.9344
003489158	003607264	0.3416	0.9237
003489158	003625799	0.5362	0.9026
003489158	003671668	0.4990	0.9375
003489158	003788315	0.4055	0.9177
003489158	005049196	0.5436	0.9050
003489485	003495148	0.4204	0.9043
003489485	003496803	0.4511	0.9496
003489485	003498989	0.3838	0.9120
003489485	003517692	0.3431	0.9017
003489485	003600113	0.4499	0.9198
003489485	003607742	0.4194	0.9125
003489485	003608215	0.3740	0.9000
003489485	003613205	0.4222	0.9029
003489485	003615364	0.4226	0.9026
003489485	003615365	0.4171	0.9245
003489485	003650120	0.4364	0.9175
003489485	003690053	0.4349	0.9376
003489485	003729552	0.4273	0.9012
003489485	003762030	0.4126	0.9193
003489485	003784612	0.4255	0.9035
003489485	003817230	0.4598	0.9252
003489485	003947087	0.4167	0.9242
003489485	003947596	0.3869	0.9289
003489485	003959126	0.4014	0.9241
003489485	003963455	0.3916	0.9035
003489485	003963980	0.3939	0.9150
003489485	003967895	0.4990	0.9064
003489485	003968700	0.3563	0.9036
003489485	003969508	0.3885	0.9299
003489485	003970579	0.4495	0.9145
003489485	003971907	0.3895	0.9238
003489485	003972041	0.4541	0.9171
003489485	003972547	0.4485	0.9023
003489485	003975571	0.4834	0.9094
003489485	003978624	0.3144	0.9132
003489485	003979552	0.3941	0.9281
003489485	003979648	0.3855	0.9271
003489485	003993203	0.4762	0.9259
003489485	003997800	0.4342	0.9103
003489485	004022242	0.4798	0.9043
003489485	004023279	0.3939	0.9131
003489485	004024974	0.4587	0.9405
003489485	004069935	0.4219	0.9091
003489485	004078132	0.3551	0.9138
003489485	004080481	0.4435	0.9009
003489485	004218949	0.4316	0.9376
003489485	004256943	0.3631	0.9064
003489485	004261492	0.3833	0.9111
003489485	004277582	0.4067	0.9051
003489485	004346242	0.3959	0.9098
003489485	004373825	0.3762	0.9056
003489485	004405252	0.3831	0.9026
003489485	004476649	0.3756	0.9302
003489485	004936750	0.4271	0.9432
003489485	004937587	0.4207	0.9141
003489485	004940356	0.4240	0.9010
003489485	004942072	0.4006	0.9057
003489485	004953249	0.3979	0.9168
003489485	004977424	0.4174	0.9173
003489485	004977576	0.4205	0.9099
003489485	004978402	0.4476	0.9207
003489485	004986716	0.4345	0.9211
003489485	005026689	0.4364	0.9048
003489485	005029261	0.4769	0.9257
003489485	005034081	0.4987	0.9057
003489485	005035935	0.4360	0.9034
003489485	005043547	0.3999	0.9023
003489485	005046498	0.4156	0.9143
003489485	005049075	0.3535	0.9399
003489485	005052629	0.4671	0.9226
003489485	005055984	0.3490	0.9252
003489485	005056599	0.4457	0.9287
003489485	005056886	0.4058	0.9367
003489485	005060255	0.3462	0.9100
003489485	005064007	0.4705	0.9018
003489485	005069346	0.4970	0.9160
003489485	005078298	0.4619	0.9223
003489485	005079504	0.3678	0.9030
003490907	003538070	0.5766	0.9513
003490907	003596605	0.5149	0.9084
003490907	003927485	0.5507	0.9015
003490907	003980597	0.4032	0.9156
003490907	004034170	0.4794	0.9022
003490907	004178839	0.5858	0.9500
003490907	004477674	0.5340	0.9267
003490907	004935667	0.5356	0.9010
003490907	004946152	0.4357	0.9005
003490907	005013047	0.5487	0.9060
003490907	005033151	0.5045	0.9349
003491413	003599834	0.5478	0.9006
003492087	003596605	0.5858	0.9235
003492087	003636504	0.5960	0.9220
003492087	003648094	0.5878	0.9110
003492087	003740241	0.5995	0.9356
003492087	003840585	0.5427	0.9062
003492087	003893356	0.4687	0.9200
003492087	003979604	0.4647	0.9362
003492087	003980597	0.4245	0.9480
003492087	003983612	0.4530	0.9372
003492087	004002734	0.4423	0.9123
003492087	004009350	0.5253	0.9149
003492087	004028987	0.4793	0.9221
003492087	004034170	0.4066	0.9194
003492087	004178839	0.5579	0.9033
003492087	004253554	0.4027	0.9186
003492087	004935667	0.5287	0.9005
003492087	004946152	0.4898	0.9359
003492087	005013047	0.4503	0.9225
003492087	005033151	0.4332	0.9303
003492087	005063011	0.4790	0.9307
003492173	003538070	0.5274	0.9099
003492173	003596605	0.5165	0.9143
003492173	003599834	0.4886	0.9007
003492173	003648094	0.5906	0.9048
003492173	003707024	0.5231	0.9080
003492173	003840585	0.5600	0.9159
003492173	003893356	0.4210	0.9083
003492173	003927485	0.4846	0.9221
003492173	003974487	0.4426	0.9004
003492173	003979604	0.5098	0.9433
003492173	003980597	0.3851	0.9466
003492173	003983612	0.4901	0.9429
003492173	003988870	0.4453	0.9154
003492173	004002734	0.4837	0.9319
003492173	004009350	0.5172	0.9267
003492173	004028987	0.4722	0.9336
003492173	004034170	0.4146	0.9303
003492173	004178839	0.5716	0.9155
003492173	004253554	0.4077	0.9253
003492173	004477674	0.4672	0.9061
003492173	004935667	0.5399	0.9122
003492173	004946152	0.4510	0.9368
003492173	005013047	0.4506	0.9319
003492173	005030272	0.5895	0.9170
003492173	005033151	0.4375	0.9434
003492173	005063011	0.4830	0.9238
003493239	003494272	0.5025	0.9039
003493239	003498264	0.5704	0.9073
003493239	003532488	0.5731	0.9056
003493239	003599332	0.5254	0.9025
003493239	003599834	0.4599	0.9122
003493239	003685671	0.5893	0.9035
003493239	003740131	0.5801	0.9085
003493239	003840585	0.4405	0.9031
003493239	003981561	0.3958	0.9100
003493239	004025105	0.5865	0.9185
003493239	004995535	0.5928	0.9105
003493244	003980597	0.4827	0.9224
003493244	005063011	0.5496	0.9187
003494259	003538070	0.5949	0.9477
003494259	003837507	0.5702	0.9169
003494259	004178839	0.5800	0.9523
003494259	004477674	0.4406	0.9109
003494259	005033151	0.4688	0.9108
003494272	003686686	0.5654	0.9025
003494272	003699091	0.5495	0.9013
003494939	003607264	0.4539	0.9056
003495040	003596605	0.4998	0.9056
003495040	003837507	0.5900	0.9297
003495040	005033151	0.4898	0.9185
003495143	003582338	0.5796	0.9350
003495143	003595522	0.5236	0.9152
003495143	003643506	0.5520	0.9467
003495143	003715701	0.5710	0.9124
003495143	003741412	0.5429	0.9341
003495143	003786918	0.5433	0.9196
003495143	004020266	0.5944	0.9484
003495143	004028903	0.5707	0.9058
003495148	003705615	0.3057	0.9126
003495148	003738616	0.2999	0.9109
003495148	003974487	0.4734	0.9337
003495148	003980597	0.3938	0.9087
003495148	003981561	0.3321	0.9049
003495148	004023963	0.3392	0.9238
003495148	004025316	0.4742	0.9373
003495148	004253554	0.3817	0.9079
003495148	005013047	0.4147	0.9095
003495148	005028264	0.3883	0.9139
003496153	003837507	0.5847	0.9416
003496153	004477674	0.5048	0.9262
003496497	003596874	0.3700	0.9005
003496497	003699154	0.3739	0.9194
003496497	003705615	0.3609	0.9027
003496497	003938644	0.4386	0.9051
003496497	003980597	0.4980	0.9072
003496506	003974873	0.5925	0.9039
003496506	004993396	0.5491	0.9280
003496711	003496803	0.4315	0.9501
003496711	003650120	0.4346	0.9033
003496711	003690053	0.4306	0.9532
003496711	003817230	0.4211	0.9158
003496711	003825550	0.5290	0.9036
003496711	003947087	0.4223	0.9004
003496711	003947596	0.3718	0.9000
003496711	003959126	0.3932	0.9226
003496711	003993203	0.4202	0.9078
003496711	004022242	0.4994	0.9001
003496711	004023279	0.3582	0.9097
003496711	004024974	0.4128	0.9231
003496711	004218949	0.4630	0.9136
003496711	004346242	0.3837	0.9017
003496711	004476649	0.3352	0.9037
003496711	004936750	0.3673	0.9000
003496711	004986716	0.4020	0.9084
003496711	005049075	0.3198	0.9248
003496711	005055984	0.3563	0.9121
003496711	005056599	0.4269	0.9006
003496711	005056886	0.3467	0.9107
003496803	003497699	0.5140	0.9154
003496803	003596874	0.3860	0.9336
003496803	003599332	0.4300	0.9022
003496803	003599834	0.4677	0.9248
003496803	003607264	0.3993	0.9348
003496803	003620621	0.4178	0.9357
003496803	003625799	0.4987	0.9233
003496803	003671668	0.5306	0.9327
003496803	003699154	0.4069	0.9340
003496803	003701491	0.4161	0.9292
003496803	003705615	0.3954	0.9479
003496803	003711543	0.4417	0.9116
003496803	003712799	0.4576	0.9350
003496803	003728936	0.3834	0.9061
003496803	003738616	0.3889	0.9534
003496803	003788315	0.4181	0.9325
003496803	003790340	0.4631	0.9216
003496803	003837507	0.5831	0.9013
003496803	003863960	0.4559	0.9079
003496803	003884605	0.4590	0.9084
003496803	003934856	0.5621	0.9119
003496803	003938644	0.4086	0.9447
003496803	003974487	0.4533	0.9052
003496803	003981561	0.4546	0.9477
003496803	004023963	0.4083	0.9546
003496803	004025316	0.4490	0.9421
003496803	004025925	0.4320	0.9078
003496803	004027380	0.4014	0.9638
003496803	004028987	0.4739	0.9042
003496803	004856373	0.4623	0.9038
003496803	005013047	0.4872	0.9074
003496803	005030272	0.5285	0.9015
003497089	003538070	0.4947	0.9092
003497089	003596605	0.4580	0.9195
003497089	003599834	0.5135	0.9171
003497089	003607811	0.4600	0.9048
003497089	003707024	0.5504	0.9195
003497089	003840585	0.5506	0.9032
003497089	003893356	0.3819	0.9082
003497089	003927485	0.5522	0.9294
003497089	003974487	0.4427	0.9335
003497089	003979604	0.5766	0.9398
003497089	003980597	0.3622	0.9423
003497089	003983612	0.5519	0.9421
003497089	003988870	0.5131	0.9120
003497089	004002734	0.5483	0.9333
003497089	004009350	0.5495	0.9534
003497089	004028987	0.4725	0.9435
003497089	004034170	0.4474	0.9308
003497089	004155213	0.5966	0.9395
003497089	004178839	0.5715	0.9204
003497089	004253554	0.4204	0.9374
003497089	004477674	0.5017	0.9415
003497089	004935667	0.5527	0.9336
003497089	004946152	0.4040	0.9219
003497089	004993396	0.5956	0.9424
003497089	005013047	0.4825	0.9319
003497089	005033151	0.4697	0.9477
003497089	005063011	0.4563	0.9323
003497699	003517692	0.4102	0.9242
003497699	003590884	0.4859	0.9203
003497699	003615365	0.4469	0.9085
003497699	003690053	0.5140	0.9166
003497699	003784612	0.5229	0.9016
003497699	003817230	0.4917	0.9049
003497699	003837507	0.4412	0.9070
003497699	003947596	0.4760	0.9167
003497699	003971907	0.4828	0.9153
003497699	003979648	0.4075	0.9169
003497699	003980228	0.4401	0.9093
003497699	003993203	0.4993	0.9076
003497699	004078132	0.4570	0.9215
003497699	004277582	0.4020	0.9071
003497699	004476649	0.4304	0.9395
003497699	004935667	0.5673	0.9147
003497699	004978402	0.4669	0.9287
003497699	005013047	0.5755	0.9131
003498187	003980597	0.5534	0.9327
003498187	005063011	0.5969	0.9080
003498264	003522626	0.5777	0.9165
003498264	003527040	0.5755	0.9071
003498264	003582338	0.4843	0.9366
003498264	003595522	0.4902	0.9095
003498264	003643506	0.4962	0.9483
003498264	003715701	0.5334	0.9055
003498264	004020138	0.5253	0.9153
003498264	004020266	0.5518	0.9392
003498264	004028903	0.4938	0.9080
003498631	003538070	0.5773	0.9294
003498703	003607918	0.5730	0.9221
003498703	003801207	0.5767	0.9008
003498989	003599834	0.5235	0.9312
003498989	003707024	0.5274	0.9183
003498989	003927485	0.4348	0.9046
003498989	003974487	0.5465	0.9026
003498989	004009350	0.5562	0.9170
003498989	004025316	0.5435	0.9106
003498989	004028987	0.4750	0.9083
003498989	004034170	0.4617	0.9057
003498989	004477674	0.5381	0.9221
003498989	004935667	0.4487	0.9025
003498989	005013047	0.4812	0.9106
003498989	005033151	0.4331	0.9371
003501011	003599666	0.5633	0.9114
003501011	003714904	0.5123	0.9081
003501011	003873634	0.5580	0.9084
003501011	003963455	0.5920	0.9036
003501011	004500222	0.5410	0.9010
003501011	005056599	0.5694	0.9080
003502530	003538070	0.5552	0.9475
003502530	003837507	0.5829	0.9121
003502530	003927485	0.5483	0.9084
003502530	003980597	0.3675	0.9026
003502530	004009350	0.5720	0.9182
003502530	004034170	0.4615	0.9011
003502530	004178839	0.5764	0.9526
003502530	004477674	0.4796	0.9368
003502530	004935667	0.5661	0.9044
003502530	005013047	0.5070	0.9064
003502530	005033151	0.4924	0.9379
003502895	003502919	0.5232	0.9086
003502895	003566940	0.5719	0.9093
003502895	003599666	0.5302	0.9030
003502895	003615364	0.5959	0.9278
003502895	003700484	0.5513	0.9256
003502895	003723538	0.5787	0.9033
003502895	003817230	0.5078	0.9223
003502895	003873634	0.4970	0.9043
003502895	003961475	0.5545	0.9229
003502895	003963455	0.4707	0.9010
003502895	003993203	0.5432	0.9221
003502895	004024974	0.5711	0.9028
003502895	004029401	0.5382	0.9050
003502895	004030238	0.5671	0.9014
003502895	004069935	0.5869	0.9113
003502895	004080481	0.5425	0.9001
003502895	004146735	0.5949	0.9234
003502895	004241417	0.5353	0.9053
003502895	004256943	0.4920	0.9059
003502895	004405252	0.4982	0.9039
003502895	004937587	0.5205	0.9158
003502895	004957284	0.5090	0.9107
003502895	004977576	0.5520	0.9161
003502895	005030431	0.5293	0.9004
003502895	005035935	0.5071	0.9078
003502895	005039793	0.5815	0.9267
003502895	005056599	0.4548	0.9089
003502919	003599834	0.4210	0.9124
003502919	003707024	0.4823	0.9278
003502919	003801207	0.5788	0.9091
003502919	003893356	0.4836	0.9215
003502919	003927485	0.5001	0.9563
003502919	003979604	0.5508	0.9753
003502919	003980597	0.4171	0.9517
003502919	003983612	0.5315	0.9746
003502919	003988870	0.4476	0.9468
003502919	004002734	0.5097	0.9566
003502919	004009350	0.5043	0.9626
003502919	004028987	0.4551	0.9655
003502919	004034170	0.4336	0.9575
003502919	004178839	0.5875	0.9137
003502919	004253554	0.4171	0.9505
003502919	004477674	0.4686	0.9336
003502919	004935667	0.5399	0.9522
003502919	004946152	0.5148	0.9441
003502919	005013047	0.4658	0.9603
003502919	005033151	0.4460	0.9685
003502919	005063011	0.4888	0.9271
003505458	003927485	0.5745	0.9279
003505458	003979604	0.5816	0.9264
003505458	003980597	0.4089	0.9253
003505458	003983612	0.5649	0.9289
003505458	004002734	0.5790	0.9185
003505458	004009350	0.5947	0.9529
003505458	004028987	0.4924	0.9292
003505458	004034170	0.4824	0.9283
003505458	004253554	0.4371	0.9304
003505458	004477674	0.5478	0.9486
003505458	004935667	0.5654	0.9288
003505458	004946152	0.4234	0.9086
003505458	005013047	0.5262	0.9253
003505458	005033151	0.5111	0.9461
003505458	005063011	0.4720	0.9060
003507107	003599834	0.4838	0.9328
003507107	003707024	0.4722	0.9106
003507107	003927485	0.5257	0.9028
003507107	003974487	0.5031	0.9313
003507107	003980597	0.3734	0.9217
003507107	003983612	0.4697	0.9007
003507107	004002734	0.4817	0.9147
003507107	004009350	0.5170	0.9327
003507107	004028987	0.4766	0.9158
003507107	004935667	0.5495	0.9078
003507107	004993396	0.5833	0.9034
003507107	005013047	0.4811	0.9151
003507107	005033151	0.4903	0.9214
003507107	005063011	0.5146	0.9077
003508304	003538070	0.5766	0.9377
003508304	003599834	0.4956	0.9252
003508304	003688269	0.5309	0.9078
003508304	003707024	0.4817	0.9216
003508304	003837507	0.5846	0.9112
003508304	003927485	0.5167	0.9192
003508304	003974487	0.5838	0.9241
003508304	003979604	0.4886	0.9151
003508304	003980597	0.3775	0.9512
003508304	003983612	0.4747	0.9161
003508304	004002734	0.5121	0.9111
003508304	004009350	0.5503	0.9462
003508304	004028987	0.4139	0.9287
003508304	004034170	0.4967	0.9362
003508304	004124141	0.5811	0.9300
003508304	004253554	0.4438	0.9297
003508304	004477674	0.4782	0.9205
003508304	004935667	0.4889	0.9336
003508304	005013047	0.5230	0.9424
003508304	005033151	0.5033	0.9456
003508304	005063011	0.4880	0.9114
003508437	003538070	0.5527	0.9386
003508437	004178839	0.5965	0.9373
003508437	004477674	0.5134	0.9093
003508437	005033151	0.4973	0.9087
003509752	003538070	0.5967	0.9372
003509752	003837507	0.5975	0.9473
003509752	003980597	0.4059	0.9030
003509752	004009350	0.5614	0.9073
003509752	004477674	0.4941	0.9207
003509752	005033151	0.5009	0.9224
003510146	003538070	0.5897	0.9393
003510146	003596605	0.5244	0.9010
003510146	004477674	0.4785	0.9258
003510146	005033151	0.4775	0.9216
003510364	004023279	0.5576	0.9079
003510364	004146735	0.5537	0.9076
003510485	003538070	0.5339	0.9053
003510485	003596605	0.4719	0.9196
003510485	003659976	0.5894	0.9104
003510485	003893356	0.3972	0.9101
003510485	003927485	0.5290	0.9059
003510485	003974487	0.4733	0.9191
003510485	003979604	0.5434	0.9250
003510485	003980597	0.3726	0.9398
003510485	003983612	0.5237	0.9292
003510485	004002734	0.5292	0.9186
003510485	004009350	0.5759	0.9374
003510485	004028987	0.4602	0.9267
003510485	004034170	0.4427	0.9239
003510485	004253554	0.4108	0.9327
003510485	004477674	0.5018	0.9294
003510485	004935667	0.5351	0.9167
003510485	004946152	0.4240	0.9198
003510485	005013047	0.4834	0.9177
003510485	005033151	0.4667	0.9377
003510485	005063011	0.4611	0.9216
003510485	005066083	0.5855	0.9013
003512162	003538070	0.5390	0.9211
003512162	004178839	0.5708	0.9192
003514367	003596605	0.5064	0.9219
003514367	003599834	0.5183	0.9050
003514367	003707024	0.5466	0.9152
003514367	003893356	0.4072	0.9036
003514367	003927485	0.5565	0.9348
003514367	003974487	0.4755	0.9132
003514367	003979604	0.5646	0.9465
003514367	003980597	0.3824	0.9367
003514367	003983612	0.5434	0.9488
003514367	003988870	0.5132	0.9206
003514367	004002734	0.5477	0.9370
003514367	004009350	0.5614	0.9608
003514367	004028987	0.4843	0.9431
003514367	004034170	0.4721	0.9312
003514367	004253554	0.4375	0.9373
003514367	004477674	0.5019	0.9501
003514367	004935667	0.5520	0.9360
003514367	004946152	0.4482	0.9294
003514367	005013047	0.4965	0.9377
003514367	005033151	0.4879	0.9538
003514367	005063011	0.5118	0.9391
003514380	003538070	0.5056	0.9093
003514380	003596605	0.4598	0.9166
003514380	003599834	0.5029	0.9104
003514380	003707024	0.5454	0.9172
003514380	003893356	0.3954	0.9014
003514380	003927485	0.5440	0.9362
003514380	003974487	0.4391	0.9213
003514380	003979604	0.5699	0.9429
003514380	003980597	0.3679	0.9346
003514380	003983612	0.5468	0.9446
003514380	003988870	0.5019	0.9180
003514380	004002734	0.5419	0.9354
003514380	004009350	0.5487	0.9533
003514380	004028987	0.4652	0.9404
003514380	004034170	0.4470	0.9292
003514380	004178839	0.5884	0.9241
003514380	004253554	0.4218	0.9342
003514380	004477674	0.5031	0.9435
003514380	004935667	0.5499	0.9332
003514380	004946152	0.4199	0.9239
003514380	005013047	0.4803	0.9300
003514380	005033151	0.4672	0.9493
003514380	005063011	0.4669	0.9298
003514586	004993396	0.5718	0.9119
003515019	003538070	0.5768	0.9078
003515019	003599834	0.5645	0.9209
003515019	003607811	0.5014	0.9130
003515019	003707024	0.5530	0.9020
003515019	003927485	0.5095	0.9045
003515019	003974487	0.5694	0.9196
003515019	004002734	0.4996	0.9026
003515019	004009350	0.5943	0.9191
003515019	004025316	0.5174	0.9045
003515019	004028987	0.4703	0.9000
003515019	004477674	0.4969	0.9044
003515019	004935667	0.5020	0.9073
003515019	005033151	0.4893	0.9039
003516275	003645871	0.5074	0.9351
003516275	003682520	0.5573	0.9217
003516618	003838434	0.2933	0.9294
003516618	005049075	0.2504	0.9053
003516722	003576622	0.5662	0.9043
003516722	003597789	0.5943	0.9175
003516722	003598597	0.6000	0.9027
003516722	003612063	0.5840	0.9129
003516722	003703958	0.5564	0.9037
003516722	003713577	0.5870	0.9139
003516722	003719290	0.5329	0.9072
003516722	003912861	0.5927	0.9258
003516722	004016655	0.5837	0.9335
003516722	004993396	0.5762	0.9210
003517168	003677902	0.5827	0.9112
003517168	003980597	0.5479	0.9249
003517168	005063011	0.5769	0.9128
003517484	003538070	0.5300	0.9027
003517484	004155213	0.5898	0.9168
003517484	004178839	0.5633	0.9073
003517692	003711543	0.3197	0.9203
003517692	003790340	0.3565	0.9267
003517692	003863960	0.3215	0.9197
003517692	003934856	0.4568	0.9175
003517692	004034170	0.3976	0.9501
003517692	004253554	0.3622	0.9400
003517692	004477674	0.4869	0.9280
003517692	004935667	0.4317	0.9182
003517692	005013047	0.4138	0.9330
003517692	005033151	0.3707	0.9394
003519107	003538070	0.5246	0.9047
003519107	003596605	0.4864	0.9249
003519107	003893356	0.4023	0.9119
003519107	003927485	0.5191	0.9069
003519107	003974487	0.4674	0.9118
003519107	003979604	0.5443	0.9286
003519107	003980597	0.3554	0.9396
003519107	003983612	0.5237	0.9319
003519107	004002734	0.5191	0.9151
003519107	004009350	0.5497	0.9363
003519107	004028987	0.4453	0.9245
003519107	004034170	0.4406	0.9154
003519107	004124141	0.5991	0.9031
003519107	004253554	0.4059	0.9239
003519107	004477674	0.4858	0.9148
003519107	004935667	0.5119	0.9085
003519107	004946152	0.4147	0.9227
003519107	005013047	0.4717	0.9120
003519107	005033151	0.4529	0.9296
003519107	005063011	0.4508	0.9235
003519649	003713577	0.5942	0.9157
003519649	004935667	0.5713	0.9084
003520211	003538070	0.4837	0.9291
003520211	003599834	0.4904	0.9126
003520211	003607918	0.5535	0.9087
003520211	003707024	0.5009	0.9272
003520211	003801207	0.5632	0.9273
003520211	003927485	0.5359	0.9360
003520211	003974487	0.4179	0.9088
003520211	003975571	0.5778	0.9041
003520211	003979604	0.5294	0.9049
003520211	003980597	0.3791	0.9292
003520211	003983612	0.5128	0.9065
003520211	004002734	0.4970	0.9237
003520211	004009350	0.5090	0.9469
003520211	004028987	0.4781	0.9192
003520211	004034170	0.4178	0.9251
003520211	004124141	0.5765	0.9052
003520211	004253554	0.4082	0.9234
003520211	004477674	0.4599	0.9487
003520211	004935667	0.5304	0.9328
003520211	005013047	0.4411	0.9310
003520211	005033151	0.4363	0.9446
003520211	005063011	0.4655	0.9041
003520282	003538070	0.5027	0.9277
003520282	003599834	0.5422	0.9691
003520282	003607811	0.3934	0.9374
003520282	003707024	0.5910	0.9542
003520282	003801207	0.5811	0.9164
003520282	003927485	0.5346	0.9312
003520282	003974487	0.4456	0.9400
003520282	003980597	0.4511	0.9151
003520282	003983612	0.5842	0.9269
003520282	004002734	0.5726	0.9286
003520282	004009350	0.5810	0.9291
003520282	004025316	0.5756	0.9425
003520282	004028987	0.5392	0.9391
003520282	004034170	0.4667	0.9153
003520282	004253554	0.4455	0.9031
003520282	004477674	0.5611	0.9012
003520282	004935667	0.5288	0.9322
003520282	004993396	0.5137	0.9006
003520282	005013047	0.4957	0.9402
003520282	005028264	0.4725	0.9419
003520282	005033151	0.4639	0.9293
003520282	005063011	0.4105	0.9186
003520282	005064007	0.5618	0.9004
003520583	003980597	0.3726	0.9085
003520583	004124141	0.5361	0.9039
003520583	004155213	0.5819	0.9259
003520583	004178839	0.5792	0.9212
003522616	003927485	0.4091	0.9183
003522616	003979604	0.4179	0.9303
003522616	003980597	0.4093	0.9281
003522616	003983612	0.4113	0.9292
003522616	003988870	0.4016	0.9043
003522616	004002734	0.4151	0.9174
003522616	004009350	0.5083	0.9268
003522616	004028987	0.4574	0.9120
003522616	004034170	0.4160	0.9107
003522616	004253554	0.4090	0.9140
003522616	004477674	0.4610	0.9091
003522616	004935667	0.4962	0.9050
003522616	004946152	0.5001	0.9206
003522616	005013047	0.4447	0.9128
003522616	005033151	0.4247	0.9295
003522616	005063011	0.5090	0.9277
003522626	003599332	0.5699	0.9174
003522626	004022477	0.5357	0.9175
003524963	003538070	0.5867	0.9164
003524963	003596605	0.5184	0.9013
003524963	003980597	0.4666	0.9374
003524963	004034170	0.5516	0.9191
003524963	004124141	0.5958	0.9191
003524963	004253554	0.5018	0.9178
003524963	004256943	0.5892	0.9083
003524963	004477674	0.5763	0.9304
003524963	004935667	0.5258	0.9019
003524963	004993396	0.5990	0.9380
003524963	005013047	0.5874	0.9083
003524963	005033151	0.5624	0.9324
003524963	005066083	0.5989	0.9066
003525299	003940432	0.5860	0.9183
003527040	003538070	0.5572	0.9157
003527040	003596605	0.5234	0.9060
003527040	003599834	0.5821	0.9382
003527040	003607811	0.4547	0.9288
003527040	003625799	0.5635	0.9006
003527040	003712799	0.5050	0.9093
003527040	003927485	0.5512	0.9109
003527040	003974487	0.4875	0.9384
003527040	003980597	0.4871	0.9167
003527040	003983612	0.5956	0.9148
003527040	004002734	0.5910	0.9159
003527040	004028987	0.5732	0.9261
003527040	004034170	0.4968	0.9150
003527040	004253554	0.4704	0.9099
003527040	004477674	0.5979	0.9276
003527040	004856373	0.5070	0.9020
003527040	004935667	0.5806	0.9233
003527040	004946152	0.4813	0.9056
003527040	004993396	0.5426	0.9131
003527040	005013047	0.5518	0.9278
003527040	005030272	0.5894	0.9061
003527040	005032178	0.5870	0.9134
003527040	005033151	0.4986	0.9323
003527040	005063011	0.4526	0.9230
003527040	005064007	0.5899	0.9297
003528514	003980597	0.5246	0.9141
003528514	005030272	0.5876	0.9031
003529004	003538070	0.5513	0.9453
003529004	003596605	0.5424	0.9062
003529004	003927485	0.5231	0.9110
003529004	003980597	0.3620	0.9237
003529004	003983612	0.4857	0.9009
003529004	004002734	0.5170	0.9058
003529004	004009350	0.5448	0.9192
003529004	004034170	0.4592	0.9197
003529004	004178839	0.5681	0.9460
003529004	004253554	0.4237	0.9106
003529004	004477674	0.4781	0.9435
003529004	004935667	0.5482	0.9150
003529004	004946152	0.4412	0.9124
003529004	005013047	0.4991	0.9175
003529004	005033151	0.4838	0.9459
003529004	005063011	0.4746	0.9047
003532104	003980597	0.5414	0.9092
003532456	003596605	0.5644	0.9162
003532456	003599834	0.5856	0.9117
003532456	003927485	0.5140	0.9028
003532456	003974487	0.5938	0.9387
003532456	003979604	0.5090	0.9215
003532456	003980597	0.4442	0.9342
003532456	003983612	0.4955	0.9221
003532456	004002734	0.5516	0.9205
003532456	004028987	0.5131	0.9239
003532456	004034170	0.4787	0.9020
003532456	004253554	0.4334	0.9109
003532456	004935667	0.5421	0.9134
003532456	005013047	0.5354	0.9210
003532456	005033151	0.4906	0.9221
003532456	005063011	0.5074	0.9366
003532488	003582338	0.5286	0.9593
003532488	003625799	0.5563	0.9089
003532488	003643506	0.5134	0.9546
003532488	003729552	0.5371	0.9034
003532488	003732360	0.5950	0.9017
003532488	003741412	0.5038	0.9105
003532488	003786918	0.4914	0.9463
003532488	003935022	0.4863	0.9041
003532488	004020138	0.4988	0.9100
003532488	004020266	0.5404	0.9538
003532488	004022826	0.5783	0.9112
003532488	004028903	0.5316	0.9147
003536187	003599834	0.5117	0.9025
003536187	003695268	0.3343	0.9038
003536187	003728936	0.3970	0.9484
003536187	004025316	0.4810	0.9319
003538070	003539509	0.4969	0.9146
003538070	003550627	0.5852	0.9291
003538070	003550695	0.5501	0.9296
003538070	003560014	0.5581	0.9549
003538070	003562264	0.5342	0.9339
003538070	003568385	0.5411	0.9467
003538070	003582980	0.5774	0.9070
003538070	003586488	0.5595	0.9349
003538070	003591559	0.5883	0.9466
003538070	003592306	0.4914	0.9093
003538070	003592488	0.5266	0.9569
003538070	003592731	0.5749	0.9445
003538070	003593128	0.5477	0.9268
003538070	003593475	0.5382	0.9101
003538070	003594089	0.5112	0.9280
003538070	003595501	0.5301	0.9088
003538070	003595540	0.5813	0.9097
003538070	003598597	0.4992	0.9004
003538070	003598786	0.5056	0.9053
003538070	003600156	0.5222	0.9203
003538070	003600457	0.5282	0.9423
003538070	003601768	0.5904	0.9078
003538070	003606753	0.5623	0.9036
003538070	003607120	0.5845	0.9277
003538070	003608005	0.5525	0.9414
003538070	003612749	0.5883	0.9276
003538070	003613205	0.5565	0.9093
003538070	003613207	0.5501	0.9140
003538070	003613878	0.5561	0.9029
003538070	003614286	0.5362	0.9295
003538070	003615229	0.5464	0.9138
003538070	003615320	0.5274	0.9216
003538070	003615364	0.5498	0.9092
003538070	003617140	0.5913	0.9198
003538070	003618846	0.5188	0.9220
003538070	003619549	0.5218	0.9323
003538070	003620332	0.4837	0.9112
003538070	003622020	0.5450	0.9437
003538070	003624308	0.5524	0.9334
003538070	003628877	0.5712	0.9547
003538070	003636498	0.5674	0.9444
003538070	003637781	0.5750	0.9175
003538070	003638256	0.5210	0.9528
003538070	003638485	0.5315	0.9329
003538070	003639520	0.5953	0.9321
003538070	003639689	0.5618	0.9346
003538070	003640177	0.5498	0.9378
003538070	003648296	0.5482	0.9443
003538070	003649668	0.5117	0.9399
003538070	003649722	0.5911	0.9372
003538070	003660442	0.5541	0.9421
003538070	003661135	0.5251	0.9234
003538070	003666338	0.5409	0.9146
003538070	003668220	0.5594	0.9126
003538070	003672618	0.5485	0.9103
003538070	003674603	0.5859	0.9166
003538070	003676121	0.5587	0.9049
003538070	003676439	0.5722	0.9339
003538070	003677716	0.5358	0.9277
003538070	003682574	0.5001	0.9319
003538070	003684619	0.5713	0.9339
003538070	003685962	0.5010	0.9182
003538070	003686217	0.5409	0.9422
003538070	003688421	0.5280	0.9151
003538070	003688874	0.5093	0.9277
003538070	003689984	0.5479	0.9226
003538070	003691938	0.5335	0.9153
003538070	003694420	0.5546	0.9505
003538070	003698832	0.5504	0.9381
003538070	003699091	0.5769	0.9518
003538070	003699158	0.4824	0.9030
003538070	003699312	0.5687	0.9241
003538070	003699969	0.5602	0.9065
003538070	003700021	0.4847	0.9091
003538070	003700484	0.5401	0.9016
003538070	003700860	0.5977	0.9020
003538070	003701268	0.5655	0.9546
003538070	003704546	0.5523	0.9019
003538070	003704833	0.5672	0.9343
003538070	003705795	0.5266	0.9267
003538070	003706854	0.5043	0.9079
003538070	003709104	0.5434	0.9565
003538070	003713577	0.4837	0.9079
003538070	003716949	0.5349	0.9205
003538070	003717198	0.5720	0.9333
003538070	003718923	0.5670	0.9234
003538070	003719044	0.5494	0.9399
003538070	003719290	0.4634	0.9068
003538070	003719987	0.5345	0.9036
003538070	003723169	0.5331	0.9436
003538070	003730941	0.5734	0.9340
003538070	003731198	0.5237	0.9214
003538070	003734153	0.5519	0.9196
003538070	003734570	0.5505	0.9103
003538070	003735038	0.4986	0.9288
003538070	003737025	0.5371	0.9312
003538070	003737735	0.5346	0.9248
003538070	003738485	0.5125	0.9200
003538070	003739062	0.5495	0.9054
003538070	003739929	0.5044	0.9295
003538070	003740282	0.5712	0.9224
003538070	003743062	0.5861	0.9187
003538070	003743499	0.5269	0.9532
003538070	003743825	0.5780	0.9431
003538070	003750909	0.5293	0.9306
003538070	003781999	0.5259	0.9248
003538070	003783065	0.5574	0.9421
003538070	003785778	0.5361	0.9343
003538070	003787118	0.5409	0.9049
003538070	003788360	0.5377	0.9430
003538070	003791026	0.5382	0.9142
003538070	003792183	0.4895	0.9082
003538070	003793204	0.5126	0.9468
003538070	003797595	0.5390	0.9487
003538070	003797750	0.4792	0.9066
003538070	003798981	0.5562	0.9483
003538070	003800852	0.5947	0.9482
003538070	003804059	0.5176	0.9399
003538070	003807424	0.5606	0.9478
003538070	003807595	0.5387	0.9261
003538070	003808690	0.4832	0.9408
003538070	003809821	0.5793	0.9527
003538070	003823449	0.5659	0.9377
003538070	003826272	0.5306	0.9404
003538070	003828350	0.5966	0.9072
003538070	003837107	0.5369	0.9147
003538070	003842107	0.5430	0.9399
003538070	003854364	0.5837	0.9611
003538070	003856901	0.5854	0.9587
003538070	003864688	0.5098	0.9440
003538070	003865831	0.5252	0.9017
003538070	003873634	0.5511	0.9365
003538070	003875068	0.5578	0.9243
003538070	003892039	0.5562	0.9055
003538070	003903618	0.5207	0.9353
003538070	003906939	0.5016	0.9194
003538070	003911651	0.5820	0.9492
003538070	003912023	0.5800	0.9447
003538070	003913807	0.4980	0.9150
003538070	003916040	0.5310	0.9210
003538070	003920985	0.5256	0.9506
003538070	003921471	0.5181	0.9462
003538070	003922315	0.5889	0.9332
003538070	003922974	0.5791	0.9141
003538070	003923768	0.5330	0.9525
003538070	003926080	0.5737	0.9212
003538070	003927485	0.4819	0.9135
003538070	003928073	0.5283	0.9134
003538070	003929384	0.4674	0.9124
003538070	003934538	0.5684	0.9159
003538070	003940760	0.5362	0.9423
003538070	003940902	0.5651	0.9497
003538070	003961475	0.5555	0.9003
003538070	003976351	0.5551	0.9187
003538070	003991880	0.5877	0.9248
003538070	003993203	0.5508	0.9064
003538070	003993647	0.5450	0.9324
003538070	003997372	0.5217	0.9360
003538070	003997800	0.5507	0.9030
003538070	003998812	0.4862	0.9013
003538070	004000914	0.5374	0.9152
003538070	004002734	0.5770	0.9053
003538070	004003825	0.5872	0.9353
003538070	004011568	0.5556	0.9443
003538070	004012136	0.5267	0.9199
003538070	004012157	0.5817	0.9469
003538070	004016284	0.4765	0.9045
003538070	004017540	0.5586	0.9308
003538070	004018119	0.5765	0.9526
003538070	004018972	0.5159	0.9027
003538070	004021527	0.5945	0.9370
003538070	004021962	0.5202	0.9158
003538070	004022523	0.5605	0.9253
003538070	004024247	0.5552	0.9456
003538070	004027374	0.5244	0.9014
003538070	004029745	0.5903	0.9383
003538070	004029890	0.5378	0.9259
003538070	004030238	0.5160	0.9352
003538070	004030387	0.5553	0.9048
003538070	004053732	0.5524	0.9093
003538070	004068454	0.5310	0.9141
003538070	004069935	0.5295	0.9257
003538070	004076563	0.5479	0.9408
003538070	004080481	0.5490	0.9498
003538070	004101918	0.5858	0.9458
003538070	004127832	0.5332	0.9210
003538070	004215561	0.5312	0.9122
003538070	004218949	0.4859	0.9337
003538070	004235295	0.5550	0.9320
003538070	004265797	0.5497	0.9577
003538070	004268173	0.5547	0.9254
003538070	004369043	0.5277	0.9431
003538070	004377695	0.5508	0.9057
003538070	004415790	0.5321	0.9008
003538070	004429823	0.5548	0.9104
003538070	004440911	0.5789	0.9594
003538070	004443862	0.5100	0.9025
003538070	004448672	0.5217	0.9150
003538070	004490994	0.5266	0.9150
003538070	004494806	0.5336	0.9118
003538070	004500222	0.5439	0.9603
003538070	004533388	0.4972	0.9003
003538070	004583705	0.5292	0.9373
003538070	004590767	0.5400	0.9050
003538070	004605731	0.5553	0.9485
003538070	004627786	0.5610	0.9117
003538070	004935667	0.5190	0.9080
003538070	004960783	0.5499	0.9236
003538070	004970161	0.5440	0.9111
003538070	004978305	0.4961	0.9035
003538070	005012604	0.5269	0.9134
003538070	005013895	0.5907	0.9004
003538070	005016484	0.5858	0.9073
003538070	005019689	0.5016	0.9117
003538070	005021918	0.5327	0.9064
003538070	005034263	0.5507	0.9152
003538070	005034437	0.5448	0.9038
003539509	003801207	0.5891	0.9234
003539509	004124141	0.5407	0.9029
003539509	004155213	0.5560	0.9200
003539509	004178839	0.5474	0.9198
003539509	004477674	0.4952	0.9351
003539509	005033151	0.5630	0.9138
003544248	003837507	0.5591	0.9285
003544248	005033151	0.4509	0.9033
003550627	003837507	0.5973	0.9071
003550695	004124141	0.5659	0.9177
003560014	003596605	0.5120	0.9036
003560014	003837507	0.5816	0.9276
003560014	003927485	0.5608	0.9007
003560014	004009350	0.5327	0.9044
003560014	004124141	0.5808	0.9233
003560014	004155213	0.5920	0.9581
003560014	004477674	0.4478	0.9079
003560014	005033151	0.5186	0.9196
003562264	004124141	0.5528	0.9190
003562264	004477674	0.4514	0.9074
003562264	005033151	0.4698	0.9008
003564430	003927485	0.5518	0.9001
003564430	003979604	0.5719	0.9155
003564430	003980597	0.3953	0.9008
003564430	003983612	0.5535	0.9171
003564430	004002734	0.5621	0.9026
003564430	004009350	0.5875	0.9151
003564430	004028987	0.4741	0.9090
003564430	004253554	0.4392	0.9009
003564430	004477674	0.5381	0.9217
003564430	004946152	0.4526	0.9051
003564430	005033151	0.4918	0.9283
003566940	003599834	0.5456	0.9489
003566940	003607811	0.4053	0.9101
003566940	003707024	0.5538	0.9243
003566940	003712799	0.4867	0.9305
003566940	003974487	0.5290	0.9515
003566940	004009350	0.5504	0.9004
003566940	004025316	0.5613	0.9272
003566940	004028987	0.5301	0.9304
003566940	005013047	0.5686	0.9042
003566940	005028264	0.4753	0.9250
003567565	003596605	0.5157	0.9011
003567565	003707024	0.5398	0.9054
003567565	003893356	0.4049	0.9059
003567565	003927485	0.5495	0.9235
003567565	003974487	0.4600	0.9155
003567565	003979604	0.5527	0.9309
003567565	003980597	0.3668	0.9382
003567565	003983612	0.5327	0.9339
003567565	003988870	0.4989	0.9048
003567565	004002734	0.5298	0.9229
003567565	004009350	0.5452	0.9454
003567565	004028987	0.4818	0.9346
003567565	004034170	0.4503	0.9344
003567565	004178839	0.5838	0.9064
003567565	004253554	0.4245	0.9410
003567565	004477674	0.4954	0.9434
003567565	004935667	0.5713	0.9302
003567565	004946152	0.4332	0.9196
003567565	005013047	0.4888	0.9240
003567565	005033151	0.4769	0.9432
003567565	005063011	0.4900	0.9161
003567828	003645871	0.5733	0.9325
003568385	003837507	0.5791	0.9092
003568385	003927485	0.5517	0.9231
003568385	003979604	0.5383	0.9004
003568385	003980597	0.3726	0.9124
003568385	003983612	0.5123	0.9025
003568385	004002734	0.5286	0.9101
003568385	004009350	0.5433	0.9306
003568385	004034170	0.4748	0.9069
003568385	004124141	0.5906	0.9283
003568385	004178839	0.5768	0.9584
003568385	004477674	0.4706	0.9337
003568385	004935667	0.5720	0.9139
003568385	005013047	0.5100	0.9164
003568385	005033151	0.5025	0.9413
003568385	005063011	0.5131	0.9062
003573608	003595522	0.5550	0.9221
003573608	003643506	0.5955	0.9616
003573608	003715701	0.5991	0.9112
003573608	003741412	0.5695	0.9370
003573608	003786918	0.5580	0.9264
003573608	004020138	0.5410	0.9270
003573608	004028903	0.5875	0.9128
003576622	003740241	0.5432	0.9060
003576622	003801207	0.5864	0.9136
003576622	003830898	0.5715	0.9007
003576622	003893356	0.3940	0.9002
003576622	003927485	0.5032	0.9043
003576622	003975571	0.5837	0.9427
003576622	003979604	0.5144	0.9244
003576622	003980597	0.3599	0.9377
003576622	003983612	0.4889	0.9255
003576622	004002734	0.4745	0.9105
003576622	004009350	0.4913	0.9192
003576622	004028987	0.4657	0.9101
003576622	004034170	0.4056	0.9184
003576622	004155213	0.5697	0.9104
003576622	004253554	0.4099	0.9236
003576622	004477674	0.4558	0.9192
003576622	004935667	0.5722	0.9033
003576622	004946152	0.4206	0.9265
003576622	005013047	0.4456	0.9196
003576622	005033151	0.4453	0.9335
003576622	005063011	0.4618	0.9296
003577625	003596605	0.5359	0.9043
003577625	003599834	0.5546	0.9126
003577625	003607811	0.5012	0.9032
003577625	003707024	0.5911	0.9206
003577625	003840585	0.5513	0.9000
003577625	003893356	0.4349	0.9226
003577625	003927485	0.5382	0.9342
003577625	003974487	0.4821	0.9272
003577625	003979604	0.5457	0.9496
003577625	003980597	0.4164	0.9439
003577625	003983612	0.5396	0.9510
003577625	003988870	0.5156	0.9198
003577625	004002734	0.5423	0.9353
003577625	004009350	0.5879	0.9560
003577625	004028987	0.4975	0.9539
003577625	004034170	0.4658	0.9438
003577625	004253554	0.4338	0.9488
003577625	004477674	0.5488	0.9417
003577625	004935667	0.5667	0.9386
003577625	004946152	0.4662	0.9208
003577625	005013047	0.5161	0.9396
003577625	005033151	0.4886	0.9516
003577625	005063011	0.4910	0.9232
003582338	003599332	0.5110	0.9585
003582338	003601768	0.5953	0.9070
003582338	003607264	0.3779	0.9038
003582338	003620236	0.5809	0.9562
003582338	003625799	0.4999	0.9083
003582338	003638476	0.5664	0.9265
003582338	003671668	0.5123	0.9270
003582338	003685671	0.5939	0.9592
003582338	003712799	0.4859	0.9062
003582338	003734871	0.5573	0.9223
003582338	003740131	0.5642	0.9554
003582338	003740361	0.5608	0.9297
003582338	003788333	0.5797	0.9120
003582338	003921608	0.5629	0.9670
003582338	003928041	0.5488	0.9387
003582338	003981561	0.3985	0.9096
003582338	004021481	0.5199	0.9063
003582338	004022477	0.4609	0.9443
003582338	004025105	0.5444	0.9138
003582338	004161981	0.5873	0.9143
003582338	004995535	0.5220	0.9237
003582338	005030272	0.5156	0.9507
003582338	005034081	0.5878	0.9064
003582460	003595522	0.5597	0.9161
003582460	003625799	0.5782	0.9088
003582460	003643506	0.5891	0.9584
003582460	003671668	0.5924	0.9138
003582460	003712799	0.5631	0.9185
003582460	003741412	0.5796	0.9350
003582460	003786918	0.5634	0.9317
003582460	003935022	0.5566	0.9061
003582980	003596605	0.5912	0.9311
003582980	003974487	0.4563	0.9001
003582980	003979604	0.4350	0.9230
003582980	003980597	0.4114	0.9280
003582980	003983612	0.4277	0.9224
003582980	004002734	0.4235	0.9049
003582980	004009350	0.5078	0.9011
003582980	004028987	0.4485	0.9053
003582980	004178839	0.5847	0.9113
003582980	004946152	0.4905	0.9273
003582980	005013047	0.4465	0.9051
003582980	005033151	0.4199	0.9151
003582980	005063011	0.4662	0.9267
003586488	004124141	0.5731	0.9104
003586488	004155213	0.5810	0.9357
003586488	004178839	0.5477	0.9280
003586488	004477674	0.4874	0.9033
003586488	005033151	0.4914	0.9093
003588655	003596605	0.4899	0.9009
003588655	003783242	0.5903	0.9016
003588655	003893356	0.4428	0.9277
003588655	003927485	0.5613	0.9094
003588655	003979604	0.5940	0.9237
003588655	003980597	0.3957	0.9537
003588655	003983612	0.5757	0.9315
003588655	004002734	0.5675	0.9123
003588655	004009350	0.5555	0.9490
003588655	004028987	0.5068	0.9244
003588655	004034170	0.4622	0.9366
003588655	004253554	0.4266	0.9551
003588655	004477674	0.5066	0.9457
003588655	004935667	0.5538	0.9313
003588655	004946152	0.4494	0.9292
003588655	005013047	0.4910	0.9273
003588655	005033151	0.4770	0.9306
003588655	005063011	0.5068	0.9421
003589934	003893356	0.4539	0.9328
003589934	003926817	0.4982	0.9129
003589934	003927485	0.5317	0.9141
003589934	003932681	0.4320	0.9030
003589934	003979604	0.5726	0.9428
003589934	003980597	0.4565	0.9387
003589934	003983612	0.5543	0.9474
003589934	003988870	0.4975	0.9109
003589934	004002734	0.5574	0.9214
003589934	004009350	0.5446	0.9395
003589934	004028987	0.5292	0.9344
003589934	004034170	0.4653	0.9289
003589934	004253554	0.4597	0.9402
003589934	004477674	0.5055	0.9381
003589934	004935667	0.5542	0.9235
003589934	004946152	0.4844	0.9338
003589934	005013047	0.4897	0.9260
003589934	005033151	0.4740	0.9398
003589934	005063011	0.5080	0.9260
003590884	003924245	0.5337	0.9115
003590884	003926817	0.4993	0.9354
003590884	003927485	0.4227	0.9025
003590884	003932681	0.4760	0.9390
003590884	003979604	0.5209	0.9319
003590884	003983612	0.5223	0.9341
003590884	003988870	0.4348	0.9261
003590884	004002734	0.5062	0.9175
003590884	004009350	0.5454	0.9019
003590884	004028987	0.4432	0.9147
003590884	004034170	0.3763	0.9072
003590884	004477674	0.4850	0.9338
003590884	004675879	0.5946	0.9255
003590884	004935667	0.3961	0.9112
003590884	004946152	0.4405	0.9246
003590884	005013047	0.4245	0.9172
003590884	005033151	0.3531	0.9404
003591117	003643506	0.5971	0.9263
003591117	003786918	0.5831	0.9256
003591117	004020266	0.5855	0.9295
003591559	003596605	0.5716	0.9217
003591559	003599834	0.4673	0.9220
003591559	003688269	0.5869	0.9110
003591559	003707024	0.4964	0.9166
003591559	003837507	0.5873	0.9161
003591559	003893356	0.5148	0.9010
003591559	003927485	0.5314	0.9062
003591559	003974487	0.4855	0.9152
003591559	003979604	0.5714	0.9037
003591559	003980597	0.4406	0.9605
003591559	003983612	0.5599	0.9081
003591559	004002734	0.5443	0.9054
003591559	004009350	0.5531	0.9405
003591559	004028987	0.4934	0.9242
003591559	004034170	0.5007	0.9483
003591559	004253554	0.4606	0.9397
003591559	004477674	0.5154	0.9254
003591559	004935667	0.5250	0.9317
003591559	005013047	0.5146	0.9477
003591559	005033151	0.4997	0.9471
003591559	005063011	0.5084	0.9156
003591571	003599834	0.4464	0.9056
003591571	003837507	0.5355	0.9185
003591571	005033151	0.4601	0.9048
003591607	003599834	0.5623	0.9131
003591607	003707024	0.5796	0.9146
003591607	003837507	0.5784	0.9231
003591607	003893356	0.5347	0.9197
003591607	003927485	0.5242	0.9243
003591607	003974487	0.5748	0.9111
003591607	003979604	0.5544	0.9315
003591607	003980597	0.4967	0.9598
003591607	003983612	0.5604	0.9345
003591607	004002734	0.5635	0.9207
003591607	004028987	0.5583	0.9444
003591607	004034170	0.5323	0.9514
003591607	004253554	0.4629	0.9509
003591607	004477674	0.5646	0.9378
003591607	004935667	0.5055	0.9390
003591607	004946152	0.5425	0.9046
003591607	005013047	0.5517	0.9477
003591607	005033151	0.5165	0.9507
003591607	005063011	0.5620	0.9164
003592306	003599834	0.4815	0.9013
003592306	003607918	0.5948	0.9034
003592306	003707024	0.5159	0.9147
003592306	003801207	0.5957	0.9112
003592306	003927485	0.5271	0.9069
003592306	003974487	0.4138	0.9151
003592306	003980597	0.3561	0.9188
003592306	004009350	0.5075	0.9205
003592306	004025316	0.4771	0.9065
003592306	004034170	0.4057	0.9126
003592306	004178839	0.5901	0.9267
003592306	004253554	0.3879	0.9124
003592306	004477674	0.4719	0.9347
003592306	004935667	0.5371	0.9166
003592306	005013047	0.4395	0.9132
003592306	005028264	0.4366	0.9074
003592306	005033151	0.4261	0.9200
003592488	003596605	0.5119	0.9055
003592488	003599834	0.4748	0.9186
003592488	003707024	0.4763	0.9231
003592488	003837507	0.5881	0.9155
003592488	003927485	0.5085	0.9351
003592488	003974487	0.5364	0.9022
003592488	003979604	0.5018	0.9172
003592488	003980597	0.3317	0.9473
003592488	003983612	0.4776	0.9207
003592488	004002734	0.5075	0.9262
003592488	004009350	0.5187	0.9570
003592488	004028987	0.3989	0.9292
003592488	004034170	0.4537	0.9382
003592488	004124141	0.5579	0.9347
003592488	004178839	0.5707	0.9726
003592488	004253554	0.4111	0.9310
003592488	004477674	0.4698	0.9425
003592488	004935667	0.4981	0.9401
003592488	005013047	0.4865	0.9428
003592488	005033151	0.4612	0.9559
003592488	005063011	0.4507	0.9159
003592731	004178839	0.5938	0.9471
003592731	004477674	0.5127	0.9034
003592731	005033151	0.5156	0.9087
003593128	004155213	0.5964	0.9278
003593128	004178839	0.5811	0.9212
003593299	003974487	0.4563	0.9269
003593299	003979604	0.4516	0.9206
003593299	003980597	0.3817	0.9192
003593299	003983612	0.4444	0.9193
003593299	004009350	0.5333	0.9141
003593299	004028987	0.4701	0.9103
003593299	004178839	0.5818	0.9104
003593299	004946152	0.4743	0.9045
003593299	005033151	0.4194	0.9099
003593299	005063011	0.4805	0.9251
003593332	003599332	0.5530	0.9610
003593332	003625799	0.5067	0.9042
003593332	004856373	0.4686	0.9011
003593474	003599834	0.5110	0.9445
003593474	003607811	0.4878	0.9177
003593474	003707024	0.5315	0.9536
003593474	003893356	0.4771	0.9241
003593474	003927485	0.5998	0.9411
003593474	003974487	0.4763	0.9598
003593474	003980597	0.4486	0.9708
003593474	003988870	0.5501	0.9123
003593474	004002734	0.5918	0.9434
003593474	004009350	0.5726	0.9691
003593474	004025316	0.4843	0.9134
003593474	004028987	0.5158	0.9715
003593474	004034170	0.5242	0.9611
003593474	004253554	0.4800	0.9634
003593474	004477674	0.5132	0.9234
003593474	004935667	0.5614	0.9585
003593474	005013047	0.5402	0.9708
003593474	005028264	0.4422	0.9300
003593474	005030272	0.5994	0.9054
003593474	005033151	0.5296	0.9508
003593474	005063011	0.5697	0.9369
003593475	003599834	0.5270	0.9353
003593475	003707024	0.5381	0.9325
003593475	003974487	0.5239	0.9344
003593475	003980597	0.4138	0.9607
003593475	003983612	0.5942	0.9089
003593475	004002734	0.5986	0.9088
003593475	004009350	0.5899	0.9516
003593475	004028987	0.4786	0.9395
003593475	004034170	0.5438	0.9508
003593475	004124141	0.5431	0.9077
003593475	004253554	0.4874	0.9442
003593475	004477674	0.5207	0.9076
003593475	004935667	0.5148	0.9421
003593475	005013047	0.5457	0.9566
003593475	005028264	0.4736	0.9217
003593475	005033151	0.5467	0.9422
003593723	004477674	0.4881	0.9134
003593723	005033151	0.4858	0.9127
003594076	003837507	0.5944	0.9049
003594076	003893356	0.4623	0.9200
003594076	003927485	0.5720	0.9092
003594076	003980597	0.4586	0.9454
003594076	003983612	0.5921	0.9229
003594076	004028987	0.5442	0.9207
003594076	004034170	0.5174	0.9376
003594076	004253554	0.4655	0.9467
003594076	004477674	0.5536	0.9537
003594076	004935667	0.5652	0.9345
003594076	004946152	0.4956	0.9134
003594076	005013047	0.5525	0.9363
003594076	005033151	0.5187	0.9423
003594076	005063011	0.5327	0.9331
003594089	004124141	0.5961	0.9064
003594089	004178839	0.5506	0.9343
003594089	004477674	0.4574	0.9296
003594089	005033151	0.4809	0.9215
003594812	003785384	0.4890	0.9066
003594812	004983620	0.3616	0.9037
003595390	003596605	0.5830	0.9426
003595390	003607918	0.5929	0.9203
003595390	003974487	0.4579	0.9203
003595390	003979604	0.4659	0.9106
003595390	003980597	0.3968	0.9231
003595390	003983612	0.4626	0.9111
003595390	004009350	0.5511	0.9101
003595390	004028987	0.4634	0.9014
003595390	004178839	0.5520	0.9103
003595390	004946152	0.4954	0.9080
003595390	005030272	0.5699	0.9054
003595390	005033151	0.4305	0.9056
003595390	005063011	0.4829	0.9248
003595501	003596605	0.4978	0.9196
003595501	003740241	0.5973	0.9049
003595501	003893356	0.4079	0.9155
003595501	003974487	0.4514	0.9127
003595501	003979604	0.5733	0.9152
003595501	003980597	0.3758	0.9414
003595501	003983612	0.5498	0.9207
003595501	004002734	0.5464	0.9056
003595501	004009350	0.5703	0.9326
003595501	004028987	0.5019	0.9237
003595501	004034170	0.4617	0.9314
003595501	004178839	0.5614	0.9168
003595501	004253554	0.4413	0.9350
003595501	004477674	0.5033	0.9349
003595501	004935667	0.5954	0.9165
003595501	004946152	0.4271	0.9116
003595501	004993396	0.5874	0.9457
003595501	005013047	0.4986	0.9200
003595501	005030272	0.5635	0.9044
003595501	005033151	0.5012	0.9399
003595501	005063011	0.4910	0.9100
003595522	003599332	0.4896	0.9167
003595522	003620236	0.5449	0.9109
003595522	003671668	0.5105	0.9134
003595522	003740131	0.5139	0.9003
003595522	003921608	0.5096	0.9176
003595522	003981561	0.4037	0.9038
003595522	004995535	0.5377	0.9025
003595540	003599834	0.4823	0.9063
003595540	003924922	0.5910	0.9256
003595540	003974487	0.4939	0.9056
003595540	003980597	0.4123	0.9023
003595540	004009350	0.5346	0.9131
003595540	004477674	0.5077	0.9153
003595540	005033151	0.4400	0.9062
003596057	004946152	0.5997	0.9069
003596605	003596609	0.5600	0.9266
003596605	003597122	0.5686	0.9260
003596605	003597269	0.5753	0.9320
003596605	003597789	0.5270	0.9213
003596605	003598597	0.5396	0.9039
003596605	003598651	0.5828	0.9394
003596605	003600113	0.5639	0.9340
003596605	003600156	0.5543	0.9420
003596605	003600317	0.5280	0.9049
003596605	003600457	0.5090	0.9020
003596605	003601074	0.5197	0.9055
003596605	003601244	0.5455	0.9259
003596605	003601553	0.5457	0.9347
003596605	003607742	0.5003	0.9067
003596605	003608005	0.5295	0.9085
003596605	003612063	0.5729	0.9320
003596605	003612977	0.5526	0.9327
003596605	003617140	0.5169	0.9248
003596605	003620332	0.4516	0.9268
003596605	003628877	0.5428	0.9085
003596605	003635578	0.5073	0.9141
003596605	003636498	0.5221	0.9022
003596605	003639689	0.5354	0.9123
003596605	003648296	0.5481	0.9066
003596605	003652683	0.5807	0.9049
003596605	003656345	0.4701	0.9238
003596605	003661135	0.4916	0.9233
003596605	003668220	0.5102	0.9128
003596605	003672618	0.5203	0.9248
003596605	003674165	0.5080	0.9068
003596605	003674603	0.5702	0.9165
003596605	003676121	0.5170	0.9097
003596605	003676439	0.5430	0.9080
003596605	003679431	0.4970	0.9042
003596605	003682574	0.5050	0.9101
003596605	003685962	0.4888	0.9163
003596605	003688421	0.5227	0.9184
003596605	003689984	0.4957	0.9003
003596605	003690322	0.5888	0.9056
003596605	003691938	0.5286	0.9023
003596605	003694420	0.5021	0.9071
003596605	003694580	0.5658	0.9044
003596605	003698084	0.5407	0.9092
003596605	003699969	0.4921	0.9004
003596605	003700021	0.5606	0.9337
003596605	003702769	0.5845	0.9392
003596605	003703958	0.5210	0.9313
003596605	003704546	0.5782	0.9349
003596605	003705335	0.5044	0.9155
003596605	003706854	0.5393	0.9214
003596605	003713577	0.5118	0.9128
003596605	003717955	0.5956	0.9282
003596605	003719290	0.5245	0.9268
003596605	003723169	0.5263	0.9115
003596605	003723538	0.5755	0.9000
003596605	003731198	0.4909	0.9066
003596605	003750815	0.5460	0.9164
003596605	003768984	0.5310	0.9003
003596605	003776905	0.4743	0.9031
003596605	003783065	0.5003	0.9031
003596605	003788177	0.5522	0.9082
003596605	003789028	0.5739	0.9023
003596605	003791026	0.4667	0.9107
003596605	003792183	0.4330	0.9120
003596605	003793204	0.4964	0.9094
003596605	003795430	0.4519	0.9025
003596605	003797595	0.5129	0.9013
003596605	003798944	0.4515	0.9092
003596605	003803751	0.4631	0.9004
003596605	003803752	0.4732	0.9085
003596605	003804059	0.5014	0.9144
003596605	003807595	0.4937	0.9286
003596605	003809821	0.5303	0.9190
003596605	003815944	0.5422	0.9018
003596605	003828350	0.5405	0.9012
003596605	003837107	0.5045	0.9039
003596605	003856901	0.5407	0.9030
003596605	003865831	0.4524	0.9152
003596605	003879415	0.5621	0.9207
003596605	003891882	0.5440	0.9109
003596605	003903582	0.5372	0.9058
003596605	003906939	0.4862	0.9155
003596605	003911651	0.5567	0.9001
003596605	003912861	0.5253	0.9222
003596605	003916040	0.5654	0.9127
003596605	003920985	0.5060	0.9032
003596605	003923768	0.5065	0.9158
003596605	003931010	0.5351	0.9243
003596605	003938586	0.4868	0.9068
003596605	003940173	0.5294	0.9005
003596605	003940207	0.4540	0.9123
003596605	003940760	0.5132	0.9167
003596605	003961475	0.5414	0.9059
003596605	003974873	0.5258	0.9045
003596605	003976351	0.5011	0.9130
003596605	003991880	0.5131	0.9078
003596605	003998812	0.4800	0.9113
003596605	004003825	0.5605	0.9112
003596605	004011568	0.5026	0.9095
003596605	004012157	0.5247	0.9086
003596605	004016655	0.5049	0.9201
003596605	004017539	0.5636	0.9052
003596605	004017540	0.5566	0.9026
003596605	004021473	0.4988	0.9192
003596605	004021801	0.5353	0.9304
003596605	004024199	0.5021	0.9207
003596605	004024611	0.5207	0.9309
003596605	004024702	0.4991	0.9066
003596605	004026925	0.5685	0.9085
003596605	004027374	0.4770	0.9137
003596605	004029745	0.5531	0.9176
003596605	004029993	0.5480	0.9265
003596605	004030613	0.5077	0.9189
003596605	004047160	0.4574	0.9066
003596605	004053732	0.4994	0.9285
003596605	004056079	0.5382	0.9258
003596605	004059449	0.5161	0.9183
003596605	004060774	0.5214	0.9209
003596605	004063483	0.4374	0.9180
003596605	004068454	0.5010	0.9033
003596605	004069935	0.4799	0.9099
003596605	004076563	0.5297	0.9007
003596605	004127832	0.4964	0.9191
003596605	004215561	0.5117	0.9015
003596605	004265797	0.5093	0.9146
003596605	004268173	0.5109	0.9345
003596605	004377695	0.4758	0.9086
003596605	004415790	0.5154	0.9292
003596605	004429823	0.4871	0.9245
003596605	004440911	0.5551	0.9007
003596605	004448672	0.4870	0.9168
003596605	004494806	0.4861	0.9176
003596605	004500222	0.5177	0.9171
003596605	004505160	0.5047	0.9338
003596605	004627786	0.5354	0.9228
003596605	004951033	0.5709	0.9426
003596605	004951893	0.5955	0.9248
003596605	004955823	0.5991	0.9188
003596605	004960361	0.5134	0.9013
003596605	004960365	0.5891	0.9041
003596605	004960783	0.5646	0.9138
003596605	004970161	0.4810	0.9190
003596605	004978305	0.4936	0.9035
003596605	005005855	0.5101	0.9052
003596605	005008468	0.5759	0.9015
003596605	005012604	0.5027	0.9106
003596605	005016484	0.5586	0.9005
003596605	005019689	0.4377	0.9048
003596605	005021918	0.5195	0.9034
003596605	005034263	0.5150	0.9269
003596605	005034437	0.5284	0.9090
003596605	005034502	0.5317	0.9132
003596605	005053437	0.5523	0.9339
003596605	005060709	0.4965	0.9218
003596605	005064725	0.4951	0.9154
003596605	005078298	0.5449	0.9048
003596605	005080542	0.5147	0.9140
003596609	003599834	0.5842	0.9144
003596609	003707024	0.5732	0.9134
003596609	003980597	0.4770	0.9465
003596609	004028987	0.5485	0.9217
003596609	004034170	0.5764	0.9215
003596609	004253554	0.5314	0.9233
003596609	004477674	0.5430	0.9169
003596609	004935667	0.5566	0.9189
003596609	004946152	0.5443	0.9043
003596609	005013047	0.5888	0.9336
003596609	005030272	0.5851	0.9173
003596609	005033151	0.5861	0.9377
003596871	004477674	0.5620	0.9024
003596874	003650120	0.3945	0.9016
003596874	003690053	0.3347	0.9446
003596874	003784612	0.3080	0.9100
003596874	003817230	0.3377	0.9005
003596874	003947596	0.2622	0.9020
003596874	003959126	0.3174	0.9194
003596874	003969508	0.3038	0.9161
003596874	003979552	0.3072	0.9117
003596874	003997800	0.4051	0.9101
003596874	004016284	0.3845	0.9044
003596874	004024974	0.3594	0.9189
003596874	004218949	0.4209	0.9246
003596874	004476649	0.2504	0.9103
003596874	004936750	0.3378	0.9231
003596874	004942072	0.3209	0.9060
003596874	004978402	0.3634	0.9044
003596874	005029261	0.3639	0.9156
003596874	005049075	0.2691	0.9211
003596874	005052629	0.3718	0.9123
003596874	005055984	0.2325	0.9077
003596874	005056886	0.3035	0.9231
003596874	005060255	0.2752	0.9001
003597122	003599834	0.5229	0.9000
003597122	003974487	0.4771	0.9332
003597122	003979604	0.4753	0.9170
003597122	003980597	0.3840	0.9237
003597122	003983612	0.4656	0.9173
003597122	004028987	0.4820	0.9029
003597122	004946152	0.4487	0.9122
003597122	005030272	0.5937	0.9199
003597122	005063011	0.4775	0.9373
003597269	003607918	0.5688	0.9287
003597269	003686217	0.5864	0.9033
003597269	003738602	0.5709	0.9003
003597269	003782183	0.5984	0.9275
003597269	003880439	0.5812	0.9009
003597269	003940432	0.5814	0.9177
003597269	003974487	0.4507	0.9158
003597269	003979604	0.5227	0.9046
003597269	003980597	0.4295	0.9158
003597269	003983612	0.5200	0.9052
003597269	004946152	0.5173	0.9085
003597269	005030272	0.5974	0.9033
003597269	005063011	0.5167	0.9256
003597789	003893356	0.4416	0.9005
003597789	003927485	0.4797	0.9064
003597789	003974487	0.4310	0.9017
003597789	003979604	0.5109	0.9328
003597789	003980597	0.4074	0.9417
003597789	003983612	0.4941	0.9328
003597789	004002734	0.4810	0.9114
003597789	004009350	0.5342	0.9218
003597789	004028987	0.4686	0.9171
003597789	004034170	0.4304	0.9167
003597789	004178839	0.5572	0.9048
003597789	004253554	0.4228	0.9192
003597789	004477674	0.4848	0.9052
003597789	004935667	0.5399	0.9041
003597789	004946152	0.4671	0.9302
003597789	005013047	0.4619	0.9154
003597789	005033151	0.4574	0.9316
003597789	005063011	0.4805	0.9273
003598494	004951033	0.5737	0.9049
003598597	003599834	0.4505	0.9043
003598597	003636504	0.5421	0.9097
003598597	003648094	0.5213	0.9017
003598597	003707024	0.5029	0.9131
003598597	003740241	0.5519	0.9233
003598597	003840585	0.5021	0.9055
003598597	003893356	0.4293	0.9231
003598597	003927485	0.4680	0.9177
003598597	003974487	0.4000	0.9207
003598597	003979604	0.4855	0.9423
003598597	003980597	0.3827	0.9609
003598597	003983612	0.4636	0.9424
003598597	003988870	0.4243	0.9066
003598597	004002734	0.4471	0.9286
003598597	004009350	0.4962	0.9356
003598597	004028987	0.4594	0.9398
003598597	004034170	0.3991	0.9455
003598597	004178839	0.5151	0.9113
003598597	004253554	0.4025	0.9449
003598597	004477674	0.4551	0.9224
003598597	004935667	0.5612	0.9239
003598597	004946152	0.4579	0.9290
003598597	005013047	0.4408	0.9437
003598597	005033151	0.4382	0.9519
003598597	005063011	0.4678	0.9286
003598651	003974487	0.4689	0.9219
003598651	003979604	0.4611	0.9278
003598651	003980597	0.3816	0.9183
003598651	003983612	0.4515	0.9275
003598651	004002734	0.4422	0.9007
003598651	004009350	0.5236	0.9111
003598651	004028987	0.4719	0.9113
003598651	004946152	0.4504	0.9128
003598651	005033151	0.4157	0.9034
003598651	005063011	0.4702	0.9322
003598786	003801207	0.5832	0.9161
003598786	003980597	0.4137	0.9282
003598786	003983708	0.5742	0.9062
003598786	004009350	0.5541	0.9128
003598786	004124141	0.5087	0.9073
003598786	004155213	0.5554	0.9345
003598786	004178839	0.5726	0.9352
003598786	005078298	0.5949	0.9033
003598933	003997800	0.5719	0.9153
003598933	004318569	0.5990	0.9075
003598933	005077180	0.5952	0.9130
003599176	003840585	0.4981	0.9024
003599176	003974487	0.4775	0.9071
003599176	003979604	0.4006	0.9215
003599176	003980597	0.4400	0.9316
003599176	003983612	0.3951	0.9224
003599176	004002734	0.3882	0.9042
003599176	004028987	0.4746	0.9080
003599176	004034170	0.4100	0.9100
003599176	004253554	0.4180	0.9093
003599176	004946152	0.5056	0.9269
003599176	005013047	0.4356	0.9087
003599176	005033151	0.4312	0.9240
003599176	005063011	0.4949	0.9201
003599196	004477674	0.5483	0.9240
003599303	003801207	0.5520	0.9157
003599303	004155213	0.5051	0.9224
003599303	004178839	0.5571	0.9157
003599332	003621686	0.5448	0.9079
003599332	003637671	0.5896	0.9245
003599332	003643506	0.5020	0.9639
003599332	003664077	0.5316	0.9635
003599332	003697095	0.5182	0.9444
003599332	003707160	0.5325	0.9575
003599332	003715701	0.5089	0.9114
003599332	003732360	0.5573	0.9006
003599332	003741412	0.5077	0.9424
003599332	003784827	0.5448	0.9287
003599332	003786918	0.5184	0.9301
003599332	003869291	0.5522	0.9024
003599332	003959126	0.5834	0.9257
003599332	003971451	0.5855	0.9264
003599332	004020138	0.4856	0.9324
003599332	004020266	0.5325	0.9587
003599332	004022826	0.5262	0.9390
003599332	004027936	0.5915	0.9216
003599332	004028903	0.4909	0.9207
003599332	004941446	0.5428	0.9023
003599666	003599834	0.4711	0.9188
003599666	003707024	0.4766	0.9208
003599666	003893356	0.4050	0.9011
003599666	003927485	0.4741	0.9120
003599666	003974487	0.5622	0.9311
003599666	003979604	0.4761	0.9220
003599666	003980597	0.4119	0.9701
003599666	003983612	0.4727	0.9212
003599666	004002734	0.5263	0.9131
003599666	004009350	0.5350	0.9413
003599666	004028987	0.3737	0.9340
003599666	004034170	0.4984	0.9418
003599666	004253554	0.4268	0.9375
003599666	004935667	0.3795	0.9281
003599666	005013047	0.5060	0.9492
003599666	005030272	0.5721	0.9057
003599666	005033151	0.4739	0.9389
003599666	005063011	0.4398	0.9172
003599791	003688269	0.5936	0.9210
003599791	003980597	0.3948	0.9237
003599791	004034170	0.5400	0.9003
003599791	004477674	0.5458	0.9068
003599791	005033151	0.5478	0.9155
003599834	003600113	0.5146	0.9224
003599834	003600156	0.4607	0.9096
003599834	003601553	0.5167	0.9081
003599834	003601768	0.4650	0.9211
003599834	003613205	0.5091	0.9170
003599834	003613207	0.4974	0.9157
003599834	003615364	0.5120	0.9362
003599834	003615365	0.4672	0.9019
003599834	003617140	0.5664	0.9225
003599834	003624308	0.5000	0.9038
003599834	003635578	0.4693	0.9297
003599834	003639520	0.4831	0.9093
003599834	003643302	0.5566	0.9288
003599834	003650120	0.5248	0.9347
003599834	003661135	0.5246	0.9089
003599834	003668220	0.5135	0.9183
003599834	003674165	0.5089	0.9194
003599834	003685962	0.5101	0.9126
003599834	003688421	0.4813	0.9156
003599834	003688874	0.4679	0.9090
003599834	003691938	0.4738	0.9050
003599834	003700021	0.4085	0.9053
003599834	003700484	0.4778	0.9459
003599834	003701828	0.4438	0.9016
003599834	003713577	0.4748	0.9074
003599834	003714904	0.4941	0.9245
003599834	003719290	0.4619	0.9113
003599834	003731198	0.4944	0.9101
003599834	003738616	0.5995	0.9069
003599834	003740131	0.5309	0.9056
003599834	003743499	0.4669	0.9053
003599834	003757999	0.5519	0.9261
003599834	003781999	0.4807	0.9104
003599834	003791026	0.5119	0.9101
003599834	003792183	0.5366	0.9404
003599834	003795430	0.5559	0.9002
003599834	003797750	0.4531	0.9091
003599834	003800736	0.4683	0.9261
003599834	003807595	0.5088	0.9100
003599834	003809821	0.5356	0.9200
003599834	003817230	0.4814	0.9580
003599834	003825550	0.5113	0.9149
003599834	003846043	0.5401	0.9076
003599834	003856901	0.5039	0.9088
003599834	003865831	0.5188	0.9029
003599834	003873634	0.4866	0.9216
003599834	003884108	0.5722	0.9134
003599834	003906939	0.5054	0.9204
003599834	003916040	0.4976	0.9142
003599834	003922315	0.4929	0.9194
003599834	003923768	0.4563	0.9195
003599834	003929384	0.4597	0.9053
003599834	003940760	0.4855	0.9008
003599834	003961475	0.4741	0.9453
003599834	003963455	0.4476	0.9068
003599834	003966783	0.5524	0.9293
003599834	003970579	0.4399	0.9126
003599834	003972041	0.4499	0.9089
003599834	003981561	0.5838	0.9230
003599834	003993203	0.4358	0.9594
003599834	004016284	0.4671	0.9109
003599834	004022242	0.4558	0.9183
003599834	004023279	0.5377	0.9677
003599834	004023963	0.5913	0.9098
003599834	004024974	0.4899	0.9441
003599834	004027374	0.4960	0.9022
003599834	004030106	0.4456	0.9040
003599834	004030238	0.4717	0.9282
003599834	004047160	0.5285	0.9090
003599834	004053732	0.5363	0.9015
003599834	004069935	0.5323	0.9341
003599834	004080481	0.4586	0.9213
003599834	004127832	0.5066	0.9114
003599834	004146735	0.5076	0.9562
003599834	004218949	0.5028	0.9368
003599834	004256943	0.4708	0.9000
003599834	004268173	0.5244	0.9274
003599834	004416711	0.4672	0.9047
003599834	004494806	0.4995	0.9031
003599834	004500222	0.4599	0.9371
003599834	004627786	0.5162	0.9054
003599834	004883502	0.5028	0.9319
003599834	004927532	0.4829	0.9234
003599834	004937587	0.5230	0.9316
003599834	004957284	0.5522	0.9463
003599834	004960361	0.5975	0.9002
003599834	004970161	0.5029	0.9123
003599834	004974745	0.5127	0.9241
003599834	004977576	0.5023	0.9614
003599834	004978305	0.5198	0.9139
003599834	004978402	0.4653	0.9016
003599834	005013895	0.5194	0.9145
003599834	005019689	0.4424	0.9018
003599834	005030431	0.4689	0.9111
003599834	005034081	0.5110	0.9024
003599834	005035935	0.4146	0.9191
003599834	005039793	0.5040	0.9311
003599834	005046286	0.5344	0.9301
003599834	005046498	0.4448	0.9270
003599834	005055414	0.4148	0.9097
003599834	005055984	0.4095	0.9095
003599834	005056599	0.4207	0.9347
003599834	005056886	0.5620	0.9166
003599834	005060709	0.5200	0.9052
003599834	005061293	0.5358	0.9229
003599834	005073781	0.5064	0.9296
003600113	003607264	0.3526	0.9035
003600113	003607811	0.4325	0.9214
003600113	003699154	0.3679	0.9213
003600113	003705615	0.3722	0.9021
003600113	003707024	0.5379	0.9123
003600113	003711543	0.4030	0.9008
003600113	003738616	0.3595	0.9138
003600113	003739062	0.5835	0.9003
003600113	003893356	0.4980	0.9526
003600113	003926817	0.4874	0.9163
003600113	003927485	0.5251	0.9078
003600113	003938644	0.3719	0.9024
003600113	003974487	0.4845	0.9295
003600113	003979604	0.5851	0.9413
003600113	003980597	0.4215	0.9593
003600113	003983612	0.5791	0.9494
003600113	003988870	0.5097	0.9014
003600113	004002734	0.5620	0.9241
003600113	004009350	0.5534	0.9499
003600113	004023963	0.3740	0.9072
003600113	004028987	0.5116	0.9528
003600113	004034170	0.4744	0.9467
003600113	004253554	0.4206	0.9540
003600113	004477674	0.5240	0.9372
003600113	004935667	0.5200	0.9394
003600113	004946152	0.4990	0.9306
003600113	005013047	0.5059	0.9451
003600113	005033151	0.4658	0.9471
003600113	005063011	0.5080	0.9419
003600156	003740241	0.5457	0.9076
003600156	003927485	0.4551	0.9045
003600156	003974487	0.3966	0.9229
003600156	003979604	0.4722	0.9248
003600156	003980597	0.3506	0.9319
003600156	003983612	0.4585	0.9243
003600156	004002734	0.4296	0.9080
003600156	004009350	0.5055	0.9247
003600156	004028987	0.4524	0.9160
003600156	004034170	0.3579	0.9035
003600156	004178839	0.5258	0.9321
003600156	004253554	0.3529	0.9046
003600156	004935667	0.5366	0.9017
003600156	004946152	0.4271	0.9125
003600156	005013047	0.4122	0.9128
003600156	005030272	0.5814	0.9077
003600156	005033151	0.4092	0.9234
003600156	005063011	0.4377	0.9318
003600317	004993396	0.5995	0.9050
003600457	003797019	0.5416	0.9384
003600457	004009350	0.5349	0.9045
003600457	004124141	0.5546	0.9032
003600457	004155213	0.5716	0.9478
003600457	004178839	0.5778	0.9516
003600457	004477674	0.4868	0.9219
003600457	005033151	0.5305	0.9218
003600999	003688269	0.5271	0.9049
003600999	003688421	0.5741	0.9122
003600999	003980597	0.4577	0.9281
003600999	004016655	0.5964	0.9083
003600999	004099186	0.5399	0.9007
003600999	005030272	0.5057	0.9039
003600999	005063011	0.5801	0.9191
003601074	003707024	0.4909	0.9024
003601074	003840585	0.5122	0.9256
003601074	003926817	0.4407	0.9189
003601074	003932681	0.3930	0.9074
003601074	003979604	0.4697	0.9187
003601074	003980597	0.3774	0.9218
003601074	003983612	0.4457	0.9236
003601074	004002734	0.4494	0.9148
003601074	004028987	0.4566	0.9124
003601074	004034170	0.4017	0.9174
003601074	004253554	0.4146	0.9132
003601074	004477674	0.4552	0.9188
003601074	004935667	0.5508	0.9084
003601074	004946152	0.4420	0.9359
003601074	005013047	0.4331	0.9185
003601074	005030272	0.5653	0.9141
003601074	005033151	0.4288	0.9345
003601074	005063011	0.4747	0.9220
003601244	003974487	0.4841	0.9282
003601244	003979604	0.5153	0.9036
003601244	003980597	0.4230	0.9207
003601244	003983612	0.5073	0.9040
003601244	005030272	0.5911	0.9056
003601244	005063011	0.4927	0.9285
003601553	003607811	0.5193	0.9019
003601553	003707024	0.5573	0.9058
003601553	003927485	0.4984	0.9203
003601553	003974487	0.4620	0.9302
003601553	003979604	0.5301	0.9424
003601553	003980597	0.4031	0.9397
003601553	003983612	0.5156	0.9433
003601553	003988870	0.4742	0.9099
003601553	004002734	0.5044	0.9250
003601553	004009350	0.5569	0.9430
003601553	004028987	0.4999	0.9322
003601553	004034170	0.4333	0.9144
003601553	004253554	0.4160	0.9239
003601553	004477674	0.4814	0.9113
003601553	004935667	0.5467	0.9189
003601553	004946152	0.4605	0.9209
003601553	005013047	0.4733	0.9219
003601553	005033151	0.4590	0.9288
003601553	005063011	0.4875	0.9443
003601749	003964422	0.5990	0.9130
003601749	004951893	0.5979	0.9103
003601749	004952074	0.5291	0.9071
003601749	004960365	0.5614	0.9613
003601749	004980573	0.5957	0.9449
003601749	005060353	0.5992	0.9500
003601768	003643506	0.5928	0.9197
003601768	003707024	0.4781	0.9037
003601768	003825550	0.5754	0.9172
003601768	003869291	0.5994	0.9151
003601768	003935022	0.5908	0.9137
003601768	003980597	0.4391	0.9245
003601768	004002734	0.4665	0.9109
003601768	004009350	0.5468	0.9152
003601768	004028987	0.4569	0.9160
003601768	004935667	0.5287	0.9004
003601768	005013047	0.5068	0.9156
003601768	005033151	0.4695	0.9107
003602156	003607264	0.5543	0.9167
003602156	003699154	0.5544	0.9213
003602156	003738616	0.5446	0.9088
003602156	003875439	0.4776	0.9282
003602156	003888854	0.5008	0.9562
003602156	003893356	0.5465	0.9343
003602156	003924245	0.4816	0.9019
003602156	003981344	0.5902	0.9163
003605448	004318569	0.5898	0.9498
003606224	004253554	0.5957	0.9055
003606763	003980597	0.5906	0.9170
003607120	004178839	0.5614	0.9117
003607264	003609894	0.3914	0.9063
003607264	003673087	0.4843	0.9065
003607264	003690053	0.3579	0.9047
003607264	003719109	0.3274	0.9147
003607264	003729552	0.3708	0.9283
003607264	003786918	0.3500	0.9083
003607264	003815944	0.4356	0.9036
003607264	003926465	0.3476	0.9197
003607264	003935022	0.3806	0.9006
003607264	003947087	0.3724	0.9251
003607264	003947596	0.2809	0.9024
003607264	003959126	0.3252	0.9498
003607264	003962783	0.3644	0.9166
003607264	003963980	0.3307	0.9065
003607264	003968700	0.2949	0.9052
003607264	003969508	0.3236	0.9147
003607264	003971907	0.2915	0.9037
003607264	003979552	0.3168	0.9127
003607264	003979648	0.2844	0.9015
003607264	004023279	0.3042	0.9050
003607264	004024974	0.3680	0.9164
003607264	004027936	0.3408	0.9151
003607264	004476649	0.2697	0.9134
003607264	004936750	0.3522	0.9188
003607264	004940356	0.3351	0.9147
003607264	004950254	0.4264	0.9003
003607264	004953249	0.3355	0.9087
003607264	004975231	0.3379	0.9064
003607264	004977424	0.3718	0.9233
003607264	004979181	0.3582	0.9141
003607264	004986716	0.3677	0.9272
003607264	004993029	0.3594	0.9099
003607264	005014896	0.3608	0.9001
003607264	005021547	0.3957	0.9038
003607264	005026689	0.3333	0.9207
003607264	005029261	0.3521	0.9092
003607264	005029334	0.3521	0.9050
003607264	005030272	0.4483	0.9167
003607264	005034081	0.3725	0.9195
003607264	005043547	0.3705	0.9103
003607264	005049075	0.2866	0.9221
003607264	005055414	0.3764	0.9324
003607264	005056599	0.3925	0.9020
003607264	005060255	0.3037	0.9117
003607264	005064007	0.4207	0.9052
003607264	005066225	0.3871	0.9080
003607264	005078298	0.3704	0.9059
003607264	005079504	0.3143	0.9164
003607742	003707024	0.5375	0.9064
003607742	003893356	0.4454	0.9526
003607742	003927485	0.5611	0.9077
003607742	003974487	0.4530	0.9018
003607742	003979604	0.5969	0.9291
003607742	003980597	0.4132	0.9676
003607742	003983612	0.5839	0.9360
003607742	004002734	0.5771	0.9184
003607742	004009350	0.5443	0.9450
003607742	004028987	0.4936	0.9422
003607742	004034170	0.4803	0.9631
003607742	004253554	0.4386	0.9667
003607742	004477674	0.5138	0.9512
003607742	004935667	0.5377	0.9413
003607742	004946152	0.4793	0.9215
003607742	005013047	0.5031	0.9543
003607742	005030272	0.5929	0.9180
003607742	005033151	0.4837	0.9566
003607742	005063011	0.5190	0.9289
003607811	003617140	0.5351	0.9070
003607811	003625799	0.5926	0.9007
003607811	003635578	0.4794	0.9252
003607811	003719290	0.5280	0.9015
003607811	003723538	0.5991	0.9076
003607811	003723740	0.5207	0.9039
003607811	003792183	0.4138	0.9408
003607811	003817230	0.4087	0.9175
003607811	003906939	0.4773	0.9031
003607811	003926465	0.3925	0.9089
003607811	003961475	0.4375	0.9301
003607811	003993203	0.4259	0.9185
003607811	004002734	0.5984	0.9441
003607811	004023279	0.3932	0.9379
003607811	004024974	0.4481	0.9252
003607811	004047160	0.4621	0.9024
003607811	004069935	0.4486	0.9205
003607811	004146735	0.4056	0.9217
003607811	004268173	0.5204	0.9138
003607811	004346242	0.3759	0.9456
003607811	004505160	0.5181	0.9038
003607811	004937587	0.3727	0.9068
003607811	004957284	0.4234	0.9474
003607811	004974745	0.4505	0.9338
003607811	004977576	0.4188	0.9445
003607811	004978411	0.4108	0.9432
003607811	005046498	0.3960	0.9083
003607811	005055414	0.5521	0.9162
003607811	005056599	0.3932	0.9100
003607811	005061293	0.4743	0.9010
003607811	005064725	0.5116	0.9028
003607811	005073781	0.4497	0.9402
003607918	003627686	0.5765	0.9008
003607918	003635578	0.5816	0.9043
003607918	003666338	0.5899	0.9340
003607918	003674603	0.5746	0.9371
003607918	003685962	0.5335	0.9114
003607918	003688421	0.5932	0.9088
003607918	003700021	0.5671	0.9006
003607918	003704546	0.5949	0.9247
003607918	003738485	0.5745	0.9093
003607918	003757999	0.5824	0.9287
003607918	003781999	0.5848	0.9067
003607918	003803752	0.5935	0.9324
003607918	003857935	0.5394	0.9020
003607918	003864069	0.5691	0.9326
003607918	003924922	0.5567	0.9002
003607918	003997800	0.5580	0.9169
003607918	004002577	0.5975	0.9113
003607918	004021962	0.5984	0.9110
003607918	004056079	0.5797	0.9109
003607918	004060774	0.5731	0.9230
003607918	004068454	0.5879	0.9256
003607918	004318569	0.5309	0.9186
003607918	004416711	0.5997	0.9186
003607918	004443862	0.5965	0.9084
003607918	004955823	0.5878	0.9061
003607918	004960783	0.5930	0.9406
003607918	004974842	0.5686	0.9299
003607918	005012604	0.5796	0.9101
003607918	005034263	0.5832	0.9205
003607918	005034437	0.5983	0.9197
003607918	005053437	0.5333	0.9137
003607918	005077180	0.5653	0.9067
003607918	005078649	0.5734	0.9167
003608005	003927485	0.5846	0.9068
003608005	003980597	0.3795	0.9276
003608005	004009350	0.5737	0.9221
003608005	004034170	0.5031	0.9159
003608005	004178839	0.5794	0.9479
003608005	004253554	0.4510	0.9113
003608005	004477674	0.5024	0.9369
003608005	004935667	0.5667	0.9088
003608005	004946152	0.4657	0.9003
003608005	005013047	0.5451	0.9130
003608005	005033151	0.5302	0.9383
003608005	005063011	0.5241	0.9036
003608215	003893356	0.4203	0.9020
003608215	003932681	0.4269	0.9182
003608215	004023963	0.2940	0.9017
003608215	004034170	0.3354	0.9062
003608215	004253554	0.3258	0.9117
003608215	004477674	0.4161	0.9162
003608215	005013047	0.3619	0.9025
003611694	003801207	0.5829	0.9153
003611694	004124141	0.4916	0.9007
003611694	004155213	0.5425	0.9277
003611694	004178839	0.5686	0.9212
003612063	003927485	0.4493	0.9064
003612063	003974487	0.4817	0.9112
003612063	003979604	0.4698	0.9262
003612063	003980597	0.4086	0.9314
003612063	003983612	0.4576	0.9269
003612063	004002734	0.4432	0.9091
003612063	004009350	0.5554	0.9264
003612063	004028987	0.4771	0.9138
003612063	004034170	0.4174	0.9039
003612063	004178839	0.5332	0.9056
003612063	004253554	0.4125	0.9131
003612063	004477674	0.4582	0.9009
003612063	004946152	0.4980	0.9194
003612063	005013047	0.4497	0.9005
003612063	005033151	0.4519	0.9158
003612063	005063011	0.5215	0.9259
003612749	003688269	0.5111	0.9408
003612749	003782183	0.5929	0.9166
003612749	003980597	0.4133	0.9094
003612749	004124141	0.5955	0.9622
003612749	004155213	0.5781	0.9403
003612749	004178839	0.5674	0.9203
003612749	004677137	0.5985	0.9412
003612749	004993396	0.5982	0.9006
003612749	005063011	0.4791	0.9006
003612977	003974487	0.4252	0.9098
003612977	003979604	0.4952	0.9207
003612977	003980597	0.3785	0.9189
003612977	003983612	0.4841	0.9215
003612977	004009350	0.5434	0.9047
003612977	004028987	0.4568	0.9055
003612977	004946152	0.4528	0.9266
003612977	005033151	0.4380	0.9041
003612977	005063011	0.4636	0.9210
003613205	003688269	0.5251	0.9054
003613205	003707024	0.5132	0.9284
003613205	003893356	0.4338	0.9267
003613205	003927485	0.5660	0.9167
003613205	003974487	0.5238	0.9380
003613205	003979604	0.5667	0.9216
003613205	003980597	0.4242	0.9852
003613205	003983612	0.5488	0.9262
003613205	004002734	0.5653	0.9204
003613205	004009350	0.5595	0.9589
003613205	004028987	0.4850	0.9446
003613205	004034170	0.5189	0.9631
003613205	004124141	0.5961	0.9177
003613205	004253554	0.4723	0.9671
003613205	004477674	0.5089	0.9338
003613205	004935667	0.5288	0.9529
003613205	005013047	0.5300	0.9619
003613205	005030272	0.5877	0.9185
003613205	005033151	0.5216	0.9524
003613205	005063011	0.5346	0.9310
003613207	003707024	0.5231	0.9067
003613207	003927485	0.5220	0.9022
003613207	003974487	0.4664	0.9165
003613207	003980597	0.3934	0.9151
003613207	004009350	0.5500	0.9214
003613207	004025316	0.4801	0.9026
003613207	004028987	0.4593	0.9013
003613207	004034170	0.4625	0.9052
003613207	004253554	0.4321	0.9023
003613207	004477674	0.5100	0.9237
003613207	004935667	0.5000	0.9036
003613207	005013047	0.4738	0.9096
003613207	005033151	0.4584	0.9183
003613878	004155213	0.5690	0.9057
003613878	004178839	0.5660	0.9036
003613878	004477674	0.5974	0.9280
003614286	003980597	0.3485	0.9078
003614286	004009350	0.5390	0.9024
003614286	004034170	0.4609	0.9030
003614286	004178839	0.5743	0.9339
003614286	004477674	0.4670	0.9374
003614286	005033151	0.4862	0.9286
003615320	004155213	0.5557	0.9174
003615320	004178839	0.5291	0.9154
003615364	003707024	0.5546	0.9515
003615364	003801207	0.5657	0.9005
003615364	003893356	0.4474	0.9224
003615364	003927485	0.5864	0.9336
003615364	003974487	0.4598	0.9384
003615364	003980597	0.4175	0.9765
003615364	004002734	0.5946	0.9362
003615364	004009350	0.5663	0.9612
003615364	004025316	0.4957	0.9146
003615364	004028987	0.5031	0.9626
003615364	004034170	0.4947	0.9753
003615364	004253554	0.4568	0.9683
003615364	004477674	0.5272	0.9321
003615364	004935667	0.5562	0.9617
003615364	005013047	0.5148	0.9791
003615364	005028264	0.4348	0.9301
003615364	005030272	0.5799	0.9116
003615364	005033151	0.4992	0.9646
003615364	005063011	0.5367	0.9234
003615365	003699154	0.3645	0.9092
003615365	003707024	0.5082	0.9175
003615365	003711543	0.3850	0.9050
003615365	003738616	0.3509	0.9103
003615365	003790340	0.4284	0.9080
003615365	003837507	0.5967	0.9350
003615365	003863960	0.3983	0.9106
003615365	003893356	0.4415	0.9202
003615365	003927485	0.5530	0.9182
003615365	003979604	0.5852	0.9178
003615365	003980597	0.4106	0.9501
003615365	003983612	0.5641	0.9234
003615365	004002734	0.5596	0.9178
003615365	004009350	0.5274	0.9522
003615365	004027380	0.3605	0.9003
003615365	004028987	0.4773	0.9432
003615365	004034170	0.4768	0.9603
003615365	004155213	0.5921	0.9158
003615365	004253554	0.4386	0.9555
003615365	004477674	0.4939	0.9581
003615365	004935667	0.5467	0.9442
003615365	005013047	0.5008	0.9511
003615365	005033151	0.4823	0.9619
003616434	003980597	0.4151	0.9162
003616434	004009350	0.5239	0.9009
003616434	004253554	0.4463	0.9112
003616434	004477674	0.5101	0.9046
003617140	003893356	0.4294	0.9123
003617140	003927485	0.5599	0.9243
003617140	003974487	0.4879	0.9302
003617140	003979604	0.5766	0.9415
003617140	003980597	0.3973	0.9474
003617140	003983612	0.5640	0.9445
003617140	003988870	0.5176	0.9040
003617140	004002734	0.5598	0.9273
003617140	004028987	0.5337	0.9405
003617140	004034170	0.4587	0.9319
003617140	004253554	0.4264	0.9373
003617140	004477674	0.5280	0.9301
003617140	004935667	0.5841	0.9328
003617140	004946152	0.4470	0.9174
003617140	004993396	0.5685	0.9430
003617140	005013047	0.5103	0.9337
003617140	005033151	0.4964	0.9441
003617140	005063011	0.4963	0.9362
003618846	003801207	0.5989	0.9371
003618846	004124141	0.5665	0.9011
003618846	004155213	0.5870	0.9293
003618846	004178839	0.5733	0.9215
003618846	004477674	0.4896	0.9051
003619549	004124141	0.5465	0.9260
003619549	004155213	0.5745	0.9352
003619549	004178839	0.5686	0.9207
003620236	003625799	0.5831	0.9191
003620236	003643506	0.5674	0.9602
003620236	003712799	0.5843	0.9156
003620236	003715701	0.5774	0.9093
003620236	003741412	0.5631	0.9231
003620236	003786918	0.5465	0.9289
003620236	003935022	0.5588	0.9045
003620236	004020138	0.5743	0.9149
003620236	004020266	0.5752	0.9542
003620236	004028903	0.5881	0.9262
003620236	004856373	0.5831	0.9016
003620332	003927485	0.5469	0.9073
003620332	003974487	0.4512	0.9086
003620332	003975571	0.5735	0.9035
003620332	003979604	0.5573	0.9234
003620332	003980597	0.3707	0.9293
003620332	003983612	0.5339	0.9277
003620332	004002734	0.5353	0.9122
003620332	004009350	0.5626	0.9364
003620332	004028987	0.4743	0.9178
003620332	004034170	0.4482	0.9086
003620332	004124141	0.5502	0.9008
003620332	004178839	0.5871	0.9202
003620332	004253554	0.4147	0.9180
003620332	004477674	0.4952	0.9239
003620332	004935667	0.5188	0.9135
003620332	004946152	0.3784	0.9224
003620332	004993396	0.5316	0.9422
003620332	005013047	0.4694	0.9073
003620332	005033151	0.4658	0.9291
003620332	005062328	0.5694	0.9043
003620332	005063011	0.4452	0.9267
003620621	003690053	0.3858	0.9156
003620621	003838434	0.2926	0.9224
003620621	005049075	0.2466	0.9117
003621466	004124141	0.5452	0.9137
003621686	003625799	0.5557	0.9068
003621686	003671668	0.4694	0.9035
003621686	003701491	0.4471	0.9129
003621686	003712799	0.5286	0.9107
003621686	003788315	0.4738	0.9015
003621686	004027380	0.4735	0.9177
003622020	003927485	0.5746	0.9085
003622020	003980597	0.4056	0.9032
003622020	004009350	0.5885	0.9174
003622020	004034170	0.5002	0.9056
003622020	004178839	0.5793	0.9488
003622020	004477674	0.5248	0.9392
003622020	004935667	0.5992	0.9072
003622020	005013047	0.5431	0.9080
003622020	005033151	0.5275	0.9413
003624308	003707024	0.5075	0.9157
003624308	003837507	0.5992	0.9198
003624308	003927485	0.5554	0.9221
003624308	003974487	0.5400	0.9041
003624308	003979604	0.5424	0.9081
003624308	003980597	0.3693	0.9456
003624308	003983612	0.5209	0.9110
003624308	004002734	0.5497	0.9119
003624308	004009350	0.5529	0.9470
003624308	004028987	0.4404	0.9207
003624308	004034170	0.4965	0.9382
003624308	004253554	0.4435	0.9331
003624308	004477674	0.4932	0.9444
003624308	004935667	0.5310	0.9372
003624308	005013047	0.5255	0.9378
003624308	005033151	0.5063	0.9518
003624308	005063011	0.5085	0.9069
003625799	003685671	0.5591	0.9099
003625799	003740131	0.5730	0.9250
003625799	003921608	0.5327	0.9231
003625799	003928041	0.5375	0.9204
003625799	003959126	0.5586	0.9241
003625799	004022477	0.5869	0.9141
003625799	004023279	0.5306	0.9273
003625799	004024974	0.5456	0.9076
003625799	004146735	0.5516	0.9156
003625799	004968082	0.5747	0.9062
003625799	004974745	0.5745	0.9002
003625799	005055414	0.5715	0.9232
003625799	005056599	0.4777	0.9037
003625799	005080860	0.5724	0.9050
003626575	003645871	0.5827	0.9092
003626575	003980597	0.5206	0.9069
003627686	003840585	0.5878	0.9190
003627686	003940432	0.5199	0.9103
003627686	003980597	0.4782	0.9179
003627686	004178839	0.5875	0.9091
003627686	004375667	0.5951	0.9057
003627686	005033151	0.4811	0.9026
003627887	003645871	0.5441	0.9016
003627887	003682520	0.5915	0.9150
003627887	003926465	0.4789	0.9274
003627887	004975231	0.5908	0.9210
003628431	004946152	0.5493	0.9016
003628431	005026689	0.5939	0.9036
003628877	003837507	0.5977	0.9130
003628877	003927485	0.4578	0.9093
003628877	003980597	0.3493	0.9010
003628877	004009350	0.5401	0.9184
003628877	004124141	0.5861	0.9363
003628877	004178839	0.5965	0.9647
003628877	004477674	0.4559	0.9208
003628877	004935667	0.4524	0.9032
003628877	005033151	0.4457	0.9250
003628877	005063011	0.4520	0.9026
003630787	003934164	0.5806	0.9109
003630851	004477674	0.5873	0.9063
003630851	005033151	0.5360	0.9116
003633294	003690053	0.3153	0.9091
003633294	003784612	0.3966	0.9208
003633294	004011252	0.3313	0.9084
003635276	004936750	0.3068	0.9042
003635578	003707024	0.4864	0.9031
003635578	003801207	0.5988	0.9305
003635578	003893356	0.3875	0.9174
003635578	003926817	0.4788	0.9094
003635578	003940432	0.5929	0.9035
003635578	003974487	0.4163	0.9403
003635578	003979604	0.4635	0.9366
003635578	003980597	0.3658	0.9355
003635578	003983612	0.4418	0.9405
003635578	004002734	0.4370	0.9095
003635578	004009350	0.4718	0.9147
003635578	004025316	0.4522	0.9183
003635578	004028987	0.4490	0.9251
003635578	004034170	0.3792	0.9093
003635578	004155213	0.5818	0.9233
003635578	004253554	0.3804	0.9159
003635578	004935667	0.4894	0.9127
003635578	004946152	0.4055	0.9196
003635578	004993396	0.5931	0.9467
003635578	005013047	0.3992	0.9213
003635578	005030272	0.5500	0.9211
003635578	005033151	0.3960	0.9209
003635578	005063011	0.4396	0.9455
003635663	003645871	0.5797	0.9026
003635663	003677902	0.5226	0.9003
003635663	003682520	0.5829	0.9282
003635663	003980597	0.4608	0.9077
003636498	004124141	0.5931	0.9277
003636498	004178839	0.5827	0.9449
003636498	004477674	0.5385	0.9231
003636498	005033151	0.5338	0.9206
003636504	003688421	0.5184	0.9101
003636504	003700021	0.5286	0.9117
003636504	003701828	0.5776	0.9143
003636504	003703958	0.5361	0.9168
003636504	003713577	0.5607	0.9314
003636504	003719290	0.5796	0.9249
003636504	003912861	0.5730	0.9109
003636504	003974873	0.5304	0.9067
003636504	003979604	0.5876	0.9087
003636504	004016655	0.5486	0.9199
003636504	004021801	0.5937	0.9388
003636504	004030387	0.5874	0.9008
003636504	004935667	0.5442	0.9057
003637671	004676513	0.5990	0.9108
003637781	004124141	0.5990	0.9025
003637781	004477674	0.5089	0.9100
003637781	005033151	0.4976	0.9012
003638256	003707024	0.4806	0.9061
003638256	003797019	0.5415	0.9178
003638256	003837507	0.5788	0.9222
003638256	003927485	0.5861	0.9213
003638256	004009350	0.5280	0.9307
003638256	004124141	0.5760	0.9118
003638256	004178839	0.5901	0.9764
003638256	004477674	0.4583	0.9105
003638256	004935667	0.5054	0.9058
003638256	005013047	0.5296	0.9109
003638256	005033151	0.5207	0.9284
003638476	003643506	0.5475	0.9316
003638476	003697095	0.5867	0.9200
003638476	003786918	0.5262	0.9123
003638476	004020138	0.5922	0.9078
003638476	004020266	0.5492	0.9305
003638476	004022826	0.5223	0.9083
003638485	003757999	0.5570	0.9507
003638485	003797019	0.5050	0.9189
003638485	004155213	0.5699	0.9238
003638485	004178839	0.5184	0.9285
003638485	004477674	0.5538	0.9139
003639520	003707024	0.4528	0.9046
003639520	003924922	0.5783	0.9030
003639520	003927485	0.4415	0.9140
003639520	003980597	0.4324	0.9143
003639520	004009350	0.5287	0.9365
003639520	004028987	0.4378	0.9029
003639520	004034170	0.4629	0.9033
003639520	004477674	0.4997	0.9175
003639520	004935667	0.4156	0.9080
003639520	005013047	0.4625	0.9095
003639520	005033151	0.4330	0.9221
003639689	003980597	0.3634	0.9018
003639689	004009350	0.5235	0.9069
003639689	004477674	0.4813	0.9151
003639689	005033151	0.4651	0.9151
003639689	005063011	0.4626	0.9057
003639762	003837507	0.5285	0.9013
003639762	004064452	0.5728	0.9011
003639762	004178839	0.5930	0.9363
003639762	004477674	0.4911	0.9036
003640177	004178839	0.5563	0.9285
003640457	003837507	0.5874	0.9278
003640457	005033151	0.4778	0.9072
003642618	003645871	0.5727	0.9121
003642618	003980597	0.5021	0.9085
003643302	003707024	0.5631	0.9074
003643302	003974487	0.5410	0.9399
003643302	004025316	0.5518	0.9132
003643302	004028987	0.5482	0.9123
003643302	005028264	0.4738	0.9221
003643506	003671668	0.4947	0.9176
003643506	003685671	0.5650	0.9534
003643506	003734871	0.5409	0.9274
003643506	003740131	0.5405	0.9545
003643506	003740361	0.5448	0.9309
003643506	003788333	0.5638	0.9219
003643506	003921608	0.5491	0.9671
003643506	003928041	0.5444	0.9378
003643506	004021481	0.5080	0.9105
003643506	004022477	0.4577	0.9428
003643506	004025105	0.5513	0.9305
003643506	004161981	0.5757	0.9073
003643506	004213984	0.5806	0.9128
003643506	004436962	0.5806	0.9127
003643506	004995535	0.5106	0.9362
003643506	005030272	0.5218	0.9348
003643506	005032178	0.5953	0.9359
003643506	005084081	0.5980	0.9452
003644493	003930268	0.5593	0.9041
003644493	004503485	0.5403	0.9049
003644493	004951893	0.5732	0.9264
003644493	005006929	0.5988	0.9026
003645871	003659162	0.4998	0.9255
003645871	003660659	0.5777	0.9057
003645871	003670828	0.5619	0.9085
003645871	003675660	0.5498	0.9057
003645871	003711453	0.5541	0.9138
003645871	003737961	0.5909	0.9097
003645871	003785513	0.5054	0.9398
003645871	003788927	0.5689	0.9408
003645871	003792944	0.5766	0.9069
003645871	003794680	0.4722	0.9273
003645871	003796114	0.4832	0.9396
003645871	003836999	0.5402	0.9058
003645871	003875060	0.5906	0.9090
003645871	003928890	0.5010	0.9340
003645871	003935966	0.4975	0.9336
003645871	003937286	0.4920	0.9314
003645871	003994259	0.5929	0.9096
003645871	004029552	0.5703	0.9366
003645871	004236698	0.4703	0.9164
003645871	004267913	0.4726	0.9179
003645871	004938688	0.5884	0.9008
003648094	003713577	0.5403	0.9153
003648094	003719290	0.5324	0.9104
003648094	003916040	0.5735	0.9193
003648094	003979604	0.5904	0.9081
003648094	004016655	0.5130	0.9036
003648094	004021801	0.5675	0.9181
003648094	004935667	0.5930	0.9024
003648296	003927485	0.5532	0.9203
003648296	003980597	0.3807	0.9126
003648296	003983612	0.5263	0.9011
003648296	004002734	0.5308	0.9071
003648296	004009350	0.5481	0.9347
003648296	004034170	0.4820	0.9082
003648296	004178839	0.5952	0.9578
003648296	004253554	0.4479	0.9028
003648296	004477674	0.4804	0.9363
003648296	004935667	0.5658	0.9160
003648296	005013047	0.5140	0.9146
003648296	005033151	0.5045	0.9406
003648296	005063011	0.5304	0.9069
003649668	004124141	0.5730	0.9178
003649668	004155213	0.5894	0.9370
003649668	004178839	0.5422	0.9420
003649668	004477674	0.5149	0.9272
003649668	005033151	0.5461	0.9229
003649817	003775802	0.5555	0.9074
003650120	003699154	0.4137	0.9022
003650120	003705615	0.3890	0.9086
003650120	003707024	0.5516	0.9095
003650120	003738616	0.3592	0.9077
003650120	003837507	0.5723	0.9319
003650120	003974487	0.5350	0.9025
003650120	004009350	0.5788	0.9093
003650120	004025316	0.5686	0.9156
003650120	004027380	0.4072	0.9147
003650120	004034170	0.4809	0.9017
003650120	004477674	0.5469	0.9083
003650120	005013047	0.4896	0.9059
003650120	005033151	0.4541	0.9230
003650620	003899113	0.5799	0.9016
003652683	003837507	0.5662	0.9121
003652683	004477674	0.5457	0.9112
003652683	005033151	0.5511	0.9158
003656345	003840585	0.5605	0.9195
003656345	003893356	0.4183	0.9091
003656345	003927485	0.5782	0.9189
003656345	003974487	0.4746	0.9022
003656345	003979604	0.5853	0.9395
003656345	003980597	0.3929	0.9303
003656345	003983612	0.5640	0.9423
003656345	003988870	0.5294	0.9210
003656345	004002734	0.5628	0.9296
003656345	004009350	0.5863	0.9427
003656345	004028987	0.4885	0.9390
003656345	004034170	0.4729	0.9275
003656345	004253554	0.4524	0.9332
003656345	004477674	0.5234	0.9288
003656345	004935667	0.5855	0.9222
003656345	004946152	0.4459	0.9292
003656345	004993396	0.5984	0.9413
003656345	005013047	0.5146	0.9195
003656345	005033151	0.5025	0.9438
003656345	005063011	0.4908	0.9141
003656396	005030377	0.5768	0.9138
003659976	003661135	0.5923	0.9011
003659976	003706854	0.5927	0.9082
003659976	003713577	0.5929	0.9172
003659976	003980597	0.5101	0.9234
003659976	004034170	0.5692	0.9093
003659976	004161981	0.5354	0.9096
003659976	004201023	0.5976	0.9006
003659976	004253554	0.5460	0.9040
003659976	005013047	0.5489	0.9001
003659976	005033151	0.5461	0.9008
003659976	005078298	0.5801	0.9237
003660442	003837507	0.5849	0.9004
003660442	003927485	0.5304	0.9060
003660442	003980597	0.3649	0.9118
003660442	004009350	0.5613	0.9251
003660442	004034170	0.4478	0.9018
003660442	004178839	0.5941	0.9550
003660442	004477674	0.4687	0.9263
003660442	004935667	0.5481	0.9069
003660442	005013047	0.4885	0.9063
003660442	005033151	0.4726	0.9291
003660442	005063011	0.5066	0.9014
003661135	003707024	0.5780	0.9019
003661135	003840585	0.5262	0.9084
003661135	003927485	0.5737	0.9119
003661135	003974487	0.4584	0.9101
003661135	003979604	0.5810	0.9236
003661135	003980597	0.3797	0.9348
003661135	003983612	0.5590	0.9269
003661135	004002734	0.5565	0.9168
003661135	004009350	0.5820	0.9421
003661135	004028987	0.4936	0.9292
003661135	004034170	0.4704	0.9306
003661135	004178839	0.5696	0.9318
003661135	004253554	0.4425	0.9298
003661135	004477674	0.5174	0.9410
003661135	004935667	0.5901	0.9237
003661135	004946152	0.4347	0.9142
003661135	005013047	0.5108	0.9263
003661135	005033151	0.5070	0.9494
003661135	005063011	0.4879	0.9131
003664077	003740131	0.5922	0.9400
003664077	004022477	0.5750	0.9506
003664077	004676513	0.5518	0.9212
003664077	005030272	0.5972	0.9170
003664469	003980597	0.5183	0.9247
003664469	005063011	0.5066	0.9032
003666338	003801207	0.5714	0.9244
003666338	004124141	0.5826	0.9027
003666338	004477674	0.4936	0.9018
003666338	004993396	0.5936	0.9098
003668220	003707024	0.5566	0.9127
003668220	003893356	0.4243	0.9178
003668220	003927485	0.5451	0.9239
003668220	003974487	0.4675	0.9220
003668220	003979604	0.5609	0.9388
003668220	003980597	0.3591	0.9506
003668220	003983612	0.5429	0.9415
003668220	003988870	0.4901	0.9014
003668220	004002734	0.5326	0.9253
003668220	004009350	0.5595	0.9578
003668220	004028987	0.4872	0.9442
003668220	004034170	0.4437	0.9415
003668220	004178839	0.5966	0.9324
003668220	004253554	0.4123	0.9432
003668220	004477674	0.4927	0.9393
003668220	004935667	0.5579	0.9354
003668220	004946152	0.4300	0.9104
003668220	005013047	0.4819	0.9400
003668220	005033151	0.4726	0.9525
003668220	005063011	0.4876	0.9227
003669158	003786918	0.5157	0.9031
003670828	003980597	0.5718	0.9030
003671668	003705615	0.5756	0.9255
003671668	003715701	0.5071	0.9068
003671668	003729552	0.5221	0.9448
003671668	003732360	0.5664	0.9075
003671668	003741412	0.5195	0.9116
003671668	003786918	0.4834	0.9300
003671668	003825550	0.5508	0.9324
003671668	003869291	0.5504	0.9113
003671668	003935022	0.5884	0.9204
003671668	003959126	0.4899	0.9154
003671668	003993036	0.4887	0.9377
003671668	004020266	0.4902	0.9213
003671668	004023963	0.5953	0.9103
003671668	004027936	0.5362	0.9274
003671668	004028903	0.4773	0.9109
003672618	003893356	0.4115	0.9085
003672618	003927485	0.5756	0.9105
003672618	003974487	0.4500	0.9061
003672618	003979604	0.5768	0.9303
003672618	003980597	0.3715	0.9410
003672618	003983612	0.5599	0.9346
003672618	004002734	0.5497	0.9175
003672618	004009350	0.5660	0.9421
003672618	004028987	0.5101	0.9263
003672618	004034170	0.4530	0.9251
003672618	004178839	0.5801	0.9203
003672618	004253554	0.4234	0.9319
003672618	004477674	0.4958	0.9316
003672618	004935667	0.5951	0.9210
003672618	004946152	0.4282	0.9263
003672618	004993396	0.5999	0.9474
003672618	005013047	0.4983	0.9197
003672618	005033151	0.4942	0.9401
003672618	005063011	0.4977	0.9268
003672651	003719109	0.5765	0.9014
003672651	003729552	0.4675	0.9038
003672651	004975231	0.5578	0.9035
003672651	005068539	0.5869	0.9167
003673087	003786918	0.5618	0.9163
003673087	003884605	0.5633	0.9103
003674165	003707024	0.5410	0.9254
003674165	003893356	0.3983	0.9233
003674165	003927485	0.5175	0.9334
003674165	003974487	0.4681	0.9284
003674165	003979604	0.5217	0.9511
003674165	003980597	0.3860	0.9491
003674165	003983612	0.4990	0.9520
003674165	003988870	0.4793	0.9197
003674165	004002734	0.5109	0.9374
003674165	004009350	0.5410	0.9597
003674165	004028987	0.4809	0.9555
003674165	004034170	0.4447	0.9471
003674165	004178839	0.5848	0.9153
003674165	004253554	0.4245	0.9493
003674165	004477674	0.4932	0.9443
003674165	004935667	0.5613	0.9397
003674165	004946152	0.4492	0.9179
003674165	005013047	0.4810	0.9485
003674165	005033151	0.4678	0.9598
003674165	005063011	0.5004	0.9262
003674603	003699154	0.4720	0.9016
003674603	003974693	0.5955	0.9069
003674603	003980597	0.3798	0.9105
003674603	004009350	0.5782	0.9106
003674603	004477674	0.4975	0.9171
003674603	004995535	0.5715	0.9023
003674603	005030272	0.5309	0.9148
003674603	005033151	0.5390	0.9091
003674603	005063011	0.5278	0.9057
003676046	003788927	0.5936	0.9234
003676046	003836999	0.5963	0.9035
003676046	003928890	0.5774	0.9066
003676046	003935966	0.5567	0.9070
003676046	003962783	0.5990	0.9075
003676046	004236698	0.5029	0.9130
003676046	004267913	0.5102	0.9025
003676121	003707024	0.5622	0.9102
003676121	003927485	0.5601	0.9389
003676121	003979604	0.5754	0.9348
003676121	003980597	0.3974	0.9178
003676121	003983612	0.5549	0.9357
003676121	003988870	0.5338	0.9202
003676121	004002734	0.5637	0.9357
003676121	004009350	0.5724	0.9587
003676121	004028987	0.5023	0.9335
003676121	004034170	0.4785	0.9270
003676121	004253554	0.4335	0.9306
003676121	004477674	0.5309	0.9531
003676121	004935667	0.5655	0.9306
003676121	004946152	0.4440	0.9105
003676121	005013047	0.5189	0.9310
003676121	005033151	0.4940	0.9540
003676121	005063011	0.4899	0.9208
003677716	004009350	0.5655	0.9039
003677716	004178839	0.5840	0.9396
003677716	004477674	0.4943	0.9288
003677716	005033151	0.4938	0.9179
003677902	003711453	0.5543	0.9192
003677902	003729399	0.5865	0.9028
003677902	003737961	0.5760	0.9140
003677902	003739787	0.5848	0.9012
003677902	003788927	0.5433	0.9052
003677902	003994259	0.5485	0.9216
003677902	004236698	0.4334	0.9091
003678661	003682520	0.5794	0.9534
003679431	003801207	0.5939	0.9185
003679431	003840585	0.4835	0.9043
003679431	003893356	0.3775	0.9089
003679431	003927485	0.5266	0.9102
003679431	003979604	0.5297	0.9304
003679431	003980597	0.3369	0.9295
003679431	003983612	0.5059	0.9328
003679431	004002734	0.4965	0.9104
003679431	004009350	0.4888	0.9298
003679431	004028987	0.4424	0.9258
003679431	004034170	0.4186	0.9253
003679431	004155213	0.5907	0.9192
003679431	004178839	0.5552	0.9053
003679431	004253554	0.4023	0.9239
003679431	004477674	0.4621	0.9313
003679431	004935667	0.5523	0.9126
003679431	004946152	0.3957	0.9255
003679431	005013047	0.4500	0.9175
003679431	005033151	0.4509	0.9424
003679431	005063011	0.4471	0.9057
003679774	003685671	0.5106	0.9157
003679774	003781087	0.5902	0.9074
003679774	004503485	0.5574	0.9060
003679774	005055414	0.5661	0.9211
003682520	003737708	0.5818	0.9026
003682520	003740131	0.6000	0.9031
003682520	003785513	0.5441	0.9270
003682520	003788927	0.5716	0.9324
003682520	003794680	0.5528	0.9145
003682520	003796114	0.4871	0.9343
003682520	003826010	0.5829	0.9342
003682520	003836999	0.5756	0.9127
003682520	003928890	0.5614	0.9526
003682520	003935966	0.5385	0.9518
003682520	003937286	0.4760	0.9251
003682520	004029552	0.5508	0.9288
003682520	004236698	0.4994	0.9493
003682520	004267913	0.5106	0.9312
003682574	003688269	0.4903	0.9030
003682574	003707024	0.4149	0.9132
003682574	003927485	0.5440	0.9342
003682574	003974487	0.4611	0.9058
003682574	003979604	0.5061	0.9200
003682574	003980597	0.3211	0.9348
003682574	003983612	0.4793	0.9220
003682574	004002734	0.4971	0.9246
003682574	004009350	0.4654	0.9581
003682574	004028987	0.3860	0.9205
003682574	004034170	0.4645	0.9210
003682574	004124141	0.5525	0.9270
003682574	004155213	0.5857	0.9492
003682574	004178839	0.5829	0.9557
003682574	004253554	0.4211	0.9253
003682574	004477674	0.4266	0.9251
003682574	004935667	0.5126	0.9346
003682574	005013047	0.4750	0.9344
003682574	005033151	0.4815	0.9389
003682574	005063011	0.4844	0.9347
003683776	003980597	0.5318	0.9085
003684619	003837507	0.5592	0.9280
003684619	004178839	0.5926	0.9353
003685671	003729552	0.5919	0.9161
003685671	003741412	0.5597	0.9113
003685671	003786918	0.5479	0.9481
003685671	004020138	0.5694	0.9307
003685671	004020266	0.5550	0.9489
003685671	004022826	0.5492	0.9131
003685962	003707024	0.4982	0.9039
003685962	003801207	0.5401	0.9399
003685962	003974487	0.4950	0.9395
003685962	003980597	0.4518	0.9425
003685962	004002734	0.5940	0.9054
003685962	004009350	0.5613	0.9399
003685962	004028987	0.4835	0.9169
003685962	004034170	0.5589	0.9124
003685962	004124141	0.5022	0.9208
003685962	004155213	0.5572	0.9516
003685962	004253554	0.5127	0.9226
003685962	004477674	0.5129	0.9202
003685962	004935667	0.5260	0.9199
003685962	005013047	0.5578	0.9204
003685962	005032178	0.5510	0.9012
003685962	005033151	0.5588	0.9254
003685962	005063011	0.5395	0.9382
003686217	003757999	0.5978	0.9393
003686217	003797019	0.4987	0.9322
003686217	004124141	0.5483	0.9053
003686217	004178839	0.5845	0.9690
003686686	003997800	0.5665	0.9016
003688269	003694580	0.5864	0.9057
003688269	003698900	0.4275	0.9098
003688269	003719987	0.4962	0.9068
003688269	003856901	0.5204	0.9021
003688269	003873634	0.5124	0.9033
003688269	003874531	0.5746	0.9195
003688269	003890729	0.5329	0.9239
003688269	003923768	0.4697	0.9157
003688269	004080481	0.5563	0.9182
003688269	004500222	0.4898	0.9132
003688421	003707024	0.5406	0.9048
003688421	003740241	0.5352	0.9211
003688421	003830898	0.5564	0.9033
003688421	003927485	0.4885	0.9208
003688421	003974487	0.4107	0.9230
003688421	003975571	0.5996	0.9208
003688421	003979604	0.5252	0.9420
003688421	003980597	0.4040	0.9406
003688421	003983612	0.5112	0.9417
003688421	003988870	0.4577	0.9090
003688421	004002734	0.4807	0.9272
003688421	004009350	0.5313	0.9294
003688421	004028987	0.4832	0.9252
003688421	004034170	0.4186	0.9148
003688421	004124141	0.5830	0.9175
003688421	004155213	0.5977	0.9439
003688421	004178839	0.5541	0.9242
003688421	004253554	0.4166	0.9183
003688421	004477674	0.4738	0.9036
003688421	004935667	0.5281	0.9132
003688421	004946152	0.4344	0.9259
003688421	004993396	0.5826	0.9463
003688421	005013047	0.4488	0.9232
003688421	005030272	0.5741	0.9061
003688421	005033151	0.4523	0.9316
003688421	005063011	0.4413	0.9380
003688874	003707024	0.4804	0.9254
003688874	003801207	0.5961	0.9090
003688874	003927485	0.5222	0.9391
003688874	003979604	0.5093	0.9073
003688874	003980597	0.3929	0.9258
003688874	003983612	0.4880	0.9084
003688874	004002734	0.4932	0.9239
003688874	004009350	0.5234	0.9571
003688874	004028987	0.4518	0.9237
003688874	004034170	0.4615	0.9292
003688874	004253554	0.4366	0.9242
003688874	004477674	0.4800	0.9543
003688874	004935667	0.5130	0.9365
003688874	005013047	0.4663	0.9361
003688874	005033151	0.4644	0.9516
003689984	003927485	0.5728	0.9156
003689984	003980597	0.3700	0.9052
003689984	003983612	0.5306	0.9029
003689984	004009350	0.5546	0.9308
003689984	004034170	0.5157	0.9022
003689984	004253554	0.4567	0.9032
003689984	004477674	0.5036	0.9339
003689984	004935667	0.5135	0.9153
003689984	005033151	0.5243	0.9266
003689984	005063011	0.4941	0.9051
003690053	003695268	0.3860	0.9045
003690053	003699154	0.3818	0.9327
003690053	003701491	0.3935	0.9441
003690053	003705615	0.3392	0.9356
003690053	003707024	0.4682	0.9002
003690053	003711543	0.4425	0.9129
003690053	003728936	0.3310	0.9305
003690053	003731305	0.3707	0.9054
003690053	003738616	0.3327	0.9264
003690053	003788315	0.4076	0.9373
003690053	003790340	0.4608	0.9224
003690053	003863960	0.4273	0.9129
003690053	003884605	0.4560	0.9076
003690053	003938644	0.3969	0.9168
003690053	003981561	0.4211	0.9055
003690053	004023963	0.3594	0.9253
003690053	004025316	0.4516	0.9105
003690053	004025925	0.4223	0.9041
003690053	004027380	0.4026	0.9498
003690053	004477674	0.4873	0.9184
003690322	003837507	0.5449	0.9012
003690322	003927485	0.4977	0.9050
003690322	003980597	0.3981	0.9022
003690322	004009350	0.5968	0.9096
003690322	004477674	0.4861	0.9224
003690322	004608704	0.5848	0.9205
003690322	004946152	0.5225	0.9139
003690322	005033151	0.4875	0.9178
003690322	005063011	0.5047	0.9018
003691938	003979604	0.4982	0.9012
003691938	003983612	0.4776	0.9039
003691938	004009350	0.5194	0.9131
003691938	005033151	0.4553	0.9032
003692594	003974873	0.5878	0.9278
003692594	004318569	0.5912	0.9541
003692594	004669027	0.5992	0.9032
003692594	005078298	0.5928	0.9010
003693551	003893356	0.5432	0.9060
003693551	003980597	0.4447	0.9201
003693551	005063011	0.5506	0.9051
003694420	003837507	0.5719	0.9153
003694420	003840585	0.5175	0.9011
003694420	003927485	0.5815	0.9032
003694420	004009350	0.5149	0.9056
003694420	004477674	0.4582	0.9136
003694420	004613056	0.5732	0.9405
003694420	005033151	0.5176	0.9271
003694580	004009350	0.5969	0.9049
003694580	004477674	0.5350	0.9117
003694580	005033151	0.5350	0.9256
003694610	004477674	0.5017	0.9170
003694832	005029261	0.3438	0.9031
003695268	003784612	0.3616	0.9257
003695268	004011252	0.2851	0.9010
003696004	003974487	0.5757	0.9141
003696004	003980597	0.4792	0.9271
003696004	005063011	0.5213	0.9176
003697095	003740131	0.5669	0.9090
003697095	004021481	0.5913	0.9014
003697095	004022477	0.5415	0.9348
003697095	004676513	0.5925	0.9422
003698832	004124141	0.5791	0.9172
003698832	004477674	0.4996	0.9129
003698832	005033151	0.5000	0.9074
003698900	003974487	0.5478	0.9106
003698900	003980597	0.4754	0.9355
003698900	005030272	0.5924	0.9113
003698900	005063011	0.5715	0.9207
003699091	003700176	0.5831	0.9047
003699091	004009350	0.5744	0.9001
003699091	004124141	0.5406	0.9276
003699091	004155213	0.5890	0.9522
003699091	004178839	0.5748	0.9544
003699091	004477674	0.5370	0.9233
003699091	004993396	0.5736	0.9128
003699091	005033151	0.5487	0.9271
003699091	005052629	0.5974	0.9092
003699154	003729552	0.3508	0.9052
003699154	003762030	0.4180	0.9046
003699154	003817230	0.3679	0.9113
003699154	003926465	0.3509	0.9185
003699154	003947087	0.3690	0.9252
003699154	003947596	0.3026	0.9109
003699154	003959126	0.3402	0.9346
003699154	003963980	0.3318	0.9123
003699154	003967895	0.3996	0.9082
003699154	003968700	0.2801	0.9112
003699154	003969508	0.3229	0.9284
003699154	003971907	0.3167	0.9154
003699154	003972041	0.4024	0.9007
003699154	003979552	0.3225	0.9261
003699154	003979648	0.2935	0.9183
003699154	003993203	0.3914	0.9132
003699154	003997800	0.3963	0.9179
003699154	004022242	0.4297	0.9026
003699154	004023279	0.3499	0.9074
003699154	004024974	0.3815	0.9349
003699154	004069935	0.3694	0.9078
003699154	004078132	0.2836	0.9005
003699154	004218949	0.4448	0.9265
003699154	004346242	0.3565	0.9058
003699154	004476649	0.2885	0.9246
003699154	004936750	0.3769	0.9341
003699154	004940356	0.3600	0.9096
003699154	004942072	0.3330	0.9189
003699154	004953249	0.3350	0.9124
003699154	004977424	0.3597	0.9214
003699154	004977576	0.3622	0.9035
003699154	004978402	0.3886	0.9031
003699154	004986716	0.3738	0.9172
003699154	004989205	0.3411	0.9011
003699154	004993029	0.3401	0.9008
003699154	005021547	0.4232	0.9050
003699154	005026689	0.3517	0.9125
003699154	005029261	0.4067	0.9286
003699154	005029334	0.3572	0.9104
003699154	005030272	0.4713	0.9015
003699154	005034081	0.4050	0.9141
003699154	005043547	0.3558	0.9067
003699154	005049075	0.2959	0.9261
003699154	005052629	0.3937	0.9053
003699154	005055414	0.3916	0.9067
003699154	005055984	0.2874	0.9004
003699154	005056599	0.3934	0.9158
003699154	005056886	0.3185	0.9352
003699154	005060255	0.2920	0.9207
003699154	005064007	0.4223	0.9073
003699154	005064712	0.4246	0.9006
003699154	005069346	0.4131	0.9146
003699154	005078298	0.4125	0.9140
003699154	005079504	0.3213	0.9088
003699158	003707024	0.5019	0.9159
003699158	003801207	0.5850	0.9036
003699158	003927485	0.5164	0.9182
003699158	003974487	0.4089	0.9126
003699158	003980597	0.3563	0.9231
003699158	004002734	0.4897	0.9055
003699158	004009350	0.5047	0.9340
003699158	004028987	0.4617	0.9057
003699158	004034170	0.4044	0.9161
003699158	004178839	0.5858	0.9267
003699158	004253554	0.3942	0.9193
003699158	004477674	0.4622	0.9432
003699158	004935667	0.5257	0.9219
003699158	005013047	0.4304	0.9185
003699158	005033151	0.4243	0.9275
003699179	003863960	0.4269	0.9065
003699179	004477674	0.5641	0.9348
003699179	005033151	0.5128	0.9095
003699312	004124141	0.5957	0.9039
003699312	004178839	0.5791	0.9131
003699843	003980597	0.3817	0.9058
003699843	004009350	0.5345	0.9045
003699843	004477674	0.5173	0.9035
003699843	005033151	0.4484	0.9203
003699969	003707024	0.5941	0.9041
003699969	003927485	0.5386	0.9244
003699969	003979604	0.5499	0.9283
003699969	003980597	0.4347	0.9379
003699969	003983612	0.5336	0.9308
003699969	003988870	0.5086	0.9002
003699969	004002734	0.5507	0.9232
003699969	004009350	0.5992	0.9424
003699969	004028987	0.4965	0.9264
003699969	004034170	0.4801	0.9369
003699969	004178839	0.5871	0.9227
003699969	004253554	0.4644	0.9343
003699969	004477674	0.5433	0.9550
003699969	004935667	0.5762	0.9272
003699969	004946152	0.4806	0.9289
003699969	005013047	0.5265	0.9362
003699969	005033151	0.5104	0.9578
003699969	005063011	0.4901	0.9174
003700021	003707024	0.4420	0.9157
003700021	003740241	0.5394	0.9225
003700021	003830898	0.5762	0.9119
003700021	003893356	0.4317	0.9221
003700021	003927485	0.4121	0.9225
003700021	003974487	0.3894	0.9249
003700021	003979604	0.4171	0.9420
003700021	003980597	0.3740	0.9586
003700021	003983612	0.3971	0.9440
003700021	003988870	0.3742	0.9075
003700021	004002734	0.3819	0.9297
003700021	004009350	0.4444	0.9453
003700021	004028987	0.4219	0.9401
003700021	004034170	0.3652	0.9439
003700021	004124141	0.5919	0.9137
003700021	004178839	0.5117	0.9232
003700021	004253554	0.3903	0.9462
003700021	004477674	0.4093	0.9309
003700021	004935667	0.5194	0.9308
003700021	004946152	0.4406	0.9274
003700021	005013047	0.3888	0.9447
003700021	005030272	0.5717	0.9203
003700021	005033151	0.4006	0.9520
003700021	005063011	0.4489	0.9428
003700176	003739062	0.5276	0.9006
003700176	003792183	0.5752	0.9106
003700176	003800929	0.5192	0.9023
003700176	003940432	0.5421	0.9020
003700176	003980597	0.5975	0.9391
003700176	004034170	0.5504	0.9065
003700176	004253554	0.5177	0.9109
003700176	004375667	0.5729	0.9046
003700176	005033151	0.5326	0.9014
003700484	003707024	0.4950	0.9385
003700484	003927485	0.5754	0.9191
003700484	003974487	0.4583	0.9444
003700484	003979604	0.5880	0.9163
003700484	003980597	0.3880	0.9568
003700484	003983612	0.5667	0.9140
003700484	004002734	0.5750	0.9145
003700484	004009350	0.5133	0.9478
003700484	004025316	0.4770	0.9081
003700484	004028987	0.4778	0.9419
003700484	004034170	0.4886	0.9382
003700484	004253554	0.4441	0.9342
003700484	004935667	0.5502	0.9383
003700484	005013047	0.5122	0.9509
003700484	005028264	0.4096	0.9402
003700484	005033151	0.4931	0.9272
003700484	005063011	0.5001	0.9000
003700860	003974487	0.4624	0.9247
003700860	003979604	0.4383	0.9156
003700860	003980597	0.3988	0.9172
003700860	003983612	0.4335	0.9148
003700860	004009350	0.5334	0.9077
003700860	004028987	0.4726	0.9036
003700860	004178839	0.5781	0.9146
003700860	004946152	0.5005	0.9071
003700860	005033151	0.4194	0.9042
003700860	005063011	0.4882	0.9294
003701268	004124141	0.5705	0.9427
003701268	004178839	0.5667	0.9572
003701491	003838434	0.3304	0.9019
003701491	003947087	0.3784	0.9064
003701491	003959126	0.3650	0.9191
003701491	003997800	0.4062	0.9063
003701491	004024974	0.4074	0.9032
003701491	004218949	0.3919	0.9004
003701491	004986716	0.3567	0.9007
003701491	005049075	0.2774	0.9099
003701491	005052629	0.4061	0.9058
003701491	005056886	0.3483	0.9154
003701828	003707024	0.4669	0.9030
003701828	003740241	0.5808	0.9227
003701828	003893356	0.4803	0.9185
003701828	003927485	0.3933	0.9183
003701828	003974487	0.4430	0.9160
003701828	003979604	0.4008	0.9470
003701828	003980597	0.4107	0.9451
003701828	003983612	0.3922	0.9481
003701828	003988870	0.3783	0.9159
003701828	004002734	0.3776	0.9284
003701828	004009350	0.4716	0.9341
003701828	004028987	0.4622	0.9348
003701828	004034170	0.3903	0.9259
003701828	004178839	0.5447	0.9065
003701828	004253554	0.4008	0.9298
003701828	004477674	0.4192	0.9143
003701828	004935667	0.5182	0.9165
003701828	004946152	0.4882	0.9336
003701828	005013047	0.4175	0.9277
003701828	005033151	0.4243	0.9396
003701828	005063011	0.4909	0.9353
003702769	003974487	0.4481	0.9121
003702769	003979604	0.5011	0.9107
003702769	003980597	0.4157	0.9277
003702769	003983612	0.4938	0.9106
003702769	004028987	0.5114	0.9010
003702769	004946152	0.5031	0.9189
003702769	005030272	0.5984	0.9184
003702769	005033151	0.4599	0.9053
003702769	005063011	0.4937	0.9247
003703958	003740241	0.5386	0.9227
003703958	003830898	0.5776	0.9146
003703958	003893356	0.4171	0.9266
003703958	003927485	0.4409	0.9136
003703958	003974487	0.4204	0.9097
003703958	003975571	0.5939	0.9261
003703958	003979604	0.4528	0.9410
003703958	003980597	0.3774	0.9549
003703958	003983612	0.4313	0.9438
003703958	003988870	0.4081	0.9017
003703958	004002734	0.4205	0.9191
003703958	004009350	0.4760	0.9401
003703958	004028987	0.4560	0.9301
003703958	004034170	0.3815	0.9329
003703958	004178839	0.5090	0.9073
003703958	004253554	0.4020	0.9408
003703958	004477674	0.4358	0.9177
003703958	004935667	0.5418	0.9230
003703958	004946152	0.4282	0.9279
003703958	005013047	0.4110	0.9339
003703958	005030272	0.5576	0.9056
003703958	005033151	0.4172	0.9376
003703958	005063011	0.4601	0.9485
003704372	003980597	0.4617	0.9085
003704546	003917098	0.5843	0.9015
003704546	003940432	0.5741	0.9168
003704546	003974487	0.4020	0.9145
003704546	003979604	0.4399	0.9065
003704546	003980597	0.3778	0.9158
003704546	003983612	0.4289	0.9066
003704546	004178839	0.5417	0.9097
003704546	004946152	0.4434	0.9013
003704546	005063011	0.4537	0.9203
003704833	003837507	0.5847	0.9065
003704833	003927485	0.5439	0.9187
003704833	003980597	0.3477	0.9254
003704833	004002734	0.5367	0.9057
003704833	004009350	0.5609	0.9386
003704833	004028987	0.4584	0.9004
003704833	004034170	0.4520	0.9263
003704833	004253554	0.3988	0.9224
003704833	004477674	0.4772	0.9501
003704833	004935667	0.5354	0.9223
003704833	005013047	0.4971	0.9216
003704833	005033151	0.4711	0.9469
003705335	003707024	0.5566	0.9005
003705335	003927485	0.5422	0.9222
003705335	003979604	0.5417	0.9301
003705335	003980597	0.4083	0.9319
003705335	003983612	0.5269	0.9329
003705335	003988870	0.5066	0.9020
003705335	004002734	0.5407	0.9202
003705335	004009350	0.5556	0.9445
003705335	004028987	0.4902	0.9265
003705335	004034170	0.4704	0.9265
003705335	004178839	0.5939	0.9143
003705335	004253554	0.4435	0.9314
003705335	004477674	0.5310	0.9510
003705335	004935667	0.5823	0.9241
003705335	004946152	0.4668	0.9278
003705335	005013047	0.5171	0.9274
003705335	005033151	0.4964	0.9472
003705335	005063011	0.5028	0.9272
003705615	003729552	0.3472	0.9042
003705615	003740131	0.4562	0.9115
003705615	003786918	0.3448	0.9017
003705615	003817230	0.3627	0.9174
003705615	003959126	0.3523	0.9323
003705615	003969508	0.2888	0.9042
003705615	003993203	0.3722	0.9115
003705615	003997800	0.4342	0.9086
003705615	004016284	0.3965	0.9042
003705615	004023279	0.3345	0.9270
003705615	004024974	0.3845	0.9322
003705615	004027936	0.3785	0.9017
003705615	004099186	0.3486	0.9006
003705615	004146735	0.3239	0.9214
003705615	004218949	0.4104	0.9159
003705615	004346242	0.3448	0.9143
003705615	004936750	0.3450	0.9067
003705615	004957284	0.3301	0.9002
003705615	004977576	0.3357	0.9041
003705615	005029261	0.3818	0.9065
003705615	005034081	0.3791	0.9027
003705615	005049075	0.2945	0.9015
003705615	005052629	0.3792	0.9056
003705615	005055414	0.3704	0.9188
003705615	005055984	0.2490	0.9153
003705615	005056599	0.3390	0.9177
003705615	005056886	0.3253	0.9181
003705615	005060255	0.2773	0.9035
003705795	004155213	0.5838	0.9239
003705795	004178839	0.5054	0.9171
003706549	004677137	0.5637	0.9180
003706854	003740241	0.5959	0.9134
003706854	003893356	0.4465	0.9209
003706854	003974487	0.4363	0.9180
003706854	003979604	0.4670	0.9094
003706854	003980597	0.3788	0.9603
003706854	003983612	0.4498	0.9133
003706854	004002734	0.4353	0.9010
003706854	004009350	0.5143	0.9171
003706854	004028987	0.4370	0.9172
003706854	004034170	0.3925	0.9369
003706854	004178839	0.5435	0.9118
003706854	004253554	0.3942	0.9365
003706854	004477674	0.4562	0.9189
003706854	004935667	0.5261	0.9116
003706854	004946152	0.4654	0.9136
003706854	005013047	0.4294	0.9286
003706854	005030272	0.5708	0.9384
003706854	005033151	0.4195	0.9366
003706854	005063011	0.4736	0.9208
003706995	005052629	0.4450	0.9038
003707024	003713577	0.5156	0.9171
003707024	003714904	0.4979	0.9182
003707024	003719290	0.4853	0.9268
003707024	003723538	0.5745	0.9397
003707024	003730558	0.4960	0.9031
003707024	003743499	0.4789	0.9032
003707024	003745990	0.5743	0.9010
003707024	003757999	0.5403	0.9186
003707024	003781999	0.4912	0.9238
003707024	003792183	0.5939	0.9424
003707024	003793204	0.4983	0.9104
003707024	003795430	0.5861	0.9079
003707024	003797750	0.4748	0.9260
003707024	003798944	0.5876	0.9078
003707024	003800736	0.4646	0.9152
003707024	003804059	0.4466	0.9082
003707024	003808690	0.5119	0.9072
003707024	003809821	0.5489	0.9173
003707024	003817230	0.5172	0.9575
003707024	003856901	0.5026	0.9190
003707024	003873634	0.4965	0.9327
003707024	003884108	0.5772	0.9106
003707024	003906939	0.5365	0.9290
003707024	003916040	0.5124	0.9185
003707024	003922315	0.4774	0.9123
003707024	003923768	0.4528	0.9075
003707024	003929384	0.4876	0.9229
003707024	003938586	0.5814	0.9061
003707024	003940173	0.5455	0.9056
003707024	003940207	0.5711	0.9011
003707024	003940760	0.5189	0.9091
003707024	003947596	0.5071	0.9008
003707024	003961475	0.5234	0.9470
003707024	003963455	0.4872	0.9288
003707024	003966783	0.5464	0.9186
003707024	003968842	0.5249	0.9114
003707024	003970579	0.4633	0.9343
003707024	003972041	0.4882	0.9102
003707024	003972547	0.4964	0.9171
003707024	003974873	0.5788	0.9051
003707024	003976351	0.5017	0.9342
003707024	003987478	0.5186	0.9087
003707024	003993203	0.4763	0.9541
003707024	004016284	0.4987	0.9117
003707024	004018972	0.5022	0.9051
003707024	004021962	0.5001	0.9116
003707024	004024974	0.5323	0.9366
003707024	004029401	0.4964	0.9125
003707024	004030238	0.4766	0.9256
003707024	004030387	0.4977	0.9050
003707024	004046385	0.5421	0.9164
003707024	004047160	0.5863	0.9215
003707024	004064452	0.5333	0.9191
003707024	004069935	0.5461	0.9582
003707024	004080481	0.4943	0.9389
003707024	004127832	0.5522	0.9083
003707024	004146735	0.5620	0.9385
003707024	004218949	0.5090	0.9534
003707024	004241417	0.4542	0.9160
003707024	004256943	0.4973	0.9261
003707024	004261492	0.4507	0.9161
003707024	004268173	0.5770	0.9110
003707024	004405252	0.5157	0.9210
003707024	004500222	0.4601	0.9316
003707024	004533388	0.4807	0.9033
003707024	004562486	0.4544	0.9055
003707024	004608704	0.4706	0.9103
003707024	004627786	0.5550	0.9039
003707024	004883502	0.5146	0.9280
003707024	004937587	0.5721	0.9415
003707024	004957284	0.5769	0.9339
003707024	004970161	0.5431	0.9044
003707024	004974745	0.5633	0.9015
003707024	004977576	0.5181	0.9498
003707024	004978305	0.5423	0.9266
003707024	004978402	0.5017	0.9132
003707024	005013895	0.5236	0.9078
003707024	005019689	0.5109	0.9266
003707024	005021918	0.5261	0.9009
003707024	005030431	0.5461	0.9211
003707024	005035935	0.4680	0.9268
003707024	005039793	0.5169	0.9411
003707024	005040936	0.4948	0.9082
003707024	005046286	0.5489	0.9033
003707024	005046498	0.4976	0.9258
003707024	005055984	0.4363	0.9130
003707024	005056599	0.4263	0.9330
003707024	005061293	0.5379	0.9304
003707024	005064725	0.5540	0.9123
003707024	005073781	0.5642	0.9293
003707160	004022477	0.5711	0.9339
003707829	003961788	0.5674	0.9035
003707829	004217957	0.5850	0.9270
003707829	004486742	0.5495	0.9234
003707829	004568123	0.5677	0.9276
003707829	004952074	0.4509	0.9039
003707829	004986672	0.4794	0.9195
003708347	003801207	0.5800	0.9163
003708347	004155213	0.5429	0.9290
003708347	004178839	0.5944	0.9218
003709104	003927485	0.5732	0.9124
003709104	003980597	0.3576	0.9038
003709104	004009350	0.5367	0.9188
003709104	004034170	0.5155	0.9011
003709104	004124141	0.5569	0.9354
003709104	004155213	0.5791	0.9552
003709104	004178839	0.5669	0.9631
003709104	004477674	0.5115	0.9319
003709104	004935667	0.5394	0.9052
003709104	005013047	0.5384	0.9069
003709104	005033151	0.5297	0.9357
003710707	004993396	0.5518	0.9032
003710887	003988870	0.5831	0.9012
003710887	004028987	0.5737	0.9005
003711375	005033151	0.4989	0.9013
003711543	003817230	0.4153	0.9001
003711543	003947087	0.3325	0.9234
003711543	003947596	0.3736	0.9201
003711543	003963980	0.3953	0.9110
003711543	003969508	0.3646	0.9058
003711543	003971907	0.3841	0.9219
003711543	003972041	0.4484	0.9119
003711543	003979552	0.3659	0.9022
003711543	003979648	0.3556	0.9374
003711543	003993203	0.4472	0.9034
003711543	004024974	0.4182	0.9136
003711543	004078132	0.3423	0.9201
003711543	004277582	0.4014	0.9227
003711543	004373825	0.3701	0.9139
003711543	004476649	0.3499	0.9453
003711543	004937587	0.3899	0.9012
003711543	004953249	0.3153	0.9056
003711543	004978402	0.4132	0.9138
003711543	004986716	0.3787	0.9053
003711543	005049075	0.2707	0.9072
003711543	005056886	0.3531	0.9023
003711543	005066225	0.3477	0.9034
003712793	003837507	0.5829	0.9004
003712793	003893356	0.4650	0.9287
003712793	003927485	0.5451	0.9052
003712793	003932681	0.4082	0.9015
003712793	003974487	0.4870	0.9018
003712793	003979604	0.5898	0.9139
003712793	003980597	0.4379	0.9546
003712793	003983612	0.5763	0.9226
003712793	004002734	0.5746	0.9091
003712793	004009350	0.5815	0.9403
003712793	004028987	0.5238	0.9223
003712793	004034170	0.4868	0.9400
003712793	004253554	0.4392	0.9509
003712793	004477674	0.5319	0.9515
003712793	004935667	0.5484	0.9357
003712793	004946152	0.4906	0.9169
003712793	005013047	0.5227	0.9378
003712793	005033151	0.4861	0.9413
003712793	005063011	0.5158	0.9376
003712799	003740131	0.5701	0.9159
003712799	003921608	0.5250	0.9171
003712799	003959126	0.4973	0.9037
003712799	003972041	0.4694	0.9005
003712799	004023279	0.4914	0.9516
003712799	004024974	0.4994	0.9252
003712799	004146735	0.5055	0.9387
003712799	004346242	0.5627	0.9518
003712799	004927532	0.5231	0.9085
003712799	004957284	0.5727	0.9175
003712799	004968082	0.5888	0.9023
003712799	004974745	0.5188	0.9262
003712799	004977576	0.5141	0.9239
003712799	005052629	0.5153	0.9012
003712799	005055414	0.5362	0.9151
003712799	005056599	0.4578	0.9228
003712799	005073781	0.4871	0.9216
003713577	003740241	0.5717	0.9408
003713577	003801207	0.5987	0.9296
003713577	003893356	0.4252	0.9207
003713577	003927485	0.4997	0.9201
003713577	003974487	0.4046	0.9308
003713577	003979604	0.5184	0.9390
003713577	003980597	0.3772	0.9685
003713577	003983612	0.4976	0.9395
003713577	003988870	0.4480	0.9039
003713577	004002734	0.4789	0.9315
003713577	004009350	0.5035	0.9450
003713577	004028987	0.4634	0.9399
003713577	004029045	0.5506	0.9065
003713577	004034170	0.4069	0.9423
003713577	004124141	0.5955	0.9281
003713577	004155213	0.5920	0.9369
003713577	004178839	0.5236	0.9190
003713577	004253554	0.4091	0.9467
003713577	004477674	0.4654	0.9143
003713577	004935667	0.5626	0.9296
003713577	004946152	0.4493	0.9135
003713577	005013047	0.4434	0.9452
003713577	005030272	0.5550	0.9219
003713577	005033151	0.4412	0.9446
003713577	005063011	0.4804	0.9390
003714904	003927485	0.4519	0.9039
003714904	003974487	0.5530	0.9221
003714904	003979604	0.4511	0.9008
003714904	003980597	0.3752	0.9491
003714904	004009350	0.4937	0.9269
003714904	004028987	0.3970	0.9196
003714904	004034170	0.4781	0.9301
003714904	004253554	0.4017	0.9189
003714904	004935667	0.3663	0.9178
003714904	004993396	0.5515	0.9150
003714904	005013047	0.4771	0.9399
003714904	005028264	0.4726	0.9032
003714904	005033151	0.4398	0.9323
003715701	003921608	0.5509	0.9126
003716697	003893356	0.4745	0.9111
003716697	003927485	0.5267	0.9091
003716697	003974487	0.5203	0.9116
003716697	003979604	0.5507	0.9185
003716697	003980597	0.4491	0.9550
003716697	003983612	0.5432	0.9225
003716697	004002734	0.5505	0.9027
003716697	004009350	0.5799	0.9563
003716697	004028987	0.5203	0.9321
003716697	004034170	0.5013	0.9373
003716697	004253554	0.4495	0.9487
003716697	004477674	0.5387	0.9158
003716697	004935667	0.5145	0.9387
003716697	005013047	0.5176	0.9348
003716697	005033151	0.4898	0.9251
003716697	005063011	0.5267	0.9154
003716797	003980597	0.5935	0.9284
003716797	004253554	0.5851	0.9022
003716949	004178839	0.5649	0.9225
003716949	004477674	0.4641	0.9190
003716949	005033151	0.4748	0.9023
003717786	003837507	0.5065	0.9023
003717786	004477674	0.5294	0.9027
003717955	003974487	0.4747	0.9094
003717955	003979604	0.4908	0.9086
003717955	003980597	0.4089	0.9111
003717955	003983612	0.4840	0.9113
003717955	004946152	0.4800	0.9176
003717955	005063011	0.4970	0.9354
003718903	003980597	0.4739	0.9197
003718903	004946152	0.5684	0.9123
003718903	005033151	0.5215	0.9167
003718903	005063011	0.5226	0.9149
003718923	004178839	0.5893	0.9277
003718923	004477674	0.4761	0.9249
003718923	005033151	0.4833	0.9073
003719044	004009350	0.5588	0.9034
003719044	004178839	0.5596	0.9495
003719044	004477674	0.4841	0.9152
003719044	005033151	0.5041	0.9257
003719109	003893356	0.4743	0.9121
003719290	003740241	0.5887	0.9353
003719290	003801207	0.5318	0.9301
003719290	003830898	0.5850	0.9247
003719290	003893356	0.4058	0.9187
003719290	003927485	0.5034	0.9331
003719290	003974487	0.3992	0.9374
003719290	003979604	0.5144	0.9482
003719290	003980597	0.3942	0.9614
003719290	003983612	0.4898	0.9488
003719290	003988870	0.4603	0.9186
003719290	004002734	0.4829	0.9403
003719290	004009350	0.4683	0.9489
003719290	004028987	0.4857	0.9457
003719290	004034170	0.4221	0.9433
003719290	004124141	0.5341	0.9139
003719290	004155213	0.5330	0.9332
003719290	004178839	0.5091	0.9182
003719290	004253554	0.4259	0.9483
003719290	004477674	0.4445	0.9268
003719290	004935667	0.5639	0.9358
003719290	004946152	0.4366	0.9294
003719290	005013047	0.4441	0.9464
003719290	005030272	0.5681	0.9161
003719290	005033151	0.4482	0.9504
003719290	005063011	0.4929	0.9485
003719987	003980597	0.4390	0.9256
003719987	004009350	0.5950	0.9008
003719987	004124141	0.5300	0.9086
003719987	004155213	0.5884	0.9309
003721314	004959592	0.4780	0.9013
003721511	003980597	0.4991	0.9095
003721511	004946152	0.5914	0.9081
003721511	005063011	0.5713	0.9095
003723169	003837507	0.5832	0.9067
003723169	003927485	0.5093	0.9077
003723169	003980597	0.3125	0.9320
003723169	004009350	0.4954	0.9308
003723169	004034170	0.4120	0.9145
003723169	004178839	0.5762	0.9569
003723169	004253554	0.3821	0.9132
003723169	004477674	0.3862	0.9319
003723169	004935667	0.4953	0.9125
003723169	005013047	0.4379	0.9140
003723169	005033151	0.4450	0.9321
003723169	005063011	0.4681	0.9085
003723538	003837507	0.5926	0.9029
003723538	003979604	0.5831	0.9431
003723538	003980597	0.4613	0.9310
003723538	003983612	0.5862	0.9423
003723538	003988870	0.5599	0.9194
003723538	004002734	0.5914	0.9427
003723538	004028987	0.5490	0.9482
003723538	004034170	0.5752	0.9368
003723538	004253554	0.5307	0.9379
003723538	004477674	0.5525	0.9473
003723538	005013047	0.5994	0.9473
003723538	005033151	0.5873	0.9568
003723740	003974487	0.5926	0.9376
003723740	003980597	0.5087	0.9320
003723740	005063011	0.5433	0.9246
003724738	003893356	0.5328	0.9172
003724738	003979604	0.4850	0.9005
003724738	003980597	0.4608	0.9360
003724738	003983612	0.4852	0.9080
003724738	004009350	0.5987	0.9041
003724738	004946152	0.5817	0.9117
003724738	005063011	0.5621	0.9104
003724767	003979604	0.5040	0.9091
003724767	003980597	0.3760	0.9350
003724767	003983612	0.4813	0.9116
003724767	004009350	0.5049	0.9078
003724767	004034170	0.4118	0.9213
003724767	004178839	0.5289	0.9035
003724767	004253554	0.4059	0.9208
003724767	004477674	0.4679	0.9133
003724767	004946152	0.4299	0.9204
003724767	005013047	0.4495	0.9087
003724767	005033151	0.4513	0.9307
003724767	005063011	0.4576	0.9034
003724767	005066083	0.5962	0.9016
003728936	003980228	0.2833	0.9034
003728936	004009281	0.3094	0.9276
003728936	004883502	0.4088	0.9050
003729399	003980597	0.5137	0.9214
003729399	005063011	0.5760	0.9084
003729552	003738616	0.3503	0.9235
003729552	003740131	0.5594	0.9161
003729552	003884605	0.3925	0.9193
003729552	003934856	0.4681	0.9235
003729552	003938644	0.3817	0.9236
003729552	003981561	0.3996	0.9487
003729552	004023963	0.3486	0.9003
003729552	004995535	0.5597	0.9067
003729552	005030272	0.5152	0.9441
003729552	005078298	0.5517	0.9024
003730558	003801207	0.5938	0.9030
003730558	003927485	0.4854	0.9158
003730558	003980597	0.4095	0.9214
003730558	004002734	0.4805	0.9014
003730558	004009350	0.5270	0.9330
003730558	004028987	0.4363	0.9030
003730558	004034170	0.4531	0.9194
003730558	004253554	0.4276	0.9220
003730558	004477674	0.4905	0.9430
003730558	004935667	0.4378	0.9208
003730558	005013047	0.4387	0.9167
003730558	005033151	0.4324	0.9312
003730941	004178839	0.5907	0.9306
003730941	005033151	0.4871	0.9043
003731198	003927485	0.5554	0.9007
003731198	003979604	0.5727	0.9083
003731198	003980597	0.3790	0.9141
003731198	003983612	0.5507	0.9123
003731198	004009350	0.5456	0.9255
003731198	004028987	0.4574	0.9038
003731198	005033151	0.4893	0.9099
003731198	005063011	0.4713	0.9009
003732856	005033151	0.5014	0.9051
003734153	004178839	0.5688	0.9228
003734153	004477674	0.5032	0.9114
003734153	005033151	0.4959	0.9024
003734570	004124141	0.5938	0.9350
003734871	003786918	0.5136	0.9111
003734871	004020138	0.5662	0.9075
003734871	004020266	0.5539	0.9264
003734871	004022826	0.5527	0.9009
003735038	003927485	0.5536	0.9246
003735038	003980597	0.3593	0.9033
003735038	003983612	0.5048	0.9045
003735038	004002734	0.5315	0.9079
003735038	004009350	0.5104	0.9402
003735038	004034170	0.4956	0.9081
003735038	004155213	0.5963	0.9401
003735038	004178839	0.5889	0.9462
003735038	004253554	0.4479	0.9062
003735038	004477674	0.4614	0.9420
003735038	004935667	0.4947	0.9222
003735038	005013047	0.5057	0.9087
003735038	005033151	0.4999	0.9369
003735038	005063011	0.4850	0.9016
003736624	003837507	0.5902	0.9203
003736624	005033151	0.4865	0.9043
003737025	004124141	0.5864	0.9090
003737025	004178839	0.5497	0.9265
003737025	004477674	0.4340	0.9178
003737025	005033151	0.4568	0.9051
003737521	003980597	0.3706	0.9110
003737521	004009350	0.5323	0.9112
003737521	004034170	0.4280	0.9045
003737521	004178839	0.5841	0.9101
003737521	004253554	0.4140	0.9024
003737521	004477674	0.4874	0.9345
003737521	005033151	0.4556	0.9197
003737708	003980597	0.4787	0.9304
003737708	005063011	0.5092	0.9057
003737735	004124141	0.5987	0.9164
003737735	004178839	0.5493	0.9113
003738485	003801207	0.5617	0.9290
003738485	003955195	0.5777	0.9095
003738485	003980597	0.4534	0.9340
003738485	004009350	0.5554	0.9174
003738485	004124141	0.5068	0.9217
003738485	004155213	0.5616	0.9454
003738485	004253554	0.5307	0.9081
003738485	004477674	0.5058	0.9203
003738485	005013047	0.5980	0.9004
003738485	005033151	0.5971	0.9164
003738485	005078298	0.5954	0.9294
003738602	003837507	0.5343	0.9397
003738616	003762030	0.3459	0.9109
003738616	003817230	0.3526	0.9210
003738616	003926465	0.3260	0.9005
003738616	003947087	0.3552	0.9226
003738616	003947596	0.2595	0.9252
003738616	003959126	0.3328	0.9396
003738616	003963980	0.2851	0.9157
003738616	003967895	0.3773	0.9039
003738616	003969508	0.2890	0.9331
003738616	003970579	0.3436	0.9027
003738616	003971907	0.2650	0.9162
003738616	003978624	0.1959	0.9072
003738616	003979552	0.2903	0.9295
003738616	003979648	0.2623	0.9152
003738616	003993203	0.3707	0.9151
003738616	003997800	0.3965	0.9041
003738616	004023279	0.3111	0.9125
003738616	004024974	0.3757	0.9338
003738616	004078132	0.2377	0.9048
003738616	004146735	0.3007	0.9018
003738616	004218949	0.3949	0.9199
003738616	004346242	0.3091	0.9020
003738616	004476649	0.2469	0.9241
003738616	004936750	0.3501	0.9472
003738616	004937587	0.3128	0.9035
003738616	004940356	0.3398	0.9105
003738616	004942072	0.3152	0.9003
003738616	004953249	0.3160	0.9152
003738616	004977424	0.3498	0.9270
003738616	004978402	0.3699	0.9118
003738616	004979181	0.3524	0.9011
003738616	004986716	0.3590	0.9288
003738616	005026689	0.3449	0.9211
003738616	005029261	0.3482	0.9342
003738616	005030272	0.4404	0.9100
003738616	005034081	0.3789	0.9126
003738616	005043547	0.3271	0.9081
003738616	005046498	0.3263	0.9024
003738616	005049046	0.5536	0.9005
003738616	005049075	0.2917	0.9500
003738616	005052629	0.3780	0.9127
003738616	005055414	0.3658	0.9074
003738616	005055984	0.2352	0.9300
003738616	005056599	0.3492	0.9207
003738616	005056886	0.3032	0.9232
003738616	005060255	0.2728	0.9157
003738616	005064007	0.3966	0.9035
003738616	005069346	0.3863	0.9084
003738616	005078298	0.3800	0.9239
003738616	005079504	0.3026	0.9138
003739062	003974873	0.5587	0.9160
003739062	003997800	0.5565	0.9180
003739062	004155213	0.5934	0.9283
003739062	004993396	0.5218	0.9035
003739062	005056886	0.5978	0.9082
003739787	003969508	0.5837	0.9056
003739787	003980597	0.5231	0.9259
003739929	004124141	0.5869	0.9069
003739929	004178839	0.5543	0.9324
003739929	004477674	0.5466	0.9367
003739929	004993396	0.5738	0.9089
003739929	005033151	0.5580	0.9277
003740131	003741412	0.5346	0.9157
003740131	003786918	0.5189	0.9506
003740131	003938644	0.4565	0.9084
003740131	003974487	0.4386	0.9206
003740131	003980597	0.4155	0.9096
003740131	004020138	0.5821	0.9379
003740131	004020266	0.5441	0.9553
003740131	004022826	0.5024	0.9053
003740131	004028903	0.5704	0.9030
003740131	004856373	0.5927	0.9028
003740241	003912861	0.5783	0.9221
003740241	003974873	0.5318	0.9137
003740241	003979604	0.5976	0.9177
003740241	004016655	0.5570	0.9339
003740241	004021801	0.5997	0.9465
003740241	004265943	0.5300	0.9042
003740241	004935667	0.5513	0.9103
003740241	005032178	0.5999	0.9179
003740241	005034467	0.5644	0.9210
003740241	005068539	0.5800	0.9008
003740282	004009350	0.5455	0.9041
003740282	004477674	0.4830	0.9263
003740282	005033151	0.4995	0.9178
003740361	003786918	0.5210	0.9098
003740361	004020266	0.5544	0.9282
003740361	004022826	0.5686	0.9154
003741412	003921608	0.5299	0.9296
003741412	003928041	0.5265	0.9008
003741412	005030272	0.5164	0.9027
003743062	004124141	0.5848	0.9281
003743062	004178839	0.5888	0.9059
003743499	003797019	0.5745	0.9247
003743499	003927485	0.5562	0.9156
003743499	003980597	0.3539	0.9030
003743499	004009350	0.5300	0.9305
003743499	004124141	0.5660	0.9142
003743499	004178839	0.5807	0.9691
003743499	004477674	0.4715	0.9209
003743499	004935667	0.5130	0.9038
003743499	005013047	0.5160	0.9049
003743499	005033151	0.5021	0.9274
003743825	003837507	0.5704	0.9175
003743825	003927485	0.5243	0.9026
003743825	004009350	0.5642	0.9136
003743825	004178839	0.5951	0.9492
003743825	004477674	0.5011	0.9365
003743825	005013047	0.5180	0.9007
003743825	005033151	0.5018	0.9359
003745990	003927485	0.5518	0.9211
003745990	003979604	0.5517	0.9331
003745990	003980597	0.3906	0.9179
003745990	003983612	0.5354	0.9347
003745990	003988870	0.5193	0.9083
003745990	004002734	0.5498	0.9209
003745990	004009350	0.5850	0.9392
003745990	004028987	0.4582	0.9319
003745990	004034170	0.4736	0.9268
003745990	004253554	0.4354	0.9251
003745990	004477674	0.5292	0.9476
003745990	004935667	0.5448	0.9194
003745990	004946152	0.4341	0.9204
003745990	005013047	0.5119	0.9255
003745990	005033151	0.5006	0.9507
003745990	005063011	0.4748	0.9044
003750815	005033151	0.5332	0.9060
003750909	004124141	0.5396	0.9153
003750909	004155213	0.5613	0.9363
003750909	004178839	0.5768	0.9336
003750909	004477674	0.4660	0.9015
003753032	003980597	0.5637	0.9181
003754872	003980228	0.5844	0.9173
003754872	004078132	0.5382	0.9125
003754872	004182884	0.4707	0.9289
003754872	004927532	0.4870	0.9047
003754872	005020252	0.5886	0.9138
003757999	003823449	0.5046	0.9528
003757999	003837507	0.5446	0.9340
003757999	003927485	0.4830	0.9085
003757999	004009350	0.5797	0.9151
003757999	004025316	0.5391	0.9111
003757999	004477674	0.5426	0.9207
003757999	004935667	0.4637	0.9012
003757999	005013047	0.4797	0.9024
003757999	005033151	0.4571	0.9255
003762030	003794450	0.4482	0.9187
003762030	003875439	0.3992	0.9450
003762030	003888854	0.4406	0.9303
003762030	003893356	0.4410	0.9511
003762030	003917565	0.4184	0.9060
003762030	003924245	0.4404	0.9156
003762030	003926817	0.4602	0.9293
003762030	003932681	0.4798	0.9070
003762030	003938644	0.4223	0.9066
003762030	003979604	0.5106	0.9083
003762030	003980597	0.5116	0.9201
003762030	003981561	0.5126	0.9114
003762030	003983612	0.4924	0.9140
003762030	004023963	0.4126	0.9258
003762030	004028987	0.4726	0.9230
003762030	004034170	0.4801	0.9210
003762030	004253554	0.5055	0.9234
003762030	004608704	0.5742	0.9007
003762030	005013047	0.4479	0.9141
003762030	005030272	0.5719	0.9016
003762030	005033151	0.4539	0.9026
003776905	003927485	0.5530	0.9055
003776905	003979604	0.5675	0.9202
003776905	003983612	0.5433	0.9218
003776905	004002734	0.5544	0.9069
003776905	004009350	0.5466	0.9221
003776905	004028987	0.4592	0.9201
003776905	004034170	0.4727	0.9060
003776905	004253554	0.4367	0.9028
003776905	004477674	0.5246	0.9318
003776905	004946152	0.4337	0.9086
003776905	005013047	0.5151	0.9055
003776905	005033151	0.4892	0.9360
003781999	003927485	0.4869	0.9272
003781999	003974487	0.4295	0.9021
003781999	003979604	0.5033	0.9046
003781999	003980597	0.3843	0.9390
003781999	003983612	0.4892	0.9082
003781999	004002734	0.4728	0.9194
003781999	004009350	0.5149	0.9438
003781999	004028987	0.4580	0.9212
003781999	004034170	0.4163	0.9327
003781999	004124141	0.5734	0.9011
003781999	004253554	0.4017	0.9290
003781999	004477674	0.4628	0.9492
003781999	004935667	0.4925	0.9328
003781999	004993396	0.5641	0.9033
003781999	005013047	0.4367	0.9354
003781999	005033151	0.4260	0.9465
003781999	005063011	0.4418	0.9063
003782183	003828345	0.5623	0.9169
003782183	003924922	0.5766	0.9410
003783065	004124141	0.5735	0.9278
003783065	004178839	0.5748	0.9326
003783065	004477674	0.5080	0.9094
003783065	005033151	0.5104	0.9151
003783242	003980597	0.5679	0.9183
003783242	004041829	0.5782	0.9122
003783242	004099186	0.5854	0.9037
003783849	003837507	0.5854	0.9320
003783849	004608704	0.5726	0.9003
003783849	005033151	0.4934	0.9100
003784612	004477674	0.4869	0.9173
003784612	005033151	0.3701	0.9031
003785778	004124141	0.5923	0.9166
003785778	004155213	0.5864	0.9403
003785778	004178839	0.5681	0.9380
003785778	004477674	0.4867	0.9253
003785778	005033151	0.5274	0.9194
003786918	003788333	0.5386	0.9030
003786918	003789397	0.5933	0.9210
003786918	003921608	0.5200	0.9392
003786918	003928041	0.5237	0.9158
003786918	003981561	0.3575	0.9296
003786918	004021481	0.4880	0.9018
003786918	004022477	0.4623	0.9185
003786918	004025105	0.5545	0.9065
003786918	004161981	0.5665	0.9246
003786918	004503485	0.5832	0.9001
003786918	004995535	0.5120	0.9150
003786918	005030272	0.5231	0.9551
003786918	005032178	0.5800	0.9459
003786918	005034081	0.5911	0.9155
003786918	005067408	0.5892	0.9243
003786918	005084081	0.5923	0.9271
003787662	003975571	0.5979	0.9007
003787662	003980597	0.3581	0.9062
003787662	004318569	0.5750	0.9398
003787662	004946152	0.4988	0.9092
003787662	005033151	0.4362	0.9009
003788177	003927485	0.5344	0.9140
003788177	004477674	0.5892	0.9139
003788177	005033151	0.5764	0.9230
003788315	003825550	0.4788	0.9001
003788315	003947087	0.4102	0.9132
003788315	003959126	0.3893	0.9346
003788315	004022242	0.4796	0.9015
003788315	004023279	0.3284	0.9006
003788315	004024974	0.4119	0.9044
003788315	004986716	0.3883	0.9201
003788315	005049075	0.3042	0.9072
003788315	005055414	0.4107	0.9159
003788333	004020138	0.5950	0.9157
003788333	004020266	0.5762	0.9211
003788333	004022826	0.5599	0.9023
003788360	004124141	0.5926	0.9257
003788360	004178839	0.5768	0.9368
003788360	004477674	0.4954	0.9048
003788360	005033151	0.5071	0.9152
003788543	003974873	0.5100	0.9010
003788543	003980597	0.5669	0.9469
003788543	004028987	0.5262	0.9000
003788543	004236698	0.5859	0.9082
003788543	005030272	0.5407	0.9153
003789028	003837507	0.5388	0.9037
003789028	004477674	0.5082	0.9142
003789028	005033151	0.4865	0.9011
003790340	003817230	0.4196	0.9133
003790340	003947087	0.3275	0.9032
003790340	003947596	0.3902	0.9251
003790340	003959126	0.3661	0.9062
003790340	003963980	0.4121	0.9083
003790340	003969508	0.3933	0.9075
003790340	003970579	0.4683	0.9005
003790340	003971907	0.3983	0.9238
003790340	003979552	0.3899	0.9010
003790340	003979648	0.3473	0.9242
003790340	003993203	0.4518	0.9130
003790340	004023279	0.4378	0.9038
003790340	004024974	0.4459	0.9126
003790340	004069935	0.4709	0.9005
003790340	004078132	0.3774	0.9244
003790340	004277582	0.3964	0.9220
003790340	004476649	0.3538	0.9463
003790340	004937587	0.4119	0.9057
003790340	004953249	0.3131	0.9012
003790340	004978402	0.4368	0.9210
003790340	004986716	0.4069	0.9016
003790340	005049075	0.2848	0.9095
003790340	005055984	0.3454	0.9107
003790340	005056599	0.4404	0.9026
003791026	003927485	0.5881	0.9010
003791026	003974487	0.4575	0.9094
003791026	003979604	0.5918	0.9164
003791026	003980597	0.3715	0.9262
003791026	003983612	0.5683	0.9202
003791026	004002734	0.5690	0.9043
003791026	004009350	0.5703	0.9262
003791026	004028987	0.4883	0.9185
003791026	004034170	0.4779	0.9184
003791026	004178839	0.5925	0.9223
003791026	004253554	0.4475	0.9168
003791026	004477674	0.5199	0.9366
003791026	004935667	0.5884	0.9130
003791026	004946152	0.4300	0.9113
003791026	004993396	0.5968	0.9462
003791026	005013047	0.5141	0.9181
003791026	005033151	0.5121	0.9401
003791026	005063011	0.4883	0.9105
003792183	003801207	0.5396	0.9209
003792183	003893356	0.4282	0.9073
003792183	003926817	0.5651	0.9218
003792183	003927485	0.5579	0.9352
003792183	003969074	0.4183	0.9010
003792183	003974487	0.4242	0.9319
003792183	003980597	0.4373	0.9374
003792183	003988870	0.5391	0.9185
003792183	004002734	0.5909	0.9438
003792183	004009350	0.5701	0.9392
003792183	004025316	0.5776	0.9206
003792183	004028987	0.5565	0.9507
003792183	004034170	0.4601	0.9356
003792183	004155213	0.5720	0.9174
003792183	004178839	0.5843	0.9127
003792183	004253554	0.4479	0.9337
003792183	004375667	0.5972	0.9093
003792183	004477674	0.5539	0.9407
003792183	004935667	0.5632	0.9438
003792183	004946152	0.4204	0.9422
003792183	004993396	0.5036	0.9375
003792183	005013047	0.4914	0.9495
003792183	005030272	0.5760	0.9110
003792183	005033151	0.4630	0.9517
003792183	005063011	0.4291	0.9500
003792944	003926465	0.5004	0.9228
003792944	003966783	0.5984	0.9019
003793128	003926465	0.4949	0.9319
003793128	003980597	0.5962	0.9051
003793128	004975231	0.5898	0.9216
003793204	003927485	0.5698	0.9281
003793204	003979604	0.5578	0.9102
003793204	003980597	0.3609	0.9256
003793204	003983612	0.5335	0.9131
003793204	004002734	0.5537	0.9174
003793204	004009350	0.5238	0.9460
003793204	004028987	0.4414	0.9114
003793204	004034170	0.4918	0.9233
003793204	004124141	0.5732	0.9295
003793204	004155213	0.5784	0.9517
003793204	004178839	0.5473	0.9615
003793204	004253554	0.4492	0.9180
003793204	004477674	0.4803	0.9480
003793204	004935667	0.5575	0.9321
003793204	005013047	0.5206	0.9328
003793204	005033151	0.5066	0.9532
003793204	005063011	0.5308	0.9197
003794450	003993778	0.4253	0.9172
003794450	004346242	0.5448	0.9120
003794450	004974745	0.4519	0.9010
003794680	003926465	0.5439	0.9027
003795430	003840585	0.5591	0.9025
003795430	003893356	0.3890	0.9215
003795430	003927485	0.5880	0.9220
003795430	003974487	0.4873	0.9012
003795430	003979604	0.5907	0.9372
003795430	003980597	0.4090	0.9415
003795430	003983612	0.5692	0.9395
003795430	003988870	0.5567	0.9052
003795430	004002734	0.5838	0.9241
003795430	004009350	0.5912	0.9484
003795430	004028987	0.4915	0.9436
003795430	004034170	0.4985	0.9437
003795430	004178839	0.5827	0.9096
003795430	004253554	0.4707	0.9426
003795430	004477674	0.5506	0.9486
003795430	004935667	0.5938	0.9287
003795430	004946152	0.4485	0.9212
003795430	004993396	0.5953	0.9305
003795430	005013047	0.5429	0.9396
003795430	005033151	0.5246	0.9560
003795430	005063011	0.5014	0.9113
003796114	004360631	0.5830	0.9016
003797019	003799298	0.5851	0.9142
003797019	003808690	0.5445	0.9190
003797019	003823449	0.4904	0.9353
003797019	003837507	0.5536	0.9222
003797019	003864069	0.5912	0.9161
003797019	003875068	0.5934	0.9136
003797019	003924922	0.4853	0.9286
003797019	003934538	0.5392	0.9006
003797019	003999421	0.5923	0.9313
003797019	004021475	0.5818	0.9024
003797019	004198097	0.5865	0.9034
003797595	003927485	0.5832	0.9069
003797595	003980597	0.4007	0.9021
003797595	004009350	0.5862	0.9160
003797595	004034170	0.5053	0.9023
003797595	004178839	0.5752	0.9520
003797595	004477674	0.5251	0.9360
003797595	004935667	0.5928	0.9048
003797595	005013047	0.5462	0.9052
003797595	005033151	0.5313	0.9388
003797750	003801207	0.5850	0.9053
003797750	003927485	0.5101	0.9221
003797750	003974487	0.4002	0.9150
003797750	003980597	0.3481	0.9263
003797750	004002734	0.4810	0.9141
003797750	004009350	0.4850	0.9355
003797750	004025316	0.4333	0.9073
003797750	004028987	0.4358	0.9147
003797750	004034170	0.4058	0.9224
003797750	004178839	0.5888	0.9246
003797750	004253554	0.3919	0.9226
003797750	004477674	0.4561	0.9481
003797750	004935667	0.5074	0.9273
003797750	005013047	0.4254	0.9269
003797750	005028264	0.4002	0.9057
003797750	005033151	0.4202	0.9349
003798944	003980597	0.3931	0.9254
003798944	003983612	0.5848	0.9427
003798944	003988870	0.5543	0.9154
003798944	004002734	0.5980	0.9286
003798944	004009350	0.5775	0.9548
003798944	004028987	0.4953	0.9375
003798944	004034170	0.4895	0.9309
003798944	004178839	0.5762	0.9070
003798944	004253554	0.4507	0.9364
003798944	004477674	0.5536	0.9560
003798944	004946152	0.4518	0.9242
003798944	005013047	0.5444	0.9329
003798944	005033151	0.5142	0.9517
003798944	005063011	0.5137	0.9262
003798981	003837507	0.5792	0.9297
003798981	004124141	0.5797	0.9227
003798981	004178839	0.5731	0.9471
003798981	004477674	0.4826	0.9020
003798981	005033151	0.5062	0.9037
003799298	004124141	0.5988	0.9312
003800736	003924922	0.5460	0.9008
003800736	003927485	0.4583	0.9204
003800736	003980597	0.4162	0.9060
003800736	004002734	0.4593	0.9066
003800736	004009350	0.5135	0.9329
003800736	004028987	0.4280	0.9106
003800736	004034170	0.4706	0.9056
003800736	004477674	0.4885	0.9273
003800736	004935667	0.4014	0.9103
003800736	005013047	0.4555	0.9148
003800736	005033151	0.4507	0.9335
003800852	004477674	0.5630	0.9102
003800852	005033151	0.5227	0.9137
003800929	003857935	0.5953	0.9043
003800929	003864069	0.5969	0.9111
003800929	004984815	0.5983	0.9007
003800929	005077180	0.5903	0.9163
003800985	003893356	0.4514	0.9250
003800985	003974487	0.4854	0.9021
003800985	003980597	0.4585	0.9524
003800985	004009350	0.5982	0.9420
003800985	004028987	0.5665	0.9259
003800985	004034170	0.5154	0.9436
003800985	004253554	0.4723	0.9510
003800985	004477674	0.5578	0.9485
003800985	004935667	0.5934	0.9344
003800985	005013047	0.5525	0.9420
003800985	005033151	0.5219	0.9427
003800985	005063011	0.5325	0.9237
003801207	003837107	0.5896	0.9157
003801207	003913807	0.5904	0.9262
003801207	003929384	0.5849	0.9064
003801207	003961475	0.5573	0.9048
003801207	003974873	0.5554	0.9126
003801207	003980597	0.5264	0.9025
003801207	003992577	0.5884	0.9068
003801207	004002577	0.5746	0.9113
003801207	004016284	0.5677	0.9002
003801207	004021475	0.5864	0.9075
003801207	004063483	0.5717	0.9107
003801207	004068454	0.5785	0.9429
003801207	004069935	0.5358	0.9247
003801207	004080481	0.5763	0.9234
003801207	004215561	0.5914	0.9468
003801207	004218949	0.5424	0.9259
003801207	004318569	0.5987	0.9370
003801207	004443862	0.5700	0.9286
003801207	004605081	0.5926	0.9137
003801207	004611031	0.5748	0.9028
003801207	004960783	0.5936	0.9351
003801207	004977576	0.5758	0.9091
003801207	004993396	0.5830	0.9383
003801207	005012604	0.5651	0.9133
003801207	005019689	0.5634	0.9239
003801207	005033151	0.4616	0.9089
003801207	005034263	0.5832	0.9206
003801207	005034437	0.5981	0.9137
003803751	003926817	0.4184	0.9080
003803751	003927485	0.5866	0.9154
003803751	003980597	0.3973	0.9032
003803751	003983612	0.5793	0.9273
003803751	003988870	0.5719	0.9026
003803751	004009350	0.5405	0.9337
003803751	004028987	0.4773	0.9190
003803751	004034170	0.5004	0.9085
003803751	004155213	0.5972	0.9057
003803751	004253554	0.4518	0.9156
003803751	004477674	0.5451	0.9470
003803751	004935667	0.5674	0.9160
003803751	004946152	0.4130	0.9147
003803751	005013047	0.5332	0.9110
003803751	005033151	0.5086	0.9384
003803751	005063011	0.4756	0.9132
003803752	004009350	0.5117	0.9021
003803752	004155213	0.5714	0.9212
003803752	004178839	0.5624	0.9072
003803752	004477674	0.4850	0.9120
003804059	003927485	0.5358	0.9348
003804059	003979604	0.5107	0.9186
003804059	003980597	0.3248	0.9253
003804059	003983612	0.4821	0.9210
003804059	004002734	0.5138	0.9205
003804059	004009350	0.4820	0.9539
003804059	004028987	0.3741	0.9148
003804059	004034170	0.4487	0.9180
003804059	004124141	0.5758	0.9199
003804059	004155213	0.5889	0.9491
003804059	004178839	0.5789	0.9632
003804059	004253554	0.4066	0.9158
003804059	004477674	0.4192	0.9297
003804059	004935667	0.4985	0.9325
003804059	005013047	0.4695	0.9294
003804059	005033151	0.4632	0.9422
003804059	005063011	0.4682	0.9265
003804711	003974487	0.4568	0.9106
003804711	003980597	0.4316	0.9117
003804711	004253554	0.4685	0.9000
003804711	004477674	0.5016	0.9125
003807424	003837507	0.5978	0.9061
003807424	004009350	0.5452	0.9085
003807424	004178839	0.5880	0.9523
003807424	004477674	0.4738	0.9284
003807424	005033151	0.4983	0.9279
003807595	003840585	0.5155	0.9097
003807595	003893356	0.4199	0.9074
003807595	003927485	0.5834	0.9132
003807595	003979604	0.5987	0.9364
003807595	003980597	0.3759	0.9492
003807595	003983612	0.5753	0.9405
003807595	004002734	0.5642	0.9205
003807595	004009350	0.5713	0.9438
003807595	004028987	0.5124	0.9299
003807595	004034170	0.4655	0.9335
003807595	004178839	0.5722	0.9335
003807595	004253554	0.4380	0.9331
003807595	004477674	0.5154	0.9283
003807595	004935667	0.5985	0.9279
003807595	004946152	0.4247	0.9334
003807595	005013047	0.5041	0.9299
003807595	005030272	0.5816	0.9023
003807595	005033151	0.5036	0.9467
003807595	005063011	0.4850	0.9290
003807842	003980597	0.5335	0.9314
003807842	004253554	0.4635	0.9086
003808690	003980597	0.3450	0.9152
003808690	004009350	0.5063	0.9272
003808690	004034170	0.4358	0.9250
003808690	004124141	0.5617	0.9273
003808690	004178839	0.5369	0.9553
003808690	004253554	0.3809	0.9130
003808690	004477674	0.4606	0.9404
003808690	004935667	0.4632	0.9243
003808690	005013047	0.4668	0.9270
003808690	005033151	0.4505	0.9430
003809737	003837507	0.5842	0.9042
003809737	004477674	0.5267	0.9078
003809737	004946152	0.5338	0.9068
003809737	005033151	0.5335	0.9072
003809821	003837507	0.5805	0.9242
003809821	003927485	0.5702	0.9226
003809821	003979604	0.5387	0.9105
003809821	003980597	0.4144	0.9383
003809821	003983612	0.5164	0.9144
003809821	004002734	0.5694	0.9173
003809821	004028987	0.4594	0.9221
003809821	004034170	0.5316	0.9278
003809821	004253554	0.4905	0.9231
003809821	004477674	0.5345	0.9412
003809821	004935667	0.5545	0.9305
003809821	005013047	0.5628	0.9345
003809821	005030272	0.5709	0.9001
003809821	005033151	0.5456	0.9499
003809821	005063011	0.5250	0.9189
003813985	004477674	0.5423	0.9178
003814705	004477674	0.4879	0.9240
003814705	005033151	0.4874	0.9114
003815944	003893356	0.4111	0.9100
003817230	003823449	0.5871	0.9189
003817230	003837507	0.5304	0.9136
003817230	003893356	0.4915	0.9178
003817230	003926817	0.4930	0.9013
003817230	003927485	0.4654	0.9350
003817230	003938644	0.3747	0.9182
003817230	003974487	0.4581	0.9321
003817230	003979604	0.5201	0.9476
003817230	003980597	0.4152	0.9527
003817230	003981561	0.3968	0.9406
003817230	003983612	0.5095	0.9480
003817230	003988870	0.4480	0.9128
003817230	004002734	0.5020	0.9452
003817230	004009350	0.5180	0.9602
003817230	004023963	0.3767	0.9222
003817230	004025316	0.4954	0.9477
003817230	004027380	0.3837	0.9180
003817230	004028987	0.4760	0.9743
003817230	004034170	0.4309	0.9675
003817230	004253554	0.4033	0.9585
003817230	004477674	0.4662	0.9310
003817230	004935667	0.4583	0.9624
003817230	005013047	0.4369	0.9820
003817230	005028264	0.4150	0.9382
003817230	005033151	0.4166	0.9692
003817230	005063011	0.5011	0.9104
003823449	003828345	0.5897	0.9048
003823449	003922315	0.5943	0.9789
003823449	003947337	0.5541	0.9494
003823449	003963455	0.4913	0.9319
003823449	003968842	0.5205	0.9219
003823449	003970579	0.5366	0.9438
003823449	003972547	0.5501	0.9214
003823449	003972956	0.5391	0.9495
003823449	003978624	0.5161	0.9180
003823449	003980597	0.4305	0.9018
003823449	003987478	0.5465	0.9398
003823449	003993203	0.5562	0.9149
003823449	004009350	0.5396	0.9041
003823449	004029401	0.5702	0.9344
003823449	004034170	0.5215	0.9113
003823449	004046385	0.5172	0.9294
003823449	004064452	0.5431	0.9640
003823449	004124141	0.5296	0.9188
003823449	004155213	0.5672	0.9435
003823449	004178839	0.5154	0.9525
003823449	004256943	0.4680	0.9164
003823449	004261492	0.5388	0.9453
003823449	004405252	0.5595	0.9264
003823449	004477674	0.5042	0.9229
003823449	004562486	0.5387	0.9156
003823449	005013047	0.5430	0.9060
003823449	005021635	0.5683	0.9282
003823449	005033151	0.5522	0.9309
003823449	005040936	0.5299	0.9214
003823449	005069346	0.5909	0.9048
003824556	004477674	0.5068	0.9153
003824556	005033151	0.4866	0.9034
003825550	003981561	0.4478	0.9227
003825550	004027380	0.4884	0.9077
003825550	004436962	0.5729	0.9065
003826272	004124141	0.5821	0.9267
003826272	004178839	0.5398	0.9337
003826272	004477674	0.4929	0.9073
003826272	005033151	0.5035	0.9113
003826691	003974487	0.5322	0.9092
003826691	003980597	0.5279	0.9153
003828345	003980597	0.4942	0.9325
003828350	004477674	0.5029	0.9096
003829242	003974487	0.4365	0.9238
003829242	003980597	0.3921	0.9085
003829242	004124141	0.5906	0.9011
003829242	004178839	0.5960	0.9037
003829242	004477674	0.4873	0.9168
003830898	003927485	0.5608	0.9014
003830898	003974873	0.5938	0.9086
003830898	003979604	0.5950	0.9138
003830898	004016655	0.5876	0.9155
003830898	004265943	0.5689	0.9039
003830898	004935667	0.5827	0.9099
003832249	003979604	0.5615	0.9004
003832249	003983612	0.5528	0.9059
003832249	004477674	0.5383	0.9022
003832249	004946152	0.4866	0.9279
003832249	005063011	0.5310	0.9009
003836999	003926465	0.5891	0.9125
003837107	004009350	0.5347	0.9083
003837107	004477674	0.4984	0.9287
003837107	005033151	0.5081	0.9156
003837507	003842107	0.5854	0.9023
003837507	003856901	0.5630	0.9129
003837507	003863960	0.4316	0.9112
003837507	003873634	0.5716	0.9029
003837507	003922974	0.5960	0.9315
003837507	003923768	0.5548	0.9167
003837507	003968842	0.5944	0.9144
003837507	003970579	0.5021	0.9060
003837507	003972956	0.4950	0.9052
003837507	003978624	0.5528	0.9284
003837507	003980228	0.5250	0.9094
003837507	003987478	0.5740	0.9131
003837507	003993203	0.4968	0.9094
003837507	003999421	0.5774	0.9042
003837507	004011568	0.5926	0.9141
003837507	004012157	0.5876	0.9301
003837507	004017539	0.5843	0.9315
003837507	004017540	0.5826	0.9182
003837507	004024247	0.5722	0.9268
003837507	004024708	0.5728	0.9138
003837507	004024974	0.5634	0.9072
003837507	004029401	0.5413	0.9056
003837507	004029745	0.5700	0.9078
003837507	004029890	0.5984	0.9206
003837507	004046385	0.5912	0.9060
003837507	004064452	0.5933	0.9285
003837507	004080481	0.5772	0.9181
003837507	004178839	0.4989	0.9020
003837507	004183759	0.5627	0.9116
003837507	004256943	0.5353	0.9217
003837507	004261492	0.4959	0.9001
003837507	004405252	0.5506	0.9057
003837507	004500222	0.5618	0.9170
003837507	004605731	0.5883	0.9257
003837507	004978402	0.5852	0.9613
003837507	005033151	0.5890	0.9093
003837507	005052629	0.5792	0.9300
003837507	005055984	0.5128	0.9133
003837507	005056886	0.5699	0.9047
003838434	003884605	0.3321	0.9419
003838434	003934856	0.4143	0.9259
003838434	004025925	0.3514	0.9157
003838874	003875439	0.3769	0.9031
003838874	003888854	0.3203	0.9344
003838874	003893356	0.4809	0.9459
003838874	003924245	0.4596	0.9258
003838874	003926817	0.4750	0.9237
003838874	003979604	0.4938	0.9285
003838874	003980597	0.4485	0.9033
003838874	003983612	0.4805	0.9363
003838874	004028987	0.4730	0.9044
003838874	004253554	0.3955	0.9037
003838874	004946152	0.4889	0.9220
003840585	003906939	0.5632	0.9169
003840585	003912861	0.5339	0.9037
003840585	003916040	0.5381	0.9082
003840585	003974873	0.5394	0.9101
003840585	004000671	0.5484	0.9021
003840585	004030106	0.5694	0.9098
003840585	004030387	0.5091	0.9108
003840585	004268173	0.5435	0.9035
003840585	004377695	0.5846	0.9101
003840585	004627786	0.5394	0.9014
003840585	004935667	0.5415	0.9125
003840585	004978305	0.5449	0.9085
003840585	004989205	0.5669	0.9145
003840585	004993396	0.5979	0.9019
003840585	005019689	0.5547	0.9025
003840585	005021918	0.5478	0.9044
003840585	005033092	0.5041	0.9072
003840585	005067408	0.5738	0.9074
003840585	005084081	0.5843	0.9045
003842107	003927485	0.5393	0.9108
003842107	004009350	0.5409	0.9118
003842107	004178839	0.5771	0.9467
003842107	004477674	0.4755	0.9259
003842107	005033151	0.4918	0.9265
003854364	004124141	0.5862	0.9312
003854364	004477674	0.5079	0.9010
003854364	005033151	0.5517	0.9085
003856072	003893356	0.4938	0.9253
003856072	003980597	0.4702	0.9299
003856072	003983612	0.4077	0.9015
003856072	004946152	0.4932	0.9046
003856072	005063011	0.4981	0.9245
003856901	003927485	0.5340	0.9252
003856901	003980597	0.3820	0.9262
003856901	003983612	0.4782	0.9037
003856901	004002734	0.5263	0.9145
003856901	004009350	0.5699	0.9440
003856901	004028987	0.4308	0.9128
003856901	004034170	0.4983	0.9229
003856901	004253554	0.4640	0.9157
003856901	004477674	0.4985	0.9420
003856901	004935667	0.5335	0.9318
003856901	005013047	0.5327	0.9297
003856901	005033151	0.5157	0.9482
003856901	005063011	0.4866	0.9089
003857935	005030272	0.5935	0.9024
003863960	003947596	0.3927	0.9067
003863960	003971907	0.3851	0.9076
003863960	003979648	0.3351	0.9115
003863960	004016284	0.4228	0.9007
003863960	004277582	0.3533	0.9066
003863960	004476649	0.3466	0.9334
003863960	004936750	0.3265	0.9068
003863960	004978402	0.4198	0.9323
003863960	005049075	0.2618	0.9191
003863960	005055984	0.3520	0.9006
003864069	004375667	0.5894	0.9069
003864688	004009350	0.5586	0.9006
003864688	004124141	0.5750	0.9293
003864688	004178839	0.5540	0.9465
003864688	004477674	0.4838	0.9195
003864688	005033151	0.5129	0.9207
003865831	003974487	0.4600	0.9137
003865831	003980597	0.3747	0.9063
003865831	003983612	0.5909	0.9082
003865831	004009350	0.5748	0.9107
003865831	004028987	0.5029	0.9057
003865831	004178839	0.5725	0.9057
003865831	004477674	0.5301	0.9155
003865831	004993396	0.5897	0.9403
003865831	005033151	0.5228	0.9168
003865831	005063011	0.4837	0.9035
003868503	003980597	0.3849	0.9105
003868503	004009350	0.5491	0.9014
003868503	004124141	0.5651	0.9054
003869291	003921608	0.5796	0.9048
003869291	004025105	0.5577	0.9019
003873634	003927485	0.5276	0.9422
003873634	003974487	0.5280	0.9167
003873634	003979604	0.5192	0.9256
003873634	003980597	0.3666	0.9514
003873634	003983612	0.4968	0.9270
003873634	004002734	0.5260	0.9305
003873634	004009350	0.5286	0.9634
003873634	004028987	0.4466	0.9364
003873634	004034170	0.4718	0.9415
003873634	004178839	0.5879	0.9556
003873634	004253554	0.4311	0.9388
003873634	004477674	0.4819	0.9411
003873634	004935667	0.5419	0.9505
003873634	005013047	0.5078	0.9496
003873634	005033151	0.4849	0.9547
003873634	005063011	0.4976	0.9211
003873915	003980597	0.5312	0.9115
003875060	003980597	0.5472	0.9110
003875060	005063011	0.5814	0.9008
003875068	004124141	0.5564	0.9354
003875068	004178839	0.5741	0.9143
003875439	003968700	0.4556	0.9302
003875439	003971907	0.3950	0.9037
003875439	004959592	0.3562	0.9075
003875439	004974745	0.3878	0.9065
003875439	005029261	0.3927	0.9027
003879415	003893356	0.4536	0.9208
003879415	003979604	0.4581	0.9321
003879415	003980597	0.4114	0.9475
003879415	003983612	0.4439	0.9343
003879415	004002734	0.4453	0.9061
003879415	004009350	0.5506	0.9130
003879415	004028987	0.4792	0.9129
003879415	004034170	0.4089	0.9201
003879415	004253554	0.4081	0.9229
003879415	004477674	0.4808	0.9015
003879415	004946152	0.4821	0.9411
003879415	005013047	0.4513	0.9163
003879415	005033151	0.4381	0.9278
003879415	005063011	0.4905	0.9315
003880439	004124141	0.5348	0.9088
003882396	003980597	0.5088	0.9103
003884055	003979604	0.5957	0.9193
003884055	003980597	0.4068	0.9143
003884055	003983612	0.5792	0.9224
003884055	004002734	0.5895	0.9114
003884055	004009350	0.5952	0.9347
003884055	004028987	0.5269	0.9216
003884055	004034170	0.4940	0.9216
003884055	004253554	0.4630	0.9232
003884055	004477674	0.5596	0.9528
003884055	004946152	0.4663	0.9167
003884055	004993396	0.5869	0.9120
003884055	005013047	0.5479	0.9170
003884055	005033151	0.5255	0.9442
003884055	005063011	0.5280	0.9001
003884108	003927485	0.5522	0.9191
003884108	003979604	0.5756	0.9179
003884108	003980597	0.5522	0.9234
003884108	003983612	0.5813	0.9187
003884108	004002734	0.5738	0.9274
003884108	004009350	0.5862	0.9382
003884108	004034170	0.5540	0.9129
003884108	004253554	0.5270	0.9096
003884108	004477674	0.5598	0.9341
003884108	005013047	0.5987	0.9266
003884108	005033151	0.5685	0.9443
003884605	003947087	0.3817	0.9049
003884605	003956333	0.3318	0.9128
003884605	003959126	0.3532	0.9023
003884605	003963980	0.4295	0.9080
003884605	003972374	0.2612	0.9054
003884605	003979648	0.3650	0.9031
003884605	004476649	0.3499	0.9047
003884605	004936750	0.3686	0.9109
003884605	004941017	0.3657	0.9059
003884605	004953249	0.3623	0.9106
003884605	004977424	0.3641	0.9130
003884605	004978783	0.3876	0.9062
003884605	005029143	0.3348	0.9112
003884605	005049075	0.2810	0.9575
003884605	005066088	0.3923	0.9084
003884605	005079504	0.3249	0.9254
003885304	003893356	0.4573	0.9236
003885304	003927485	0.5981	0.9109
003885304	003980597	0.4590	0.9527
003885304	004009350	0.5871	0.9454
003885304	004028987	0.5456	0.9222
003885304	004034170	0.5146	0.9414
003885304	004253554	0.4708	0.9510
003885304	004477674	0.5514	0.9477
003885304	004935667	0.5676	0.9362
003885304	004946152	0.4856	0.9035
003885304	005013047	0.5443	0.9383
003885304	005033151	0.5128	0.9398
003885304	005063011	0.5266	0.9312
003888351	003980597	0.5164	0.9143
003888351	005063011	0.5799	0.9223
003888854	003926465	0.3076	0.9280
003888854	003967895	0.3258	0.9006
003888854	003968700	0.2923	0.9408
003888854	003971907	0.2913	0.9203
003888854	003979648	0.2794	0.9018
003888854	003980140	0.2921	0.9041
003888854	003981045	0.2788	0.9446
003888854	003990071	0.2717	0.9145
003888854	004015835	0.3222	0.9133
003888854	004034059	0.3248	0.9049
003888854	004078132	0.2562	0.9077
003888854	004373825	0.2863	0.9083
003888854	004548389	0.2976	0.9081
003888854	004576823	0.3004	0.9183
003888854	005026689	0.2884	0.9016
003888854	005029261	0.2948	0.9024
003888854	005063005	0.3006	0.9073
003890165	003980597	0.4238	0.9340
003890165	004009350	0.5514	0.9324
003890165	004034170	0.5035	0.9128
003890165	004253554	0.4746	0.9317
003890165	004477674	0.5094	0.9336
003890165	004935667	0.5870	0.9131
003890165	005013047	0.5225	0.9091
003890165	005033151	0.5165	0.9109
003890165	005063011	0.5437	0.9159
003891882	003893356	0.4574	0.9101
003891882	003926817	0.4397	0.9020
003891882	003927485	0.5434	0.9190
003891882	003979604	0.5545	0.9307
003891882	003980597	0.4000	0.9329
003891882	003983612	0.5409	0.9352
003891882	003988870	0.4917	0.9054
003891882	004002734	0.5343	0.9223
003891882	004009350	0.5449	0.9413
003891882	004028987	0.4786	0.9275
003891882	004034170	0.4835	0.9292
003891882	004253554	0.4515	0.9326
003891882	004477674	0.5006	0.9491
003891882	004935667	0.5727	0.9233
003891882	004946152	0.5129	0.9329
003891882	005013047	0.5169	0.9245
003891882	005033151	0.4963	0.9496
003891882	005063011	0.5581	0.9182
003893356	003906939	0.3944	0.9059
003893356	003912861	0.4343	0.9120
003893356	003916040	0.4627	0.9016
003893356	003926465	0.4732	0.9553
003893356	003938586	0.3926	0.9146
003893356	003940173	0.4137	0.9109
003893356	003940207	0.3761	0.9223
003893356	003947087	0.4527	0.9157
003893356	003947337	0.4280	0.9095
003893356	003947596	0.4464	0.9195
003893356	003955195	0.5417	0.9191
003893356	003961475	0.4604	0.9327
003893356	003963455	0.4402	0.9280
003893356	003963980	0.4576	0.9200
003893356	003964422	0.4754	0.9224
003893356	003966067	0.5550	0.9119
003893356	003966783	0.5318	0.9247
003893356	003967895	0.5223	0.9497
003893356	003968700	0.4836	0.9318
003893356	003969508	0.4443	0.9340
003893356	003970579	0.4925	0.9328
003893356	003971907	0.4620	0.9324
003893356	003972041	0.4753	0.9589
003893356	003972547	0.4735	0.9500
003893356	003972956	0.4622	0.9108
003893356	003973655	0.4979	0.9142
003893356	003974873	0.4499	0.9365
003893356	003979552	0.4676	0.9379
003893356	003979648	0.4391	0.9155
003893356	003981045	0.4362	0.9146
003893356	003983510	0.5333	0.9081
003893356	003983708	0.4820	0.9134
003893356	003987478	0.4037	0.9087
003893356	003990071	0.4639	0.9045
003893356	003993203	0.4981	0.9280
003893356	004000671	0.4129	0.9205
003893356	004011362	0.5545	0.9046
003893356	004012314	0.5587	0.9165
003893356	004015835	0.4740	0.9087
003893356	004016655	0.4078	0.9252
003893356	004021473	0.4316	0.9093
003893356	004021801	0.4353	0.9228
003893356	004023279	0.4205	0.9084
003893356	004024702	0.4153	0.9066
003893356	004024974	0.4823	0.9461
003893356	004034059	0.4292	0.9013
003893356	004046385	0.4314	0.9025
003893356	004047160	0.3874	0.9284
003893356	004053732	0.4217	0.9061
003893356	004059449	0.3997	0.9055
003893356	004069935	0.4261	0.9023
003893356	004078132	0.4082	0.9223
003893356	004099186	0.4185	0.9011
003893356	004127832	0.4034	0.9026
003893356	004136524	0.4124	0.9219
003893356	004201023	0.5077	0.9096
003893356	004261492	0.4270	0.9266
003893356	004265943	0.4372	0.9003
003893356	004268173	0.4330	0.9099
003893356	004277582	0.4754	0.9177
003893356	004346242	0.4617	0.9093
003893356	004373825	0.4173	0.9044
003893356	004377695	0.4180	0.9004
003893356	004405252	0.4401	0.9329
003893356	004448672	0.4060	0.9101
003893356	004476649	0.4324	0.9099
003893356	004494806	0.4054	0.9031
003893356	004503485	0.4984	0.9124
003893356	004505160	0.4027	0.9280
003893356	004548389	0.4479	0.9470
003893356	004562486	0.4726	0.9359
003893356	004592780	0.5300	0.9027
003893356	004936750	0.3777	0.9337
003893356	004937587	0.4827	0.9414
003893356	004938688	0.5632	0.9141
003893356	004940356	0.4795	0.9090
003893356	004950254	0.5658	0.9089
003893356	004953249	0.4177	0.9180
003893356	004957284	0.5028	0.9518
003893356	004970161	0.4002	0.9004
003893356	004974745	0.4294	0.9438
003893356	004977424	0.4855	0.9283
003893356	004977576	0.4809	0.9216
003893356	004978305	0.3691	0.9100
003893356	004978402	0.4297	0.9042
003893356	004978411	0.5054	0.9335
003893356	004979181	0.4962	0.9097
003893356	004986716	0.4962	0.9006
003893356	004989205	0.4540	0.9274
003893356	005001455	0.5122	0.9348
003893356	005008468	0.3891	0.9043
003893356	005018522	0.4528	0.9142
003893356	005019689	0.3813	0.9071
003893356	005021547	0.5457	0.9085
003893356	005021635	0.4544	0.9017
003893356	005026689	0.4449	0.9430
003893356	005029261	0.4726	0.9403
003893356	005029334	0.4719	0.9004
003893356	005030272	0.5771	0.9310
003893356	005030431	0.5125	0.9384
003893356	005034081	0.5090	0.9318
003893356	005034467	0.4485	0.9199
003893356	005034502	0.4150	0.9089
003893356	005034820	0.4567	0.9073
003893356	005035935	0.4614	0.9496
003893356	005040936	0.4951	0.9296
003893356	005043547	0.4806	0.9083
003893356	005046498	0.4251	0.9540
003893356	005055414	0.4663	0.9008
003893356	005056599	0.4927	0.9483
003893356	005056886	0.4136	0.9073
003893356	005060255	0.3846	0.9157
003893356	005060709	0.4017	0.9122
003893356	005061293	0.5474	0.9063
003893356	005063005	0.3949	0.9207
003893356	005064007	0.5706	0.9348
003893356	005064017	0.4996	0.9077
003893356	005064595	0.4678	0.9021
003893356	005064725	0.3857	0.9055
003893356	005066225	0.4830	0.9268
003893356	005067408	0.4700	0.9075
003893356	005069346	0.4821	0.9371
003893356	005073781	0.3780	0.9219
003893356	005078298	0.4109	0.9431
003893356	005080542	0.4260	0.9133
003893356	005082717	0.5180	0.9342
003903582	004477674	0.5332	0.9100
003903582	005033151	0.5274	0.9101
003903618	004009350	0.5698	0.9054
003903618	004124141	0.5463	0.9304
003903618	004155213	0.5621	0.9465
003903618	004178839	0.5630	0.9408
003903618	004477674	0.5168	0.9335
003903618	004613056	0.5949	0.9129
003903618	005033151	0.5717	0.9212
003906939	003927485	0.5469	0.9433
003906939	003974487	0.4444	0.9254
003906939	003979604	0.5616	0.9506
003906939	003980597	0.3656	0.9452
003906939	003983612	0.5389	0.9518
003906939	003988870	0.5008	0.9270
003906939	004002734	0.5356	0.9466
003906939	004009350	0.5446	0.9624
003906939	004028987	0.4700	0.9529
003906939	004034170	0.4451	0.9429
003906939	004124141	0.5854	0.9033
003906939	004178839	0.5857	0.9306
003906939	004253554	0.4178	0.9445
003906939	004477674	0.4913	0.9481
003906939	004935667	0.5531	0.9437
003906939	004946152	0.4243	0.9274
003906939	005013047	0.4788	0.9439
003906939	005033151	0.4661	0.9619
003906939	005063011	0.4763	0.9310
003909949	005041262	0.5634	0.9262
003911651	003980597	0.3747	0.9040
003911651	004178839	0.5767	0.9450
003911651	004477674	0.4956	0.9217
003911651	005033151	0.4937	0.9238
003912023	003927485	0.5818	0.9130
003912023	003980597	0.4142	0.9075
003912023	004009350	0.5920	0.9208
003912023	004034170	0.5050	0.9132
003912023	004178839	0.5939	0.9533
003912023	004477674	0.5564	0.9386
003912023	005013047	0.5615	0.9137
003912023	005033151	0.5295	0.9446
003912861	003979604	0.4990	0.9267
003912861	003980597	0.3822	0.9405
003912861	003983612	0.4764	0.9284
003912861	004002734	0.4618	0.9016
003912861	004009350	0.5141	0.9044
003912861	004028987	0.4516	0.9082
003912861	004034170	0.4081	0.9152
003912861	004253554	0.4048	0.9133
003912861	004946152	0.4575	0.9383
003912861	005013047	0.4453	0.9122
003912861	005030272	0.5967	0.9124
003912861	005033151	0.4399	0.9256
003912861	005063011	0.4723	0.9232
003913807	004155213	0.5472	0.9183
003913807	004178839	0.5262	0.9180
003913807	004477674	0.4839	0.9229
003913807	005033151	0.5240	0.9137
003916040	003927485	0.4807	0.9132
003916040	003974487	0.4743	0.9165
003916040	003979604	0.4924	0.9286
003916040	003980597	0.4282	0.9507
003916040	003981561	0.4031	0.9057
003916040	003983612	0.4772	0.9300
003916040	003988870	0.4564	0.9012
003916040	004002734	0.4700	0.9313
003916040	004009350	0.5238	0.9252
003916040	004028987	0.4981	0.9307
003916040	004029045	0.5914	0.9010
003916040	004034170	0.4453	0.9330
003916040	004124141	0.5941	0.9302
003916040	004178839	0.5605	0.9182
003916040	004253554	0.4533	0.9290
003916040	004477674	0.4821	0.9174
003916040	004935667	0.5635	0.9202
003916040	004946152	0.4854	0.9213
003916040	005013047	0.4751	0.9452
003916040	005030272	0.5845	0.9383
003916040	005033151	0.4709	0.9476
003916040	005063011	0.5064	0.9335
003917098	003997800	0.5593	0.9116
003917565	003926465	0.4137	0.9040
003917565	005049046	0.5429	0.9238
003920985	004009350	0.5349	0.9038
003920985	004124141	0.5503	0.9300
003920985	004155213	0.5786	0.9517
003920985	004178839	0.5511	0.9508
003920985	004477674	0.4811	0.9191
003920985	005033151	0.4984	0.9229
003921471	004124141	0.5644	0.9299
003921471	004155213	0.5893	0.9436
003921471	004178839	0.5260	0.9381
003921471	004477674	0.5118	0.9169
003921471	005033151	0.5469	0.9170
003921608	003935022	0.5261	0.9128
003921608	004020138	0.5414	0.9087
003921608	004020266	0.5546	0.9603
003921608	004022826	0.5998	0.9201
003921608	004028903	0.5587	0.9359
003921608	004856373	0.5118	0.9075
003922315	003924922	0.5773	0.9097
003922315	003927485	0.4678	0.9125
003922315	003974487	0.5375	0.9030
003922315	003980597	0.4302	0.9137
003922315	004002734	0.4715	0.9009
003922315	004009350	0.5460	0.9310
003922315	004028987	0.4424	0.9117
003922315	004034170	0.4714	0.9187
003922315	004253554	0.4437	0.9071
003922315	004477674	0.5163	0.9317
003922315	004935667	0.4284	0.9137
003922315	005013047	0.4682	0.9185
003922315	005033151	0.4429	0.9410
003922974	004178839	0.5955	0.9078
003923768	003927485	0.5118	0.9122
003923768	003979604	0.4923	0.9155
003923768	003980597	0.3537	0.9463
003923768	003983612	0.4681	0.9191
003923768	004002734	0.5139	0.9072
003923768	004009350	0.5167	0.9379
003923768	004028987	0.3672	0.9190
003923768	004034170	0.4843	0.9288
003923768	004124141	0.5471	0.9411
003923768	004155213	0.5950	0.9654
003923768	004178839	0.5773	0.9639
003923768	004253554	0.4432	0.9204
003923768	004477674	0.4592	0.9158
003923768	004935667	0.4736	0.9277
003923768	005013047	0.5000	0.9359
003923768	005030272	0.5331	0.9001
003923768	005033151	0.4825	0.9418
003923768	005063011	0.4676	0.9223
003924245	003968700	0.5609	0.9118
003924245	003971907	0.4810	0.9010
003924245	003981045	0.4176	0.9182
003924245	003993778	0.4188	0.9076
003924245	004030940	0.5402	0.9108
003924245	004034059	0.5059	0.9039
003924245	004078132	0.4480	0.9032
003924245	004346242	0.5459	0.9012
003924245	004576823	0.4911	0.9243
003924922	004416711	0.5652	0.9187
003926080	004009350	0.5888	0.9115
003926080	004477674	0.5279	0.9284
003926080	005033151	0.4944	0.9161
003926465	003935966	0.5891	0.9037
003926465	003938644	0.3703	0.9086
003926465	003980597	0.4621	0.9423
003926465	003983612	0.3841	0.9074
003926465	004023963	0.3154	0.9027
003926465	004028987	0.4957	0.9082
003926465	004236698	0.4934	0.9042
003926465	004253554	0.3996	0.9152
003926465	004946152	0.4485	0.9040
003926465	005063011	0.4191	0.9199
003926817	003968700	0.5443	0.9204
003926817	003972041	0.5050	0.9046
003926817	003974873	0.5391	0.9022
003926817	003981045	0.4129	0.9182
003926817	003993203	0.5142	0.9145
003926817	003993778	0.4490	0.9266
003926817	004000671	0.4373	0.9120
003926817	004023279	0.4923	0.9100
003926817	004024702	0.4416	0.9088
003926817	004024974	0.5622	0.9124
003926817	004030940	0.5130	0.9204
003926817	004034059	0.4992	0.9068
003926817	004346242	0.5238	0.9417
003926817	004505160	0.4171	0.9044
003926817	004576823	0.4786	0.9222
003926817	004957284	0.4828	0.9162
003926817	004974745	0.4827	0.9259
003926817	004977576	0.4946	0.9312
003926817	004978411	0.5709	0.9214
003926817	005020252	0.4345	0.9057
003926817	005033672	0.4590	0.9064
003926817	005046498	0.4687	0.9120
003926817	005056886	0.5182	0.9123
003926817	005073781	0.4753	0.9076
003927485	003929384	0.5182	0.9193
003927485	003938586	0.5470	0.9195
003927485	003940173	0.5261	0.9179
003927485	003940207	0.5740	0.9214
003927485	003940760	0.5493	0.9210
003927485	003947337	0.3514	0.9047
003927485	003961475	0.5378	0.9563
003927485	003963455	0.4150	0.9128
003927485	003966067	0.4678	0.9064
003927485	003970579	0.4612	0.9307
003927485	003972041	0.4644	0.9004
003927485	003972547	0.4345	0.9204
003927485	003974873	0.4898	0.9221
003927485	003987478	0.4295	0.9046
003927485	003993203	0.5074	0.9437
003927485	003998812	0.5209	0.9069
003927485	004000435	0.5019	0.9036
003927485	004000671	0.5339	0.9066
003927485	004011568	0.5125	0.9071
003927485	004017539	0.5382	0.9005
003927485	004018972	0.5499	0.9013
003927485	004021473	0.5822	0.9148
003927485	004021801	0.4653	0.9047
003927485	004021962	0.4952	0.9258
003927485	004023279	0.5864	0.9275
003927485	004024974	0.5570	0.9248
003927485	004027374	0.5492	0.9091
003927485	004029401	0.4922	0.9335
003927485	004030238	0.4767	0.9269
003927485	004030387	0.4642	0.9134
003927485	004041829	0.5605	0.9094
003927485	004046385	0.4424	0.9142
003927485	004047160	0.5440	0.9336
003927485	004053732	0.5677	0.9084
003927485	004059449	0.5001	0.9138
003927485	004064452	0.4918	0.9233
003927485	004076563	0.5130	0.9224
003927485	004080481	0.5436	0.9172
003927485	004099186	0.5585	0.9183
003927485	004127832	0.5699	0.9230
003927485	004146735	0.5641	0.9175
003927485	004155213	0.4347	0.9079
003927485	004178839	0.4720	0.9262
003927485	004201023	0.4321	0.9194
003927485	004235295	0.5201	0.9115
003927485	004241417	0.5499	0.9215
003927485	004256943	0.4296	0.9046
003927485	004261492	0.3898	0.9119
003927485	004265797	0.5584	0.9015
003927485	004268173	0.5782	0.9150
003927485	004346242	0.5495	0.9231
003927485	004377695	0.5537	0.9277
003927485	004391291	0.5732	0.9173
003927485	004405252	0.4410	0.9096
003927485	004429823	0.5670	0.9076
003927485	004440911	0.5395	0.9118
003927485	004448672	0.5779	0.9026
003927485	004483125	0.5205	0.9244
003927485	004487335	0.4869	0.9129
003927485	004494806	0.5750	0.9099
003927485	004500222	0.5109	0.9304
003927485	004533388	0.5714	0.9216
003927485	004562486	0.4331	0.9135
003927485	004608704	0.4847	0.9222
003927485	004627786	0.5616	0.9211
003927485	004663619	0.5757	0.9181
003927485	004668932	0.4438	0.9030
003927485	004669027	0.4839	0.9162
003927485	004937587	0.4486	0.9171
003927485	004957284	0.4629	0.9344
003927485	004960783	0.5397	0.9177
003927485	004970161	0.5881	0.9180
003927485	004977576	0.5533	0.9470
003927485	004978305	0.5418	0.9435
003927485	004978402	0.5677	0.9072
003927485	004978411	0.5236	0.9206
003927485	005013895	0.5203	0.9264
003927485	005016484	0.4798	0.9268
003927485	005019689	0.5580	0.9463
003927485	005021918	0.5355	0.9167
003927485	005030431	0.4874	0.9137
003927485	005033092	0.5709	0.9103
003927485	005034502	0.5489	0.9156
003927485	005035935	0.4884	0.9136
003927485	005040936	0.4553	0.9025
003927485	005046498	0.5349	0.9146
003927485	005056599	0.4329	0.9055
003927485	005056886	0.5073	0.9049
003927485	005064017	0.4348	0.9161
003927485	005073781	0.5849	0.9350
003927485	005080542	0.5494	0.9214
003928041	004020138	0.5488	0.9088
003928041	004020266	0.5692	0.9322
003928041	004022826	0.5947	0.9080
003928041	004856373	0.5083	0.9000
003928073	004178839	0.5394	0.9142
003928073	004477674	0.5022	0.9128
003929384	003974487	0.3927	0.9138
003929384	003975571	0.5913	0.9104
003929384	003980597	0.3503	0.9228
003929384	004002734	0.4880	0.9081
003929384	004009350	0.4928	0.9322
003929384	004025316	0.4433	0.9013
003929384	004028987	0.4488	0.9077
003929384	004034170	0.4023	0.9186
003929384	004155213	0.5940	0.9311
003929384	004178839	0.5671	0.9317
003929384	004253554	0.3942	0.9175
003929384	004477674	0.4599	0.9441
003929384	004935667	0.5311	0.9214
003929384	005013047	0.4314	0.9225
003929384	005028264	0.4149	0.9013
003929384	005033151	0.4266	0.9315
003931010	003974693	0.5954	0.9085
003931010	004155213	0.5931	0.9210
003931010	004995535	0.5720	0.9096
003931010	005030272	0.5154	0.9141
003932681	003968700	0.4980	0.9263
003932681	003971907	0.4430	0.9106
003932681	003974873	0.4240	0.9040
003932681	003981045	0.3654	0.9006
003932681	003990071	0.4004	0.9034
003932681	004015835	0.4050	0.9125
003932681	004030940	0.4579	0.9451
003932681	004031159	0.3938	0.9243
003932681	004034059	0.4523	0.9473
003932681	004078132	0.4031	0.9077
003932681	004576823	0.4171	0.9268
003932681	004608704	0.4494	0.9038
003932681	004669027	0.4299	0.9059
003932681	004936750	0.3444	0.9017
003932681	004959592	0.4014	0.9133
003932681	004960931	0.4019	0.9133
003932681	005020252	0.4144	0.9100
003934164	003940432	0.5654	0.9015
003934538	003955195	0.5536	0.9020
003934538	003980597	0.4616	0.9129
003934538	004124141	0.5585	0.9254
003934538	004613056	0.5633	0.9127
003934538	005078298	0.5762	0.9164
003934856	003947087	0.4579	0.9139
003934856	003947596	0.4419	0.9163
003934856	003956333	0.4520	0.9228
003934856	003959126	0.4203	0.9170
003934856	003963980	0.5399	0.9261
003934856	003969508	0.5356	0.9090
003934856	003971907	0.4654	0.9100
003934856	003979552	0.5160	0.9059
003934856	003979648	0.4394	0.9208
003934856	004078132	0.4488	0.9015
003934856	004277582	0.5104	0.9024
003934856	004476649	0.4395	0.9322
003934856	004936750	0.4078	0.9072
003934856	004940356	0.4322	0.9053
003934856	004953249	0.4293	0.9214
003934856	004977424	0.4355	0.9117
003934856	004978783	0.4492	0.9002
003934856	004986716	0.5009	0.9168
003934856	005029143	0.4164	0.9106
003934856	005043547	0.4845	0.9046
003934856	005049075	0.3597	0.9575
003934856	005054279	0.4877	0.9081
003934856	005055984	0.4249	0.9135
003934856	005066088	0.4265	0.9116
003934856	005066225	0.4548	0.9048
003934856	005079504	0.4293	0.9319
003935022	003981561	0.4185	0.9111
003935022	004025105	0.5410	0.9000
003935022	004436962	0.5840	0.9026
003935022	005030272	0.4905	0.9190
003935022	005032178	0.5863	0.9066
003935022	005067408	0.5872	0.9143
003935022	005084081	0.5966	0.9082
003937286	004360631	0.5389	0.9126
003938586	003979604	0.5532	0.9280
003938586	003980597	0.3969	0.9350
003938586	003983612	0.5326	0.9310
003938586	004002734	0.5412	0.9188
003938586	004009350	0.5619	0.9484
003938586	004028987	0.5110	0.9386
003938586	004034170	0.4463	0.9396
003938586	004178839	0.5615	0.9127
003938586	004253554	0.4268	0.9390
003938586	004477674	0.5103	0.9499
003938586	004935667	0.5834	0.9277
003938586	004946152	0.4421	0.9102
003938586	004993396	0.5999	0.9255
003938586	005013047	0.4928	0.9330
003938586	005033151	0.4771	0.9529
003938586	005063011	0.5014	0.9036
003938644	003947087	0.4024	0.9177
003938644	003947596	0.3052	0.9318
003938644	003959126	0.3437	0.9448
003938644	003963980	0.3568	0.9220
003938644	003968700	0.3099	0.9024
003938644	003969508	0.3534	0.9320
003938644	003971907	0.3321	0.9242
003938644	003975571	0.4629	0.9091
003938644	003979552	0.3528	0.9289
003938644	003979648	0.3265	0.9183
003938644	003993203	0.4105	0.9158
003938644	003997800	0.3820	0.9067
003938644	004020138	0.3901	0.9033
003938644	004022242	0.4402	0.9033
003938644	004023279	0.3345	0.9066
003938644	004024974	0.3807	0.9282
003938644	004069935	0.3759	0.9010
003938644	004078132	0.2872	0.9141
003938644	004146735	0.3141	0.9026
003938644	004218949	0.4138	0.9324
003938644	004277582	0.3797	0.9002
003938644	004346242	0.3334	0.9001
003938644	004373825	0.3170	0.9025
003938644	004476649	0.3133	0.9320
003938644	004936750	0.3964	0.9284
003938644	004937587	0.3563	0.9007
003938644	004940356	0.3731	0.9071
003938644	004942072	0.3593	0.9091
003938644	004953249	0.3795	0.9144
003938644	004977424	0.4085	0.9142
003938644	004978402	0.3860	0.9011
003938644	004979181	0.3935	0.9036
003938644	004986716	0.4123	0.9213
003938644	004989205	0.3736	0.9049
003938644	004993029	0.3596	0.9011
003938644	005014896	0.4200	0.9068
003938644	005026689	0.3678	0.9053
003938644	005029261	0.3921	0.9224
003938644	005029334	0.4007	0.9088
003938644	005030272	0.4918	0.9155
003938644	005043547	0.4045	0.9105
003938644	005046498	0.3635	0.9016
003938644	005049075	0.3171	0.9420
003938644	005055414	0.4123	0.9005
003938644	005055984	0.2870	0.9257
003938644	005056599	0.4258	0.9201
003938644	005056886	0.3219	0.9064
003938644	005060255	0.3271	0.9076
003938644	005064007	0.4614	0.9080
003938644	005064712	0.5022	0.9025
003938644	005078205	0.4284	0.9052
003938644	005078298	0.4423	0.9036
003938644	005079504	0.3452	0.9062
003940173	003974487	0.4727	0.9102
003940173	003979604	0.5374	0.9285
003940173	003980597	0.3827	0.9302
003940173	003983612	0.5236	0.9313
003940173	003988870	0.4983	0.9037
003940173	004002734	0.5271	0.9213
003940173	004009350	0.5600	0.9422
003940173	004028987	0.4629	0.9356
003940173	004034170	0.4570	0.9335
003940173	004253554	0.4136	0.9375
003940173	004477674	0.5121	0.9530
003940173	004935667	0.5331	0.9234
003940173	004946152	0.4438	0.9171
003940173	005013047	0.4931	0.9289
003940173	005033151	0.4739	0.9485
003940173	005063011	0.4798	0.9117
003940207	003974487	0.4658	0.9007
003940207	003979604	0.5867	0.9376
003940207	003980597	0.3902	0.9365
003940207	003983612	0.5629	0.9417
003940207	003988870	0.5432	0.9113
003940207	004002734	0.5765	0.9242
003940207	004009350	0.5696	0.9491
003940207	004028987	0.4845	0.9404
003940207	004034170	0.4782	0.9390
003940207	004253554	0.4421	0.9453
003940207	004477674	0.5344	0.9518
003940207	004935667	0.5703	0.9304
003940207	004946152	0.4233	0.9293
003940207	005013047	0.5180	0.9307
003940207	005033151	0.4983	0.9491
003940207	005063011	0.4784	0.9197
003940432	003997800	0.5738	0.9196
003940432	004060774	0.5954	0.9090
003940432	004955823	0.5990	0.9057
003940432	004974842	0.5988	0.9121
003940432	004984815	0.5335	0.9066
003940432	005077180	0.5284	0.9086
003940432	005078649	0.5367	0.9372
003940760	003974487	0.4790	0.9067
003940760	003979604	0.5390	0.9145
003940760	003980597	0.3436	0.9405
003940760	003983612	0.5125	0.9178
003940760	004002734	0.5226	0.9192
003940760	004009350	0.5460	0.9373
003940760	004028987	0.4634	0.9159
003940760	004034170	0.4478	0.9250
003940760	004178839	0.5828	0.9475
003940760	004253554	0.4125	0.9230
003940760	004477674	0.4723	0.9433
003940760	004935667	0.5631	0.9248
003940760	004946152	0.4331	0.9141
003940760	005013047	0.4880	0.9299
003940760	005033151	0.4794	0.9499
003940760	005063011	0.4912	0.9270
003940902	004178839	0.5890	0.9531
003940902	004477674	0.4933	0.9188
003940902	005033151	0.4928	0.9259
003945385	005080017	0.5855	0.9011
003947087	003980597	0.4006	0.9271
003947087	004027380	0.4164	0.9001
003947087	004034170	0.4037	0.9175
003947087	004253554	0.4213	0.9193
003947337	003979604	0.3995	0.9097
003947337	003980597	0.4357	0.9427
003947337	003983612	0.3902	0.9122
003947337	004002734	0.4236	0.9025
003947337	004009350	0.4447	0.9379
003947337	004028987	0.3804	0.9181
003947337	004034170	0.4430	0.9421
003947337	004253554	0.4259	0.9428
003947337	004477674	0.4659	0.9355
003947337	004935667	0.3373	0.9209
003947337	005013047	0.4098	0.9343
003947337	005033151	0.3926	0.9422
003947337	005078298	0.5798	0.9285
003947596	003979604	0.4361	0.9086
003947596	003980597	0.3905	0.9416
003947596	003981561	0.3522	0.9227
003947596	003983612	0.4220	0.9136
003947596	004002734	0.4427	0.9084
003947596	004009350	0.5081	0.9146
003947596	004023963	0.3045	0.9198
003947596	004028987	0.4315	0.9355
003947596	004034170	0.3836	0.9733
003947596	004253554	0.3458	0.9653
003947596	004477674	0.4333	0.9216
003947596	004935667	0.3740	0.9367
003947596	005013047	0.3803	0.9590
003947596	005033151	0.3502	0.9491
003952751	005063011	0.4976	0.9064
003955195	003980597	0.5027	0.9055
003955195	004002577	0.5872	0.9074
003955195	004605081	0.5555	0.9016
003955195	004611031	0.5816	0.9093
003956333	004034170	0.3906	0.9289
003956333	004253554	0.3509	0.9144
003956333	004477674	0.4439	0.9110
003956333	005013047	0.3751	0.9087
003956333	005033151	0.3362	0.9131
003959126	003980597	0.3699	0.9149
003959126	003981561	0.3823	0.9022
003959126	004023963	0.3497	0.9217
003959126	004025925	0.3467	0.9021
003959126	004027380	0.3742	0.9170
003959126	004856373	0.5447	0.9007
003961475	003974487	0.4190	0.9368
003961475	003979604	0.5784	0.9759
003961475	003980597	0.4432	0.9684
003961475	003983612	0.5641	0.9765
003961475	003988870	0.5074	0.9398
003961475	004002734	0.5570	0.9601
003961475	004009350	0.5266	0.9796
003961475	004025316	0.4976	0.9003
003961475	004028987	0.5040	0.9792
003961475	004034170	0.4740	0.9621
003961475	004253554	0.4355	0.9645
003961475	004477674	0.4925	0.9324
003961475	004935667	0.5272	0.9651
003961475	004946152	0.4862	0.9260
003961475	005013047	0.4908	0.9728
003961475	005028264	0.4187	0.9056
003961475	005033151	0.4719	0.9636
003961475	005063011	0.5119	0.9503
003962783	003980597	0.4571	0.9135
003962783	004155213	0.5808	0.9054
003963455	003974487	0.4680	0.9081
003963455	003979604	0.4782	0.9263
003963455	003980597	0.4086	0.9711
003963455	003981561	0.3485	0.9077
003963455	003983612	0.4603	0.9287
003963455	004002734	0.4682	0.9201
003963455	004009350	0.4962	0.9478
003963455	004028987	0.4190	0.9499
003963455	004034170	0.4280	0.9756
003963455	004253554	0.3942	0.9694
003963455	004477674	0.4377	0.9310
003963455	004935667	0.3902	0.9540
003963455	005013047	0.4181	0.9750
003963455	005028264	0.3634	0.9043
003963455	005033151	0.3908	0.9610
003963455	005063011	0.4926	0.9079
003963980	003980597	0.4534	0.9361
003963980	004034170	0.4588	0.9460
003963980	004253554	0.4455	0.9490
003963980	004935667	0.4091	0.9031
003963980	005013047	0.4308	0.9137
003963980	005033151	0.4184	0.9011
003964422	003980597	0.4485	0.9474
003964422	004034170	0.4578	0.9214
003964422	004253554	0.4196	0.9290
003964422	004477674	0.4740	0.9067
003964422	005013047	0.4470	0.9067
003964422	005033151	0.4179	0.9043
003964422	005063011	0.5020	0.9010
003966067	003979604	0.4919	0.9224
003966067	003980597	0.4817	0.9363
003966067	003983612	0.4880	0.9258
003966067	004002734	0.4764	0.9154
003966067	004009350	0.5734	0.9311
003966067	004028987	0.5474	0.9240
003966067	004034170	0.4689	0.9069
003966067	004253554	0.4646	0.9138
003966067	004477674	0.4957	0.9106
003966067	004935667	0.5647	0.9068
003966067	004946152	0.5734	0.9136
003966067	005013047	0.5023	0.9092
003966067	005033151	0.4901	0.9227
003966067	005063011	0.5617	0.9033
003966783	003974487	0.5513	0.9608
003966783	003974984	0.5600	0.9106
003966783	003980597	0.5241	0.9645
003966783	004009350	0.5897	0.9299
003966783	004028987	0.5684	0.9437
003966783	004236698	0.5407	0.9211
003966783	004253554	0.5440	0.9395
003966783	004935667	0.5826	0.9227
003966783	005028264	0.4467	0.9142
003967895	003980597	0.4517	0.9400
003967895	004034170	0.4349	0.9047
003967895	004253554	0.4211	0.9108
003967895	004946152	0.5351	0.9067
003968700	003979604	0.4363	0.9091
003968700	003980597	0.3860	0.9092
003968700	003981561	0.3542	0.9068
003968700	003983612	0.4270	0.9193
003968700	004023963	0.3020	0.9044
003968700	004028987	0.4379	0.9020
003968700	004034170	0.3335	0.9025
003968700	004253554	0.3254	0.9085
003968700	004946152	0.4735	0.9366
003968842	004009350	0.4674	0.9160
003968842	004028987	0.4034	0.9101
003968842	004034170	0.3946	0.9345
003968842	004253554	0.3459	0.9228
003968842	004477674	0.4511	0.9299
003968842	004935667	0.4076	0.9181
003968842	005013047	0.4096	0.9397
003968842	005033151	0.3695	0.9408
003969074	004346242	0.4176	0.9011
003969508	003980597	0.4317	0.9589
003969508	004009350	0.5041	0.9189
003969508	004023963	0.3145	0.9194
003969508	004028987	0.4632	0.9113
003969508	004034170	0.4801	0.9638
003969508	004253554	0.4593	0.9703
003969508	004477674	0.5073	0.9263
003969508	004935667	0.5097	0.9338
003969508	005013047	0.4890	0.9397
003969508	005030272	0.5830	0.9208
003969508	005033151	0.4749	0.9255
003970579	003974487	0.4784	0.9157
003970579	003979604	0.5185	0.9423
003970579	003980597	0.4655	0.9705
003970579	003981561	0.4193	0.9041
003970579	003983612	0.5006	0.9459
003970579	003988870	0.4617	0.9061
003970579	004002734	0.4995	0.9371
003970579	004009350	0.5039	0.9658
003970579	004028987	0.4564	0.9610
003970579	004034170	0.4891	0.9799
003970579	004253554	0.4728	0.9772
003970579	004477674	0.4775	0.9606
003970579	004935667	0.4492	0.9643
003970579	004946152	0.5217	0.9049
003970579	005013047	0.4628	0.9780
003970579	005033151	0.4557	0.9755
003970579	005063011	0.5299	0.9265
003971907	003979604	0.4222	0.9043
003971907	003980597	0.4501	0.9318
003971907	003981561	0.3520	0.9071
003971907	003983612	0.4185	0.9142
003971907	004023963	0.3011	0.9125
003971907	004028987	0.4468	0.9161
003971907	004034170	0.4062	0.9563
003971907	004253554	0.3786	0.9569
003971907	004477674	0.4868	0.9223
003971907	004935667	0.3622	0.9224
003971907	004946152	0.4833	0.9146
003971907	005013047	0.4030	0.9373
003971907	005033151	0.3594	0.9360
003972041	003974487	0.4602	0.9095
003972041	003979604	0.5099	0.9460
003972041	003980597	0.4739	0.9634
003972041	003983612	0.4896	0.9490
003972041	003988870	0.4644	0.9020
003972041	004002734	0.4993	0.9190
003972041	004009350	0.5215	0.9301
003972041	004023963	0.3810	0.9039
003972041	004028987	0.4782	0.9590
003972041	004034170	0.4719	0.9613
003972041	004253554	0.4759	0.9609
003972041	004477674	0.4966	0.9151
003972041	004935667	0.4923	0.9353
003972041	004946152	0.4993	0.9180
003972041	005013047	0.4654	0.9525
003972041	005033151	0.4610	0.9434
003972041	005063011	0.4924	0.9069
003972547	003974487	0.5120	0.9081
003972547	003979604	0.4993	0.9457
003972547	003980597	0.4376	0.9733
003972547	003983612	0.4832	0.9494
003972547	003988870	0.4543	0.9055
003972547	004002734	0.4880	0.9296
003972547	004009350	0.5144	0.9575
003972547	004028987	0.4626	0.9579
003972547	004034170	0.4576	0.9754
003972547	004253554	0.4359	0.9776
003972547	004477674	0.4893	0.9460
003972547	004935667	0.4354	0.9545
003972547	004946152	0.4873	0.9112
003972547	005013047	0.4483	0.9670
003972547	005033151	0.4270	0.9628
003972547	005063011	0.4987	0.9243
003972956	003980597	0.4445	0.9442
003972956	003983612	0.4312	0.9006
003972956	004009350	0.4523	0.9313
003972956	004021527	0.5786	0.9013
003972956	004028987	0.3847	0.9142
003972956	004034170	0.4673	0.9444
003972956	004253554	0.4593	0.9470
003972956	004477674	0.4553	0.9331
003972956	004935667	0.3604	0.9221
003972956	005013047	0.4182	0.9357
003972956	005033151	0.4206	0.9386
003972956	005078298	0.6000	0.9270
003973655	003980597	0.4525	0.9428
003973655	003983612	0.5718	0.9019
003973655	004009350	0.5573	0.9218
003973655	004028987	0.5165	0.9029
003973655	004034170	0.5093	0.9171
003973655	004253554	0.4833	0.9286
003973655	004477674	0.5064	0.9127
003973655	005013047	0.5260	0.9060
003973655	005033151	0.5118	0.9131
003974487	003975571	0.5368	0.9125
003974487	003987478	0.4924	0.9005
003974487	003993203	0.4325	0.9250
003974487	003997800	0.4614	0.9077
003974487	004018972	0.4374	0.9065
003974487	004021801	0.4294	0.9024
003974487	004023279	0.4297	0.9382
003974487	004024826	0.4472	0.9017
003974487	004024974	0.4246	0.9489
003974487	004030238	0.4684	0.9081
003974487	004030387	0.4364	0.9048
003974487	004041829	0.4442	0.9082
003974487	004047160	0.4569	0.9299
003974487	004053732	0.4642	0.9149
003974487	004059449	0.4787	0.9084
003974487	004069935	0.4898	0.9461
003974487	004080481	0.4502	0.9292
003974487	004099186	0.4474	0.9432
003974487	004127832	0.4558	0.9136
003974487	004146735	0.3941	0.9368
003974487	004218949	0.5386	0.9377
003974487	004241417	0.4334	0.9101
003974487	004256943	0.4489	0.9107
003974487	004261492	0.4779	0.9111
003974487	004268173	0.4774	0.9342
003974487	004346242	0.5029	0.9238
003974487	004377695	0.4855	0.9043
003974487	004405252	0.4518	0.9112
003974487	004448672	0.4484	0.9087
003974487	004494806	0.4496	0.9146
003974487	004500222	0.5506	0.9184
003974487	004505160	0.5057	0.9026
003974487	004627786	0.4663	0.9191
003974487	004883502	0.4376	0.9029
003974487	004927532	0.4592	0.9126
003974487	004937587	0.4715	0.9296
003974487	004957284	0.5061	0.9434
003974487	004960361	0.5502	0.9043
003974487	004970161	0.4614	0.9145
003974487	004974745	0.4208	0.9288
003974487	004977576	0.4920	0.9442
003974487	004978305	0.4572	0.9288
003974487	004978411	0.5091	0.9389
003974487	005019689	0.3773	0.9088
003974487	005030272	0.5514	0.9008
003974487	005030431	0.4430	0.9126
003974487	005034467	0.4191	0.9024
003974487	005035935	0.3869	0.9184
003974487	005039793	0.4895	0.9667
003974487	005040936	0.5417	0.9119
003974487	005046286	0.4911	0.9427
003974487	005046498	0.4366	0.9357
003974487	005052629	0.4278	0.9079
003974487	005055414	0.4203	0.9060
003974487	005056599	0.4900	0.9461
003974487	005056886	0.4432	0.9222
003974487	005060255	0.4241	0.9108
003974487	005060709	0.4895	0.9172
003974487	005061293	0.5451	0.9394
003974487	005064007	0.5709	0.9034
003974487	005073781	0.4158	0.9475
003974487	005080542	0.5011	0.9080
003974873	003979604	0.5638	0.9482
003974873	003980597	0.3610	0.9607
003974873	003983612	0.5464	0.9531
003974873	003988870	0.4711	0.9096
003974873	004002734	0.5222	0.9305
003974873	004009350	0.5008	0.9449
003974873	004023904	0.5464	0.9248
003974873	004028987	0.4835	0.9418
003974873	004034170	0.3749	0.9524
003974873	004155213	0.5168	0.9142
003974873	004178839	0.5156	0.9123
003974873	004253554	0.3197	0.9513
003974873	004477674	0.4608	0.9407
003974873	004935667	0.4991	0.9370
003974873	004946152	0.4024	0.9489
003974873	005013047	0.4266	0.9493
003974873	005033151	0.3825	0.9595
003974873	005063011	0.4398	0.9370
003975571	003979604	0.5189	0.9037
003975571	003983612	0.5325	0.9069
003975571	004002734	0.5364	0.9131
003975571	004009350	0.5466	0.9061
003975571	004016284	0.5993	0.9022
003975571	004028987	0.5235	0.9233
003975571	004034170	0.5371	0.9480
003975571	004253554	0.5156	0.9506
003975571	004477674	0.5665	0.9148
003975571	004608704	0.5891	0.9517
003975571	004935667	0.4710	0.9109
003975571	005013047	0.5490	0.9352
003975571	005033151	0.4899	0.9318
003975571	005063011	0.5740	0.9004
003976351	003980597	0.4013	0.9416
003976351	003983612	0.5793	0.9437
003976351	003988870	0.5391	0.9358
003976351	004009350	0.5517	0.9701
003976351	004028987	0.4537	0.9504
003976351	004034170	0.5301	0.9587
003976351	004253554	0.4782	0.9533
003976351	004477674	0.5155	0.9523
003976351	004935667	0.5742	0.9568
003976351	004946152	0.5098	0.9172
003976351	005013047	0.5575	0.9605
003976351	005033151	0.5431	0.9720
003976351	005063011	0.5475	0.9256
003978624	004023963	0.2692	0.9085
003978624	004025316	0.4663	0.9059
003978624	004034170	0.3543	0.9292
003978624	004253554	0.3052	0.9202
003978624	004477674	0.4107	0.9104
003978624	004935667	0.4051	0.9025
003978624	005013047	0.3799	0.9205
003978624	005028264	0.3744	0.9114
003978624	005033151	0.3384	0.9082
003979552	003980597	0.4471	0.9581
003979552	004009350	0.4951	0.9104
003979552	004023963	0.3031	0.9146
003979552	004028987	0.4652	0.9042
003979552	004034170	0.4719	0.9591
003979552	004253554	0.4443	0.9670
003979552	004477674	0.5093	0.9235
003979552	004935667	0.4799	0.9249
003979552	005013047	0.4812	0.9311
003979552	005033151	0.4550	0.9191
003979604	003987478	0.4946	0.9020
003979604	003993203	0.5454	0.9630
003979604	003998812	0.5422	0.9164
003979604	004000671	0.5631	0.9290
003979604	004011362	0.4068	0.9116
003979604	004012314	0.4633	0.9152
003979604	004016655	0.5270	0.9204
003979604	004020992	0.5127	0.9059
003979604	004021473	0.5936	0.9289
003979604	004021801	0.4972	0.9401
003979604	004024199	0.5870	0.9033
003979604	004024702	0.5478	0.9258
003979604	004024826	0.5031	0.9251
003979604	004026925	0.5759	0.9074
003979604	004027374	0.5365	0.9104
003979604	004029401	0.5175	0.9220
003979604	004030387	0.4717	0.9266
003979604	004030940	0.4753	0.9047
003979604	004031159	0.4364	0.9039
003979604	004032324	0.5240	0.9022
003979604	004046385	0.5155	0.9146
003979604	004047160	0.5625	0.9457
003979604	004053732	0.5796	0.9240
003979604	004059449	0.5079	0.9284
003979604	004064452	0.5500	0.9047
003979604	004076563	0.5164	0.9066
003979604	004078132	0.4589	0.9184
003979604	004127832	0.5694	0.9296
003979604	004136524	0.5838	0.9073
003979604	004201023	0.4496	0.9326
003979604	004261492	0.4418	0.9192
003979604	004265943	0.5234	0.9039
003979604	004268173	0.5877	0.9395
003979604	004277582	0.4277	0.9123
003979604	004377695	0.5808	0.9348
003979604	004391291	0.5767	0.9231
003979604	004405252	0.4983	0.9197
003979604	004415790	0.5371	0.9089
003979604	004429823	0.5818	0.9215
003979604	004448672	0.5865	0.9135
003979604	004476649	0.4292	0.9033
003979604	004483125	0.5129	0.9113
003979604	004487335	0.5099	0.9148
003979604	004494806	0.5782	0.9234
003979604	004500222	0.5015	0.9250
003979604	004505160	0.5137	0.9347
003979604	004548389	0.5414	0.9021
003979604	004562486	0.4836	0.9343
003979604	004592780	0.5327	0.9101
003979604	004608704	0.5038	0.9190
003979604	004627786	0.5681	0.9321
003979604	004663619	0.5806	0.9207
003979604	004668932	0.4778	0.9065
003979604	004669027	0.5033	0.9146
003979604	004675879	0.4794	0.9115
003979604	004927532	0.4923	0.9030
003979604	004937587	0.5259	0.9469
003979604	004957284	0.5243	0.9737
003979604	004960361	0.5847	0.9342
003979604	004960783	0.5620	0.9077
003979604	004970161	0.5924	0.9281
003979604	004974745	0.5795	0.9556
003979604	004977576	0.5913	0.9704
003979604	004978305	0.5512	0.9444
003979604	004978402	0.5936	0.9034
003979604	004993396	0.4600	0.9065
003979604	005013895	0.5227	0.9278
003979604	005016484	0.4884	0.9296
003979604	005019689	0.5777	0.9463
003979604	005021918	0.5378	0.9211
003979604	005030431	0.5554	0.9415
003979604	005032667	0.5839	0.9108
003979604	005033092	0.5709	0.9189
003979604	005034502	0.5530	0.9269
003979604	005035935	0.5263	0.9423
003979604	005040936	0.4904	0.9053
003979604	005046498	0.5674	0.9527
003979604	005056599	0.4641	0.9332
003979604	005056886	0.5717	0.9031
003979604	005060709	0.5645	0.9191
003979604	005063005	0.4742	0.9135
003979604	005064017	0.4613	0.9226
003979604	005080542	0.5621	0.9350
003979604	005082717	0.4667	0.9058
003979648	003980597	0.4200	0.9167
003979648	004028987	0.4261	0.9017
003979648	004034170	0.3774	0.9550
003979648	004253554	0.3639	0.9523
003979648	004477674	0.4205	0.9272
003979648	004935667	0.3892	0.9142
003979648	005013047	0.3773	0.9228
003979648	005033151	0.3515	0.9316
003980140	004034170	0.3804	0.9132
003980140	004253554	0.3633	0.9211
003980228	004025316	0.4064	0.9037
003980597	003983510	0.4404	0.9332
003980597	003983708	0.4470	0.9175
003980597	003987370	0.4400	0.9248
003980597	003987478	0.4035	0.9437
003980597	003993203	0.4267	0.9588
003980597	003994259	0.4950	0.9044
003980597	003997800	0.3481	0.9096
003980597	003998812	0.3673	0.9028
003980597	004000435	0.4459	0.9007
003980597	004000671	0.4105	0.9202
003980597	004011362	0.4444	0.9190
003980597	004011568	0.3086	0.9319
003980597	004012157	0.3527	0.9117
003980597	004012314	0.4943	0.9390
003980597	004016284	0.3633	0.9162
003980597	004016655	0.3721	0.9500
003980597	004017539	0.4044	0.9150
003980597	004018972	0.3674	0.9162
003980597	004020138	0.4247	0.9072
003980597	004020992	0.3660	0.9344
003980597	004021473	0.4289	0.9366
003980597	004021801	0.3918	0.9527
003980597	004021962	0.3700	0.9269
003980597	004023279	0.4056	0.9322
003980597	004024199	0.3826	0.9080
003980597	004024702	0.4225	0.9135
003980597	004024974	0.4359	0.9657
003980597	004025105	0.4878	0.9106
003980597	004026880	0.5224	0.9439
003980597	004026925	0.4255	0.9129
003980597	004029401	0.4729	0.9369
003980597	004029745	0.3209	0.9235
003980597	004030238	0.4188	0.9158
003980597	004030387	0.3920	0.9438
003980597	004032324	0.5338	0.9128
003980597	004041829	0.3976	0.9420
003980597	004046385	0.4100	0.9282
003980597	004047160	0.3815	0.9566
003980597	004053732	0.3932	0.9371
003980597	004059449	0.3681	0.9433
003980597	004063483	0.5043	0.9123
003980597	004064452	0.3739	0.9260
003980597	004068454	0.4156	0.9266
003980597	004069935	0.4647	0.9716
003980597	004076563	0.3428	0.9263
003980597	004078132	0.3991	0.9209
003980597	004080481	0.4042	0.9472
003980597	004099186	0.4396	0.9443
003980597	004127832	0.3579	0.9414
003980597	004136524	0.4289	0.9464
003980597	004146735	0.3690	0.9249
003980597	004155213	0.5580	0.9142
003980597	004161981	0.4637	0.9217
003980597	004162716	0.5087	0.9091
003980597	004201023	0.4503	0.9438
003980597	004215561	0.4013	0.9252
003980597	004218949	0.4481	0.9386
003980597	004235295	0.3831	0.9130
003980597	004241417	0.3847	0.9591
003980597	004256943	0.4323	0.9199
003980597	004261492	0.4206	0.9587
003980597	004265797	0.3735	0.9226
003980597	004265943	0.4167	0.9300
003980597	004267419	0.5450	0.9188
003980597	004268173	0.3867	0.9478
003980597	004277582	0.4889	0.9453
003980597	004346242	0.4470	0.9101
003980597	004358484	0.5739	0.9232
003980597	004373825	0.4106	0.9005
003980597	004377695	0.4122	0.9315
003980597	004391291	0.3843	0.9141
003980597	004405252	0.4259	0.9601
003980597	004415790	0.3556	0.9122
003980597	004416711	0.4439	0.9091
003980597	004429823	0.3914	0.9374
003980597	004440911	0.4175	0.9226
003980597	004443862	0.4250	0.9103
003980597	004448672	0.3672	0.9439
003980597	004476649	0.4177	0.9233
003980597	004487335	0.5027	0.9361
003980597	004494806	0.3673	0.9346
003980597	004500222	0.3622	0.9576
003980597	004503485	0.4167	0.9270
003980597	004505160	0.4149	0.9286
003980597	004507143	0.4690	0.9260
003980597	004533388	0.3611	0.9175
003980597	004548389	0.4414	0.9605
003980597	004562486	0.4529	0.9504
003980597	004583705	0.3853	0.9158
003980597	004592780	0.4914	0.9212
003980597	004605081	0.4233	0.9243
003980597	004611031	0.3786	0.9127
003980597	004627786	0.3812	0.9407
003980597	004663619	0.4112	0.9071
003980597	004668932	0.4993	0.9152
003980597	004879299	0.4005	0.9017
003980597	004936750	0.3760	0.9329
003980597	004937587	0.4531	0.9632
003980597	004938688	0.5277	0.9251
003980597	004940356	0.4096	0.9363
003980597	004942072	0.3934	0.9331
003980597	004951033	0.5505	0.9002
003980597	004953249	0.3931	0.9438
003980597	004957284	0.4585	0.9681
003980597	004960361	0.4293	0.9256
003980597	004960783	0.3815	0.9170
003980597	004970161	0.3987	0.9301
003980597	004974745	0.4413	0.9339
003980597	004977424	0.4095	0.9378
003980597	004977576	0.4749	0.9411
003980597	004978305	0.3613	0.9484
003980597	004978402	0.4035	0.9324
003980597	004978411	0.4826	0.9370
003980597	004979181	0.4316	0.9148
003980597	004980439	0.5187	0.9552
003980597	004980573	0.5173	0.9069
003980597	004984571	0.3606	0.9020
003980597	004986716	0.4348	0.9036
003980597	004989205	0.4418	0.9444
003980597	004993029	0.3611	0.9242
003980597	004993396	0.5011	0.9380
003980597	004995535	0.5300	0.9122
003980597	005001455	0.4558	0.9210
003980597	005003022	0.5396	0.9004
003980597	005005855	0.3800	0.9292
003980597	005006929	0.5721	0.9042
003980597	005008468	0.3974	0.9011
003980597	005008694	0.5380	0.9039
003980597	005012604	0.4417	0.9283
003980597	005013895	0.3977	0.9172
003980597	005014896	0.4848	0.9147
003980597	005016484	0.3756	0.9075
003980597	005018522	0.4312	0.9309
003980597	005019689	0.3700	0.9520
003980597	005021547	0.5013	0.9095
003980597	005021635	0.4445	0.9111
003980597	005021918	0.3619	0.9273
003980597	005026689	0.4453	0.9407
003980597	005029261	0.4812	0.9214
003980597	005029334	0.4362	0.9339
003980597	005030268	0.5448	0.9089
003980597	005030272	0.5694	0.9473
003980597	005030431	0.4516	0.9716
003980597	005032178	0.5031	0.9390
003980597	005032667	0.4123	0.9094
003980597	005033092	0.4118	0.9049
003980597	005034081	0.4606	0.9235
003980597	005034263	0.4362	0.9222
003980597	005034467	0.4364	0.9253
003980597	005034502	0.3936	0.9271
003980597	005034820	0.3519	0.9177
003980597	005035935	0.3872	0.9764
003980597	005039793	0.4632	0.9527
003980597	005040936	0.4763	0.9708
003980597	005043547	0.4397	0.9311
003980597	005046498	0.4112	0.9690
003980597	005053437	0.4853	0.9140
003980597	005055063	0.5117	0.9103
003980597	005055414	0.4326	0.9019
003980597	005055984	0.3553	0.9136
003980597	005056041	0.5384	0.9032
003980597	005056599	0.5015	0.9692
003980597	005056886	0.3927	0.9330
003980597	005060255	0.3788	0.9384
003980597	005060353	0.5460	0.9213
003980597	005060709	0.3770	0.9313
003980597	005061293	0.5141	0.9530
003980597	005063005	0.4307	0.9160
003980597	005064007	0.4938	0.9616
003980597	005064017	0.4701	0.9604
003980597	005064595	0.4455	0.9307
003980597	005064712	0.5339	0.9553
003980597	005064725	0.3846	0.9403
003980597	005066088	0.4377	0.9045
003980597	005066225	0.4132	0.9396
003980597	005067408	0.4447	0.9378
003980597	005069346	0.4657	0.9381
003980597	005073781	0.4228	0.9385
003980597	005078205	0.4360	0.9202
003980597	005078298	0.4418	0.9394
003980597	005079504	0.3465	0.9045
003980597	005080542	0.4310	0.9363
003980597	005080860	0.5147	0.9065
003980597	005082717	0.4800	0.9428
003980597	005084081	0.4802	0.9166
003981344	003983510	0.5155	0.9097
003981344	005029261	0.4492	0.9028
003981561	003993036	0.4005	0.9304
003981561	003993203	0.4420	0.9332
003981561	004020266	0.3620	0.9054
003981561	004022242	0.4620	0.9195
003981561	004023279	0.3572	0.9164
003981561	004024974	0.4551	0.9174
003981561	004025316	0.5941	0.9110
003981561	004030106	0.5086	0.9121
003981561	004078132	0.3329	0.9125
003981561	004146735	0.3744	0.9002
003981561	004346242	0.3385	0.9016
003981561	004476649	0.3370	0.9145
003981561	004927532	0.2871	0.9211
003981561	004936750	0.4247	0.9167
003981561	004937587	0.3640	0.9107
003981561	004942072	0.3810	0.9033
003981561	004957284	0.3491	0.9013
003981561	004977576	0.3876	0.9044
003981561	005026689	0.4046	0.9187
003981561	005030272	0.3961	0.9101
003981561	005046498	0.4104	0.9040
003981561	005049075	0.3188	0.9072
003981561	005055984	0.3238	0.9415
003981561	005056599	0.4524	0.9126
003983510	004253554	0.3385	0.9100
003983612	003987478	0.4814	0.9041
003983612	003993203	0.5249	0.9627
003983612	003998812	0.5229	0.9181
003983612	004000671	0.5483	0.9343
003983612	004011362	0.4103	0.9161
003983612	004012314	0.4698	0.9196
003983612	004016655	0.5062	0.9238
003983612	004020992	0.4887	0.9076
003983612	004021473	0.5759	0.9325
003983612	004021801	0.4812	0.9418
003983612	004024199	0.5692	0.9102
003983612	004024611	0.5691	0.9015
003983612	004024702	0.5298	0.9307
003983612	004024826	0.4909	0.9225
003983612	004024974	0.5864	0.9463
003983612	004026925	0.5692	0.9125
003983612	004027374	0.5084	0.9113
003983612	004029401	0.5097	0.9201
003983612	004030387	0.4580	0.9263
003983612	004030613	0.5371	0.9009
003983612	004030940	0.4605	0.9107
003983612	004031159	0.4275	0.9040
003983612	004032324	0.5286	0.9048
003983612	004046385	0.5049	0.9144
003983612	004047160	0.5416	0.9490
003983612	004053732	0.5618	0.9284
003983612	004059449	0.4929	0.9319
003983612	004064452	0.5323	0.9029
003983612	004068454	0.5817	0.9062
003983612	004076563	0.4931	0.9092
003983612	004078132	0.4478	0.9248
003983612	004127832	0.5494	0.9330
003983612	004136524	0.5635	0.9130
003983612	004146735	0.5960	0.9160
003983612	004201023	0.4495	0.9345
003983612	004241417	0.5438	0.9008
003983612	004261492	0.4230	0.9236
003983612	004265943	0.4988	0.9048
003983612	004268173	0.5681	0.9429
003983612	004277582	0.4254	0.9201
003983612	004377695	0.5650	0.9361
003983612	004391291	0.5568	0.9257
003983612	004405252	0.4857	0.9223
003983612	004415790	0.5198	0.9142
003983612	004429823	0.5586	0.9259
003983612	004448672	0.5633	0.9183
003983612	004476649	0.4207	0.9130
003983612	004483125	0.4881	0.9079
003983612	004487335	0.5105	0.9174
003983612	004494806	0.5549	0.9271
003983612	004500222	0.4793	0.9273
003983612	004505160	0.5013	0.9413
003983612	004533388	0.5578	0.9019
003983612	004548389	0.5279	0.9117
003983612	004562486	0.4645	0.9369
003983612	004592780	0.5380	0.9128
003983612	004608704	0.4785	0.9137
003983612	004627786	0.5507	0.9347
003983612	004663619	0.5718	0.9214
003983612	004668932	0.4766	0.9118
003983612	004669027	0.4807	0.9114
003983612	004675879	0.4582	0.9083
003983612	004937587	0.5215	0.9483
003983612	004957284	0.5259	0.9767
003983612	004960361	0.5765	0.9365
003983612	004960783	0.5398	0.9134
003983612	004970161	0.5716	0.9317
003983612	004974745	0.5649	0.9583
003983612	004977576	0.5820	0.9703
003983612	004978305	0.5294	0.9462
003983612	004978402	0.5743	0.9083
003983612	004980439	0.4458	0.9098
003983612	004993396	0.4545	0.9127
003983612	005005855	0.5587	0.9003
003983612	005013895	0.5116	0.9259
003983612	005016484	0.4809	0.9305
003983612	005019689	0.5504	0.9502
003983612	005021918	0.5224	0.9245
003983612	005030431	0.5472	0.9450
003983612	005032667	0.5738	0.9133
003983612	005033092	0.5631	0.9214
003983612	005034502	0.5346	0.9310
003983612	005035935	0.5134	0.9442
003983612	005040936	0.4836	0.9106
003983612	005046498	0.5414	0.9551
003983612	005056599	0.4506	0.9364
003983612	005056886	0.5605	0.9109
003983612	005060709	0.5455	0.9242
003983612	005063005	0.4580	0.9184
003983612	005064017	0.4648	0.9285
003983612	005064725	0.5814	0.9507
003983612	005073781	0.5814	0.9644
003983612	005080542	0.5468	0.9397
003983612	005082717	0.4484	0.9151
003983708	004253554	0.3480	0.9144
003983708	004605081	0.5802	0.9077
003987478	004002734	0.4943	0.9033
003987478	004009350	0.5016	0.9376
003987478	004028987	0.4249	0.9255
003987478	004034170	0.4390	0.9543
003987478	004253554	0.3926	0.9553
003987478	004477674	0.4812	0.9354
003987478	004935667	0.3895	0.9355
003987478	005013047	0.4358	0.9499
003987478	005033151	0.3952	0.9439
003988870	003993203	0.4516	0.9315
003988870	004000671	0.5069	0.9025
003988870	004021801	0.4417	0.9048
003988870	004023279	0.5559	0.9151
003988870	004024974	0.5164	0.9056
003988870	004029401	0.4951	0.9015
003988870	004047160	0.5099	0.9139
003988870	004069935	0.5842	0.9348
003988870	004201023	0.4165	0.9106
003988870	004268173	0.5286	0.9024
003988870	004346242	0.5644	0.9272
003988870	004377695	0.5327	0.9159
003988870	004391291	0.5267	0.9010
003988870	004483125	0.4990	0.9038
003988870	004562486	0.4321	0.9008
003988870	004608704	0.4403	0.9141
003988870	004627786	0.5108	0.9021
003988870	004669027	0.4576	0.9048
003988870	004937587	0.4724	0.9020
003988870	004957284	0.4722	0.9329
003988870	004960361	0.5469	0.9044
003988870	004960783	0.5078	0.9013
003988870	004970161	0.5388	0.9006
003988870	004974745	0.5097	0.9075
003988870	004977576	0.5430	0.9430
003988870	004978305	0.5133	0.9257
003988870	004978411	0.5418	0.9256
003988870	005016484	0.4348	0.9035
003988870	005019689	0.4901	0.9197
003988870	005034502	0.5179	0.9024
003988870	005046498	0.4951	0.9069
003988870	005064725	0.5483	0.9190
003988870	005073781	0.5456	0.9342
003991880	004178839	0.5822	0.9295
003993203	004002734	0.5151	0.9571
003993203	004009350	0.5135	0.9594
003993203	004023963	0.4041	0.9153
003993203	004025316	0.4355	0.9355
003993203	004027380	0.3899	0.9124
003993203	004028987	0.4629	0.9804
003993203	004034170	0.4598	0.9692
003993203	004253554	0.4523	0.9577
003993203	004477674	0.4610	0.9289
003993203	004935667	0.4949	0.9581
003993203	004946152	0.5112	0.9093
003993203	005013047	0.4505	0.9803
003993203	005028264	0.3743	0.9200
003993203	005030272	0.5970	0.9189
003993203	005033151	0.4542	0.9739
003993203	005063011	0.5297	0.9154
003993647	004124141	0.5985	0.9093
003993647	004178839	0.5848	0.9350
003993647	004477674	0.4782	0.9249
003993647	005033151	0.4651	0.9133
003994259	005063011	0.5354	0.9032
003997372	004124141	0.5422	0.9200
003997372	004155213	0.5629	0.9416
003997372	004178839	0.5732	0.9392
003997372	004477674	0.4568	0.9096
003997372	005033151	0.5045	0.9093
003997800	004009350	0.5496	0.9046
003997800	004375667	0.5555	0.9223
003997800	004477674	0.4451	0.9071
003997800	004995535	0.5576	0.9063
003997800	005030272	0.5440	0.9177
003997800	005033151	0.4176	0.9028
003998812	004002734	0.5201	0.9083
003998812	004009350	0.5664	0.9230
003998812	004028987	0.4516	0.9126
003998812	004034170	0.4309	0.9006
003998812	004178839	0.5685	0.9071
003998812	004253554	0.4012	0.9022
003998812	004477674	0.4918	0.9224
003998812	004946152	0.4276	0.9091
003998812	005033151	0.4541	0.9282
004000435	004064452	0.5931	0.9226
004000435	004477674	0.5417	0.9206
004000435	005033151	0.5234	0.9262
004000435	005063011	0.5065	0.9024
004000671	004002734	0.5461	0.9116
004000671	004009350	0.5519	0.9261
004000671	004028987	0.4982	0.9275
004000671	004034170	0.4458	0.9245
004000671	004253554	0.4196	0.9296
004000671	004477674	0.5238	0.9362
004000671	004935667	0.5778	0.9167
004000671	004946152	0.4563	0.9251
004000671	005013047	0.5011	0.9132
004000671	005033151	0.4742	0.9359
004000671	005063011	0.4740	0.9066
004000914	004178839	0.5842	0.9213
004000914	004477674	0.5535	0.9295
004000914	005033151	0.5669	0.9197
004002577	004155213	0.5647	0.9240
004002577	004178839	0.5922	0.9060
004002734	004021473	0.5819	0.9180
004002734	004021801	0.4690	0.9181
004002734	004021962	0.4812	0.9127
004002734	004024702	0.5528	0.9056
004002734	004024974	0.5710	0.9359
004002734	004027374	0.5386	0.9040
004002734	004029401	0.5148	0.9303
004002734	004030238	0.4775	0.9092
004002734	004030387	0.4515	0.9221
004002734	004032324	0.5173	0.9011
004002734	004041829	0.5712	0.9001
004002734	004046385	0.4935	0.9129
004002734	004047160	0.5496	0.9343
004002734	004053732	0.5568	0.9127
004002734	004059449	0.5071	0.9117
004002734	004064452	0.5263	0.9144
004002734	004076563	0.5077	0.9120
004002734	004078132	0.4814	0.9062
004002734	004080481	0.5497	0.9152
004002734	004099186	0.5952	0.9210
004002734	004127832	0.5434	0.9238
004002734	004136524	0.5731	0.9013
004002734	004146735	0.5812	0.9206
004002734	004155213	0.5049	0.9025
004002734	004178839	0.5579	0.9110
004002734	004201023	0.4427	0.9296
004002734	004235295	0.5216	0.9000
004002734	004241417	0.5341	0.9134
004002734	004256943	0.4922	0.9064
004002734	004261492	0.4492	0.9174
004002734	004265943	0.4845	0.9013
004002734	004268173	0.5620	0.9263
004002734	004277582	0.4654	0.9126
004002734	004377695	0.5711	0.9304
004002734	004391291	0.5619	0.9146
004002734	004405252	0.4877	0.9137
004002734	004429823	0.5618	0.9113
004002734	004440911	0.5466	0.9031
004002734	004448672	0.5555	0.9036
004002734	004483125	0.5048	0.9178
004002734	004487335	0.4945	0.9153
004002734	004494806	0.5486	0.9124
004002734	004500222	0.5178	0.9274
004002734	004505160	0.5243	0.9040
004002734	004533388	0.5533	0.9110
004002734	004562486	0.4692	0.9209
004002734	004592780	0.5312	0.9038
004002734	004608704	0.4605	0.9268
004002734	004627786	0.5436	0.9228
004002734	004663619	0.5632	0.9087
004002734	004668932	0.4696	0.9094
004002734	004669027	0.4662	0.9163
004002734	004675879	0.4409	0.9040
004002734	004937587	0.5186	0.9294
004002734	004957284	0.5278	0.9488
004002734	004960361	0.5913	0.9242
004002734	004960783	0.5384	0.9276
004002734	004970161	0.5745	0.9217
004002734	004974745	0.5714	0.9139
004002734	004977576	0.5858	0.9571
004002734	004978305	0.5352	0.9454
004002734	004978402	0.5621	0.9066
004002734	004978411	0.5955	0.9333
004002734	005013895	0.5326	0.9113
004002734	005016484	0.4728	0.9166
004002734	005019689	0.5431	0.9437
004002734	005021918	0.5105	0.9158
004002734	005030431	0.5348	0.9175
004002734	005033092	0.5754	0.9078
004002734	005034502	0.5487	0.9176
004002734	005035935	0.4909	0.9223
004002734	005040936	0.4940	0.9043
004002734	005046498	0.5494	0.9291
004002734	005056599	0.4744	0.9216
004002734	005056886	0.5511	0.9103
004002734	005060709	0.5521	0.9031
004002734	005064017	0.4929	0.9224
004002734	005064725	0.5859	0.9362
004002734	005073781	0.5930	0.9418
004002734	005080542	0.5557	0.9175
004003825	004178839	0.5902	0.9336
004003825	004477674	0.5023	0.9009
004009281	004025316	0.4899	0.9090
004009350	004011568	0.5172	0.9260
004009350	004012157	0.5612	0.9011
004009350	004012314	0.5801	0.9204
004009350	004016284	0.4956	0.9008
004009350	004017539	0.5702	0.9198
004009350	004018972	0.5302	0.9239
004009350	004020992	0.5023	0.9197
004009350	004021473	0.5755	0.9457
004009350	004021801	0.5210	0.9269
004009350	004021962	0.5161	0.9407
004009350	004023279	0.5952	0.9373
004009350	004024199	0.5962	0.9057
004009350	004024702	0.5894	0.9207
004009350	004024974	0.5315	0.9575
004009350	004026925	0.5650	0.9234
004009350	004027374	0.5411	0.9189
004009350	004029401	0.5449	0.9542
004009350	004029745	0.5072	0.9197
004009350	004030238	0.5160	0.9391
004009350	004030387	0.4957	0.9214
004009350	004030613	0.5325	0.9182
004009350	004032324	0.5860	0.9203
004009350	004041829	0.5346	0.9417
004009350	004046385	0.5162	0.9376
004009350	004047160	0.5837	0.9644
004009350	004053732	0.5906	0.9417
004009350	004059449	0.5592	0.9536
004009350	004064452	0.5114	0.9451
004009350	004068454	0.5763	0.9186
004009350	004069935	0.5389	0.9847
004009350	004076563	0.5444	0.9412
004009350	004080481	0.5338	0.9431
004009350	004099186	0.5602	0.9362
004009350	004101918	0.5617	0.9014
004009350	004127832	0.5625	0.9497
004009350	004136524	0.5664	0.9356
004009350	004146735	0.5278	0.9249
004009350	004201023	0.5550	0.9381
004009350	004215561	0.5639	0.9065
004009350	004218949	0.5895	0.9387
004009350	004235295	0.5785	0.9306
004009350	004241417	0.4940	0.9501
004009350	004256943	0.4860	0.9252
004009350	004261492	0.4681	0.9480
004009350	004265797	0.5778	0.9176
004009350	004265943	0.5075	0.9104
004009350	004267419	0.5854	0.9185
004009350	004268173	0.5888	0.9441
004009350	004277582	0.4757	0.9310
004009350	004391291	0.5801	0.9392
004009350	004405252	0.5130	0.9401
004009350	004415790	0.5099	0.9251
004009350	004416711	0.5215	0.9162
004009350	004429823	0.5752	0.9415
004009350	004440911	0.5992	0.9314
004009350	004448672	0.5659	0.9415
004009350	004476649	0.4758	0.9051
004009350	004483125	0.4656	0.9231
004009350	004487335	0.5872	0.9372
004009350	004494806	0.5544	0.9401
004009350	004500222	0.5215	0.9532
004009350	004533388	0.4875	0.9454
004009350	004548389	0.5442	0.9014
004009350	004562486	0.4809	0.9425
004009350	004583705	0.5415	0.9151
004009350	004592780	0.5534	0.9116
004009350	004605081	0.5366	0.9007
004009350	004605731	0.5463	0.9018
004009350	004608704	0.4169	0.9081
004009350	004627786	0.5613	0.9498
004009350	004663619	0.5812	0.9319
004009350	004668932	0.5358	0.9280
004009350	004669027	0.4208	0.9086
004009350	004879299	0.5044	0.9270
004009350	004937587	0.5613	0.9434
004009350	004957284	0.5637	0.9525
004009350	004960783	0.5295	0.9320
004009350	004970161	0.5645	0.9443
004009350	004974745	0.5331	0.9090
004009350	004977576	0.5312	0.9577
004009350	004978305	0.5427	0.9649
004009350	004978402	0.5050	0.9315
004009350	005005855	0.5541	0.9280
004009350	005012604	0.5878	0.9468
004009350	005013895	0.5671	0.9474
004009350	005016484	0.5643	0.9427
004009350	005018522	0.5795	0.9166
004009350	005019689	0.5105	0.9603
004009350	005021918	0.5386	0.9369
004009350	005030431	0.5609	0.9501
004009350	005032667	0.5641	0.9125
004009350	005033092	0.5678	0.9175
004009350	005034263	0.5836	0.9164
004009350	005034437	0.5430	0.9099
004009350	005034502	0.5628	0.9400
004009350	005035935	0.4937	0.9466
004009350	005039793	0.5511	0.9426
004009350	005040936	0.5167	0.9476
004009350	005046498	0.5182	0.9390
004009350	005056599	0.4685	0.9363
004009350	005056886	0.5379	0.9409
004009350	005060255	0.4294	0.9063
004009350	005060709	0.5545	0.9331
004009350	005064017	0.5040	0.9558
004009350	005064725	0.5599	0.9574
004009350	005073781	0.5318	0.9489
004009350	005080542	0.5975	0.9522
004009350	005082717	0.5357	0.9204
004011362	004946152	0.5692	0.9269
004011362	005063011	0.5281	0.9061
004011568	004034170	0.4092	0.9140
004011568	004178839	0.5870	0.9540
004011568	004253554	0.3755	0.9129
004011568	004477674	0.4136	0.9340
004011568	004935667	0.4988	0.9137
004011568	005013047	0.4460	0.9138
004011568	005033151	0.4414	0.9316
004011568	005063011	0.4599	0.9135
004012136	004124141	0.5597	0.9172
004012136	004155213	0.5955	0.9234
004012136	004178839	0.5305	0.9131
004012157	004034170	0.4611	0.9017
004012157	004178839	0.5753	0.9431
004012157	004477674	0.4751	0.9273
004012157	004946152	0.4554	0.9003
004012157	005013047	0.5045	0.9016
004012157	005033151	0.4879	0.9293
004012314	004028987	0.5381	0.9047
004012314	004253554	0.4584	0.9056
004012314	005033151	0.4876	0.9048
004012314	005063011	0.5835	0.9129
004015835	004034170	0.4160	0.9043
004015835	004253554	0.4159	0.9053
004015835	004946152	0.5324	0.9295
004015835	005033151	0.3717	0.9018
004016284	004025316	0.4632	0.9229
004016284	004034170	0.4023	0.9081
004016284	004155213	0.5763	0.9166
004016284	004178839	0.5571	0.9120
004016284	004253554	0.3987	0.9018
004016284	004477674	0.4489	0.9229
004016284	004935667	0.5486	0.9093
004016284	005013047	0.4331	0.9189
004016284	005028264	0.4241	0.9100
004016284	005033151	0.4301	0.9184
004016655	004028987	0.4692	0.9030
004016655	004034170	0.4054	0.9064
004016655	004124141	0.5851	0.9008
004016655	004155213	0.5926	0.9106
004016655	004253554	0.3949	0.9124
004016655	004946152	0.4244	0.9372
004016655	005013047	0.4421	0.9046
004016655	005030272	0.5759	0.9303
004016655	005033151	0.4413	0.9101
004016655	005063011	0.4597	0.9326
004016655	005066083	0.5898	0.9126
004017539	004034170	0.4995	0.9097
004017539	004477674	0.5194	0.9337
004017539	004935667	0.5265	0.9126
004017539	005013047	0.5428	0.9131
004017539	005033151	0.5000	0.9396
004017540	004178839	0.5943	0.9380
004017540	004477674	0.4909	0.9204
004017540	005033151	0.5004	0.9196
004018119	004124141	0.5975	0.9288
004018972	004034170	0.4471	0.9055
004018972	004253554	0.4249	0.9079
004018972	004477674	0.4892	0.9431
004018972	004935667	0.5664	0.9096
004018972	005013047	0.4847	0.9113
004018972	005033151	0.4716	0.9209
004020138	004021481	0.5528	0.9105
004020138	004022477	0.5688	0.9204
004020138	004025105	0.5581	0.9274
004020138	004030625	0.5703	0.9204
004020138	004161981	0.5834	0.9399
004020138	004995535	0.5690	0.9540
004020138	005030272	0.5432	0.9427
004020138	005032178	0.5752	0.9558
004020138	005067408	0.5816	0.9369
004020138	005084081	0.5961	0.9661
004020266	004021481	0.5282	0.9106
004020266	004022477	0.4879	0.9314
004020266	004025105	0.5943	0.9171
004020266	004161981	0.5735	0.9154
004020266	004995535	0.5912	0.9329
004020266	005030272	0.5746	0.9372
004020992	004034170	0.3979	0.9243
004020992	004178839	0.5267	0.9143
004020992	004253554	0.3977	0.9235
004020992	004477674	0.4613	0.9209
004020992	004935667	0.5669	0.9009
004020992	004946152	0.4222	0.9030
004020992	005013047	0.4396	0.9175
004020992	005033151	0.4386	0.9370
004020992	005063011	0.4570	0.9045
004021473	004028987	0.4814	0.9312
004021473	004034170	0.5229	0.9331
004021473	004253554	0.4760	0.9358
004021473	004477674	0.5218	0.9489
004021473	004935667	0.5360	0.9242
004021473	004946152	0.4704	0.9237
004021473	005013047	0.5350	0.9275
004021473	005033151	0.5294	0.9509
004021473	005063011	0.5158	0.9170
004021475	004155213	0.5549	0.9283
004021475	004178839	0.5597	0.9229
004021527	004064452	0.5792	0.9072
004021527	004124141	0.5678	0.9310
004021527	004146735	0.5889	0.9006
004021527	004178839	0.5922	0.9391
004021527	004318569	0.5991	0.9406
004021801	004028987	0.4584	0.9254
004021801	004029045	0.5817	0.9093
004021801	004034170	0.4164	0.9219
004021801	004253554	0.4062	0.9289
004021801	004935667	0.5321	0.9084
004021801	004946152	0.4593	0.9357
004021801	005013047	0.4526	0.9219
004021801	005030272	0.5924	0.9140
004021801	005033151	0.4411	0.9288
004021801	005063011	0.4683	0.9385
004021962	004028987	0.4688	0.9066
004021962	004034170	0.4107	0.9202
004021962	004253554	0.3929	0.9217
004021962	004477674	0.4634	0.9510
004021962	004935667	0.5168	0.9253
004021962	005013047	0.4406	0.9213
004021962	005033151	0.4252	0.9375
004021962	005063011	0.4499	0.9028
004022477	004022826	0.5073	0.9243
004022523	004178839	0.5918	0.9325
004022523	004477674	0.4885	0.9073
004022523	005033151	0.5442	0.9055
004022826	004676513	0.5805	0.9283
004023279	004023963	0.3637	0.9192
004023279	004025316	0.5271	0.9478
004023279	004027380	0.3143	0.9294
004023279	004028987	0.4805	0.9599
004023279	004034170	0.4754	0.9345
004023279	004253554	0.4181	0.9298
004023279	004477674	0.5418	0.9053
004023279	004856373	0.5040	0.9120
004023279	004935667	0.5209	0.9360
004023279	005013047	0.5084	0.9494
004023279	005028264	0.4601	0.9255
004023279	005030272	0.5749	0.9146
004023279	005033151	0.4750	0.9376
004023279	005063011	0.4841	0.9124
004023904	004069935	0.5919	0.9083
004023963	004024974	0.3971	0.9396
004023963	004078132	0.2856	0.9044
004023963	004099186	0.3666	0.9083
004023963	004146735	0.3527	0.9114
004023963	004218949	0.4167	0.9039
004023963	004346242	0.3528	0.9164
004023963	004476649	0.2875	0.9087
004023963	004936750	0.4119	0.9249
004023963	004937587	0.3409	0.9160
004023963	004957284	0.3416	0.9046
004023963	004977576	0.3427	0.9022
004023963	004978402	0.4042	0.9114
004023963	005029261	0.3902	0.9249
004023963	005030272	0.4326	0.9038
004023963	005046498	0.3609	0.9076
004023963	005049075	0.3285	0.9050
004023963	005052629	0.4001	0.9122
004023963	005055984	0.2885	0.9297
004023963	005056599	0.3645	0.9357
004023963	005056886	0.3380	0.9147
004024199	004477674	0.5103	0.9197
004024199	004946152	0.4303	0.9244
004024199	004993396	0.5874	0.9414
004024199	005033151	0.5112	0.9112
004024199	005063011	0.4915	0.9175
004024247	004124141	0.5758	0.9330
004024247	004155213	0.5915	0.9483
004024247	004178839	0.5750	0.9495
004024247	004477674	0.4607	0.9129
004024247	005033151	0.4986	0.9187
004024508	004952074	0.4483	0.9070
004024508	005052982	0.5951	0.9350
004024508	005073453	0.5903	0.9497
004024508	005079504	0.5844	0.9044
004024611	004946152	0.4025	0.9069
004024611	004993396	0.5754	0.9329
004024611	005063011	0.4779	0.9182
004024702	004028987	0.5050	0.9183
004024702	004034170	0.4610	0.9095
004024702	004253554	0.4391	0.9166
004024702	004477674	0.5459	0.9337
004024702	004935667	0.5757	0.9048
004024702	004946152	0.4637	0.9353
004024702	005013047	0.5164	0.9032
004024702	005033151	0.4809	0.9287
004024702	005063011	0.4781	0.9124
004024826	004028987	0.4409	0.9014
004024826	005063011	0.4551	0.9046
004024974	004025316	0.4957	0.9279
004024974	004027380	0.3800	0.9357
004024974	004028987	0.5043	0.9680
004024974	004034170	0.4681	0.9590
004024974	004155213	0.5458	0.9087
004024974	004253554	0.4377	0.9657
004024974	004477674	0.4883	0.9332
004024974	004935667	0.5303	0.9525
004024974	004946152	0.4904	0.9029
004024974	005013047	0.4827	0.9598
004024974	005028264	0.4050	0.9163
004024974	005030272	0.5885	0.9281
004024974	005033151	0.4667	0.9479
004024974	005063011	0.5327	0.9231
004025316	004080481	0.4643	0.9079
004025316	004099186	0.5705	0.9015
004025316	004146735	0.5040	0.9593
004025316	004218949	0.4476	0.9208
004025316	004256943	0.4557	0.9265
004025316	004608704	0.4319	0.9027
004025316	004883502	0.5043	0.9347
004025316	004927532	0.5007	0.9424
004025316	004937587	0.5259	0.9208
004025316	004957284	0.5706	0.9176
004025316	004974745	0.5440	0.9172
004025316	004977576	0.5253	0.9376
004025316	004978402	0.4513	0.9069
004025316	005039793	0.4946	0.9096
004025316	005046286	0.5451	0.9119
004025316	005046498	0.4516	0.9171
004025316	005052629	0.4790	0.9152
004025316	005055984	0.4098	0.9324
004025316	005056599	0.4194	0.9282
004025316	005073781	0.5215	0.9117
004025905	004946152	0.5556	0.9002
004025925	004476649	0.3445	0.9038
004025925	005049075	0.2857	0.9257
004026880	004253554	0.4381	0.9053
004026880	005063011	0.5520	0.9118
004026925	004028987	0.5117	0.9002
004026925	004034170	0.5135	0.9023
004026925	004253554	0.4667	0.9087
004026925	004477674	0.5241	0.9300
004026925	004935667	0.5688	0.9023
004026925	004946152	0.5140	0.9071
004026925	005033151	0.5297	0.9245
004026925	005063011	0.5621	0.9067
004027374	004028987	0.4439	0.9040
004027374	004477674	0.5125	0.9152
004027374	005033151	0.4826	0.9169
004027380	004146735	0.3030	0.9131
004027380	004218949	0.4301	0.9018
004027380	004346242	0.3362	0.9192
004027380	004977576	0.3500	0.9112
004027380	004978402	0.3718	0.9127
004027380	004986716	0.3755	0.9068
004027380	005052629	0.3774	0.9186
004027380	005055984	0.3218	0.9068
004027380	005056599	0.4048	0.9108
004027380	005056886	0.3143	0.9139
004028903	005030272	0.5313	0.9005
004028987	004029401	0.4838	0.9416
004028987	004030238	0.4186	0.9185
004028987	004030387	0.4639	0.9235
004028987	004031159	0.3800	0.9034
004028987	004041829	0.4909	0.9033
004028987	004046385	0.4444	0.9348
004028987	004047160	0.4658	0.9542
004028987	004053732	0.5103	0.9263
004028987	004059449	0.4574	0.9302
004028987	004063483	0.5552	0.9127
004028987	004064452	0.4285	0.9256
004028987	004069935	0.5365	0.9691
004028987	004076563	0.4534	0.9033
004028987	004078132	0.4316	0.9286
004028987	004080481	0.4768	0.9223
004028987	004099186	0.5397	0.9286
004028987	004127832	0.4718	0.9332
004028987	004136524	0.5059	0.9126
004028987	004146735	0.4807	0.9381
004028987	004201023	0.4815	0.9269
004028987	004218949	0.4655	0.9363
004028987	004241417	0.4433	0.9200
004028987	004256943	0.4248	0.9295
004028987	004261492	0.3967	0.9401
004028987	004265943	0.4888	0.9052
004028987	004268173	0.5016	0.9384
004028987	004277582	0.4809	0.9252
004028987	004346242	0.5384	0.9595
004028987	004377695	0.5073	0.9358
004028987	004391291	0.4681	0.9201
004028987	004405252	0.4471	0.9429
004028987	004415790	0.4336	0.9013
004028987	004429823	0.5102	0.9187
004028987	004440911	0.5048	0.9005
004028987	004448672	0.4957	0.9232
004028987	004476649	0.4292	0.9185
004028987	004483125	0.5090	0.9040
004028987	004487335	0.5772	0.9177
004028987	004494806	0.4932	0.9249
004028987	004500222	0.3878	0.9380
004028987	004505160	0.5084	0.9248
004028987	004533388	0.4622	0.9152
004028987	004548389	0.5371	0.9075
004028987	004562486	0.4470	0.9428
004028987	004592780	0.5755	0.9064
004028987	004608704	0.4993	0.9192
004028987	004627786	0.5087	0.9338
004028987	004663619	0.5000	0.9113
004028987	004668932	0.5343	0.9040
004028987	004669027	0.4657	0.9069
004028987	004927532	0.4493	0.9143
004028987	004937587	0.4881	0.9659
004028987	004957284	0.5251	0.9738
004028987	004960361	0.5174	0.9293
004028987	004960783	0.4596	0.9078
004028987	004970161	0.4859	0.9300
004028987	004974745	0.5310	0.9461
004028987	004977576	0.5227	0.9788
004028987	004978305	0.4685	0.9545
004028987	004978402	0.4789	0.9302
004028987	004978411	0.5770	0.9584
004028987	005012604	0.5178	0.9131
004028987	005013895	0.4532	0.9275
004028987	005016484	0.4387	0.9245
004028987	005019689	0.4595	0.9451
004028987	005021918	0.4564	0.9249
004028987	005030431	0.4788	0.9543
004028987	005032667	0.5044	0.9072
004028987	005033092	0.4966	0.9101
004028987	005034502	0.4831	0.9267
004028987	005035935	0.4161	0.9594
004028987	005039793	0.5217	0.9466
004028987	005040936	0.5002	0.9331
004028987	005046286	0.5509	0.9065
004028987	005046498	0.4583	0.9611
004028987	005055984	0.3610	0.9123
004028987	005056599	0.4556	0.9594
004028987	005056886	0.5620	0.9322
004028987	005060709	0.4784	0.9207
004028987	005061293	0.5510	0.9591
004028987	005063005	0.4071	0.9183
004028987	005064007	0.5265	0.9018
004028987	005064017	0.4340	0.9273
004028987	005064725	0.5083	0.9375
004028987	005073781	0.5219	0.9631
004028987	005080542	0.4999	0.9330
004028987	005082717	0.5168	0.9129
004029401	004034170	0.5027	0.9595
004029401	004253554	0.4782	0.9500
004029401	004477674	0.5096	0.9313
004029401	004935667	0.4666	0.9427
004029401	005013047	0.4838	0.9526
004029401	005033151	0.4768	0.9586
004029745	004253554	0.3542	0.9012
004029745	004477674	0.4171	0.9232
004029745	004935667	0.4718	0.9041
004029745	005013047	0.4416	0.9005
004029745	005033151	0.4203	0.9186
004029745	005063011	0.4382	0.9167
004029890	004178839	0.5785	0.9239
004029890	004477674	0.4817	0.9287
004029890	005033151	0.4986	0.9222
004029993	005063011	0.5424	0.9045
004030238	004034170	0.4585	0.9188
004030238	004124141	0.5594	0.9033
004030238	004253554	0.4384	0.9048
004030238	004477674	0.4938	0.9222
004030238	004935667	0.4176	0.9178
004030238	005013047	0.4451	0.9234
004030238	005028264	0.4241	0.9047
004030238	005033151	0.4382	0.9361
004030387	004034170	0.4168	0.9295
004030387	004178839	0.5691	0.9090
004030387	004253554	0.4090	0.9266
004030387	004477674	0.4790	0.9220
004030387	004935667	0.5517	0.9112
004030387	004946152	0.4772	0.9258
004030387	005013047	0.4607	0.9320
004030387	005033151	0.4480	0.9465
004030387	005063011	0.4774	0.9176
004030613	004477674	0.4933	0.9374
004030613	004946152	0.4535	0.9068
004030613	005033151	0.4902	0.9239
004030613	005063011	0.5100	0.9039
004030940	004034170	0.3634	0.9053
004030940	004253554	0.3483	0.9032
004030940	004477674	0.4478	0.9204
004030940	004946152	0.4249	0.9159
004030940	005033151	0.3337	0.9178
004031159	004034170	0.4611	0.9143
004031159	005013047	0.4539	0.9102
004031159	005033151	0.4328	0.9256
004032324	005033151	0.5453	0.9114
004034059	004477674	0.4701	0.9005
004034059	004946152	0.4583	0.9084
004034170	004041829	0.4752	0.9219
004034170	004046385	0.4093	0.9525
004034170	004047160	0.4504	0.9513
004034170	004053732	0.4674	0.9238
004034170	004059449	0.4246	0.9278
004034170	004064452	0.4274	0.9428
004034170	004069935	0.5369	0.9688
004034170	004076563	0.4368	0.9170
004034170	004078132	0.3996	0.9575
004034170	004080481	0.4804	0.9477
004034170	004099186	0.4574	0.9343
004034170	004127832	0.4596	0.9347
004034170	004136524	0.4791	0.9276
004034170	004146735	0.4251	0.9282
004034170	004155213	0.5045	0.9077
004034170	004178839	0.5864	0.9075
004034170	004201023	0.4224	0.9334
004034170	004218949	0.5979	0.9489
004034170	004235295	0.4592	0.9025
004034170	004241417	0.4764	0.9500
004034170	004256943	0.4386	0.9480
004034170	004261492	0.4338	0.9654
004034170	004265797	0.5155	0.9079
004034170	004265943	0.4315	0.9321
004034170	004268173	0.4875	0.9296
004034170	004277582	0.4499	0.9741
004034170	004346242	0.4751	0.9174
004034170	004373825	0.4595	0.9377
004034170	004377695	0.4675	0.9311
004034170	004391291	0.4765	0.9193
004034170	004405252	0.4283	0.9675
004034170	004415790	0.4589	0.9002
004034170	004416711	0.4584	0.9043
004034170	004429823	0.4705	0.9240
004034170	004440911	0.4911	0.9192
004034170	004448672	0.4589	0.9309
004034170	004476649	0.3882	0.9604
004034170	004483125	0.4527	0.9104
004034170	004487335	0.4889	0.9061
004034170	004494806	0.4610	0.9260
004034170	004500222	0.4813	0.9462
004034170	004505160	0.4303	0.9127
004034170	004533388	0.4651	0.9183
004034170	004548389	0.4581	0.9333
004034170	004562486	0.4496	0.9599
004034170	004583705	0.5232	0.9149
004034170	004608704	0.4028	0.9175
004034170	004627786	0.4636	0.9296
004034170	004663619	0.4958	0.9083
004034170	004669027	0.4322	0.9117
004034170	004675879	0.4194	0.9023
004034170	004936750	0.3850	0.9390
004034170	004937587	0.4452	0.9663
004034170	004940356	0.4458	0.9031
004034170	004953249	0.3953	0.9399
004034170	004957284	0.4523	0.9516
004034170	004960361	0.5116	0.9210
004034170	004960783	0.4816	0.9142
004034170	004970161	0.4952	0.9253
004034170	004974745	0.4446	0.9107
004034170	004977424	0.4112	0.9256
004034170	004977576	0.5096	0.9460
004034170	004978305	0.4468	0.9460
004034170	004978402	0.4674	0.9524
004034170	004978411	0.4734	0.9218
004034170	004980439	0.5296	0.9125
004034170	004986716	0.4927	0.9063
004034170	005005855	0.4530	0.9117
004034170	005012604	0.5561	0.9270
004034170	005013895	0.4955	0.9134
004034170	005016484	0.4233	0.9197
004034170	005018522	0.5412	0.9258
004034170	005019689	0.4323	0.9518
004034170	005021635	0.4218	0.9165
004034170	005021918	0.4431	0.9282
004034170	005026689	0.4329	0.9118
004034170	005030431	0.4755	0.9660
004034170	005032667	0.5090	0.9043
004034170	005033092	0.4877	0.9142
004034170	005034263	0.5728	0.9100
004034170	005034502	0.4783	0.9250
004034170	005035935	0.4368	0.9695
004034170	005039793	0.5527	0.9326
004034170	005040936	0.4912	0.9591
004034170	005046498	0.4665	0.9605
004034170	005049075	0.3291	0.9178
004034170	005052629	0.4783	0.9019
004034170	005055984	0.3867	0.9384
004034170	005056599	0.4936	0.9577
004034170	005056886	0.3907	0.9340
004034170	005060255	0.3602	0.9099
004034170	005060709	0.4740	0.9113
004034170	005063005	0.4660	0.9425
004034170	005064007	0.5008	0.9117
004034170	005064017	0.4851	0.9621
004034170	005064712	0.4980	0.9132
004034170	005064725	0.4904	0.9353
004034170	005066088	0.4024	0.9010
004034170	005066225	0.4223	0.9208
004034170	005069346	0.4434	0.9206
004034170	005073781	0.4712	0.9356
004034170	005078205	0.4291	0.9058
004034170	005078298	0.4303	0.9271
004034170	005080542	0.4957	0.9279
004034170	005082717	0.4724	0.9175
004041829	004253554	0.4304	0.9447
004041829	004477674	0.5006	0.9180
004041829	004935667	0.5220	0.9279
004041829	005013047	0.4904	0.9103
004041829	005033151	0.4772	0.9005
004041829	005063011	0.4899	0.9174
004046385	004253554	0.3730	0.9492
004046385	004477674	0.4489	0.9323
004046385	004935667	0.4161	0.9359
004046385	005013047	0.4199	0.9529
004046385	005033151	0.3837	0.9500
004047160	004178839	0.5961	0.9102
004047160	004253554	0.4182	0.9595
004047160	004477674	0.5209	0.9525
004047160	004935667	0.5489	0.9463
004047160	004946152	0.4251	0.9230
004047160	005013047	0.4942	0.9474
004047160	005033151	0.4743	0.9544
004047160	005063011	0.4635	0.9337
004053732	004178839	0.5817	0.9220
004053732	004253554	0.4418	0.9299
004053732	004477674	0.5124	0.9375
004053732	004935667	0.5873	0.9203
004053732	004946152	0.4507	0.9174
004053732	004993396	0.5900	0.9401
004053732	005013047	0.5103	0.9198
004053732	005033151	0.5058	0.9395
004053732	005063011	0.5002	0.9234
004056079	004477674	0.5390	0.9004
004059449	004253554	0.3821	0.9359
004059449	004477674	0.4825	0.9369
004059449	004935667	0.5116	0.9260
004059449	004946152	0.4457	0.9144
004059449	005013047	0.4621	0.9238
004059449	005033151	0.4385	0.9378
004059449	005063011	0.4912	0.9252
004060774	004375667	0.5867	0.9171
004063483	004155213	0.5732	0.9303
004063483	004253554	0.5974	0.9148
004063483	004946152	0.5226	0.9048
004064452	004253554	0.3869	0.9327
004064452	004477674	0.4611	0.9391
004064452	004935667	0.4328	0.9297
004064452	005013047	0.4325	0.9471
004064452	005033151	0.4110	0.9544
004068454	004253554	0.4527	0.9007
004068454	004613056	0.5881	0.9012
004068454	005033151	0.5050	0.9086
004068454	005063011	0.4973	0.9032
004069935	004155213	0.5916	0.9458
004069935	004253554	0.4874	0.9723
004069935	004477674	0.5402	0.9700
004069935	004935667	0.5639	0.9749
004069935	004946152	0.4965	0.9288
004069935	005013047	0.5492	0.9752
004069935	005033151	0.5290	0.9781
004069935	005063011	0.5729	0.9520
004076563	004124141	0.5989	0.9358
004076563	004178839	0.5765	0.9562
004076563	004253554	0.4043	0.9147
004076563	004477674	0.4700	0.9374
004076563	004935667	0.5423	0.9227
004076563	005013047	0.4835	0.9235
004076563	005033151	0.4611	0.9436
004076563	005063011	0.4734	0.9166
004078132	004253554	0.3587	0.9507
004078132	004477674	0.4870	0.9145
004078132	004935667	0.3925	0.9267
004078132	004946152	0.4467	0.9074
004078132	005013047	0.4099	0.9466
004078132	005033151	0.3614	0.9439
004080481	004253554	0.4477	0.9398
004080481	004477674	0.4935	0.9413
004080481	004935667	0.5387	0.9377
004080481	005013047	0.4981	0.9519
004080481	005028264	0.3999	0.9121
004080481	005033151	0.4869	0.9520
004080481	005063011	0.5027	0.9051
004099186	004253554	0.4068	0.9529
004099186	004477674	0.5151	0.9251
004099186	004935667	0.5025	0.9421
004099186	005013047	0.4835	0.9329
004099186	005028264	0.4667	0.9226
004099186	005033151	0.4469	0.9127
004099186	005063011	0.5116	0.9209
004101918	004178839	0.5958	0.9455
004101918	004477674	0.4661	0.9250
004101918	005033151	0.4817	0.9186
004124141	004215561	0.5732	0.9004
004124141	004218949	0.5024	0.9212
004124141	004235295	0.5918	0.9265
004124141	004265797	0.5537	0.9439
004124141	004369043	0.5630	0.9362
004124141	004443862	0.4877	0.9108
004124141	004490994	0.5862	0.9169
004124141	004500222	0.5691	0.9468
004124141	004583705	0.5649	0.9265
004124141	004590767	0.5853	0.9180
004124141	004605081	0.5112	0.9034
004124141	004605731	0.5806	0.9260
004124141	005033151	0.5129	0.9023
004127832	004178839	0.5844	0.9348
004127832	004253554	0.4257	0.9362
004127832	004477674	0.4955	0.9498
004127832	004935667	0.5712	0.9306
004127832	004946152	0.4230	0.9215
004127832	005013047	0.4981	0.9328
004127832	005033151	0.4952	0.9527
004127832	005063011	0.4866	0.9226
004136524	004253554	0.4483	0.9435
004136524	004477674	0.5406	0.9340
004136524	004935667	0.5098	0.9164
004136524	004946152	0.4083	0.9024
004136524	004993396	0.5616	0.9123
004136524	005013047	0.4942	0.9201
004136524	005033151	0.4785	0.9308
004136524	005063011	0.4445	0.9215
004136524	005066083	0.5550	0.9050
004146735	004155213	0.5884	0.9203
004146735	004253554	0.3766	0.9217
004146735	004856373	0.5025	0.9035
004146735	004935667	0.5110	0.9293
004146735	005013047	0.4604	0.9426
004146735	005028264	0.4172	0.9555
004146735	005030272	0.5547	0.9042
004146735	005033151	0.4292	0.9232
004155213	004198097	0.5644	0.9306
004155213	004218949	0.5670	0.9391
004155213	004241417	0.5767	0.9100
004155213	004265797	0.5957	0.9687
004155213	004369043	0.5896	0.9459
004155213	004443862	0.5397	0.9380
004155213	004490994	0.5825	0.9165
004155213	004533388	0.5558	0.9112
004155213	004583705	0.5956	0.9433
004155213	004605081	0.5694	0.9347
004155213	004611031	0.5428	0.9196
004155213	004935667	0.4572	0.9096
004155213	004940356	0.5866	0.9006
004155213	004960783	0.5788	0.9422
004155213	005013047	0.5349	0.9114
004155213	005033151	0.4975	0.9251
004155213	005056886	0.5955	0.9156
004161981	005063011	0.4976	0.9047
004162716	005063011	0.5876	0.9029
004178839	004198097	0.5584	0.9243
004178839	004235295	0.5904	0.9482
004178839	004265797	0.5720	0.9601
004178839	004268173	0.5893	0.9332
004178839	004369043	0.5548	0.9443
004178839	004443862	0.5811	0.9232
004178839	004448672	0.5615	0.9309
004178839	004490994	0.5578	0.9029
004178839	004494806	0.5764	0.9253
004178839	004500222	0.5842	0.9691
004178839	004533388	0.5466	0.9236
004178839	004583705	0.5724	0.9506
004178839	004605081	0.5903	0.9273
004178839	004611031	0.5643	0.9095
004178839	004935667	0.4301	0.9178
004178839	004960783	0.6000	0.9189
004178839	004978305	0.5891	0.9170
004178839	005013047	0.5956	0.9220
004178839	005019689	0.5712	0.9294
004178839	005021918	0.5786	0.9184
004178839	005033151	0.5379	0.9338
004178839	005056886	0.5934	0.9051
004178839	005060709	0.5933	0.9019
004201023	004253554	0.4226	0.9389
004201023	004477674	0.4654	0.9238
004201023	004935667	0.5198	0.9238
004201023	004946152	0.5460	0.9144
004201023	005013047	0.4650	0.9359
004201023	005033151	0.4424	0.9469
004201023	005063011	0.5481	0.9266
004215561	005033151	0.4996	0.9028
004215561	005063011	0.4895	0.9015
004218949	004253554	0.5391	0.9386
004218949	004477674	0.5176	0.9474
004218949	004935667	0.5262	0.9465
004218949	005013047	0.5831	0.9504
004218949	005028264	0.4717	0.9109
004218949	005032178	0.5586	0.9111
004235295	004253554	0.4289	0.9022
004235295	004477674	0.4856	0.9323
004235295	004935667	0.5372	0.9091
004235295	005013047	0.4992	0.9082
004235295	005033151	0.4815	0.9321
004235295	005063011	0.5006	0.9086
004236698	004938688	0.5898	0.9379
004241417	004253554	0.4311	0.9582
004241417	004477674	0.4574	0.9185
004241417	004935667	0.5051	0.9494
004241417	005013047	0.4782	0.9411
004241417	005028264	0.3864	0.9064
004241417	005033151	0.4789	0.9224
004241417	005063011	0.5159	0.9107
004253554	004256943	0.3986	0.9406
004253554	004261492	0.4102	0.9658
004253554	004265943	0.4516	0.9268
004253554	004267419	0.4754	0.9001
004253554	004268173	0.4553	0.9334
004253554	004277582	0.4469	0.9763
004253554	004346242	0.4032	0.9164
004253554	004373825	0.4169	0.9382
004253554	004377695	0.4335	0.9330
004253554	004391291	0.4365	0.9211
004253554	004405252	0.3935	0.9660
004253554	004415790	0.4205	0.9065
004253554	004429823	0.4455	0.9291
004253554	004440911	0.4610	0.9075
004253554	004448672	0.4309	0.9330
004253554	004476649	0.3638	0.9522
004253554	004483125	0.4451	0.9065
004253554	004487335	0.4769	0.9111
004253554	004494806	0.4389	0.9299
004253554	004500222	0.4449	0.9364
004253554	004505160	0.4049	0.9223
004253554	004533388	0.4340	0.9206
004253554	004548389	0.4142	0.9466
004253554	004562486	0.4458	0.9620
004253554	004583705	0.4756	0.9009
004253554	004592780	0.5003	0.9040
004253554	004608704	0.4408	0.9079
004253554	004627786	0.4319	0.9344
004253554	004663619	0.4520	0.9086
004253554	004668932	0.4418	0.9096
004253554	004669027	0.4455	0.9054
004253554	004936750	0.3810	0.9382
004253554	004937587	0.4052	0.9641
004253554	004940356	0.4143	0.9015
004253554	004953249	0.4051	0.9395
004253554	004957284	0.4074	0.9571
004253554	004960361	0.4719	0.9263
004253554	004960783	0.4324	0.9202
004253554	004970161	0.4582	0.9277
004253554	004974745	0.4202	0.9192
004253554	004977424	0.4215	0.9312
004253554	004977576	0.4681	0.9442
004253554	004978305	0.4056	0.9523
004253554	004978402	0.4463	0.9463
004253554	004978411	0.4223	0.9296
004253554	004980439	0.5269	0.9222
004253554	005005855	0.4201	0.9234
004253554	005008468	0.4211	0.9033
004253554	005012604	0.5084	0.9305
004253554	005013895	0.4278	0.9104
004253554	005016484	0.3964	0.9113
004253554	005018522	0.5065	0.9333
004253554	005019689	0.4147	0.9535
004253554	005021635	0.4313	0.9219
004253554	005021918	0.4174	0.9259
004253554	005026689	0.4029	0.9216
004253554	005029261	0.4004	0.9102
004253554	005030272	0.4422	0.9037
004253554	005030431	0.4224	0.9656
004253554	005032667	0.4627	0.9027
004253554	005033092	0.4457	0.9100
004253554	005034263	0.5176	0.9093
004253554	005034502	0.4338	0.9306
004253554	005035935	0.3958	0.9652
004253554	005039793	0.5055	0.9442
004253554	005040936	0.4805	0.9672
004253554	005046498	0.4515	0.9618
004253554	005049075	0.3212	0.9051
004253554	005052629	0.4507	0.9086
004253554	005055984	0.3503	0.9243
004253554	005056599	0.5068	0.9622
004253554	005056886	0.3362	0.9362
004253554	005060255	0.3717	0.9224
004253554	005060709	0.4382	0.9207
004253554	005061293	0.5499	0.9473
004253554	005063005	0.4439	0.9459
004253554	005064007	0.4933	0.9178
004253554	005064017	0.4593	0.9659
004253554	005064712	0.5372	0.9169
004253554	005064725	0.4500	0.9432
004253554	005066225	0.4305	0.9324
004253554	005069346	0.4356	0.9207
004253554	005073781	0.4498	0.9465
004253554	005078205	0.4335	0.9015
004253554	005078298	0.4141	0.9220
004253554	005080542	0.4638	0.9369
004253554	005082717	0.4680	0.9309
004256943	004477674	0.4471	0.9343
004256943	004935667	0.3778	0.9301
004256943	005013047	0.4294	0.9489
004256943	005028264	0.3628	0.9206
004256943	005033151	0.3928	0.9426
004261492	004477674	0.4586	0.9592
004261492	004935667	0.3815	0.9464
004261492	005013047	0.4133	0.9598
004261492	005033151	0.3908	0.9631
004261492	005063011	0.4694	0.9135
004265797	004477674	0.4962	0.9206
004265797	004935667	0.5170	0.9043
004265797	005013047	0.5398	0.9090
004265797	005033151	0.5285	0.9341
004265943	004477674	0.4699	0.9181
004265943	005013047	0.4642	0.9228
004265943	005033151	0.4689	0.9407
004267419	004477674	0.5008	0.9127
004267419	005033151	0.5142	0.9082
004268173	004477674	0.5095	0.9236
004268173	004935667	0.5835	0.9279
004268173	004946152	0.4486	0.9238
004268173	005013047	0.5177	0.9327
004268173	005030272	0.5702	0.9170
004268173	005033151	0.5200	0.9416
004268173	005063011	0.5162	0.9403
004277582	004477674	0.5023	0.9520
004277582	004935667	0.4372	0.9481
004277582	004946152	0.5345	0.9062
004277582	005013047	0.4437	0.9534
004277582	005033151	0.4146	0.9542
004277582	005063011	0.5053	0.9051
004318640	004477674	0.4883	0.9056
004318640	005033151	0.4696	0.9031
004346242	004404510	0.4302	0.9082
004346242	004856373	0.5557	0.9158
004346242	004935667	0.4769	0.9276
004346242	004946152	0.4646	0.9061
004346242	004993396	0.5332	0.9021
004346242	005013047	0.5122	0.9320
004346242	005028264	0.5169	0.9055
004346242	005033151	0.4471	0.9260
004346242	005063011	0.4975	0.9036
004358484	005063011	0.5535	0.9195
004369043	004477674	0.5153	0.9224
004369043	005033151	0.5550	0.9230
004373825	004477674	0.5330	0.9064
004373825	005013047	0.4597	0.9095
004373825	005033151	0.4179	0.9145
004375667	004974842	0.5853	0.9220
004375667	004984815	0.5558	0.9281
004375667	004989205	0.5477	0.9076
004375667	005053437	0.5550	0.9137
004375667	005060255	0.5687	0.9121
004375667	005077180	0.5531	0.9276
004375667	005078649	0.5807	0.9531
004377695	004477674	0.5481	0.9363
004377695	004935667	0.5617	0.9225
004377695	004946152	0.4428	0.9221
004377695	004993396	0.5835	0.9388
004377695	005013047	0.5174	0.9221
004377695	005033151	0.4893	0.9478
004377695	005063011	0.4697	0.9067
004391291	004477674	0.5123	0.9508
004391291	004935667	0.5599	0.9145
004391291	004946152	0.4415	0.9213
004391291	005013047	0.5108	0.9173
004391291	005033151	0.5047	0.9438
004391291	005063011	0.4959	0.9035
004405252	004477674	0.4548	0.9321
004405252	004935667	0.4228	0.9441
004405252	005013047	0.4297	0.9641
004405252	005028264	0.3927	0.9060
004405252	005033151	0.4019	0.9493
004405252	005063011	0.4933	0.9030
004415790	004477674	0.4615	0.9317
004415790	004935667	0.5188	0.9018
004415790	004946152	0.4564	0.9166
004415790	005033151	0.4697	0.9275
004415790	005063011	0.5154	0.9159
004416711	004477674	0.4916	0.9004
004416711	004993396	0.5687	0.9084
004416711	005013047	0.4500	0.9012
004416711	005033151	0.4239	0.9252
004429823	004477674	0.5151	0.9371
004429823	004935667	0.5794	0.9189
004429823	004946152	0.4365	0.9218
004429823	004993396	0.5789	0.9395
004429823	005013047	0.5017	0.9161
004429823	005033151	0.4992	0.9387
004429823	005063011	0.4942	0.9197
004440911	004477674	0.5216	0.9364
004440911	004935667	0.5594	0.9169
004440911	005013047	0.5292	0.9213
004440911	005033151	0.5076	0.9455
004443862	005078298	0.5715	0.9052
004448672	004477674	0.5010	0.9388
004448672	004935667	0.5889	0.9209
004448672	004946152	0.4265	0.9020
004448672	005013047	0.4987	0.9257
004448672	005033151	0.4967	0.9425
004448672	005063011	0.4918	0.9140
004476649	004477674	0.4560	0.9328
004476649	004935667	0.3765	0.9340
004476649	004946152	0.4565	0.9089
004476649	005013047	0.3892	0.9422
004476649	005033151	0.3505	0.9491
004477674	004483125	0.4765	0.9333
004477674	004487335	0.5089	0.9170
004477674	004494806	0.5046	0.9394
004477674	004500222	0.4753	0.9320
004477674	004505160	0.5294	0.9218
004477674	004533388	0.4889	0.9582
004477674	004548389	0.5292	0.9069
004477674	004562486	0.4480	0.9469
004477674	004583705	0.4865	0.9231
004477674	004592780	0.5129	0.9079
004477674	004605731	0.4674	0.9020
004477674	004608704	0.4326	0.9186
004477674	004627786	0.5065	0.9382
004477674	004663619	0.5230	0.9319
004477674	004668932	0.4859	0.9265
004477674	004669027	0.4550	0.9242
004477674	004675879	0.4362	0.9099
004477674	004879299	0.4580	0.9186
004477674	004936750	0.4234	0.9325
004477674	004937587	0.5117	0.9255
004477674	004953249	0.3836	0.9095
004477674	004957284	0.5218	0.9085
004477674	004960361	0.5341	0.9434
004477674	004960783	0.4949	0.9499
004477674	004970161	0.5195	0.9462
004477674	004974486	0.4736	0.9140
004477674	004977576	0.5253	0.9242
004477674	004978305	0.4913	0.9471
004477674	004978402	0.4769	0.9396
004477674	005005855	0.5055	0.9278
004477674	005008468	0.4012	0.9011
004477674	005012604	0.5547	0.9554
004477674	005013895	0.5099	0.9111
004477674	005016484	0.4708	0.9356
004477674	005018522	0.5541	0.9365
004477674	005019689	0.4733	0.9642
004477674	005021635	0.4611	0.9263
004477674	005021918	0.4892	0.9501
004477674	005030431	0.5128	0.9231
004477674	005032667	0.5457	0.9243
004477674	005033092	0.5675	0.9344
004477674	005034263	0.5391	0.9329
004477674	005034437	0.5067	0.9195
004477674	005034502	0.5178	0.9470
004477674	005035935	0.4419	0.9186
004477674	005040936	0.5091	0.9232
004477674	005046498	0.4917	0.9219
004477674	005049075	0.3413	0.9041
004477674	005052629	0.4879	0.9247
004477674	005053437	0.5267	0.9138
004477674	005056229	0.5412	0.9175
004477674	005056599	0.4877	0.9142
004477674	005056886	0.4879	0.9565
004477674	005060255	0.3904	0.9191
004477674	005060709	0.4951	0.9309
004477674	005061293	0.5499	0.9148
004477674	005064017	0.5155	0.9578
004477674	005064725	0.5251	0.9573
004477674	005069346	0.5203	0.9146
004477674	005073781	0.5145	0.9205
004477674	005080542	0.5363	0.9421
004477674	005082717	0.4673	0.9278
004483125	004935667	0.5902	0.9033
004483125	005013047	0.4858	0.9136
004483125	005033151	0.4764	0.9415
004487335	004935667	0.5783	0.9105
004487335	004946152	0.5961	0.9072
004487335	005013047	0.5257	0.9125
004487335	005033151	0.5079	0.9250
004487335	005063011	0.5890	0.9059
004494806	004935667	0.5915	0.9205
004494806	004946152	0.4337	0.9113
004494806	004993396	0.5997	0.9381
004494806	005013047	0.4968	0.9219
004494806	005033151	0.4971	0.9425
004494806	005063011	0.4937	0.9180
004500222	004935667	0.4894	0.9433
004500222	005013047	0.5039	0.9533
004500222	005030272	0.5476	0.9105
004500222	005033151	0.4821	0.9595
004500222	005063011	0.4642	0.9232
004503485	004946152	0.5132	0.9089
004503485	005063011	0.4928	0.9198
004505160	004935667	0.5531	0.9106
004505160	004946152	0.4368	0.9392
004505160	004993396	0.5888	0.9445
004505160	005013047	0.4916	0.9122
004505160	005033151	0.4609	0.9275
004505160	005063011	0.4661	0.9345
004507143	004946152	0.5916	0.9266
004507143	005063011	0.5454	0.9293
004533388	004935667	0.5543	0.9261
004533388	005013047	0.4867	0.9212
004533388	005033151	0.4848	0.9392
004548389	004935667	0.5244	0.9046
004548389	004946152	0.4824	0.9280
004548389	005013047	0.4937	0.9219
004548389	005033151	0.4459	0.9175
004548389	005063011	0.4974	0.9266
004562486	004935667	0.4400	0.9376
004562486	004946152	0.4891	0.9041
004562486	005013047	0.4269	0.9496
004562486	005033151	0.4288	0.9541
004562486	005063011	0.5041	0.9099
004576823	004946152	0.4381	0.9003
004583705	004935667	0.5424	0.9030
004583705	005013047	0.5365	0.9087
004583705	005033151	0.5393	0.9363
004592780	004946152	0.5804	0.9073
004592780	005033151	0.5567	0.9164
004605081	005078298	0.5835	0.9151
004605731	005033151	0.4960	0.9122
004608704	004935667	0.5830	0.9012
004608704	005013047	0.4333	0.9211
004608704	005033151	0.4462	0.9401
004613056	004955823	0.5142	0.9030
004613056	004960783	0.5624	0.9111
004613056	004993396	0.5306	0.9181
004613056	005034437	0.5601	0.9138
004613056	005060353	0.5414	0.9057
004627786	004935667	0.5822	0.9272
004627786	004946152	0.4443	0.9213
004627786	005013047	0.5026	0.9253
004627786	005033151	0.4917	0.9434
004627786	005063011	0.5011	0.9244
004634055	004946152	0.5173	0.9074
004663619	004935667	0.5549	0.9099
004663619	004946152	0.4546	0.9080
004663619	005013047	0.5267	0.9042
004663619	005033151	0.5182	0.9341
004668932	004935667	0.5495	0.9075
004668932	004946152	0.5723	0.9140
004668932	005033151	0.4758	0.9158
004668932	005063011	0.5368	0.9022
004669027	005013047	0.4539	0.9104
004669027	005033151	0.4596	0.9362
004675879	005033151	0.4497	0.9225
004879299	005033151	0.4381	0.9150
004927532	005013047	0.4321	0.9029
004935667	004936750	0.5683	0.9093
004935667	004937587	0.4439	0.9537
004935667	004957284	0.4770	0.9501
004935667	004960361	0.5910	0.9356
004935667	004960783	0.5402	0.9215
004935667	004970161	0.5716	0.9230
004935667	004974745	0.5624	0.9090
004935667	004977576	0.5269	0.9507
004935667	004978305	0.5392	0.9456
004935667	004978402	0.5419	0.9373
004935667	004978411	0.4973	0.9256
004935667	005013895	0.4769	0.9206
004935667	005016484	0.5103	0.9196
004935667	005018522	0.5615	0.9034
004935667	005019689	0.5649	0.9532
004935667	005021918	0.5584	0.9199
004935667	005030431	0.4685	0.9535
004935667	005033092	0.5941	0.9062
004935667	005034263	0.5830	0.9033
004935667	005034502	0.5520	0.9176
004935667	005035935	0.4721	0.9463
004935667	005039793	0.5825	0.9393
004935667	005040936	0.4648	0.9410
004935667	005046498	0.5147	0.9424
004935667	005055984	0.3405	0.9165
004935667	005056599	0.4633	0.9428
004935667	005056886	0.5150	0.9351
004935667	005060255	0.5102	0.9007
004935667	005060709	0.5620	0.9087
004935667	005061293	0.5660	0.9471
004935667	005063005	0.4267	0.9168
004935667	005064017	0.4461	0.9468
004935667	005073781	0.5765	0.9421
004935667	005080542	0.5515	0.9311
004935667	005082717	0.5714	0.9067
004936750	005013047	0.4058	0.9267
004936750	005033151	0.4228	0.9313
004937587	005013047	0.4616	0.9721
004937587	005028264	0.4410	0.9177
004937587	005033151	0.4218	0.9521
004937587	005063011	0.4900	0.9188
004946152	004957284	0.5310	0.9393
004946152	004960361	0.5132	0.9150
004946152	004960783	0.4716	0.9194
004946152	004970161	0.4521	0.9177
004946152	004974745	0.4689	0.9255
004946152	004977576	0.5012	0.9187
004946152	004978305	0.4046	0.9200
004946152	004978411	0.4958	0.9253
004946152	004989205	0.4931	0.9222
004946152	005012604	0.5133	0.9216
004946152	005016484	0.4797	0.9080
004946152	005019689	0.4168	0.9397
004946152	005021918	0.4604	0.9204
004946152	005030272	0.5549	0.9028
004946152	005031828	0.5062	0.9261
004946152	005032667	0.4813	0.9103
004946152	005033092	0.4505	0.9195
004946152	005034263	0.5013	0.9188
004946152	005034437	0.4715	0.9006
004946152	005034467	0.4719	0.9120
004946152	005034502	0.4484	0.9262
004946152	005046498	0.4456	0.9197
004946152	005060255	0.4526	0.9050
004946152	005060709	0.4553	0.9149
004946152	005064017	0.5650	0.9205
004946152	005064725	0.4537	0.9461
004946152	005067408	0.4961	0.9313
004946152	005073781	0.4205	0.9219
004946152	005077180	0.4417	0.9200
004946152	005078649	0.5351	0.9123
004946152	005080542	0.4747	0.9201
004946152	005082717	0.5717	0.9257
004953249	005013047	0.4000	0.9172
004953249	005033151	0.4071	0.9141
004957284	005013047	0.4801	0.9603
004957284	005028264	0.4717	0.9017
004957284	005033151	0.4264	0.9453
004957284	005063011	0.5252	0.9545
004960361	005013047	0.5584	0.9248
004960361	005033151	0.5411	0.9391
004960361	005063011	0.5698	0.9287
004960783	005013047	0.5002	0.9177
004960783	005033151	0.4858	0.9405
004960783	005063011	0.5159	0.9269
004970161	005013047	0.5219	0.9279
004970161	005033151	0.5185	0.9482
004970161	005063011	0.5078	0.9223
004974486	005033151	0.4840	0.9173
004974745	005013047	0.4845	0.9239
004974745	005033151	0.4444	0.9099
004974745	005063011	0.4916	0.9361
004977424	005013047	0.4214	0.9054
004977576	005013047	0.5286	0.9590
004977576	005028264	0.4388	0.9078
004977576	005033151	0.4934	0.9583
004977576	005063011	0.5234	0.9283
004978305	005013047	0.4818	0.9393
004978305	005033151	0.4626	0.9543
004978305	005063011	0.4681	0.9209
004978402	005013047	0.4763	0.9433
004978402	005028264	0.4055	0.9076
004978402	005033151	0.4809	0.9448
004978411	004993396	0.5875	0.9252
004978411	005013047	0.5052	0.9335
004978411	005033151	0.4499	0.9234
004978411	005063011	0.5209	0.9367
004980439	005013047	0.5232	0.9028
004980439	005033151	0.5131	0.9056
004989205	005063011	0.5109	0.9147
004993396	005029261	0.5642	0.9019
004993396	005056886	0.5748	0.9014
004993396	005063011	0.5638	0.9065
004993396	005073781	0.5937	0.9025
005005855	005013047	0.4893	0.9043
005005855	005033151	0.4787	0.9216
005005855	005063011	0.4837	0.9120
005012604	005013047	0.5815	0.9236
005012604	005033151	0.5629	0.9476
005012604	005063011	0.5714	0.9227
005013047	005013895	0.5124	0.9232
005013047	005016484	0.4610	0.9204
005013047	005018522	0.5568	0.9107
005013047	005019689	0.4629	0.9513
005013047	005021635	0.4231	0.9030
005013047	005021918	0.4805	0.9236
005013047	005026689	0.4643	0.9120
005013047	005030272	0.5133	0.9016
005013047	005030431	0.4831	0.9612
005013047	005032667	0.5519	0.9001
005013047	005033092	0.5464	0.9068
005013047	005034263	0.5813	0.9018
005013047	005034502	0.5119	0.9190
005013047	005035935	0.4431	0.9675
005013047	005039793	0.5650	0.9441
005013047	005040936	0.4711	0.9523
005013047	005046498	0.4705	0.9602
005013047	005055984	0.3714	0.9461
005013047	005056599	0.4637	0.9602
005013047	005056886	0.4484	0.9338
005013047	005060255	0.3812	0.9034
005013047	005060709	0.5060	0.9145
005013047	005063005	0.4570	0.9334
005013047	005064007	0.5009	0.9082
005013047	005064017	0.4982	0.9492
005013047	005064725	0.5293	0.9365
005013047	005066225	0.4188	0.9006
005013047	005069346	0.4909	0.9029
005013047	005073781	0.4951	0.9421
005013047	005078298	0.4719	0.9065
005013047	005080542	0.5256	0.9280
005013047	005082717	0.4913	0.9102
005013895	005033151	0.4839	0.9333
005016484	005033151	0.4485	0.9481
005018522	005033151	0.5461	0.9259
005019689	005033151	0.4653	0.9625
005019689	005063011	0.4618	0.9451
005021635	005033151	0.4181	0.9129
005021918	005033151	0.4726	0.9505
005021918	005063011	0.5003	0.9061
005026689	005033151	0.4457	0.9018
005026689	005063011	0.5202	0.9135
005028264	005035935	0.3738	0.9019
005028264	005039793	0.4256	0.9423
005028264	005046286	0.4475	0.9121
005028264	005055984	0.3213	0.9230
005028264	005056599	0.3764	0.9237
005030272	005046498	0.5705	0.9227
005030272	005056599	0.5845	0.9319
005030272	005060709	0.5323	0.9049
005030272	005063011	0.5155	0.9190
005030431	005033151	0.4603	0.9480
005030431	005063011	0.4983	0.9194
005031828	005063011	0.4830	0.9084
005032178	005063011	0.5841	0.9094
005032667	005033151	0.5348	0.9293
005033092	005033151	0.5126	0.9387
005033151	005034263	0.5841	0.9251
005033151	005034437	0.4971	0.9127
005033151	005034502	0.4929	0.9433
005033151	005035935	0.4397	0.9542
005033151	005039793	0.5514	0.9084
005033151	005040936	0.4629	0.9333
005033151	005046498	0.4679	0.9524
005033151	005049075	0.3587	0.9101
005033151	005053437	0.5954	0.9011
005033151	005055984	0.3422	0.9249
005033151	005056599	0.4665	0.9352
005033151	005056886	0.3910	0.9434
005033151	005060255	0.3743	0.9042
005033151	005060709	0.4977	0.9300
005033151	005061293	0.5900	0.9327
005033151	005063005	0.4340	0.9241
005033151	005064017	0.4573	0.9595
005033151	005064725	0.5150	0.9526
005033151	005069346	0.4707	0.9075
005033151	005073781	0.4838	0.9355
005033151	005078298	0.4654	0.9123
005033151	005080542	0.5085	0.9402
005033151	005082717	0.4854	0.9190
005034263	005063011	0.5930	0.9138
005034467	005063011	0.5114	0.9227
005034502	005063011	0.4961	0.9158
005035935	005063011	0.4987	0.9140
005039793	005063011	0.5902	0.9006
005040936	005063011	0.5531	0.9102
005046498	005063011	0.4800	0.9289
005055063	005063011	0.5999	0.9250
005056599	005063011	0.5278	0.9174
005056886	005063011	0.4669	0.9021
005060255	005063011	0.4827	0.9262
005060709	005063011	0.5185	0.9235
005063011	005064017	0.5107	0.9258
005063011	005064725	0.5289	0.9473
005063011	005067408	0.5150	0.9199
005063011	005073781	0.4878	0.9394
005063011	005080542	0.5038	0.9321
005063011	005082717	0.5917	0.9303
