Protein1,Protein2,tmscore_max,tmscore_cp_max,tmscore_min,tmscore_cp_min,progres_score,cirpin_score,Protein1_sccs,Protein2_sccs,tm_score_min_difference,Protein1_uniprot,Protein2_uniprot
1fp3A,1vd5A,0.6776,0.6776,0.6776,0.6776,0.9394007325172424,0.9837052226066588,a.102.1.3,a.102.1.7,0.0,P17560,Q9RC92
1fp3A,1wu4A,0.67768,0.67887,0.67768,0.67887,0.9716490507125854,0.990783989429474,a.102.1.3,a.102.1.2,0.00119,P17560,Q9KB30
1fp3A,2drqA,0.67558,0.67691,0.67558,0.67691,0.976585566997528,0.9908779859542848,a.102.1.3,a.102.1.2,0.00133,P17560,Q9KB30
1fp3A,1wu6A,0.67434,0.67558,0.67434,0.67558,0.9746748208999634,0.9909331798553468,a.102.1.3,a.102.1.2,0.0012399999999999,P17560,Q9KB30
1fp3A,1hzfA,0.54695,0.55763,0.54695,0.55763,0.9116744995117188,0.9482427835464478,a.102.1.3,a.102.4.4,0.0106799999999999,P17560,P0C0L4
1fp3A,1ks8A,0.63233,0.69125,0.59385,0.64707,0.958749771118164,0.9824199676513672,a.102.1.3,a.102.1.2,0.05322,P17560,O77044
1nc5A,2drqA,0.6585,0.66306,0.63718,0.64225,0.9683833122253418,0.9936727285385132,a.102.1.6,a.102.1.2,0.00507,O34559,Q9KB30
1nc5A,1ghqA,0.58885,0.64552,0.58885,0.64552,0.9208002090454102,0.9636214971542358,a.102.1.6,a.102.4.4,0.05667,O34559,P01024
1nc5A,1c3dA,0.57529,0.62801,0.57529,0.62801,0.9138580560684204,0.9693883061408995,a.102.1.6,a.102.4.4,0.0527199999999999,O34559,P01024
1nc5A,1qqfA,0.53718,0.59195,0.53718,0.59195,0.9080404043197632,0.9644803404808044,a.102.1.6,a.102.4.4,0.0547699999999999,O34559,P01026
1v5cA,1fo2A,0.65778,0.67728,0.57082,0.58921,0.9280219078063964,0.9805784225463868,a.102.1.2,a.102.2.1,0.01839,Q9ALZ1,Q9UKM7
1vd5A,2afaA,0.73364,0.73364,0.69877,0.69877,0.971409022808075,0.9937114715576172,a.102.1.7,a.102.1.3,0.0,Q9RC92,Q8ZKT7
1vd5A,1ghqA,0.57596,0.61819,0.57596,0.61819,0.9151842594146729,0.9391846656799316,a.102.1.7,a.102.4.4,0.0422299999999999,Q9RC92,P01024
1vd5A,2nvpA,0.61825,0.62826,0.56273,0.57304,0.9313035011291504,0.9689638018608092,a.102.1.7,a.102.1.8,0.01031,Q9RC92,Q8XNB2
1wzzA,2ahfA,0.74067,0.74067,0.62434,0.62434,0.9641945362091064,0.9836954474449158,a.102.1.2,a.102.1.7,0.0,P37696,Q9RC92
1wzzA,1kktA,0.69636,0.69412,0.4842,0.4825,0.9230562448501588,0.9715998768806458,a.102.1.2,a.102.2.1,-0.0017,P37696,P31723
1wzzA,2h6gB,0.62184,0.56706,0.49232,0.45035,0.9066227078437804,0.971098780632019,a.102.1.2,,-0.04197,P37696,P49356
1wzzA,1ks8A,0.62796,0.67413,0.47413,0.50758,0.9838312864303588,0.9850889444351196,a.102.1.2,a.102.1.2,0.03345,P37696,O77044
2ahfA,1fp3A,0.71519,0.71519,0.67707,0.67707,0.9414584040641784,0.9827525019645692,a.102.1.7,a.102.1.3,0.0,Q9RC92,P17560
2ahfA,2afaA,0.73321,0.73321,0.69841,0.69841,0.9735706448554992,0.9930429458618164,a.102.1.7,a.102.1.3,0.0,Q9RC92,Q8ZKT7
2ahfA,1ghqA,0.57578,0.61872,0.57578,0.61872,0.9154540300369264,0.93919038772583,a.102.1.7,a.102.4.4,0.04294,Q9RC92,P01024
2ahfA,1qqfA,0.53496,0.56075,0.53496,0.56075,0.8936168551445007,0.9422563314437866,a.102.1.7,a.102.4.4,0.0257899999999999,Q9RC92,P01026
2gh4A,1hzfA,0.59563,0.64756,0.59563,0.64756,0.932772159576416,0.9608749151229858,a.102.1.6,a.102.4.4,0.05193,O34559,P0C0L4
2gh4A,1gszA,0.69203,0.69203,0.42755,0.42755,0.8472675085067749,0.9462058544158936,a.102.1.6,a.102.4.2,0.0,O34559,P33247
2gh4A,1c3dA,0.57534,0.62831,0.57534,0.62831,0.9136641025543212,0.9700316190719604,a.102.1.6,a.102.4.4,0.05297,O34559,P01024
2gh4A,1qqfA,0.53695,0.59287,0.53695,0.59287,0.907025933265686,0.9652262330055236,a.102.1.6,a.102.4.4,0.0559199999999999,O34559,P01026
2sqcA,1kwfA,0.41481,0.41481,0.41481,0.41481,0.8591132760047913,0.9589436650276184,a.102.4.2,a.102.1.2,0.0,P33247,A3DC29
1a22A,2ffxJ,0.41235,0.53224,0.41235,0.53224,0.6564913988113403,0.926900327205658,a.26.1.1,a.25.1.1,0.11989,P01241,P02792
1a22A,1gwgA,0.41125,0.53075,0.41125,0.53075,0.6418503522872925,0.9374778270721436,a.26.1.1,a.25.1.1,0.1195,P01241,P02791
1a22A,1z4aA,0.41745,0.51502,0.41745,0.51502,0.6326425075531006,0.9488695859909058,a.26.1.1,a.25.1.1,0.09757,P01241,Q9X0L2
1a22A,2fg4A,0.41156,0.53157,0.41156,0.53157,0.6565232872962952,0.9235975742340088,a.26.1.1,a.25.1.1,0.12001,P01241,P02792
1a22A,1h96A,0.41031,0.52546,0.41031,0.52546,0.646377682685852,0.9328633546829224,a.26.1.1,a.25.1.1,0.11515,P01241,P29391
1a22A,2chiA,0.41688,0.52909,0.41688,0.52909,0.6483619213104248,0.9391372799873352,a.26.1.1,a.25.1.1,0.1122099999999999,P01241,P02794
1a22A,2gydA,0.41096,0.52951,0.41096,0.52951,0.6422522664070129,0.9404563903808594,a.26.1.1,a.25.1.1,0.11855,P01241,P02791
1a22A,1mfrA,0.4096,0.52833,0.4096,0.52833,0.6453571319580078,0.9361695647239684,a.26.1.1,a.25.1.1,0.1187299999999999,P01241,P07798
1a22A,1s3qA,0.39113,0.4875,0.39113,0.4875,0.585935115814209,0.9654630422592164,a.26.1.1,a.25.1.1,0.09637,P01241,O29424
1a22A,1vlgA,0.41867,0.52106,0.41867,0.52106,0.631264328956604,0.9496623277664183,a.26.1.1,a.25.1.1,0.1023899999999999,P01241,Q9X0L2
1a22A,1rcdA,0.41812,0.53148,0.41812,0.53148,0.6581583619117737,0.9329793453216552,a.26.1.1,a.25.1.1,0.1133599999999999,P01241,P07797
1a22A,2itbA,0.45927,0.57668,0.43136,0.54236,0.7276570200920105,0.9272656440734864,a.26.1.1,a.25.1.7,0.1109999999999999,P01241,Q88KV1
1a22A,1rccA,0.43432,0.5325,0.43432,0.5325,0.6629314422607422,0.9352961778640748,a.26.1.1,a.25.1.1,0.0981799999999999,P01241,P07797
1a22A,2cn7A,0.41229,0.53343,0.41229,0.53343,0.6527019143104553,0.9353854656219482,a.26.1.1,a.25.1.1,0.1211399999999999,P01241,P02794
1a22A,1bcfA,0.43853,0.54378,0.43853,0.54378,0.637854278087616,0.958999514579773,a.26.1.1,a.25.1.1,0.10525,P01241,P0ABD3
1a22A,1aewA,0.40835,0.5268,0.40835,0.5268,0.6500692367553711,0.9293696880340576,a.26.1.1,a.25.1.1,0.11845,P01241,P02791
1a22A,2cluA,0.41268,0.53287,0.41268,0.53287,0.6512675285339355,0.9369253516197203,a.26.1.1,a.25.1.1,0.1201899999999999,P01241,P02794
1a22A,1yuzA,0.4347,0.52277,0.39885,0.48143,0.7283245325088501,0.8776348829269409,a.26.1.1,a.25.1.1,0.08258,P01241,P30820
1a22A,1sofA,0.43463,0.54075,0.43463,0.54075,0.6330497860908508,0.9522469639778136,a.26.1.1,a.25.1.1,0.1061199999999999,P01241,P22759
1a22A,1yuxA,0.43475,0.52275,0.39886,0.48144,0.7190495729446411,0.8883278369903564,a.26.1.1,a.25.1.1,0.0825799999999999,P01241,P30820
1a22A,1jgcA,0.43411,0.53146,0.43411,0.53146,0.6108015179634094,0.9324508905410768,a.26.1.1,a.25.1.1,0.09735,P01241,Q59738
1a22A,1fhaA,0.41618,0.52396,0.41618,0.52396,0.6456060409545898,0.9371616840362548,a.26.1.1,a.25.1.1,0.1077799999999999,P01241,P02794
1a22A,1n1qA,0.43114,0.53084,0.43114,0.53084,0.6098855137825012,0.9329615831375122,a.26.1.1,a.25.1.1,0.0996999999999999,P01241,P83695
1a22A,1krqA,0.42379,0.53164,0.42379,0.53164,0.6297049522399902,0.9430052042007446,a.26.1.1,a.25.1.1,0.10785,P01241,Q46106
1a22A,1eumA,0.42241,0.53311,0.42241,0.53311,0.6402709484100342,0.9411520957946776,a.26.1.1,a.25.1.1,0.1106999999999999,P01241,P0A998
1a22A,1rytA,0.44573,0.56599,0.42584,0.54161,0.6303572654724121,0.8950601816177368,a.26.1.1,a.25.1.1,0.11577,P01241,P24931
1a22A,1umnA,0.42445,0.54107,0.42445,0.54107,0.5982449054718018,0.9519091844558716,a.26.1.1,a.25.1.1,0.11662,P01241,P0CB53
1a22A,1nf4A,0.43218,0.5399,0.43218,0.5399,0.649833619594574,0.9507951736450196,a.26.1.1,a.25.1.1,0.10772,P01241,Q93PP9
1a22A,2clbA,0.45272,0.53663,0.45272,0.53663,0.5994457602500916,0.9454264640808104,a.26.1.1,,0.08391,P01241,P95855
1a22A,2fjcA,0.42277,0.54352,0.42277,0.54352,0.6469355225563049,0.9574409127235411,a.26.1.1,a.25.1.1,0.12075,P01241,P16665
1a7dA,1ji4A,0.46125,0.46125,0.39781,0.39781,0.4267063736915588,0.7587981224060059,a.24.4.1,a.25.1.1,0.0,P02247,P43313
1a7dA,2bkcA,0.48649,0.56661,0.40322,0.46935,0.4489962160587311,0.7734907865524292,a.24.4.1,a.25.1.1,0.0661299999999999,P02247,P80725
1a7mA,1krqA,0.42017,0.50843,0.42017,0.50843,0.5492837429046631,0.9623934030532836,a.26.1.1,a.25.1.1,0.08826,P09056,Q46106
1a7mA,2fzfA,0.46697,0.5884,0.46697,0.5884,0.5855056047439575,0.988734006881714,a.26.1.1,a.25.1.1,0.12143,P09056,Q8U1L6
1aewA,1lkiA,0.47263,0.56956,0.46807,0.56431,0.6052674651145935,0.9276395440101624,a.25.1.1,a.26.1.1,0.0962399999999999,P02791,P09056
1aewA,1pvhB,0.4754,0.57409,0.4754,0.57409,0.6192752122879028,0.9473930597305298,a.25.1.1,a.26.1.1,0.09869,P02791,P15018
1aewA,1f6fA,0.49907,0.59085,0.46934,0.55673,0.6050724983215332,0.9425144791603088,a.25.1.1,a.26.1.1,0.0873899999999999,P02791,P16038
1aluA,2gs4A,0.5025,0.63595,0.5025,0.63595,0.6096274852752686,0.9111160039901732,a.26.1.1,a.25.1.4,0.13345,P05231,P21362
1aluA,2gyqA,0.50613,0.65562,0.49262,0.63897,0.6097630262374878,0.8925144672393799,a.26.1.1,a.25.1.4,0.14635,P05231,Q6N4M9
1aluA,2clbA,0.48948,0.64593,0.4703,0.61984,0.5859416723251343,0.9619321823120116,a.26.1.1,,0.1495399999999999,P05231,P95855
1aluA,1n1qA,0.48005,0.62326,0.48005,0.62326,0.5996958613395691,0.9476841688156128,a.26.1.1,a.25.1.1,0.14321,P05231,P83695
1aluA,2ib0A,0.49646,0.65294,0.49646,0.65294,0.5935946702957153,0.9908885955810548,a.26.1.1,a.25.1.9,0.1564799999999999,P05231,O05815
1aluA,1mfrA,0.48437,0.57711,0.45104,0.54098,0.6518023014068604,0.95079505443573,a.26.1.1,a.25.1.1,0.08994,P05231,P07798
1aluA,2cf7A,0.49906,0.62925,0.49906,0.62925,0.6288533210754395,0.9707269668579102,a.26.1.1,a.25.1.1,0.1301899999999999,P05231,P0CB53
1aluA,2chiA,0.47754,0.57918,0.44246,0.53886,0.6546446084976196,0.9537229537963868,a.26.1.1,a.25.1.1,0.0963999999999999,P05231,P02794
1aluA,2ffxJ,0.48226,0.58944,0.44494,0.54571,0.6630786061286926,0.9416078329086304,a.26.1.1,a.25.1.1,0.10077,P05231,P02792
1aluA,1bcfA,0.48743,0.63199,0.48483,0.62869,0.6273817420005798,0.9747380018234252,a.26.1.1,a.25.1.1,0.14386,P05231,P0ABD3
1aluA,1jigA,0.48924,0.61423,0.48924,0.61423,0.5823158621788025,0.949720859527588,a.26.1.1,a.25.1.1,0.12499,P05231,Q8RPQ1
1aluA,1krqA,0.48551,0.58768,0.46573,0.56519,0.6277754306793213,0.959850549697876,a.26.1.1,a.25.1.1,0.0994599999999999,P05231,Q46106
1aluA,1h96A,0.47864,0.57687,0.45458,0.55112,0.6500716805458069,0.9455618858337402,a.26.1.1,a.25.1.1,0.09654,P05231,P29391
1aluA,1gwgA,0.4839,0.57678,0.45741,0.54829,0.6448895335197449,0.9511306881904602,a.26.1.1,a.25.1.1,0.09088,P05231,P02791
1aluA,1vlgA,0.47614,0.58057,0.45936,0.56081,0.6280271410942078,0.9645718336105348,a.26.1.1,a.25.1.1,0.10145,P05231,Q9X0L2
1aluA,1z4aA,0.47551,0.57569,0.45891,0.55622,0.630426287651062,0.964504897594452,a.26.1.1,a.25.1.1,0.09731,P05231,Q9X0L2
1aluA,1umnA,0.46151,0.62819,0.46151,0.62819,0.5843909978866577,0.971064567565918,a.26.1.1,a.25.1.1,0.16668,P05231,P0CB53
1aluA,1jgcA,0.47991,0.61118,0.47242,0.60195,0.6076205968856812,0.9535001516342164,a.26.1.1,a.25.1.1,0.1295299999999999,P05231,Q59738
1aluA,2fg4A,0.48493,0.5722,0.4513,0.53698,0.6635029315948486,0.9309502243995668,a.26.1.1,a.25.1.1,0.08568,P05231,P02792
1aluA,1yuzA,0.51177,0.62378,0.417,0.50817,0.6241288781166077,0.8920960426330566,a.26.1.1,a.25.1.1,0.09117,P05231,P30820
1aluA,1r03A,0.47671,0.59514,0.44396,0.55559,0.6516406536102295,0.9284743070602416,a.26.1.1,a.25.1.1,0.11163,P05231,Q8N4E7
1aluA,1vjxA,0.48158,0.65284,0.48158,0.65284,0.6356519460678101,0.9776172637939452,a.26.1.1,a.25.1.1,0.1712599999999999,P05231,Q9X1L2
1aluA,2fkzA,0.48844,0.62883,0.48844,0.62883,0.6413314342498779,0.9680583477020264,a.26.1.1,a.25.1.1,0.14039,P05231,P22759
1aluA,2d5kA,0.48104,0.62659,0.48104,0.62659,0.5809414386749268,0.9479607343673706,a.26.1.1,a.25.1.0,0.1455499999999999,P05231,A0A0H2X069
1aluA,1bg7A,0.47102,0.53339,0.47102,0.53339,0.6317970156669617,0.968514084815979,a.26.1.1,a.25.1.1,0.06237,P05231,P07229
1aluA,1rciA,0.48774,0.59294,0.45403,0.55377,0.6561839580535889,0.946189820766449,a.26.1.1,a.25.1.1,0.09974,P05231,P07797
1aluA,2cluA,0.48003,0.58155,0.44533,0.5411,0.6563782691955566,0.950796365737915,a.26.1.1,a.25.1.1,0.09577,P05231,P02794
1aluA,2c41A,0.50233,0.64973,0.50233,0.64973,0.625258207321167,0.9453760385513306,a.26.1.1,a.25.1.0,0.1473999999999999,P05231,Q8DG54
1aluA,2bw1A,0.46174,0.63343,0.46174,0.63343,0.5953787565231323,0.9662176370620728,a.26.1.1,a.25.1.1,0.17169,P05231,P0CB53
1aluA,1rccA,0.48675,0.59065,0.4532,0.55148,0.6661025285720825,0.9487482309341432,a.26.1.1,a.25.1.1,0.0982799999999999,P05231,P07797
1aluA,1sofA,0.48782,0.62717,0.48782,0.62717,0.6186765432357788,0.9711924195289612,a.26.1.1,a.25.1.1,0.13935,P05231,P22759
1aluA,2fjcA,0.49354,0.63723,0.49354,0.63723,0.6322133541107178,0.9698594212532043,a.26.1.1,a.25.1.1,0.1436899999999999,P05231,P16665
1aluA,2ah6A,0.39849,0.39849,0.39849,0.39849,0.6823467016220093,0.8552194237709045,a.26.1.1,a.25.2.2,0.0,P05231,Q9KCH6
1aluA,1ji4A,0.50824,0.612,0.50824,0.612,0.5658919811248779,0.9609977006912231,a.26.1.1,a.25.1.1,0.1037599999999999,P05231,P43313
1aluA,1z6oM,0.48509,0.57232,0.41122,0.48968,0.6495164632797241,0.944920301437378,a.26.1.1,a.25.1.1,0.07846,P05231,A0A7E5WTY7
1aluA,1rytA,0.45546,0.63173,0.3899,0.53876,0.5602283477783203,0.9266806840896606,a.26.1.1,a.25.1.1,0.14886,P05231,P24931
1aluA,2iy4A,0.44579,0.64378,0.44579,0.64378,0.5782277584075928,0.9690986275672911,a.26.1.1,a.25.1.1,0.19799,P05231,Q8Y8G1
1aluA,1qghA,0.51676,0.6366,0.51676,0.6366,0.5737810730934143,0.970632016658783,a.26.1.1,a.25.1.1,0.11984,P05231,P80725
1aluA,2bk6A,0.51576,0.64066,0.51576,0.64066,0.575198769569397,0.9689330458641052,a.26.1.1,a.25.1.1,0.1249,P05231,P80725
1aluA,2bjyA,0.51851,0.64433,0.51851,0.64433,0.5946807265281677,0.9658589363098145,a.26.1.1,a.25.1.1,0.1258199999999999,P05231,P80725
1aluA,1o9rA,0.50103,0.64791,0.48826,0.63138,0.629660964012146,0.9650471210479736,a.26.1.1,a.25.1.1,0.14312,P05231,Q8UCK6
1aluA,1wy1A,0.43883,0.55885,0.43883,0.55885,0.6483132839202881,0.8636353015899658,a.26.1.1,,0.1200199999999999,P05231,O58404
1aluA,2bkcA,0.52037,0.63935,0.52037,0.63935,0.5984276533126831,0.9715312719345092,a.26.1.1,a.25.1.1,0.1189799999999999,P05231,P80725
1aluA,1ji5A,0.48022,0.60701,0.48022,0.60701,0.5813419222831726,0.953462302684784,a.26.1.1,a.25.1.1,0.12679,P05231,Q8RPQ2
1au1A,1vjxA,0.50883,0.60777,0.50883,0.60777,0.6544356942176819,0.9554430842399596,a.26.1.3,a.25.1.1,0.09894,P01574,Q9X1L2
1au1A,1r03A,0.46848,0.60236,0.45721,0.5879,0.6852854490280151,0.8873897790908813,a.26.1.3,a.25.1.1,0.1306899999999999,P01574,Q8N4E7
1ax8A,2gyqA,0.5666,0.68539,0.46545,0.56649,0.6401215195655823,0.8605917692184448,a.26.1.1,a.25.1.4,0.10104,P41159,Q6N4M9
1ax8A,2cj4A,0.47776,0.47776,0.43071,0.43071,0.6478878259658813,0.683692216873169,a.26.1.1,a.29.6.1,0.0,P41159,O49908
1ax8A,1wy1A,0.45162,0.57933,0.41979,0.53835,0.6441447138786316,0.8333635330200195,a.26.1.1,,0.11856,P41159,O58404
1ax8A,2g2dA,0.3909,0.57633,0.3401,0.48739,0.6854546070098877,0.8277615308761597,a.26.1.1,a.25.2.0,0.1472899999999999,P41159,P9WP99
1ax8A,2nt8A,0.44627,0.56971,0.33863,0.43118,0.6718425750732422,0.8362360000610352,a.26.1.1,a.25.2.0,0.09255,P41159,Q50EJ2
1ax8A,1yuxA,0.54628,0.65,0.38044,0.45578,0.6782581806182861,0.9205089211463928,a.26.1.1,a.25.1.1,0.07534,P41159,P30820
1ax8A,1rytA,0.49263,0.61238,0.35558,0.44263,0.628495991230011,0.9337469339370728,a.26.1.1,a.25.1.1,0.08705,P41159,P24931
1ax8A,1rkeB,0.39482,0.39482,0.30959,0.30959,0.663070023059845,0.6875514984130859,a.26.1.1,a.24.9.1,0.0,P41159,P18206
1ax8A,1wvtA,0.45249,0.56937,0.40749,0.51355,0.6838769316673279,0.8616623878479004,a.26.1.1,a.25.2.0,0.1060599999999999,P41159,Q96YJ2
1axiA,2gydA,0.43806,0.53825,0.43806,0.53825,0.6340347528457642,0.943574070930481,a.26.1.1,a.25.1.1,0.10019,P01241,P02791
1axiA,1jgcA,0.43107,0.54152,0.43107,0.54152,0.595887303352356,0.9339160919189452,a.26.1.1,a.25.1.1,0.1104499999999999,P01241,Q59738
1axiA,1gwgA,0.43812,0.53995,0.43812,0.53995,0.633677065372467,0.9402801394462584,a.26.1.1,a.25.1.1,0.10183,P01241,P02791
1axiA,2ffxJ,0.414,0.54251,0.414,0.54251,0.6473820805549622,0.9289171695709229,a.26.1.1,a.25.1.1,0.12851,P01241,P02792
1axiA,2fkzA,0.42289,0.5528,0.42289,0.5528,0.6347809433937073,0.9542090892791748,a.26.1.1,a.25.1.1,0.1299099999999999,P01241,P22759
1axiA,1rciA,0.44045,0.54199,0.44045,0.54199,0.6465101838111877,0.933076024055481,a.26.1.1,a.25.1.1,0.1015399999999999,P01241,P07797
1axiA,1aewA,0.43723,0.54153,0.43723,0.54153,0.6425468921661377,0.9329023361206056,a.26.1.1,a.25.1.1,0.1042999999999999,P01241,P02791
1axiA,2fg4A,0.41225,0.54154,0.41225,0.54154,0.6543247699737549,0.9241264462471008,a.26.1.1,a.25.1.1,0.12929,P01241,P02792
1axiA,1rcdA,0.43686,0.54296,0.43686,0.54296,0.6502964496612549,0.9349002838134766,a.26.1.1,a.25.1.1,0.1060999999999999,P01241,P07797
1axiA,2cluA,0.40695,0.54299,0.40695,0.54299,0.6402220726013184,0.9366942644119264,a.26.1.1,a.25.1.1,0.13604,P01241,P02794
1axiA,1s3qA,0.39306,0.51558,0.39306,0.51558,0.5806658267974854,0.9682217836380004,a.26.1.1,a.25.1.1,0.12252,P01241,O29424
1axiA,1rccA,0.4366,0.54124,0.4366,0.54124,0.6557863354682922,0.9371804594993592,a.26.1.1,a.25.1.1,0.10464,P01241,P07797
1axiA,1bcfA,0.42756,0.55635,0.42756,0.55635,0.6244893670082092,0.961063027381897,a.26.1.1,a.25.1.1,0.12879,P01241,P0ABD3
1axiA,1z6oM,0.4002,0.5251,0.37527,0.49016,0.6272739768028259,0.9271891117095948,a.26.1.1,a.25.1.1,0.1148899999999999,P01241,A0A7E5WTY7
1axiA,1fhaA,0.406,0.53934,0.406,0.53934,0.6357119679450989,0.93888521194458,a.26.1.1,a.25.1.1,0.13334,P01241,P02794
1axiA,1mfrA,0.43558,0.54367,0.43558,0.54367,0.6358290314674377,0.936963677406311,a.26.1.1,a.25.1.1,0.1080899999999999,P01241,P07798
1axiA,1vlgA,0.41605,0.53249,0.41605,0.53249,0.6203662157058716,0.9498921632766724,a.26.1.1,a.25.1.1,0.11644,P01241,Q9X0L2
1axiA,1eumA,0.40756,0.5479,0.40756,0.5479,0.6286773085594177,0.9415905475616456,a.26.1.1,a.25.1.1,0.14034,P01241,P0A998
1axiA,1yuxA,0.44218,0.52862,0.39648,0.47652,0.6876393556594849,0.8904299736022949,a.26.1.1,a.25.1.1,0.08004,P01241,P30820
1axiA,1krqA,0.41406,0.54562,0.41406,0.54562,0.6184902787208557,0.943656861782074,a.26.1.1,a.25.1.1,0.13156,P01241,Q46106
1axiA,2itbA,0.46394,0.59862,0.4266,0.5507,0.7058650255203247,0.9251612424850464,a.26.1.1,a.25.1.7,0.1240999999999999,P01241,Q88KV1
1axiA,1mojA,0.45425,0.57818,0.4437,0.56518,0.6259083151817322,0.9215881824493408,a.26.1.1,a.25.1.1,0.12148,P01241,Q9HMP7
1axiA,2d5kA,0.44354,0.55199,0.44354,0.55199,0.5732054114341736,0.933603584766388,a.26.1.1,a.25.1.0,0.1084499999999999,P01241,A0A0H2X069
1axiA,1n1qA,0.43686,0.53666,0.43686,0.53666,0.5990349650382996,0.9358181953430176,a.26.1.1,a.25.1.1,0.0998,P01241,P83695
1axiA,2cf7A,0.42512,0.54778,0.42512,0.54778,0.6355053186416626,0.9576961398124696,a.26.1.1,a.25.1.1,0.12266,P01241,P0CB53
1axiA,2bw1A,0.43043,0.53433,0.43043,0.53433,0.612468957901001,0.9572196006774902,a.26.1.1,a.25.1.1,0.1038999999999999,P01241,P0CB53
1axiA,1jreA,0.43217,0.56788,0.43217,0.56788,0.6134651303291321,0.9565712809562684,a.26.1.1,a.25.1.1,0.13571,P01241,P0ABT2
1axiA,2clbA,0.45054,0.54972,0.45054,0.54972,0.5887733101844788,0.9394344091415404,a.26.1.1,,0.0991799999999999,P01241,P95855
1axiA,1jigA,0.44262,0.54214,0.44262,0.54214,0.5747575759887695,0.9358360767364502,a.26.1.1,a.25.1.1,0.0995199999999999,P01241,Q8RPQ1
1axiA,1vjxA,0.43877,0.55853,0.43877,0.55853,0.6192014813423157,0.9576940536499025,a.26.1.1,a.25.1.1,0.1197599999999999,P01241,Q9X1L2
1axiA,1umnA,0.42806,0.52493,0.42806,0.52493,0.587446928024292,0.9556170701980592,a.26.1.1,a.25.1.1,0.09687,P01241,P0CB53
1b5lA,1vjxA,0.5166,0.65088,0.5166,0.65088,0.656674325466156,0.9534577131271362,a.26.1.3,a.25.1.1,0.13428,P56828,Q9X1L2
1b5lA,2gyqA,0.53253,0.66539,0.50583,0.63239,0.6576892733573914,0.864761233329773,a.26.1.3,a.25.1.4,0.12656,P56828,Q6N4M9
1bbhA,1x90A,0.49141,0.59414,0.44781,0.54413,0.7210545539855957,0.943905234336853,a.24.3.2,a.29.6.1,0.09632,P00154,Q9LNF2
1bcfA,1pvhB,0.53993,0.64595,0.5094,0.61057,0.6021669507026672,0.9732543230056764,a.25.1.1,a.26.1.1,0.1011699999999999,P0ABD3,P15018
1bg7A,1bgcA,0.50362,0.57815,0.48975,0.56311,0.5936670303344727,0.956938087940216,a.25.1.1,a.26.1.1,0.0733599999999999,P07229,P35833
1bgcA,1z4aA,0.50688,0.63328,0.49135,0.6143,0.6027156710624695,0.9574143886566162,a.26.1.1,a.25.1.1,0.1229499999999999,P35833,Q9X0L2
1bgcA,1s3qA,0.49086,0.61063,0.49086,0.61063,0.5581055879592896,0.9729740619659424,a.26.1.1,a.25.1.1,0.1197699999999999,P35833,O29424
1bgcA,1umnA,0.55405,0.70029,0.55405,0.70029,0.5618224143981934,0.9616059064865112,a.26.1.1,a.25.1.1,0.1462399999999999,P35833,P0CB53
1bgcA,1vlgA,0.50797,0.6345,0.49229,0.61545,0.5989327430725098,0.9568260908126832,a.26.1.1,a.25.1.1,0.12316,P35833,Q9X0L2
1bgcA,2fg4A,0.49638,0.63467,0.46547,0.59501,0.6268149018287659,0.9320008754730223,a.26.1.1,a.25.1.1,0.12954,P35833,P02792
1bgcA,1h96A,0.5147,0.66406,0.4918,0.63448,0.6142750978469849,0.9390303492546082,a.26.1.1,a.25.1.1,0.14268,P35833,P29391
1bgcA,2bw1A,0.5544,0.70233,0.5544,0.70233,0.5814252495765686,0.9598550796508788,a.26.1.1,a.25.1.1,0.14793,P35833,P0CB53
1bgcA,2cluA,0.49306,0.63631,0.46033,0.59346,0.6169944405555725,0.9398505687713624,a.26.1.1,a.25.1.1,0.1331299999999999,P35833,P02794
1bgcA,1aewA,0.49492,0.63462,0.46628,0.59769,0.615861713886261,0.9405308365821838,a.26.1.1,a.25.1.1,0.13141,P35833,P02791
1bgcA,2cn7A,0.51312,0.63785,0.47852,0.59476,0.6190845966339111,0.9396445155143738,a.26.1.1,a.25.1.1,0.1162399999999999,P35833,P02794
1bgcA,1rcdA,0.51611,0.63999,0.48328,0.59978,0.62353515625,0.9413047432899476,a.26.1.1,a.25.1.1,0.1164999999999999,P35833,P07797
1bgcA,1nf4A,0.55877,0.6698,0.52642,0.63211,0.6053325533866882,0.957135796546936,a.26.1.1,a.25.1.1,0.1056899999999999,P35833,Q93PP9
1bgcA,1rccA,0.49534,0.66658,0.46458,0.62449,0.6286284923553467,0.94410640001297,a.26.1.1,a.25.1.1,0.15991,P35833,P07797
1bgcA,2cf7A,0.55365,0.69232,0.55365,0.69232,0.6021063327789307,0.9629222750663756,a.26.1.1,a.25.1.1,0.13867,P35833,P0CB53
1bgcA,1jgcA,0.54293,0.63978,0.53709,0.63321,0.5772855281829834,0.9447709321975708,a.26.1.1,a.25.1.1,0.0961200000000001,P35833,Q59738
1bgcA,2fkzA,0.5548,0.6342,0.5548,0.6342,0.6125099658966064,0.9659676551818848,a.26.1.1,a.25.1.1,0.0794,P35833,P22759
1bgcA,1mojA,0.57105,0.72642,0.50926,0.64861,0.5942199230194092,0.938384473323822,a.26.1.1,a.25.1.1,0.1393499999999999,P35833,Q9HMP7
1bgcA,1krqA,0.5103,0.64513,0.49148,0.62243,0.5987627506256104,0.9522963762283324,a.26.1.1,a.25.1.1,0.13095,P35833,Q46106
1bgcA,1mfrA,0.51384,0.63513,0.4813,0.59522,0.6124752759933472,0.9408482909202576,a.26.1.1,a.25.1.1,0.1139199999999999,P35833,P07798
1bgcA,1jreA,0.56889,0.71616,0.56889,0.71616,0.5803024768829346,0.9697309136390686,a.26.1.1,a.25.1.1,0.14727,P35833,P0ABT2
1bgcA,1dpsA,0.56958,0.71772,0.56647,0.7138,0.5831648707389832,0.9755082130432128,a.26.1.1,a.25.1.1,0.1473299999999999,P35833,P0ABT2
1bgcA,1o9rA,0.57529,0.72665,0.56312,0.71123,0.5970665216445923,0.9613825082778932,a.26.1.1,a.25.1.1,0.14811,P35833,Q8UCK6
1bgcA,1bcfA,0.55917,0.65809,0.55917,0.65809,0.5974264740943909,0.9716033935546876,a.26.1.1,a.25.1.1,0.09892,P35833,P0ABD3
1bgcA,2chiA,0.48999,0.63154,0.45769,0.58938,0.6142328977584839,0.9417064189910888,a.26.1.1,a.25.1.1,0.13169,P35833,P02794
1bgcA,1rciA,0.49893,0.66938,0.46769,0.62709,0.620818555355072,0.938496708869934,a.26.1.1,a.25.1.1,0.1594,P35833,P07797
1bgcA,1f30A,0.56823,0.7174,0.56823,0.7174,0.5896199941635132,0.9691139459609984,a.26.1.1,a.25.1.1,0.14917,P35833,P0ABT2
1bgcA,1fhaA,0.48955,0.62811,0.45702,0.58639,0.6076493859291077,0.9439253211021424,a.26.1.1,a.25.1.1,0.1293699999999999,P35833,P02794
1bgcA,1n1qA,0.54272,0.69894,0.54272,0.69894,0.5766517519950867,0.9371625185012816,a.26.1.1,a.25.1.1,0.15622,P35833,P83695
1bgcA,1jigA,0.54579,0.70358,0.54579,0.70358,0.5556633472442627,0.9402174949645996,a.26.1.1,a.25.1.1,0.1577899999999999,P35833,Q8RPQ1
1bgcA,1qghA,0.56136,0.71388,0.56136,0.71388,0.5453906059265137,0.9615941643714904,a.26.1.1,a.25.1.1,0.15252,P35833,P80725
1bgcA,2bk6A,0.56157,0.71527,0.56157,0.71527,0.5454354882240295,0.958502233028412,a.26.1.1,a.25.1.1,0.1536999999999999,P35833,P80725
1bgcA,2d5kA,0.55114,0.71299,0.55114,0.71299,0.5544109344482422,0.938069462776184,a.26.1.1,a.25.1.0,0.16185,P35833,A0A0H2X069
1bgcA,2fjcA,0.54883,0.7103,0.54883,0.7103,0.6089867353439331,0.959244966506958,a.26.1.1,a.25.1.1,0.16147,P35833,P16665
1bgcA,1ji4A,0.5183,0.66821,0.5183,0.66821,0.5313360095024109,0.9455116987228394,a.26.1.1,a.25.1.1,0.14991,P35833,P43313
1bgcA,2fzfA,0.5774,0.74591,0.5774,0.74591,0.6451854705810547,0.9782480001449584,a.26.1.1,a.25.1.1,0.1685099999999999,P35833,Q8U1L6
1bgcA,2ib0A,0.54662,0.67058,0.54662,0.67058,0.5628258585929871,0.9805608987808228,a.26.1.1,a.25.1.9,0.1239599999999999,P35833,O05815
1bgcA,2gs4A,0.5617,0.72404,0.5617,0.72404,0.5864888429641724,0.9214889407157898,a.26.1.1,a.25.1.4,0.16234,P35833,P21362
1bgcA,2gyqA,0.51253,0.72793,0.50217,0.71238,0.5977150201797485,0.911398947238922,a.26.1.1,a.25.1.4,0.21021,P35833,Q6N4M9
1bgcA,1vjxA,0.54535,0.6921,0.54535,0.6921,0.6042540073394775,0.972811222076416,a.26.1.1,a.25.1.1,0.14675,P35833,Q9X1L2
1bgcA,1b71A,0.49507,0.65084,0.41909,0.55274,0.5895453691482544,0.9294275045394896,a.26.1.1,a.25.1.1,0.13365,P35833,P24931
1bgdA,1z4aA,0.49481,0.60988,0.4771,0.58935,0.5984652638435364,0.9511541128158568,a.26.1.1,a.25.1.1,0.11225,P35834,Q9X0L2
1bgdA,1s3qA,0.48328,0.59619,0.48328,0.59619,0.5551618337631226,0.9702339768409728,a.26.1.1,a.25.1.1,0.11291,P35834,O29424
1bgdA,1vlgA,0.49736,0.60947,0.4795,0.5889,0.5953474044799805,0.9502960443496704,a.26.1.1,a.25.1.1,0.1094,P35834,Q9X0L2
1bgdA,2fkzA,0.54568,0.6413,0.54568,0.6413,0.6097171306610107,0.9606125354766846,a.26.1.1,a.25.1.1,0.0956199999999999,P35834,P22759
1bgdA,2fg4A,0.4921,0.64668,0.45864,0.60371,0.6205101013183594,0.9259806871414183,a.26.1.1,a.25.1.1,0.1450699999999999,P35834,P02792
1bgdA,2ffxJ,0.49304,0.6465,0.45518,0.5979,0.6189432740211487,0.9321356415748596,a.26.1.1,a.25.1.1,0.14272,P35834,P02792
1bgdA,1nf4A,0.49952,0.64737,0.46983,0.60941,0.6034191846847534,0.9523360729217528,a.26.1.1,a.25.1.1,0.1395799999999999,P35834,Q93PP9
1bgdA,2gydA,0.49014,0.6459,0.46377,0.61158,0.6032305955886841,0.9451377391815186,a.26.1.1,a.25.1.1,0.14781,P35834,P02791
1bgdA,1fhaA,0.48358,0.64013,0.44877,0.59496,0.6060935258865356,0.9376872777938844,a.26.1.1,a.25.1.1,0.14619,P35834,P02794
1bgdA,1eumA,0.50604,0.63472,0.49522,0.62182,0.607316255569458,0.9475972056388856,a.26.1.1,a.25.1.1,0.1266,P35834,P0A998
1bgdA,1jgcA,0.53559,0.62863,0.52698,0.61922,0.5738033652305603,0.9387774467468262,a.26.1.1,a.25.1.1,0.0922399999999999,P35834,Q59738
1bgdA,1krqA,0.49839,0.63005,0.47826,0.60513,0.595740795135498,0.945097804069519,a.26.1.1,a.25.1.1,0.1268699999999999,P35834,Q46106
1bgdA,1gwgA,0.48922,0.62382,0.4629,0.59163,0.6033020615577698,0.9408683776855468,a.26.1.1,a.25.1.1,0.12873,P35834,P02791
1bgdA,1aewA,0.49929,0.63346,0.46738,0.59343,0.6124019026756287,0.9357861876487732,a.26.1.1,a.25.1.1,0.12605,P35834,P02791
1bgdA,1sofA,0.54482,0.64572,0.54482,0.64572,0.5906368494033813,0.9649122953414916,a.26.1.1,a.25.1.1,0.1008999999999999,P35834,P22759
1bgdA,2cn7A,0.48853,0.64955,0.45331,0.60339,0.6157993674278259,0.9333347082138062,a.26.1.1,a.25.1.1,0.15008,P35834,P02794
1bgdA,1umnA,0.53565,0.67638,0.53565,0.67638,0.5611496567726135,0.9563000202178956,a.26.1.1,a.25.1.1,0.14073,P35834,P0CB53
1bgdA,1o9rA,0.56954,0.71767,0.55455,0.69892,0.5949742794036865,0.9547271728515624,a.26.1.1,a.25.1.1,0.14437,P35834,Q8UCK6
1bgdA,1r03A,0.48695,0.6317,0.454,0.59012,0.6184574365615845,0.9167548418045044,a.26.1.1,a.25.1.1,0.1361199999999999,P35834,Q8N4E7
1bgdA,1rciA,0.50423,0.65322,0.46975,0.60942,0.617003321647644,0.9324017763137816,a.26.1.1,a.25.1.1,0.1396699999999999,P35834,P07797
1bgdA,2chiA,0.48438,0.64672,0.44985,0.60081,0.6110311150550842,0.9353509545326232,a.26.1.1,a.25.1.1,0.1509599999999999,P35834,P02794
1bgdA,1bcfA,0.54944,0.65235,0.54656,0.64887,0.5948992967605591,0.9672208428382874,a.26.1.1,a.25.1.1,0.1023099999999999,P35834,P0ABD3
1bgdA,1rccA,0.50362,0.65057,0.46911,0.60699,0.6251832246780396,0.9384701251983644,a.26.1.1,a.25.1.1,0.13788,P35834,P07797
1bgdA,1mfrA,0.48858,0.65063,0.45541,0.60719,0.6090470552444458,0.9348351359367372,a.26.1.1,a.25.1.1,0.15178,P35834,P07798
1bgdA,2bw1A,0.53537,0.67875,0.53537,0.67875,0.5808937549591064,0.9552116394042968,a.26.1.1,a.25.1.1,0.1433799999999999,P35834,P0CB53
1bgdA,1n1qA,0.52738,0.67893,0.52738,0.67893,0.5743194818496704,0.9330304861068726,a.26.1.1,a.25.1.1,0.15155,P35834,P83695
1bgdA,2cluA,0.48762,0.62632,0.45263,0.58299,0.6139174103736877,0.933456301689148,a.26.1.1,a.25.1.1,0.13036,P35834,P02794
1bgdA,1jreA,0.56418,0.7073,0.56418,0.7073,0.5793044567108154,0.9659979343414308,a.26.1.1,a.25.1.1,0.14312,P35834,P0ABT2
1bgdA,2ib0A,0.53728,0.68481,0.53728,0.68481,0.5654802322387695,0.9743994474411012,a.26.1.1,a.25.1.9,0.14753,P35834,O05815
1bgdA,2fjcA,0.53333,0.69146,0.53333,0.69146,0.606326699256897,0.9549645781517028,a.26.1.1,a.25.1.1,0.15813,P35834,P16665
1bgdA,2d5kA,0.53901,0.69841,0.53901,0.69841,0.5539132356643677,0.9333124756813048,a.26.1.1,a.25.1.0,0.1594,P35834,A0A0H2X069
1bgdA,1rcdA,0.50305,0.64892,0.46861,0.60561,0.6199491620063782,0.9356974959373474,a.26.1.1,a.25.1.1,0.1369999999999999,P35834,P07797
1bgdA,1jigA,0.53045,0.68524,0.53045,0.68524,0.554737389087677,0.9357104301452636,a.26.1.1,a.25.1.1,0.1547899999999999,P35834,Q8RPQ1
1bgdA,1mojA,0.56556,0.72381,0.50236,0.64259,0.5945285558700562,0.9291876554489136,a.26.1.1,a.25.1.1,0.1402299999999999,P35834,Q9HMP7
1bgdA,1rytA,0.48092,0.60658,0.41125,0.52085,0.5830042958259583,0.933936893939972,a.26.1.1,a.25.1.1,0.1096,P35834,P24931
1bgdA,1zs3A,0.54204,0.69818,0.50547,0.65073,0.5803022980690002,0.9610118865966796,a.26.1.1,a.25.1.1,0.14526,P35834,
1bgdA,2cf7A,0.53505,0.66136,0.53505,0.66136,0.5981992483139038,0.956884503364563,a.26.1.1,a.25.1.1,0.1263099999999999,P35834,P0CB53
1bgdA,2iy4A,0.54813,0.70001,0.54813,0.70001,0.5503832697868347,0.9568499326705932,a.26.1.1,a.25.1.1,0.15188,P35834,Q8Y8G1
1bgdA,1qghA,0.54744,0.69361,0.54744,0.69361,0.5446158051490784,0.9567413926124572,a.26.1.1,a.25.1.1,0.1461699999999999,P35834,P80725
1bgdA,2c41A,0.55479,0.71476,0.55479,0.71476,0.5959221124649048,0.9380578994750975,a.26.1.1,a.25.1.0,0.1599699999999999,P35834,Q8DG54
1bgdA,2bk6A,0.54792,0.69413,0.54792,0.69413,0.5445125102996826,0.9535568356513976,a.26.1.1,a.25.1.1,0.14621,P35834,P80725
1bgdA,2gyqA,0.50184,0.70537,0.48934,0.68711,0.601742684841156,0.9006084203720093,a.26.1.1,a.25.1.4,0.19777,P35834,Q6N4M9
1bgdA,1b71A,0.4891,0.63959,0.41232,0.54128,0.5951288938522339,0.9240106344223022,a.26.1.1,a.25.1.1,0.1289599999999999,P35834,P24931
1bgdA,1ji4A,0.52346,0.65265,0.52346,0.65265,0.5334754586219788,0.9418518543243408,a.26.1.1,a.25.1.1,0.1291899999999999,P35834,P43313
1bgdA,2bjyA,0.55371,0.70006,0.55371,0.70006,0.5638697147369385,0.9526771306991576,a.26.1.1,a.25.1.1,0.1463499999999999,P35834,P80725
1bgdA,2bkcA,0.55304,0.69852,0.55304,0.69852,0.5684283971786499,0.9608885645866394,a.26.1.1,a.25.1.1,0.14548,P35834,P80725
1bgdA,2fzfA,0.56757,0.73843,0.56455,0.7346,0.6412261128425598,0.973571240901947,a.26.1.1,a.25.1.1,0.17005,P35834,Q8U1L6
1bgdA,1z6oM,0.48847,0.62246,0.41438,0.53176,0.5889713764190674,0.9304641485214232,a.26.1.1,a.25.1.1,0.1173799999999999,P35834,A0A7E5WTY7
1bgdA,1ji5A,0.5225,0.66309,0.5225,0.66309,0.549845814704895,0.9386383295059204,a.26.1.1,a.25.1.1,0.14059,P35834,Q8RPQ2
1buyA,1qghA,0.48562,0.61377,0.48562,0.61377,0.5282931923866272,0.9356013536453248,a.26.1.2,a.25.1.1,0.12815,P01588,P80725
1buyA,1vjxA,0.50293,0.63035,0.50293,0.63035,0.5665119290351868,0.9674990773200988,a.26.1.2,a.25.1.1,0.1274199999999999,P01588,Q9X1L2
1cd9A,1eumA,0.46894,0.62807,0.46894,0.62807,0.5520618557929993,0.9598499536514282,a.26.1.1,a.25.1.1,0.15913,P09919,P0A998
1cd9A,1vlgA,0.48217,0.60516,0.48217,0.60516,0.5404535531997681,0.9599647521972656,a.26.1.1,a.25.1.1,0.12299,P09919,Q9X0L2
1cd9A,1s3qA,0.45567,0.591,0.45567,0.591,0.5083750486373901,0.9754407405853271,a.26.1.1,a.25.1.1,0.1353299999999999,P09919,O29424
1cd9A,1z4aA,0.47147,0.60461,0.47147,0.60461,0.5422060489654541,0.96142840385437,a.26.1.1,a.25.1.1,0.1331399999999999,P09919,Q9X0L2
1cd9A,1bcfA,0.51821,0.65025,0.51821,0.65025,0.5424572229385376,0.9707675576210022,a.26.1.1,a.25.1.1,0.13204,P09919,P0ABD3
1cd9A,2cluA,0.49951,0.6115,0.49707,0.6087,0.5628682374954224,0.9434317350387572,a.26.1.1,a.25.1.1,0.11163,P09919,P02794
1cd9A,1nf4A,0.5116,0.65279,0.5116,0.65279,0.5541560649871826,0.9657096862792968,a.26.1.1,a.25.1.1,0.1411899999999999,P09919,Q93PP9
1cd9A,1krqA,0.47922,0.62532,0.47922,0.62532,0.5403581261634827,0.9538460969924928,a.26.1.1,a.25.1.1,0.1461,P09919,Q46106
1cd9A,2chiA,0.49722,0.6231,0.49481,0.62013,0.5601056814193726,0.9447940587997437,a.26.1.1,a.25.1.1,0.1253199999999999,P09919,P02794
1cd9A,2gydA,0.49656,0.61954,0.49656,0.61954,0.552543044090271,0.9509098529815674,a.26.1.1,a.25.1.1,0.1229799999999999,P09919,P02791
1cd9A,2cn7A,0.49942,0.62647,0.49698,0.62348,0.5651190280914307,0.9429486989974976,a.26.1.1,a.25.1.1,0.1265,P09919,P02794
1cd9A,1gwgA,0.49928,0.60908,0.49928,0.60908,0.5512784719467163,0.9467134475708008,a.26.1.1,a.25.1.1,0.1097999999999999,P09919,P02791
1cd9A,1mfrA,0.50001,0.6243,0.50001,0.6243,0.5581948161125183,0.943099856376648,a.26.1.1,a.25.1.1,0.12429,P09919,P07798
1cd9A,1jgcA,0.50713,0.63257,0.50713,0.63257,0.5206445455551147,0.9457868337631226,a.26.1.1,a.25.1.1,0.12544,P09919,Q59738
1cd9A,2fkzA,0.51418,0.64401,0.51418,0.64401,0.5567117929458618,0.9678038954734802,a.26.1.1,a.25.1.1,0.12983,P09919,P22759
1cd9A,1fhaA,0.49715,0.60396,0.49473,0.60124,0.5569180846214294,0.9446831941604614,a.26.1.1,a.25.1.1,0.10651,P09919,P02794
1cd9A,1rcdA,0.50516,0.60713,0.50516,0.60713,0.5694897174835205,0.9428252577781676,a.26.1.1,a.25.1.1,0.1019699999999999,P09919,P07797
1cd9A,1aewA,0.4996,0.60464,0.4996,0.60464,0.5629051923751831,0.9413170218467712,a.26.1.1,a.25.1.1,0.1050399999999999,P09919,P02791
1cd9A,2fg4A,0.49959,0.62013,0.49959,0.62013,0.5713821053504944,0.9357329607009888,a.26.1.1,a.25.1.1,0.1205399999999999,P09919,P02792
1cd9A,1rccA,0.50639,0.60971,0.50639,0.60971,0.5747511386871338,0.9460114240646362,a.26.1.1,a.25.1.1,0.1033199999999999,P09919,P07797
1cd9A,1sofA,0.5134,0.64621,0.5134,0.64621,0.5383778214454651,0.9716540575027466,a.26.1.1,a.25.1.1,0.1328099999999999,P09919,P22759
1cd9A,1o9rA,0.5474,0.68882,0.5474,0.68882,0.5394325256347656,0.9632930755615234,a.26.1.1,a.25.1.1,0.14142,P09919,Q8UCK6
1cd9A,1rciA,0.5059,0.60745,0.5059,0.60745,0.5651811957359314,0.9414685368537904,a.26.1.1,a.25.1.1,0.10155,P09919,P07797
1cd9A,2ffxJ,0.49935,0.61973,0.4945,0.61387,0.565537691116333,0.9417352676391602,a.26.1.1,a.25.1.1,0.11937,P09919,P02792
1cd9A,1umnA,0.52255,0.66249,0.52255,0.66249,0.5117121338844299,0.9606766700744628,a.26.1.1,a.25.1.1,0.13994,P09919,P0CB53
1cd9A,1jreA,0.53586,0.67244,0.53586,0.67244,0.527755081653595,0.9711486101150512,a.26.1.1,a.25.1.1,0.13658,P09919,P0ABT2
1cd9A,1yuxA,0.5151,0.66474,0.44927,0.57987,0.6413172483444214,0.915196418762207,a.26.1.1,a.25.1.1,0.1306,P09919,P30820
1cd9A,1mojA,0.53949,0.68378,0.51546,0.65357,0.5412474870681763,0.9434244632720948,a.26.1.1,a.25.1.1,0.1381099999999999,P09919,Q9HMP7
1cd9A,2fzfA,0.54401,0.655,0.54401,0.655,0.5934378504753113,0.9834643602371216,a.26.1.1,a.25.1.1,0.11099,P09919,Q8U1L6
1cd9A,2bw1A,0.52223,0.66281,0.52223,0.66281,0.5326478481292725,0.958932399749756,a.26.1.1,a.25.1.1,0.14058,P09919,P0CB53
1cd9A,1rytA,0.50698,0.62029,0.46308,0.56668,0.5562123656272888,0.9491724371910096,a.26.1.1,a.25.1.1,0.1035999999999999,P09919,P24931
1cd9A,2c41A,0.50689,0.65024,0.50689,0.65024,0.5419371128082275,0.944312334060669,a.26.1.1,a.25.1.0,0.1433500000000001,P09919,Q8DG54
1cd9A,2fjcA,0.52624,0.66569,0.52624,0.66569,0.5548648834228516,0.9594059586524964,a.26.1.1,a.25.1.1,0.1394499999999999,P09919,P16665
1cd9A,1ji4A,0.50074,0.62834,0.50074,0.62834,0.4879697859287262,0.9400689005851746,a.26.1.1,a.25.1.1,0.1276,P09919,P43313
1cd9A,2c2fA,0.52867,0.67662,0.51089,0.65401,0.6044922471046448,0.9517192840576172,a.26.1.1,a.25.1.0,0.14312,P09919,Q9RS64
1cd9A,2d5kA,0.512,0.66082,0.512,0.66082,0.5002790093421936,0.9378314018249512,a.26.1.1,a.25.1.0,0.1488199999999999,P09919,A0A0H2X069
1cd9A,1jigA,0.50428,0.65257,0.50428,0.65257,0.5032715201377869,0.9406757354736328,a.26.1.1,a.25.1.1,0.14829,P09919,Q8RPQ1
1cd9A,1n1qA,0.49971,0.62747,0.49971,0.62747,0.5229039192199707,0.9379873871803284,a.26.1.1,a.25.1.1,0.1277599999999999,P09919,P83695
1cd9A,1qghA,0.52591,0.66319,0.52591,0.66319,0.4951411485671997,0.9571082592010498,a.26.1.1,a.25.1.1,0.1372799999999999,P09919,P80725
1cd9A,2ib0A,0.50013,0.65473,0.50013,0.65473,0.52008056640625,0.9799535870552064,a.26.1.1,a.25.1.9,0.1546,P09919,O05815
1cd9A,1uvhA,0.54007,0.64727,0.54007,0.64727,0.5555769801139832,0.9655468463897704,a.26.1.1,a.25.1.1,0.1071999999999999,P09919,P0C558
1cd9A,1b71A,0.50781,0.62044,0.46173,0.56419,0.5663527846336365,0.9444722533226012,a.26.1.1,a.25.1.1,0.10246,P09919,P24931
1cd9A,2bk6A,0.52697,0.6633,0.52697,0.6633,0.4948776066303253,0.9550166726112366,a.26.1.1,a.25.1.1,0.1363299999999999,P09919,P80725
1cd9A,2iy4A,0.52698,0.6694,0.52698,0.6694,0.498823344707489,0.9581964015960692,a.26.1.1,a.25.1.1,0.14242,P09919,Q8Y8G1
1cd9A,2bjyA,0.52851,0.66493,0.52851,0.66493,0.5141791105270386,0.9548326134681702,a.26.1.1,a.25.1.1,0.1364199999999999,P09919,P80725
1cd9A,1zs3A,0.526,0.67573,0.526,0.67573,0.5274546146392822,0.9644538164138794,a.26.1.1,a.25.1.1,0.14973,P09919,
1cd9A,1vjxA,0.5189,0.64844,0.5189,0.64844,0.5491037964820862,0.9736948609352112,a.26.1.1,a.25.1.1,0.12954,P09919,Q9X1L2
1cnt1,1fhaA,0.55474,0.6674,0.49443,0.59911,0.6556955575942993,0.9266365766525269,a.26.1.1,a.25.1.1,0.10468,P26441,P02794
1cnt1,1r03A,0.55958,0.68088,0.50063,0.61281,0.6654151678085327,0.9014089107513428,a.26.1.1,a.25.1.1,0.1121799999999999,P26441,Q8N4E7
1cnt1,2cn7A,0.55961,0.67816,0.49826,0.60807,0.6639623045921326,0.9168155193328856,a.26.1.1,a.25.1.1,0.10981,P26441,P02794
1cnt1,1aewA,0.56148,0.66884,0.50506,0.60498,0.6601072549819946,0.919605016708374,a.26.1.1,a.25.1.1,0.09992,P26441,P02791
1cnt1,1z4aA,0.54612,0.65503,0.50625,0.61006,0.6485925912857056,0.9351034164428712,a.26.1.1,a.25.1.1,0.10381,P26441,Q9X0L2
1cnt1,1vlgA,0.54633,0.65647,0.50672,0.61153,0.6452125310897827,0.9367716908454896,a.26.1.1,a.25.1.1,0.10481,P26441,Q9X0L2
1cnt1,2chiA,0.55745,0.67235,0.49626,0.60337,0.6600831747055054,0.9192063808441162,a.26.1.1,a.25.1.1,0.1071099999999999,P26441,P02794
1cnt1,2cluA,0.5589,0.67834,0.49768,0.60817,0.6619534492492676,0.9177345633506776,a.26.1.1,a.25.1.1,0.1104899999999999,P26441,P02794
1cnt1,1mfrA,0.55977,0.67449,0.50103,0.60751,0.6577802896499634,0.917016327381134,a.26.1.1,a.25.1.1,0.10648,P26441,P07798
1cnt1,1s3qA,0.48014,0.59141,0.46991,0.57919,0.6023609638214111,0.9434128999710084,a.26.1.1,a.25.1.1,0.1092799999999999,P26441,O29424
1cnt1,2gydA,0.56274,0.67223,0.51086,0.6137,0.6520007848739624,0.9259645938873292,a.26.1.1,a.25.1.1,0.10284,P26441,P02791
1cnt1,1gwgA,0.56279,0.67484,0.51135,0.61607,0.6538840532302856,0.922598123550415,a.26.1.1,a.25.1.1,0.10472,P26441,P02791
1cnt1,2fg4A,0.56527,0.67052,0.50519,0.60324,0.6717604398727417,0.905980348587036,a.26.1.1,a.25.1.1,0.0980499999999999,P26441,P02792
1cnt1,2ffxJ,0.5653,0.67148,0.50026,0.59842,0.6736657619476318,0.9132179021835328,a.26.1.1,a.25.1.1,0.0981599999999999,P26441,P02792
1cnt1,1h96A,0.56544,0.67537,0.51613,0.61963,0.6598432064056396,0.9173234701156616,a.26.1.1,a.25.1.1,0.1035,P26441,P29391
1cnt1,1rccA,0.56412,0.6756,0.50456,0.60821,0.6722894906997681,0.9230290651321412,a.26.1.1,a.25.1.1,0.10365,P26441,P07797
1cnt1,1eumA,0.55891,0.67946,0.52608,0.64172,0.6540307998657227,0.9341971278190612,a.26.1.1,a.25.1.1,0.1156399999999999,P26441,P0A998
1cnt1,1krqA,0.55231,0.67267,0.50944,0.62306,0.645656943321228,0.9343785047531128,a.26.1.1,a.25.1.1,0.1136199999999999,P26441,Q46106
1cnt1,1rcdA,0.56295,0.67281,0.5037,0.60597,0.6675567626953125,0.9203029870986938,a.26.1.1,a.25.1.1,0.1022699999999999,P26441,P07797
1cnt1,1rciA,0.56371,0.67359,0.50423,0.6064,0.6647101044654846,0.9171581268310548,a.26.1.1,a.25.1.1,0.1021700000000001,P26441,P07797
1cnt1,1bcfA,0.57414,0.70958,0.54897,0.67902,0.6476366519927979,0.9530198574066162,a.26.1.1,a.25.1.1,0.13005,P26441,P0ABD3
1cnt1,1rytA,0.52681,0.67501,0.42963,0.55281,0.579809308052063,0.8824208378791809,a.26.1.1,a.25.1.1,0.12318,P26441,P24931
1cnt1,2fkzA,0.56813,0.7029,0.55254,0.68397,0.6588619351387024,0.9403876066207886,a.26.1.1,a.25.1.1,0.1314299999999999,P26441,P22759
1cnt1,2ib0A,0.55285,0.69442,0.55285,0.69442,0.6110309958457947,0.9475551843643188,a.26.1.1,a.25.1.9,0.14157,P26441,O05815
1cnt1,1n1qA,0.56437,0.68476,0.56437,0.68476,0.6244357824325562,0.920150339603424,a.26.1.1,a.25.1.1,0.12039,P26441,P83695
1cnt1,1b71A,0.5293,0.67592,0.43007,0.55093,0.5931684374809265,0.8729113936424255,a.26.1.1,a.25.1.1,0.12086,P26441,P24931
1cnt1,2fjcA,0.57709,0.69321,0.57376,0.68936,0.6549767255783081,0.9418072700500488,a.26.1.1,a.25.1.1,0.1155999999999999,P26441,P16665
1csmA,2f6lA,0.38555,0.5157,0.38555,0.5157,0.939456343650818,0.947185218334198,a.130.1.2,a.130.1.4,0.13015,P32178,P9WIB9
1csmA,2ao2A,0.39478,0.52749,0.39478,0.52749,0.939806342124939,0.9522130489349364,a.130.1.2,a.130.1.4,0.13271,P32178,P9WIB9
1ddnA,2fxaA,0.56714,0.59614,0.46207,0.49089,0.9060755372047424,0.9560226202011108,a.4.5.24,a.4.5.28,0.02882,P0DJL7,P11065
1ddnA,2a61A,0.55535,0.60185,0.47237,0.52055,0.9042033553123474,0.960917592048645,a.4.5.24,a.4.5.28,0.0481799999999999,P0DJL7,Q9WZG9
1dpsA,1bgdA,0.55769,0.70275,0.55769,0.70275,0.5836982727050781,0.972421169281006,a.25.1.1,a.26.1.1,0.1450599999999999,P0ABT2,P35834
1dpsA,1cd9A,0.57235,0.71337,0.5365,0.66945,0.5343288779258728,0.9761909246444702,a.25.1.1,a.26.1.1,0.13295,P0ABT2,P09919
1dpsA,1cnt1,0.49015,0.65008,0.49015,0.65008,0.6310204267501831,0.9544211626052856,a.25.1.1,a.26.1.1,0.15993,P0ABT2,P26441
1dpsA,1axiA,0.45507,0.61527,0.42238,0.56871,0.6187788248062134,0.963916540145874,a.25.1.1,a.26.1.1,0.14633,P0ABT2,P01241
1dpsA,1a22A,0.49746,0.60992,0.44801,0.55187,0.6148354411125183,0.9598226547241212,a.25.1.1,a.26.1.1,0.1038599999999999,P0ABT2,P01241
1dpsA,1aluA,0.49592,0.6209,0.49592,0.6209,0.6125368475914001,0.9790730476379396,a.25.1.1,a.26.1.1,0.1249799999999999,P0ABT2,P05231
1ea8A,2avkA,0.60449,0.61742,0.60449,0.61742,0.7956782579421997,0.8640566468238831,a.24.1.1,,0.0129299999999999,P02649,Q9REU3
1ea8A,2awcA,0.60493,0.59199,0.60493,0.59199,0.7874307632446289,0.8105172514915466,a.24.1.1,,-0.0129399999999999,P02649,Q9REU3
1eerA,1vjxA,0.48402,0.6074,0.48402,0.6074,0.5469873547554016,0.9668275117874146,a.26.1.2,a.25.1.1,0.12338,P01588,Q9X1L2
1eerA,1z7cA,0.52553,0.52553,0.52553,0.52553,0.9548628330230712,0.9483603239059448,a.26.1.2,a.26.1.1,0.0,P01588,P0DML2
1emrA,1vjxA,0.47744,0.61846,0.47744,0.61846,0.6284373998641968,0.9785833358764648,a.26.1.1,a.25.1.1,0.14102,P15018,Q9X1L2
1emrA,1krqA,0.50335,0.59318,0.48753,0.5763,0.6161075234413147,0.957512378692627,a.26.1.1,a.25.1.1,0.08877,P15018,Q46106
1emrA,1nf4A,0.50952,0.63215,0.4836,0.60114,0.6159570813179016,0.9718096852302552,a.26.1.1,a.25.1.1,0.11754,P15018,Q93PP9
1emrA,1uvhA,0.51936,0.63853,0.51936,0.63853,0.6291912794113159,0.9698457717895508,a.26.1.1,a.25.1.1,0.11917,P15018,P0C558
1emrA,1sofA,0.51709,0.6345,0.51709,0.6345,0.6078045964241028,0.9740504622459412,a.26.1.1,a.25.1.1,0.1174099999999999,P15018,P22759
1emrA,1rytA,0.53171,0.64173,0.45595,0.55211,0.571086049079895,0.943745493888855,a.26.1.1,a.25.1.1,0.0961599999999999,P15018,P24931
1emrA,1jgcA,0.5085,0.63308,0.50576,0.62978,0.5946314334869385,0.9534364938735962,a.26.1.1,a.25.1.1,0.12402,P15018,Q59738
1emrA,2cn7A,0.5036,0.60723,0.47101,0.57071,0.6440730094909668,0.950844407081604,a.26.1.1,a.25.1.1,0.0997,P15018,P02794
1emrA,2gydA,0.507,0.60341,0.48369,0.57754,0.6325719356536865,0.9575008153915404,a.26.1.1,a.25.1.1,0.09385,P15018,P02791
1emrA,1z4aA,0.49268,0.57582,0.48001,0.56212,0.622414231300354,0.9652364253997804,a.26.1.1,a.25.1.1,0.0821099999999999,P15018,Q9X0L2
1emrA,2fkzA,0.51019,0.63878,0.51019,0.63878,0.6276872158050537,0.9717631340026855,a.26.1.1,a.25.1.1,0.1285899999999999,P15018,P22759
1emrA,2ffxJ,0.5087,0.60399,0.47311,0.56467,0.6499454975128174,0.9460179805755616,a.26.1.1,a.25.1.1,0.09156,P15018,P02792
1emrA,1vlgA,0.49357,0.58351,0.48086,0.5696,0.6183980703353882,0.9637138843536376,a.26.1.1,a.25.1.1,0.0887399999999999,P15018,Q9X0L2
1emrA,1h96A,0.50632,0.60286,0.48555,0.57981,0.639139711856842,0.949487566947937,a.26.1.1,a.25.1.1,0.09426,P15018,P29391
1emrA,1ji4A,0.52115,0.63004,0.52115,0.63004,0.5645273327827454,0.9557100534439088,a.26.1.1,a.25.1.1,0.10889,P15018,P43313
1emrA,2ib0A,0.51256,0.63456,0.51256,0.63456,0.5867921113967896,0.9861445426940918,a.26.1.1,a.25.1.9,0.122,P15018,O05815
1emrA,1bcfA,0.52135,0.64032,0.52135,0.64032,0.6158965826034546,0.9740034341812134,a.26.1.1,a.25.1.1,0.11897,P15018,P0ABD3
1emrA,2c41A,0.54473,0.67165,0.54473,0.67165,0.6151158213615417,0.94736647605896,a.26.1.1,a.25.1.0,0.1269199999999999,P15018,Q8DG54
1emrA,2fg4A,0.51011,0.58806,0.47908,0.55677,0.6576243042945862,0.9385404586791992,a.26.1.1,a.25.1.1,0.0776899999999999,P15018,P02792
1emrA,2chiA,0.50195,0.60295,0.46959,0.56706,0.6387409567832947,0.9534494876861572,a.26.1.1,a.25.1.1,0.09747,P15018,P02794
1emrA,1fhaA,0.50221,0.59996,0.46978,0.56413,0.6337835788726807,0.9522378444671632,a.26.1.1,a.25.1.1,0.09435,P15018,P02794
1emrA,1b71A,0.53431,0.64477,0.45571,0.55181,0.5851674675941467,0.93429696559906,a.26.1.1,a.25.1.1,0.0961,P15018,P24931
1emrA,2bkcA,0.53519,0.6413,0.53519,0.6413,0.5982191562652588,0.9675893187522888,a.26.1.1,a.25.1.1,0.1061099999999999,P15018,P80725
1emrA,2cluA,0.50283,0.60609,0.47033,0.57002,0.6410292983055115,0.9516774415969848,a.26.1.1,a.25.1.1,0.0996899999999999,P15018,P02794
1emrA,1s3qA,0.44811,0.55329,0.44811,0.55329,0.5886685252189636,0.9815971851348876,a.26.1.1,a.25.1.1,0.1051799999999999,P15018,O29424
1emrA,2fzfA,0.54534,0.71846,0.54534,0.71846,0.6701703071594238,0.9888789653778076,a.26.1.1,a.25.1.1,0.1731199999999999,P15018,Q8U1L6
1emrA,2d5kA,0.53546,0.64095,0.53546,0.64095,0.5803350806236267,0.9483606815338136,a.26.1.1,a.25.1.0,0.1054899999999999,P15018,A0A0H2X069
1emrA,1ji5A,0.51822,0.62874,0.51822,0.62874,0.5756621956825256,0.9525296688079834,a.26.1.1,a.25.1.1,0.1105199999999999,P15018,Q8RPQ2
1emrA,1qghA,0.533,0.64341,0.533,0.64341,0.5746999382972717,0.9662717580795288,a.26.1.1,a.25.1.1,0.11041,P15018,P80725
1emrA,1mojA,0.55081,0.65822,0.49457,0.59454,0.614005446434021,0.9404510259628296,a.26.1.1,a.25.1.1,0.0999699999999999,P15018,Q9HMP7
1emrA,1f30A,0.51316,0.6359,0.51316,0.6359,0.6171250343322754,0.9753423929214478,a.26.1.1,a.25.1.1,0.12274,P15018,P0ABT2
1emrA,2iy4A,0.52915,0.63933,0.52915,0.63933,0.5799962878227234,0.9672808051109314,a.26.1.1,a.25.1.1,0.1101799999999999,P15018,Q8Y8G1
1emrA,1dpsA,0.51221,0.63484,0.51221,0.63484,0.6114100813865662,0.980758249759674,a.26.1.1,a.25.1.1,0.1226299999999999,P15018,P0ABT2
1emrA,1rcdA,0.50396,0.60627,0.47414,0.57219,0.648200273513794,0.948671579360962,a.26.1.1,a.25.1.1,0.0980499999999999,P15018,P07797
1emrA,1aewA,0.50773,0.60329,0.47942,0.57192,0.6424692273139954,0.9461394548416138,a.26.1.1,a.25.1.1,0.0924999999999999,P15018,P02791
1emrA,2itbA,0.56884,0.67169,0.48433,0.5724,0.6140719056129456,0.9434000253677368,a.26.1.1,a.25.1.7,0.08807,P15018,Q88KV1
1emrA,1rccA,0.50484,0.6069,0.47492,0.57286,0.6534428596496582,0.951327919960022,a.26.1.1,a.25.1.1,0.09794,P15018,P07797
1emrA,1mfrA,0.50267,0.60797,0.47278,0.57397,0.6393806338310242,0.9517242908477784,a.26.1.1,a.25.1.1,0.10119,P15018,P07798
1emrA,1rciA,0.50576,0.61029,0.47578,0.57613,0.6432777047157288,0.9477755427360536,a.26.1.1,a.25.1.1,0.10035,P15018,P07797
1emrA,2clbA,0.52967,0.65433,0.51324,0.63459,0.572650671005249,0.9617806673049928,a.26.1.1,,0.1213499999999999,P15018,P95855
1emrA,1zujA,0.54433,0.66538,0.51945,0.63612,0.6160525679588318,0.9763898253440856,a.26.1.1,a.25.1.1,0.11667,P15018,
1emrA,2bjyA,0.53306,0.63836,0.53306,0.63836,0.5911102294921875,0.963378369808197,a.26.1.1,a.25.1.1,0.1053,P15018,P80725
1emrA,1n1qA,0.52727,0.64529,0.52727,0.64529,0.5973181128501892,0.9498313665390016,a.26.1.1,a.25.1.1,0.11802,P15018,P83695
1emrA,2bk6A,0.52934,0.63939,0.52934,0.63939,0.5745877027511597,0.96617192029953,a.26.1.1,a.25.1.1,0.1100499999999999,P15018,P80725
1emrA,2bw1A,0.53053,0.63644,0.53053,0.63644,0.601707935333252,0.9693320393562316,a.26.1.1,a.25.1.1,0.10591,P15018,P0CB53
1emrA,1o9rA,0.54522,0.65705,0.53673,0.64708,0.6226516962051392,0.9661072492599488,a.26.1.1,a.25.1.1,0.1103499999999999,P15018,Q8UCK6
1emrA,2c2fA,0.54572,0.67687,0.49589,0.61546,0.6641424298286438,0.950779378414154,a.26.1.1,a.25.1.0,0.11957,P15018,Q9RS64
1emrA,1umnA,0.53247,0.63633,0.53247,0.63633,0.5850348472595215,0.970533847808838,a.26.1.1,a.25.1.1,0.1038599999999999,P15018,P0CB53
1eumA,1bgcA,0.50623,0.62281,0.50623,0.62281,0.6111539602279663,0.95535010099411,a.25.1.1,a.26.1.1,0.11658,P0A998,P35833
1eumA,1aluA,0.48032,0.58458,0.48032,0.58458,0.6355346441268921,0.959011435508728,a.25.1.1,a.26.1.1,0.1042599999999999,P0A998,P05231
1evsA,2c2fA,0.46077,0.65307,0.43144,0.60806,0.6372002959251404,0.970643162727356,a.26.1.1,a.25.1.0,0.17662,P13725,Q9RS64
1evsA,2bw1A,0.48684,0.59896,0.48684,0.59896,0.5768208503723145,0.9793490171432496,a.26.1.1,a.25.1.1,0.11212,P13725,P0CB53
1evsA,1qghA,0.49418,0.61926,0.49418,0.61926,0.5364972949028015,0.9804823398590088,a.26.1.1,a.25.1.1,0.12508,P13725,P80725
1evsA,2c41A,0.51554,0.66111,0.51554,0.66111,0.5913723707199097,0.9792675971984864,a.26.1.1,a.25.1.0,0.1455699999999999,P13725,Q8DG54
1evsA,1z6oM,0.50132,0.61098,0.4379,0.53842,0.5945906043052673,0.9694175720214844,a.26.1.1,a.25.1.1,0.10052,P13725,A0A7E5WTY7
1evsA,1ji5A,0.49907,0.6215,0.49907,0.6215,0.5404272675514221,0.9760177731513976,a.26.1.1,a.25.1.1,0.12243,P13725,Q8RPQ2
1evsA,1umnA,0.48597,0.59517,0.48597,0.59517,0.5520992875099182,0.9792662858963012,a.26.1.1,a.25.1.1,0.1091999999999999,P13725,P0CB53
1evsA,1jigA,0.50481,0.63485,0.50481,0.63485,0.549447238445282,0.9779946208000184,a.26.1.1,a.25.1.1,0.13004,P13725,Q8RPQ1
1evsA,2cf7A,0.48635,0.60551,0.48635,0.60551,0.5954890251159668,0.979137361049652,a.26.1.1,a.25.1.1,0.1191599999999999,P13725,P0CB53
1evsA,1n1qA,0.50193,0.63506,0.50193,0.63506,0.5718067288398743,0.978567898273468,a.26.1.1,a.25.1.1,0.1331299999999999,P13725,P83695
1evsA,2fjcA,0.45775,0.63004,0.45775,0.63004,0.6030514240264893,0.9888916015625,a.26.1.1,a.25.1.1,0.17229,P13725,P16665
1evsA,1o9rA,0.49431,0.61623,0.49431,0.61623,0.5973923802375793,0.98301500082016,a.26.1.1,a.25.1.1,0.12192,P13725,Q8UCK6
1evsA,1eumA,0.46171,0.54146,0.46171,0.54146,0.6008558869361877,0.9805868864059448,a.26.1.1,a.25.1.1,0.07975,P13725,P0A998
1evsA,1z4aA,0.45088,0.59226,0.44884,0.58937,0.5975407958030701,0.9834709167480468,a.26.1.1,a.25.1.1,0.1405299999999999,P13725,Q9X0L2
1evsA,2gydA,0.45541,0.60091,0.44518,0.58682,0.6025380492210388,0.9780267477035522,a.26.1.1,a.25.1.1,0.14164,P13725,P02791
1evsA,2d5kA,0.50396,0.63602,0.50396,0.63602,0.5486041307449341,0.9767065048217772,a.26.1.1,a.25.1.0,0.13206,P13725,A0A0H2X069
1evsA,2ffxJ,0.45407,0.6064,0.43439,0.57868,0.621340811252594,0.9705595970153807,a.26.1.1,a.25.1.1,0.1442899999999999,P13725,P02792
1evsA,2clbA,0.48936,0.62547,0.48465,0.61943,0.5546537637710571,0.963134229183197,a.26.1.1,,0.13478,P13725,P95855
1evsA,1gwgA,0.4572,0.60682,0.44695,0.59251,0.6031252145767212,0.9768127202987672,a.26.1.1,a.25.1.1,0.1455599999999999,P13725,P02791
1evsA,2iy4A,0.49424,0.62508,0.49424,0.62508,0.5447677373886108,0.9829632639884948,a.26.1.1,a.25.1.1,0.1308399999999999,P13725,Q8Y8G1
1evsA,1rciA,0.48673,0.53869,0.46799,0.51884,0.6160709261894226,0.9736263751983644,a.26.1.1,a.25.1.1,0.0508499999999999,P13725,P07797
1evsA,2bjyA,0.49899,0.61406,0.49899,0.61406,0.5544394850730896,0.9795584678649902,a.26.1.1,a.25.1.1,0.11507,P13725,P80725
1evsA,1h96A,0.45637,0.6021,0.44812,0.59086,0.6086276769638062,0.973907232284546,a.26.1.1,a.25.1.1,0.14274,P13725,P29391
1f1mA,1rj1A,0.4513,0.55314,0.4513,0.55314,0.6434707641601562,0.8978258967399597,a.24.12.1,a.29.6.1,0.1018399999999999,Q9AGB1,O49908
1f1mA,2cj4A,0.45365,0.54476,0.45365,0.54476,0.6534969806671143,0.8975645899772644,a.24.12.1,a.29.6.1,0.09111,Q9AGB1,O49908
1f30A,1yuxA,0.71851,0.71851,0.57282,0.57282,0.8568049669265747,0.8982892036437988,a.25.1.1,a.25.1.1,0.0,P0ABT2,P30820
1f30A,1cnt1,0.53383,0.65928,0.53383,0.65928,0.6424964070320129,0.9468952417373656,a.25.1.1,a.26.1.1,0.1254499999999999,P0ABT2,P26441
1f30A,1cd9A,0.58101,0.72547,0.53534,0.66943,0.5356482267379761,0.970408022403717,a.25.1.1,a.26.1.1,0.1340899999999999,P0ABT2,P09919
1f30A,1rhgA,0.53165,0.68791,0.53165,0.68791,0.5488219857215881,0.9558813571929932,a.25.1.1,a.26.1.1,0.15626,P0ABT2,P09919
1f30A,1bgdA,0.56637,0.71088,0.5632,0.70701,0.5885420441627502,0.965427041053772,a.25.1.1,a.26.1.1,0.14381,P0ABT2,P35834
1f30A,1aluA,0.50318,0.63154,0.50048,0.62814,0.6226308345794678,0.9729309678077698,a.25.1.1,a.26.1.1,0.12766,P0ABT2,P05231
1f30A,1axiA,0.46076,0.6219,0.42173,0.56641,0.6210678219795227,0.9564486742019652,a.25.1.1,a.26.1.1,0.1446799999999999,P0ABT2,P01241
1f6fA,1jigA,0.47323,0.57067,0.47323,0.57067,0.5497605800628662,0.9437110424041748,a.26.1.1,a.25.1.1,0.09744,P16038,Q8RPQ1
1f6fA,1n1qA,0.46584,0.5416,0.46584,0.5416,0.5687779188156128,0.9448184370994568,a.26.1.1,a.25.1.1,0.07576,P16038,P83695
1f6fA,1r03A,0.46383,0.51911,0.46383,0.51911,0.6104055047035217,0.925517201423645,a.26.1.1,a.25.1.1,0.0552799999999999,P16038,Q8N4E7
1f6fA,2fjcA,0.47731,0.58497,0.47731,0.58497,0.5993698239326477,0.9688608646392822,a.26.1.1,a.25.1.1,0.1076599999999999,P16038,P16665
1f6fA,2cf7A,0.48381,0.58439,0.48381,0.58439,0.5910027027130127,0.9691888093948364,a.26.1.1,a.25.1.1,0.1005799999999999,P16038,P0CB53
1f6fA,2bw1A,0.48551,0.58725,0.48551,0.58725,0.5825069546699524,0.9655433297157288,a.26.1.1,a.25.1.1,0.10174,P16038,P0CB53
1f6fA,1umnA,0.48385,0.58471,0.48385,0.58471,0.5586713552474976,0.965842604637146,a.26.1.1,a.25.1.1,0.1008599999999999,P16038,P0CB53
1f6fA,1dpsA,0.48073,0.5831,0.48073,0.5831,0.5831866264343262,0.9758695363998412,a.26.1.1,a.25.1.1,0.1023699999999999,P16038,P0ABT2
1f6fA,1mojA,0.44132,0.59477,0.44132,0.59477,0.5888051986694336,0.9414936304092408,a.26.1.1,a.25.1.1,0.15345,P16038,Q9HMP7
1f6fA,1o9rA,0.48639,0.60092,0.48639,0.60092,0.5852457880973816,0.9646347761154176,a.26.1.1,a.25.1.1,0.11453,P16038,Q8UCK6
1fhaA,1aluA,0.44315,0.54513,0.44315,0.54513,0.6509816646575928,0.954631805419922,a.25.1.1,a.26.1.1,0.10198,P02794,P05231
1fhaA,1wozA,0.52274,0.52274,0.52274,0.52274,0.7080486416816711,0.8290667533874512,a.25.1.1,a.25.2.0,0.0,P02794,Q970Z7
1fxkA,1jq0A,0.53588,0.53588,0.53588,0.53588,0.6390323042869568,0.809165894985199,a.2.5.1,h.3.2.1,0.0,O26774,S4WCF9
1fxkC,2fcwA,0.49388,0.54295,0.49388,0.54295,0.4743321239948272,0.8172972202301025,a.2.5.1,a.13.1.1,0.04907,O27646,P30533
1gncA,1dpsA,0.41989,0.53023,0.41989,0.53023,0.5691349506378174,0.96602463722229,a.26.1.1,a.25.1.1,0.11034,P09919,P0ABT2
1gncA,1f30A,0.41727,0.52927,0.41727,0.52927,0.5752595663070679,0.9599220156669616,a.26.1.1,a.25.1.1,0.112,P09919,P0ABT2
1gwgA,1pvhB,0.47988,0.5822,0.47744,0.5794,0.6093857288360596,0.9537091851234436,a.25.1.1,a.26.1.1,0.10196,P02791,P15018
1gwgA,1lkiA,0.47772,0.57743,0.46838,0.56674,0.5956836938858032,0.9350431561470032,a.25.1.1,a.26.1.1,0.09836,P02791,P09056
1gwgA,1bgcA,0.46927,0.60088,0.46927,0.60088,0.6072614192962646,0.9456776976585388,a.25.1.1,a.26.1.1,0.1316099999999999,P02791,P35833
1gwgA,1f6fA,0.50287,0.5934,0.46848,0.55478,0.5932549834251404,0.9484127163887024,a.25.1.1,a.26.1.1,0.0863,P02791,P16038
1h96A,1cd9A,0.51148,0.63938,0.50136,0.62702,0.5567411184310913,0.9421489238739014,a.25.1.1,a.26.1.1,0.12566,P29391,P09919
1h96A,1f6fA,0.50454,0.60189,0.46777,0.55878,0.5957110524177551,0.9422264099121094,a.25.1.1,a.26.1.1,0.09101,P29391,P16038
1h96A,1axiA,0.4545,0.5579,0.4376,0.53767,0.6372178792953491,0.934180498123169,a.25.1.1,a.26.1.1,0.1000699999999999,P29391,P01241
1h96A,1bgdA,0.46705,0.60211,0.46705,0.60211,0.6089800596237183,0.9334099292755128,a.25.1.1,a.26.1.1,0.13506,P29391,P35834
1huwA,1yuzA,0.42403,0.55661,0.3643,0.47864,0.6756001710891724,0.853165864944458,a.26.1.1,a.25.1.1,0.11434,P01241,P30820
1huwA,1yuxA,0.42378,0.55291,0.36408,0.47603,0.6650961637496948,0.8688141703605652,a.26.1.1,a.25.1.1,0.11195,P01241,P30820
1huwA,1aewA,0.42361,0.42361,0.41578,0.41578,0.6324188709259033,0.9271159172058104,a.26.1.1,a.25.1.1,0.0,P01241,P02791
1hwgA,1z6oM,0.39793,0.50645,0.3868,0.49174,0.6246221661567688,0.9215311408042908,a.26.1.1,a.25.1.1,0.10494,P01241,A0A7E5WTY7
1hwgA,1rytA,0.43618,0.55681,0.42458,0.54244,0.617011308670044,0.8850942254066467,a.26.1.1,a.25.1.1,0.11786,P01241,P24931
1hwgA,2cf7A,0.41452,0.51436,0.41452,0.51436,0.6283011436462402,0.9566202163696288,a.26.1.1,a.25.1.1,0.09984,P01241,P0CB53
1hwgA,1mojA,0.42567,0.5563,0.42567,0.5563,0.6244737505912781,0.9189014434814452,a.26.1.1,a.25.1.1,0.13063,P01241,Q9HMP7
1hwgA,2fkzA,0.42499,0.53471,0.42499,0.53471,0.6335822939872742,0.9455379843711852,a.26.1.1,a.25.1.1,0.10972,P01241,P22759
1hwgA,1nf4A,0.42492,0.52538,0.42492,0.52538,0.6305723786354065,0.9426039457321168,a.26.1.1,a.25.1.1,0.1004599999999999,P01241,Q93PP9
1hwgA,1jgcA,0.42388,0.5244,0.42388,0.5244,0.5954226851463318,0.9267855882644652,a.26.1.1,a.25.1.1,0.10052,P01241,Q59738
1hwgA,2fzfA,0.49359,0.62132,0.49359,0.62132,0.6539665460586548,0.9568501710891724,a.26.1.1,a.25.1.1,0.12773,P01241,Q8U1L6
1hwgA,1b71A,0.43539,0.55719,0.42202,0.5405,0.624305248260498,0.8715027570724487,a.26.1.1,a.25.1.1,0.1184799999999999,P01241,P24931
1hwgA,2iy4A,0.40998,0.52382,0.40998,0.52382,0.5672788023948669,0.9523112773895264,a.26.1.1,a.25.1.1,0.1138399999999999,P01241,Q8Y8G1
1hwgA,1umnA,0.40525,0.5216,0.40525,0.5216,0.5835667252540588,0.9504197239875792,a.26.1.1,a.25.1.1,0.1163499999999999,P01241,P0CB53
1hwgA,1jigA,0.42839,0.50825,0.42839,0.50825,0.5730831623077393,0.9307368993759156,a.26.1.1,a.25.1.1,0.0798599999999999,P01241,Q8RPQ1
1hwgA,2gydA,0.40896,0.51681,0.40896,0.51681,0.6293711066246033,0.9346972703933716,a.26.1.1,a.25.1.1,0.10785,P01241,P02791
1hwgA,1eumA,0.41591,0.51955,0.41591,0.51955,0.6283749341964722,0.935103952884674,a.26.1.1,a.25.1.1,0.1036399999999999,P01241,P0A998
1hwgA,1z4aA,0.41177,0.50349,0.41177,0.50349,0.6209211349487305,0.9423794746398926,a.26.1.1,a.25.1.1,0.0917199999999999,P01241,Q9X0L2
1hwgA,1sofA,0.42368,0.53232,0.42368,0.53232,0.6161143183708191,0.9463661909103394,a.26.1.1,a.25.1.1,0.10864,P01241,P22759
1hwgA,2bw1A,0.42673,0.52379,0.42673,0.52379,0.6087347269058228,0.9517768025398254,a.26.1.1,a.25.1.1,0.0970599999999999,P01241,P0CB53
1hwgA,1krqA,0.41503,0.49588,0.41503,0.49588,0.6188910007476807,0.938179850578308,a.26.1.1,a.25.1.1,0.0808499999999999,P01241,Q46106
1hwgA,2d5kA,0.42599,0.52789,0.42599,0.52789,0.5713492035865784,0.9298832416534424,a.26.1.1,a.25.1.0,0.1018999999999999,P01241,A0A0H2X069
1hwgA,1aewA,0.41014,0.52004,0.41014,0.52004,0.6378213167190552,0.92348974943161,a.26.1.1,a.25.1.1,0.1098999999999999,P01241,P02791
1hwgA,1s3qA,0.3821,0.3821,0.3821,0.3821,0.5751955509185791,0.9619898796081544,a.26.1.1,a.25.1.1,0.0,P01241,O29424
1hwgA,2c2fA,0.42231,0.5454,0.42231,0.5454,0.6773309707641602,0.9263945817947388,a.26.1.1,a.25.1.0,0.1230899999999999,P01241,Q9RS64
1hwgA,2fg4A,0.39583,0.52221,0.39583,0.52221,0.6498128771781921,0.9148322343826294,a.26.1.1,a.25.1.1,0.1263799999999999,P01241,P02792
1hwgA,1rccA,0.40799,0.52212,0.40799,0.52212,0.6510443091392517,0.9291484355926514,a.26.1.1,a.25.1.1,0.11413,P01241,P07797
1hwgA,1bcfA,0.42854,0.53728,0.42854,0.53728,0.6205518841743469,0.9538933038711548,a.26.1.1,a.25.1.1,0.10874,P01241,P0ABD3
1hwgA,1rcdA,0.40875,0.52307,0.40875,0.52307,0.6459605693817139,0.926764965057373,a.26.1.1,a.25.1.1,0.11432,P01241,P07797
1hwgA,2bjyA,0.41545,0.51513,0.41545,0.51513,0.5806135535240173,0.9482185244560242,a.26.1.1,a.25.1.1,0.0996799999999999,P01241,P80725
1hwgA,2cluA,0.4075,0.51996,0.4075,0.51996,0.6385245323181152,0.930183172225952,a.26.1.1,a.25.1.1,0.11246,P01241,P02794
1hwgA,1n1qA,0.42121,0.50999,0.42121,0.50999,0.5987887382507324,0.9314061403274536,a.26.1.1,a.25.1.1,0.08878,P01241,P83695
1hwgA,1qghA,0.41353,0.5269,0.41353,0.5269,0.560734748840332,0.9534299373626708,a.26.1.1,a.25.1.1,0.11337,P01241,P80725
1hwgA,1o9rA,0.43133,0.54102,0.43133,0.54102,0.6242509484291077,0.9443036913871764,a.26.1.1,a.25.1.1,0.1096899999999999,P01241,Q8UCK6
1hwgA,1vlgA,0.41314,0.51017,0.41314,0.51017,0.6194958090782166,0.9435153007507324,a.26.1.1,a.25.1.1,0.09703,P01241,Q9X0L2
1hwgA,2bk6A,0.41235,0.51754,0.41235,0.51754,0.5612881183624268,0.9503546357154846,a.26.1.1,a.25.1.1,0.10519,P01241,P80725
1hwgA,1ji5A,0.41255,0.50685,0.41255,0.50685,0.5700037479400635,0.9315805435180664,a.26.1.1,a.25.1.1,0.0943,P01241,Q8RPQ2
1hwgA,1jreA,0.42429,0.52987,0.42429,0.52987,0.6076983213424683,0.9508652687072754,a.26.1.1,a.25.1.1,0.1055799999999999,P01241,P0ABT2
1hwgA,2bkcA,0.41628,0.53077,0.41628,0.53077,0.5864453315734863,0.954859733581543,a.26.1.1,a.25.1.1,0.1144899999999999,P01241,P80725
1hwgA,2fjcA,0.41748,0.52766,0.41748,0.52766,0.6316660046577454,0.9554030299186708,a.26.1.1,a.25.1.1,0.11018,P01241,P16665
1hwgA,1f30A,0.42424,0.53399,0.42424,0.53399,0.6164447069168091,0.9506686925888062,a.26.1.1,a.25.1.1,0.1097499999999999,P01241,P0ABT2
1i1rB,2gs4A,0.45132,0.56365,0.45132,0.56365,0.6099469661712646,0.9107723236083984,a.26.1.1,a.25.1.4,0.1123299999999999,Q98823,P21362
1i1rB,1nf4A,0.44297,0.56238,0.43873,0.55707,0.6359279155731201,0.9634891748428344,a.26.1.1,a.25.1.1,0.1183399999999999,Q98823,Q93PP9
1i1rB,1z4aA,0.42984,0.52497,0.42984,0.52497,0.6235954761505127,0.963272213935852,a.26.1.1,a.25.1.1,0.09513,Q98823,Q9X0L2
1i1rB,1vlgA,0.43072,0.52882,0.43072,0.52882,0.6240029335021973,0.9634976387023926,a.26.1.1,a.25.1.1,0.0980999999999999,Q98823,Q9X0L2
1i1rB,2fzfA,0.49672,0.64795,0.49672,0.64795,0.6734822392463684,0.983153223991394,a.26.1.1,a.25.1.1,0.15123,Q98823,Q8U1L6
1i1rB,2fkzA,0.4437,0.56157,0.4437,0.56157,0.6408258080482483,0.9667589664459229,a.26.1.1,a.25.1.1,0.11787,Q98823,P22759
1i1rB,2fg4A,0.3958,0.53438,0.38876,0.52501,0.65622878074646,0.930180549621582,a.26.1.1,a.25.1.1,0.1362499999999999,Q98823,P02792
1i1rB,1umnA,0.46157,0.59068,0.46157,0.59068,0.5922696590423584,0.9743943214416504,a.26.1.1,a.25.1.1,0.12911,Q98823,P0CB53
1i1rB,1vjxA,0.45851,0.5866,0.45851,0.5866,0.6282966732978821,0.9800174236297609,a.26.1.1,a.25.1.1,0.12809,Q98823,Q9X1L2
1i1rB,2gydA,0.42998,0.53388,0.42798,0.5315,0.6396485567092896,0.9542149305343628,a.26.1.1,a.25.1.1,0.1035199999999999,Q98823,P02791
1i1rB,2cn7A,0.39516,0.55153,0.38645,0.53917,0.6531955003738403,0.9502291679382324,a.26.1.1,a.25.1.1,0.15272,Q98823,P02794
1i1rB,1qghA,0.46023,0.59065,0.46023,0.59065,0.5753980278968811,0.9751816987991332,a.26.1.1,a.25.1.1,0.13042,Q98823,P80725
1i1rB,1krqA,0.43442,0.54164,0.43442,0.54164,0.6222423911094666,0.9599402546882628,a.26.1.1,a.25.1.1,0.10722,Q98823,Q46106
1i1rB,1gwgA,0.43134,0.53685,0.42934,0.53444,0.6390138268470764,0.9516539573669434,a.26.1.1,a.25.1.1,0.1051,Q98823,P02791
1i1rB,2bw1A,0.46456,0.59523,0.46456,0.59523,0.6029691696166992,0.9695407152175904,a.26.1.1,a.25.1.1,0.13067,Q98823,P0CB53
1i1rB,1aewA,0.43042,0.53413,0.42446,0.52707,0.6505738496780396,0.9425973296165466,a.26.1.1,a.25.1.1,0.10261,Q98823,P02791
1i1rB,2cluA,0.39418,0.55188,0.38564,0.53944,0.6511095762252808,0.9515132904052734,a.26.1.1,a.25.1.1,0.1538,Q98823,P02794
1i1rB,1n1qA,0.44765,0.56468,0.44765,0.56468,0.6046435832977295,0.9520890116691588,a.26.1.1,a.25.1.1,0.1170299999999999,Q98823,P83695
1i1rB,2d5kA,0.45526,0.57178,0.45526,0.57178,0.582123339176178,0.9528229236602784,a.26.1.1,a.25.1.0,0.1165199999999999,Q98823,A0A0H2X069
1i1rB,1sofA,0.44227,0.55992,0.44227,0.55992,0.622162938117981,0.9702073335647584,a.26.1.1,a.25.1.1,0.1176499999999999,Q98823,P22759
1i1rB,1o9rA,0.46944,0.59943,0.46944,0.59943,0.6284424066543579,0.9668325185775756,a.26.1.1,a.25.1.1,0.12999,Q98823,Q8UCK6
1i1rB,1mojA,0.46311,0.61218,0.43592,0.5757,0.6304616928100586,0.9440749883651732,a.26.1.1,a.25.1.1,0.13978,Q98823,Q9HMP7
1i1rB,1rcdA,0.43453,0.5373,0.42659,0.52788,0.6564663648605347,0.9466379880905152,a.26.1.1,a.25.1.1,0.1012899999999999,Q98823,P07797
1i1rB,2chiA,0.39328,0.5502,0.38481,0.53766,0.6487171649932861,0.954547882080078,a.26.1.1,a.25.1.1,0.15285,Q98823,P02794
1i1rB,1jigA,0.45762,0.58265,0.45762,0.58265,0.585296630859375,0.9539940357208252,a.26.1.1,a.25.1.1,0.1250299999999999,Q98823,Q8RPQ1
1i1rB,1mfrA,0.39382,0.54965,0.38667,0.5398,0.6467821598052979,0.9514817595481871,a.26.1.1,a.25.1.1,0.1531299999999999,Q98823,P07798
1i1rB,2ib0A,0.46715,0.60502,0.46715,0.60502,0.6095913648605347,0.9910273551940918,a.26.1.1,a.25.1.9,0.13787,Q98823,O05815
1i1rB,1jgcA,0.43638,0.55169,0.43638,0.55169,0.6031020879745483,0.9546948075294496,a.26.1.1,a.25.1.1,0.11531,Q98823,Q59738
1i1rB,1dpsA,0.45626,0.59407,0.45626,0.59407,0.6231356263160706,0.9822788238525392,a.26.1.1,a.25.1.1,0.13781,Q98823,P0ABT2
1i1rB,1r03A,0.4318,0.54113,0.42387,0.53149,0.6450862288475037,0.9282456636428832,a.26.1.1,a.25.1.1,0.10762,Q98823,Q8N4E7
1i1rB,1s3qA,0.40236,0.51479,0.40236,0.51479,0.5992410182952881,0.981443464756012,a.26.1.1,a.25.1.1,0.1124299999999999,Q98823,O29424
1i1rB,2bjyA,0.46492,0.59636,0.46492,0.59636,0.5931656360626221,0.9704796075820924,a.26.1.1,a.25.1.1,0.13144,Q98823,P80725
1i1rB,1bcfA,0.43736,0.56408,0.43736,0.56408,0.6278058886528015,0.9735482931137084,a.26.1.1,a.25.1.1,0.12672,Q98823,P0ABD3
1i1rB,2iy4A,0.46476,0.5995,0.46476,0.5995,0.579367995262146,0.9734782576560974,a.26.1.1,a.25.1.1,0.13474,Q98823,Q8Y8G1
1i1rB,1rccA,0.43458,0.53752,0.42653,0.52809,0.6612780094146729,0.9490679502487184,a.26.1.1,a.25.1.1,0.1015599999999999,Q98823,P07797
1i1rB,1fhaA,0.39115,0.52965,0.38261,0.51819,0.6490321159362793,0.9557983875274658,a.26.1.1,a.25.1.1,0.13558,Q98823,P02794
1i1rB,1rciA,0.43677,0.53857,0.42866,0.5291,0.6504064798355103,0.9470394849777222,a.26.1.1,a.25.1.1,0.10044,Q98823,P07797
1i1rB,1jreA,0.45701,0.59215,0.45701,0.59215,0.6197119951248169,0.9764019250869752,a.26.1.1,a.25.1.1,0.1351399999999999,Q98823,P0ABT2
1i1rB,1f30A,0.45617,0.59147,0.45617,0.59147,0.6275179982185364,0.976597249507904,a.26.1.1,a.25.1.1,0.1353,Q98823,P0ABT2
1i1rB,2bk6A,0.4609,0.59173,0.4609,0.59173,0.575617253780365,0.9733936190605164,a.26.1.1,a.25.1.1,0.13083,Q98823,P80725
1i1rB,1ji4A,0.4631,0.55701,0.4631,0.55701,0.5728029012680054,0.9648094177246094,a.26.1.1,a.25.1.1,0.09391,Q98823,P43313
1il6A,1zujA,0.4847,0.61733,0.48008,0.61154,0.59285569190979,0.9750640392303468,a.26.1.1,a.25.1.1,0.1314599999999999,P05231,
1il6A,1zs3A,0.48636,0.61966,0.47497,0.6053,0.5886452198028564,0.9720546007156372,a.26.1.1,a.25.1.1,0.1303299999999999,P05231,
1il6A,1vjxA,0.46173,0.60824,0.46173,0.60824,0.5959076881408691,0.9763350486755372,a.26.1.1,a.25.1.1,0.14651,P05231,Q9X1L2
1jgcA,1lkiA,0.52668,0.62161,0.49473,0.58559,0.5635212659835815,0.9326645731925964,a.25.1.1,a.26.1.1,0.09086,Q59738,P09056
1jgcA,1pvhB,0.47952,0.62593,0.45995,0.59822,0.5804126262664795,0.9528271555900574,a.25.1.1,a.26.1.1,0.1382699999999999,Q59738,P15018
1jgcA,1cnt1,0.53522,0.65383,0.53522,0.65383,0.6286351680755615,0.9232367277145386,a.25.1.1,a.26.1.1,0.11861,Q59738,P26441
1ji5A,1wu3I,0.52614,0.67202,0.47438,0.6061,0.6178469657897949,0.9308124780654908,a.25.1.1,a.26.1.3,0.1317199999999999,Q8RPQ2,P01575
1jmwA,1ea8A,0.53092,0.64808,0.53092,0.64808,0.8060379028320312,0.9733067750930786,a.24.2.1,a.24.1.1,0.11716,P02941,P02649
1jreA,1cnt1,0.53186,0.64994,0.53186,0.64994,0.6333834528923035,0.9459967613220216,a.25.1.1,a.26.1.1,0.1180799999999999,P0ABT2,P26441
1jreA,1rhgA,0.5293,0.65138,0.5293,0.65138,0.5380398035049438,0.9566044807434082,a.25.1.1,a.26.1.1,0.1220799999999999,P0ABT2,P09919
1jreA,1aluA,0.50245,0.62737,0.50245,0.62737,0.6150943636894226,0.9727364182472228,a.25.1.1,a.26.1.1,0.12492,P0ABT2,P05231
1jreA,1a22A,0.50322,0.62413,0.44816,0.55836,0.6126133799552917,0.9537249803543092,a.25.1.1,a.26.1.1,0.1101999999999999,P0ABT2,P01241
1k33A,1wcrA,0.74368,0.7176,0.49263,0.47725,0.6762878894805908,0.7337864637374878,h.3.2.1,a.7.2.0,-0.01538,P04578,P69791
1k33A,2e2aA,0.74145,0.74145,0.48719,0.48719,0.6872689127922058,0.6931436657905579,h.3.2.1,a.7.2.1,0.0,P04578,P23532
1k40A,2cj4A,0.53717,0.67357,0.477,0.59567,0.8457938432693481,0.8121392726898193,a.24.14.1,a.29.6.1,0.11867,P34152,O49908
1l3pA,1nlxA,0.62705,0.678,0.61776,0.6679,0.9906891584396362,0.9894404411315918,a.24.17.1,a.24.17.1,0.05014,Q40963,P43215
1lihA,1ea8A,0.53659,0.62132,0.53659,0.62132,0.8025578856468201,0.9478742480278016,a.24.2.1,a.24.1.1,0.0847299999999999,P02941,P02649
1lihA,1gs9A,0.54111,0.6331,0.54111,0.6331,0.7631316184997559,0.9633126258850098,a.24.2.1,a.24.1.1,0.09199,P02941,P02649
1lihA,1b68A,0.53611,0.62047,0.53611,0.62047,0.8063333034515381,0.9484032392501832,a.24.2.1,a.24.1.1,0.0843599999999999,P02941,P02649
1lkiA,1z4aA,0.45084,0.54044,0.45084,0.54044,0.588215708732605,0.9478182196617126,a.26.1.1,a.25.1.1,0.0896,P09056,Q9X0L2
1lkiA,2cf7A,0.49433,0.59228,0.49433,0.59228,0.5831625461578369,0.9531842470169068,a.26.1.1,a.25.1.1,0.09795,P09056,P0CB53
1lkiA,1nf4A,0.4902,0.5955,0.4902,0.5955,0.5906626582145691,0.9545202255249025,a.26.1.1,a.25.1.1,0.1053,P09056,Q93PP9
1lkiA,2bw1A,0.49795,0.59377,0.49795,0.59377,0.5625560283660889,0.954212486743927,a.26.1.1,a.25.1.1,0.09582,P09056,P0CB53
1lkiA,2c2fA,0.51202,0.6337,0.49722,0.61568,0.6445407271385193,0.9264041185379028,a.26.1.1,a.25.1.0,0.11846,P09056,Q9RS64
1lkiA,1s3qA,0.42383,0.52262,0.42383,0.52262,0.5499346852302551,0.9691838026046752,a.26.1.1,a.25.1.1,0.0987899999999999,P09056,O29424
1lkiA,2fkzA,0.49888,0.60194,0.49888,0.60194,0.5996792316436768,0.9565615057945251,a.26.1.1,a.25.1.1,0.10306,P09056,P22759
1lkiA,1krqA,0.46278,0.55613,0.46278,0.55613,0.5855788588523865,0.9391698837280272,a.26.1.1,a.25.1.1,0.0933499999999999,P09056,Q46106
1lkiA,1sofA,0.4967,0.59387,0.4967,0.59387,0.5787454843521118,0.96069073677063,a.26.1.1,a.25.1.1,0.09717,P09056,P22759
1lkiA,1o9rA,0.5125,0.61107,0.5125,0.61107,0.5858743190765381,0.949009895324707,a.26.1.1,a.25.1.1,0.09857,P09056,Q8UCK6
1lkiA,1umnA,0.49629,0.59404,0.49629,0.59404,0.547041118144989,0.9559953212738036,a.26.1.1,a.25.1.1,0.09775,P09056,P0CB53
1lkiA,1bcfA,0.49922,0.59832,0.49922,0.59832,0.5841006636619568,0.9603116512298584,a.26.1.1,a.25.1.1,0.0990999999999999,P09056,P0ABD3
1lkiA,2c41A,0.51308,0.58996,0.51308,0.58996,0.5856630206108093,0.925832748413086,a.26.1.1,a.25.1.0,0.07688,P09056,Q8DG54
1lkiA,2d5kA,0.50175,0.61192,0.50175,0.61192,0.5425169467926025,0.9280360341072084,a.26.1.1,a.25.1.0,0.1101699999999999,P09056,A0A0H2X069
1lkiA,1jigA,0.49533,0.60699,0.49533,0.60699,0.5431376099586487,0.9327496886253356,a.26.1.1,a.25.1.1,0.11166,P09056,Q8RPQ1
1lkiA,2fg4A,0.4707,0.56593,0.4707,0.56593,0.6098275184631348,0.9177331924438475,a.26.1.1,a.25.1.1,0.09523,P09056,P02792
1lkiA,2chiA,0.46817,0.56503,0.46817,0.56503,0.604832649230957,0.9315940141677856,a.26.1.1,a.25.1.1,0.09686,P09056,P02794
1lkiA,2cn7A,0.46885,0.56774,0.46885,0.56774,0.6095990538597107,0.9290238618850708,a.26.1.1,a.25.1.1,0.09889,P09056,P02794
1lkiA,2bjyA,0.5022,0.60763,0.5022,0.60763,0.5548157095909119,0.9457874894142152,a.26.1.1,a.25.1.1,0.10543,P09056,P80725
1lkiA,2cluA,0.46931,0.56668,0.46931,0.56668,0.6075021624565125,0.9298077821731568,a.26.1.1,a.25.1.1,0.0973699999999999,P09056,P02794
1lkiA,2bk6A,0.49908,0.60703,0.49908,0.60703,0.5346719026565552,0.9492986798286438,a.26.1.1,a.25.1.1,0.1079499999999999,P09056,P80725
1lkiA,1qghA,0.49999,0.60452,0.49999,0.60452,0.5341317057609558,0.9496034979820251,a.26.1.1,a.25.1.1,0.1045299999999999,P09056,P80725
1lkiA,1dpsA,0.48114,0.59439,0.48114,0.59439,0.5749047994613647,0.9675429463386536,a.26.1.1,a.25.1.1,0.1132499999999999,P09056,P0ABT2
1lkiA,1n1qA,0.49469,0.60437,0.49469,0.60437,0.5604802966117859,0.9294883608818054,a.26.1.1,a.25.1.1,0.1096799999999999,P09056,P83695
1lkiA,2fjcA,0.50219,0.61521,0.50219,0.61521,0.5920738577842712,0.9549379348754884,a.26.1.1,a.25.1.1,0.11302,P09056,P16665
1lkiA,1fhaA,0.46512,0.56123,0.46512,0.56123,0.5999085903167725,0.9326187968254088,a.26.1.1,a.25.1.1,0.09611,P09056,P02794
1lkiA,1ji4A,0.48876,0.59279,0.48876,0.59279,0.521957516670227,0.9387729167938232,a.26.1.1,a.25.1.1,0.10403,P09056,P43313
1lkiA,2iy4A,0.50033,0.60706,0.50033,0.60706,0.539469838142395,0.9508008360862732,a.26.1.1,a.25.1.1,0.1067299999999999,P09056,Q8Y8G1
1lkiA,1jreA,0.48152,0.59542,0.48152,0.59542,0.570621132850647,0.9593452215194702,a.26.1.1,a.25.1.1,0.1138999999999999,P09056,P0ABT2
1lkiA,1uvhA,0.50669,0.60644,0.50669,0.60644,0.5949109196662903,0.9540095925331116,a.26.1.1,a.25.1.1,0.09975,P09056,P0C558
1lkiA,2ib0A,0.48856,0.58951,0.48856,0.58951,0.5566014647483826,0.9809225797653198,a.26.1.1,a.25.1.9,0.1009499999999999,P09056,O05815
1lkiA,1f30A,0.48081,0.59465,0.48081,0.59465,0.5784242749214172,0.958978533744812,a.26.1.1,a.25.1.1,0.11384,P09056,P0ABT2
1lkiA,2bkcA,0.4981,0.59509,0.4981,0.59509,0.5588696599006653,0.9523266553878784,a.26.1.1,a.25.1.1,0.09699,P09056,P80725
1lkiA,1eerA,0.55437,0.55437,0.55437,0.55437,0.9403867721557616,0.9386942982673644,a.26.1.1,a.26.1.2,0.0,P09056,P01588
1lkiA,1b71A,0.49776,0.57221,0.45482,0.52498,0.5801956653594971,0.9336453676223756,a.26.1.1,a.25.1.1,0.07016,P09056,P24931
1lkiA,1ji5A,0.48976,0.594,0.48976,0.594,0.5405723452568054,0.9342315196990968,a.26.1.1,a.25.1.1,0.10424,P09056,Q8RPQ2
1m62A,1itfA,0.52853,0.53229,0.32607,0.3342,0.7521263957023621,0.632420539855957,a.7.7.1,a.26.1.3,0.0081299999999999,O95429,P01563
1mfrA,1pvhB,0.47568,0.57898,0.47568,0.57898,0.6170425415039062,0.9509793519973756,a.25.1.1,a.26.1.1,0.1033,P07798,P15018
1mfrA,1lkiA,0.47241,0.57297,0.47013,0.57031,0.6028690338134766,0.9308265447616576,a.25.1.1,a.26.1.1,0.1001799999999999,P07798,P09056
1mfrA,1f6fA,0.49191,0.59241,0.46507,0.56129,0.6013990044593811,0.9435595273971558,a.25.1.1,a.26.1.1,0.0962199999999999,P07798,P16038
1nf4A,1axiA,0.44749,0.55652,0.43513,0.5413,0.6316730380058289,0.9521727561950684,a.25.1.1,a.26.1.1,0.1061699999999999,Q93PP9,P01241
1nf4A,1pvhB,0.50576,0.60777,0.50576,0.60777,0.6102441549301147,0.9698435068130492,a.25.1.1,a.26.1.1,0.10201,Q93PP9,P15018
1nf4A,1cnt1,0.51113,0.63695,0.51113,0.63695,0.6483485698699951,0.9322752952575684,a.25.1.1,a.26.1.1,0.12582,Q93PP9,P26441
1nf4A,1aluA,0.456,0.58201,0.456,0.58201,0.6287108659744263,0.9658981561660768,a.25.1.1,a.26.1.1,0.12601,Q93PP9,P05231
1nf4A,1f6fA,0.50038,0.60524,0.46762,0.56685,0.5904116630554199,0.9599590301513672,a.25.1.1,a.26.1.1,0.0992299999999999,Q93PP9,P16038
1nz6A,1cd9A,0.48551,0.48551,0.312,0.312,0.5870828628540039,0.6331307888031006,a.2.3.1,a.26.1.1,0.0,Q27974,P09919
1nzeA,1u89A,0.59336,0.7895,0.49075,0.65442,0.9382664561271667,0.8972457051277161,a.24.18.1,a.216.1.1,0.1636699999999999,P12301,P26039
1o9rA,1cnt1,0.52231,0.64971,0.52231,0.64971,0.6504820585250854,0.9454137086868286,a.25.1.1,a.26.1.1,0.1273999999999999,Q8UCK6,P26441
1oryA,1p68A,0.40475,0.56788,0.40475,0.56788,0.9064529538154602,0.9196180105209352,a.24.19.1,k.8.1.1,0.16313,O67806,
1p68A,1ktmA,0.56359,0.7259,0.4398,0.57207,0.8341721892356873,0.8938195705413818,k.8.1.1,a.24.14.1,0.1322699999999999,,Q00944
1p9mB,1ji5A,0.45748,0.56124,0.45748,0.56124,0.5655844211578369,0.9423236846923828,a.26.1.1,a.25.1.1,0.1037599999999999,P05231,Q8RPQ2
1pvhB,2cf7A,0.5046,0.60517,0.5046,0.60517,0.6010340452194214,0.968359351158142,a.26.1.1,a.25.1.1,0.1005699999999999,P15018,P0CB53
1pvhB,1umnA,0.50587,0.60716,0.50587,0.60716,0.5697330236434937,0.9703027009963988,a.26.1.1,a.25.1.1,0.1012899999999999,P15018,P0CB53
1pvhB,2ffxJ,0.47665,0.58054,0.46744,0.56969,0.6213319301605225,0.9459307193756104,a.26.1.1,a.25.1.1,0.10225,P15018,P02792
1pvhB,2bw1A,0.50383,0.60795,0.50383,0.60795,0.5865461230278015,0.968656837940216,a.26.1.1,a.25.1.1,0.1041199999999999,P15018,P0CB53
1pvhB,2fg4A,0.47972,0.57859,0.47509,0.5732,0.6232953071594238,0.937908411026001,a.26.1.1,a.25.1.1,0.09811,P15018,P02792
1pvhB,1s3qA,0.43483,0.53722,0.43483,0.53722,0.5712215304374695,0.9815013408660888,a.26.1.1,a.25.1.1,0.10239,P15018,O29424
1pvhB,1yuxA,0.47858,0.626,0.41307,0.54165,0.6628056168556213,0.9174907207489014,a.26.1.1,a.25.1.1,0.1285799999999999,P15018,P30820
1pvhB,1krqA,0.47633,0.57566,0.47633,0.57566,0.6008169651031494,0.9598239064216614,a.26.1.1,a.25.1.1,0.0993299999999999,P15018,Q46106
1pvhB,2d5kA,0.51374,0.62272,0.51374,0.62272,0.5620163679122925,0.9509127140045166,a.26.1.1,a.25.1.0,0.10898,P15018,A0A0H2X069
1pvhB,1r03A,0.48399,0.58472,0.4792,0.57926,0.622151255607605,0.9289755821228028,a.26.1.1,a.25.1.1,0.1000599999999999,P15018,Q8N4E7
1pvhB,2fkzA,0.47895,0.60551,0.47895,0.60551,0.6166183352470398,0.971176266670227,a.26.1.1,a.25.1.1,0.12656,P15018,P22759
1pvhB,2clbA,0.49938,0.6233,0.49938,0.6233,0.567050576210022,0.9582878947257996,a.26.1.1,,0.1239199999999999,P15018,P95855
1pvhB,1yuzA,0.47858,0.62663,0.41322,0.54208,0.6685351133346558,0.9087731838226318,a.26.1.1,a.25.1.1,0.12886,P15018,P30820
1pvhB,2itbA,0.54579,0.64025,0.48786,0.57226,0.6474831700325012,0.9468902945518494,a.26.1.1,a.25.1.7,0.0843999999999999,P15018,Q88KV1
1pvhB,1eumA,0.48038,0.58251,0.48038,0.58251,0.6140957474708557,0.9621882438659668,a.26.1.1,a.25.1.1,0.10213,P15018,P0A998
1pvhB,2chiA,0.47809,0.57922,0.47095,0.5712,0.6178551912307739,0.952445149421692,a.26.1.1,a.25.1.1,0.10025,P15018,P02794
1pvhB,2c41A,0.52544,0.64381,0.52544,0.64381,0.6025248765945435,0.9498853087425232,a.26.1.1,a.25.1.0,0.1183699999999999,P15018,Q8DG54
1pvhB,1o9rA,0.51621,0.62373,0.51621,0.62373,0.599962592124939,0.967793345451355,a.26.1.1,a.25.1.1,0.10752,P15018,Q8UCK6
1pvhB,1uvhA,0.51398,0.61123,0.51398,0.61123,0.6113872528076172,0.970569908618927,a.26.1.1,a.25.1.1,0.09725,P15018,P0C558
1pvhB,1mojA,0.52764,0.63668,0.49942,0.60323,0.5961989164352417,0.9423221349716188,a.26.1.1,a.25.1.1,0.10381,P15018,Q9HMP7
1pvhB,1rytA,0.51478,0.581,0.46479,0.52783,0.6037447452545166,0.9420149326324464,a.26.1.1,a.25.1.1,0.06304,P15018,P24931
1pvhB,1n1qA,0.50623,0.6191,0.50623,0.6191,0.5793112516403198,0.9529412984848022,a.26.1.1,a.25.1.1,0.11287,P15018,P83695
1pvhB,1qghA,0.50844,0.61397,0.50844,0.61397,0.5564543008804321,0.9671619534492492,a.26.1.1,a.25.1.1,0.10553,P15018,P80725
1pvhB,1jigA,0.50874,0.61849,0.50874,0.61849,0.5638298988342285,0.9547852277755736,a.26.1.1,a.25.1.1,0.10975,P15018,Q8RPQ1
1pvhB,1f30A,0.49095,0.61062,0.49095,0.61062,0.5930561423301697,0.97333163022995,a.26.1.1,a.25.1.1,0.11967,P15018,P0ABT2
1pvhB,2ib0A,0.4954,0.61182,0.4954,0.61182,0.5779051184654236,0.9834423661231996,a.26.1.1,a.25.1.9,0.11642,P15018,O05815
1pvhB,1sofA,0.47823,0.61355,0.47823,0.61355,0.5973372459411621,0.9735933542251588,a.26.1.1,a.25.1.1,0.13532,P15018,P22759
1pvhB,1jreA,0.49106,0.61088,0.49106,0.61088,0.5864288210868835,0.9730153679847716,a.26.1.1,a.25.1.1,0.1198199999999999,P15018,P0ABT2
1pvhB,2bk6A,0.5097,0.616,0.5097,0.616,0.5568714737892151,0.9666756391525269,a.26.1.1,a.25.1.1,0.1062999999999999,P15018,P80725
1pvhB,1vjxA,0.45693,0.57288,0.45693,0.57288,0.6114426851272583,0.9777482748031616,a.26.1.1,a.25.1.1,0.1159499999999999,P15018,Q9X1L2
1pvhB,2fjcA,0.50957,0.62084,0.50957,0.62084,0.6120378971099854,0.9725003242492676,a.26.1.1,a.25.1.1,0.1112699999999999,P15018,P16665
1pvhB,2bkcA,0.50786,0.61322,0.50786,0.61322,0.5803407430648804,0.96915864944458,a.26.1.1,a.25.1.1,0.10536,P15018,P80725
1pvhB,1dpsA,0.49186,0.61164,0.49186,0.61164,0.5922151207923889,0.9791566729545592,a.26.1.1,a.25.1.1,0.1197799999999999,P15018,P0ABT2
1pvhB,1ji4A,0.49644,0.60091,0.49644,0.60091,0.5441129803657532,0.9569525718688964,a.26.1.1,a.25.1.1,0.10447,P15018,P43313
1pvhB,2bjyA,0.51075,0.61713,0.51075,0.61713,0.5773460865020752,0.9640621542930604,a.26.1.1,a.25.1.1,0.1063799999999999,P15018,P80725
1pvhB,2fzfA,0.51842,0.65303,0.51842,0.65303,0.6530230641365051,0.9885101914405824,a.26.1.1,a.25.1.1,0.13461,P15018,Q8U1L6
1pvhB,1zujA,0.52123,0.63857,0.52123,0.63857,0.5969583988189697,0.9714537858963012,a.26.1.1,a.25.1.1,0.11734,P15018,
1qghA,1cnt1,0.57934,0.6963,0.57934,0.6963,0.5906674861907959,0.9372766017913818,a.25.1.1,a.26.1.1,0.11696,P80725,P26441
1qq3A,2cj4A,0.58911,0.68486,0.45108,0.52792,0.723295271396637,0.8884036540985107,a.24.3.1,a.29.6.1,0.0768399999999999,P0ABE7,O49908
1r03A,1cd9A,0.49725,0.61317,0.49725,0.61317,0.5666269659996033,0.9272843599319458,a.25.1.1,a.26.1.1,0.1159199999999999,Q8N4E7,P09919
1r03A,1bgcA,0.46164,0.59529,0.46164,0.59529,0.6239586472511292,0.9241195917129515,a.25.1.1,a.26.1.1,0.13365,Q8N4E7,P35833
1rccA,1pvhB,0.47753,0.57579,0.47753,0.57579,0.6313030123710632,0.9517852067947388,a.25.1.1,a.26.1.1,0.09826,P07797,P15018
1rccA,1f6fA,0.49564,0.59859,0.46862,0.56682,0.6157318353652954,0.9461780786514282,a.25.1.1,a.26.1.1,0.0982,P07797,P16038
1rcdA,1pvhB,0.47748,0.57529,0.47748,0.57529,0.6259076595306396,0.9491931200027466,a.25.1.1,a.26.1.1,0.0978099999999999,P07797,P15018
1rcdA,1lkiA,0.47361,0.57151,0.4713,0.56886,0.6124860644340515,0.9286062717437744,a.25.1.1,a.26.1.1,0.09756,P07797,P09056
1rcdA,1f6fA,0.49354,0.59781,0.46687,0.56617,0.6108917593955994,0.9434800744056702,a.25.1.1,a.26.1.1,0.0992999999999999,P07797,P16038
1rciA,1lkiA,0.47491,0.57628,0.47259,0.57358,0.6095685958862305,0.926073431968689,a.25.1.1,a.26.1.1,0.1009899999999999,P07797,P09056
1rciA,1pvhB,0.47904,0.57915,0.47904,0.57915,0.6230078935623169,0.9468403458595276,a.25.1.1,a.26.1.1,0.10011,P07797,P15018
1rciA,1f6fA,0.49715,0.60131,0.46992,0.56942,0.6062453389167786,0.9412934184074402,a.25.1.1,a.26.1.1,0.0995,P07797,P16038
1rhgA,1s3qA,0.49717,0.6174,0.47255,0.58849,0.509202778339386,0.956229329109192,a.26.1.1,a.25.1.1,0.1159399999999999,P09919,O29424
1rhgA,1eumA,0.48435,0.68523,0.44607,0.62796,0.5586445927619934,0.934897243976593,a.26.1.1,a.25.1.1,0.1818899999999999,P09919,P0A998
1rhgA,1krqA,0.48896,0.66997,0.44005,0.60281,0.5493652820587158,0.931998610496521,a.26.1.1,a.25.1.1,0.1627599999999999,P09919,Q46106
1rhgA,2gydA,0.51808,0.68035,0.45676,0.60302,0.5608305335044861,0.932154893875122,a.26.1.1,a.25.1.1,0.14626,P09919,P02791
1rhgA,1vlgA,0.51622,0.67293,0.46476,0.60765,0.5510098338127136,0.9362022280693054,a.26.1.1,a.25.1.1,0.14289,P09919,Q9X0L2
1rhgA,1jgcA,0.52733,0.71811,0.48292,0.66053,0.5332329273223877,0.924101948738098,a.26.1.1,a.25.1.1,0.1776099999999999,P09919,Q59738
1rhgA,2cn7A,0.51871,0.68108,0.44804,0.59194,0.5731876492500305,0.9203169345855712,a.26.1.1,a.25.1.1,0.1439,P09919,P02794
1rhgA,1sofA,0.56667,0.73286,0.53456,0.69184,0.5445792078971863,0.9527308940887452,a.26.1.1,a.25.1.1,0.1572799999999999,P09919,P22759
1rhgA,2fg4A,0.52211,0.68184,0.45269,0.59537,0.5828250646591187,0.913517951965332,a.26.1.1,a.25.1.1,0.1426799999999999,P09919,P02792
1rhgA,1dpsA,0.56718,0.73548,0.52323,0.6788,0.5383781790733337,0.9630488753318788,a.26.1.1,a.25.1.1,0.1555699999999999,P09919,P0ABT2
1rhgA,2fkzA,0.56774,0.73458,0.53562,0.69334,0.5648999810218811,0.9467341303825378,a.26.1.1,a.25.1.1,0.1577199999999999,P09919,P22759
1rhgA,1h96A,0.52114,0.66167,0.46139,0.58909,0.5685743689537048,0.920236349105835,a.26.1.1,a.25.1.1,0.1276999999999999,P09919,P29391
1rhgA,1gwgA,0.51964,0.68312,0.4579,0.60518,0.562046468257904,0.9276319146156312,a.26.1.1,a.25.1.1,0.14728,P09919,P02791
1rhgA,1rcdA,0.52178,0.68334,0.45282,0.59624,0.576532244682312,0.9232176542282104,a.26.1.1,a.25.1.1,0.14342,P09919,P07797
1rhgA,2cluA,0.51855,0.68028,0.44784,0.59134,0.5708244442939758,0.9206063151359558,a.26.1.1,a.25.1.1,0.1434999999999999,P09919,P02794
1rhgA,2ffxJ,0.52182,0.68153,0.44786,0.58948,0.5826311111450195,0.9186055064201356,a.26.1.1,a.25.1.1,0.14162,P09919,P02792
1rhgA,1nf4A,0.56338,0.73222,0.4925,0.64126,0.552710235118866,0.9374963641166688,a.26.1.1,a.25.1.1,0.14876,P09919,Q93PP9
1rhgA,2chiA,0.51618,0.67757,0.44608,0.58915,0.5688710808753967,0.922320544719696,a.26.1.1,a.25.1.1,0.1430699999999999,P09919,P02794
1rhgA,1mojA,0.57542,0.749,0.47513,0.61977,0.5516495108604431,0.9218200445175172,a.26.1.1,a.25.1.1,0.14464,P09919,Q9HMP7
1rhgA,1r03A,0.52013,0.68512,0.45127,0.59792,0.5766358375549316,0.9066256880760192,a.26.1.1,a.25.1.1,0.14665,P09919,Q8N4E7
1rhgA,1aewA,0.51952,0.68121,0.45319,0.59771,0.568934440612793,0.9236544966697692,a.26.1.1,a.25.1.1,0.1445199999999999,P09919,P02791
1rhgA,1rccA,0.52352,0.68375,0.45413,0.59641,0.5809875130653381,0.9258702993392944,a.26.1.1,a.25.1.1,0.14228,P09919,P07797
1rhgA,2iy4A,0.54836,0.71948,0.52996,0.69534,0.507211446762085,0.9471525549888612,a.26.1.1,a.25.1.1,0.1653799999999999,P09919,Q8Y8G1
1rhgA,1mfrA,0.51824,0.68351,0.44977,0.59678,0.5669165849685669,0.9211605787277222,a.26.1.1,a.25.1.1,0.1470099999999999,P09919,P07798
1rhgA,1n1qA,0.52913,0.70737,0.51662,0.69179,0.5351182222366333,0.9267692565917968,a.26.1.1,a.25.1.1,0.17517,P09919,P83695
1rhgA,1jigA,0.49141,0.71406,0.48873,0.70999,0.513455331325531,0.9276384115219116,a.26.1.1,a.25.1.1,0.22126,P09919,Q8RPQ1
1rhgA,1umnA,0.5443,0.70518,0.52541,0.68195,0.5138473510742188,0.9424888491630554,a.26.1.1,a.25.1.1,0.1565399999999999,P09919,P0CB53
1rhgA,1o9rA,0.57312,0.74292,0.52081,0.67568,0.5530688762664795,0.9461756944656372,a.26.1.1,a.25.1.1,0.1548699999999999,P09919,Q8UCK6
1rhgA,2bk6A,0.53582,0.71331,0.52027,0.69327,0.4996706545352936,0.9418963193893432,a.26.1.1,a.25.1.1,0.173,P09919,P80725
1rhgA,2bkcA,0.54074,0.7162,0.52479,0.69599,0.5234732031822205,0.9512941837310792,a.26.1.1,a.25.1.1,0.1712,P09919,P80725
1rhgA,1uvhA,0.57025,0.73871,0.5323,0.68995,0.5666241645812988,0.956199049949646,a.26.1.1,a.25.1.1,0.1576499999999999,P09919,P0C558
1rhgA,1bcfA,0.57051,0.73887,0.52901,0.68556,0.549415647983551,0.9544628262519836,a.26.1.1,a.25.1.1,0.1565499999999999,P09919,P0ABD3
1rhgA,1rciA,0.52232,0.68921,0.45306,0.60112,0.5741852521896362,0.9198057651519777,a.26.1.1,a.25.1.1,0.1480599999999999,P09919,P07797
1rhgA,2ib0A,0.55589,0.72236,0.55589,0.72236,0.5216217637062073,0.948483109474182,a.26.1.1,a.25.1.9,0.16647,P09919,O05815
1rhgA,2cf7A,0.54731,0.69653,0.51269,0.65563,0.5558530688285828,0.947701096534729,a.26.1.1,a.25.1.1,0.14294,P09919,P0CB53
1s3qA,1f6fA,0.43174,0.55614,0.37855,0.48626,0.5506525039672852,0.968582034111023,a.25.1.1,a.26.1.1,0.10771,O29424,P16038
1s3qA,1aluA,0.45709,0.55966,0.45013,0.55144,0.5943885445594788,0.9823331236839294,a.25.1.1,a.26.1.1,0.10131,O29424,P05231
1sofA,1bgcA,0.56342,0.65877,0.55407,0.64828,0.5927707552909851,0.9700436592102052,a.25.1.1,a.26.1.1,0.09421,P22759,P35833
1sofA,1cnt1,0.55343,0.68285,0.55343,0.68285,0.6403195261955261,0.9444807171821594,a.25.1.1,a.26.1.1,0.1294199999999999,P22759,P26441
1sofA,1axiA,0.46566,0.59141,0.42295,0.53783,0.6181176900863647,0.9546911716461182,a.25.1.1,a.26.1.1,0.11488,P22759,P01241
1sofA,1f6fA,0.54074,0.66569,0.47014,0.58087,0.5770434141159058,0.96552836894989,a.25.1.1,a.26.1.1,0.11073,P22759,P16038
1umnA,1cnt1,0.56423,0.68597,0.56423,0.68597,0.6062681078910828,0.936118483543396,a.25.1.1,a.26.1.1,0.1217399999999999,P0CB53,P26441
1uvhA,1bgcA,0.57962,0.7265,0.57646,0.72258,0.6103134751319885,0.9673914909362792,a.25.1.1,a.26.1.1,0.14612,P0C558,P35833
1v74B,1zv4X,0.46615,0.49273,0.33209,0.35729,0.5795360207557678,0.6396710276603699,a.24.20.1,a.91.1.0,0.0252,P11899,Q9UGC6
1vlgA,1pvhB,0.47935,0.57353,0.46731,0.5603,0.6008521318435669,0.9645106792449952,a.25.1.1,a.26.1.1,0.09299,Q9X0L2,P15018
1vlsA,1le4A,0.56926,0.6539,0.56926,0.6539,0.7938003540039062,0.9798473119735718,a.24.2.1,a.24.1.1,0.08464,P02941,P02649
1vlsA,1gs9A,0.56809,0.65941,0.56809,0.65941,0.763770580291748,0.9847700595855712,a.24.2.1,a.24.1.1,0.09132,P02941,P02649
1vlsA,1lpeA,0.55856,0.65369,0.55856,0.65369,0.7491631507873535,0.985987663269043,a.24.2.1,a.24.1.1,0.09513,P02941,P02649
1vlsA,1ea8A,0.5368,0.64786,0.5368,0.64786,0.8037815093994141,0.9760404825210572,a.24.2.1,a.24.1.1,0.1110599999999999,P02941,P02649
1vlsA,1h7iA,0.55224,0.64717,0.55224,0.64717,0.8019243478775024,0.9784825444221495,a.24.2.1,a.24.1.1,0.09493,P02941,P02649
1wozA,1gwgA,0.5732,0.5732,0.53834,0.53834,0.7248694896697998,0.8229576349258423,a.25.2.0,a.25.1.1,0.0,Q970Z7,P02791
1wu3I,2inpC,0.63133,0.80169,0.35605,0.44058,0.6252724528312683,0.8891899585723877,a.26.1.3,,0.08453,P01575,Q84AQ4
1wu3I,2a6bA,0.54236,0.65446,0.43227,0.51668,0.4828409850597381,0.8985245227813721,a.26.1.3,a.132.1.3,0.08441,P01575,Q8DQK6
1wu3I,2itbA,0.56216,0.68952,0.48277,0.59323,0.5940090417861938,0.9147096872329712,a.26.1.3,a.25.1.7,0.11046,P01575,Q88KV1
1wu3I,2iyhA,0.63055,0.75911,0.40078,0.48197,0.6544130444526672,0.930496335029602,a.26.1.3,a.25.1.2,0.0811899999999999,P01575,
1wu3I,1z4aA,0.47117,0.59161,0.46423,0.58276,0.6702221035957336,0.9377527832984924,a.26.1.3,a.25.1.1,0.1185299999999999,P01575,Q9X0L2
1wvtA,1rhgA,0.4464,0.5933,0.4464,0.5933,0.6544145941734314,0.8705761432647705,a.25.2.0,a.26.1.1,0.1469,Q96YJ2,P09919
1yjgA,1bcfA,0.52451,0.52451,0.52175,0.52175,0.4817143082618713,0.7791319489479065,a.24.12.0,a.25.1.1,0.0,O34000,P0ABD3
1yjgA,1x91A,0.51037,0.59464,0.51037,0.59464,0.6750017404556274,0.940215826034546,a.24.12.0,a.29.6.1,0.0842699999999999,O34000,Q9LNF2
1yjgA,1yo7A,0.42959,0.55859,0.42959,0.55859,0.8148415088653564,0.8502453565597534,a.24.12.0,,0.129,O34000,P03051
1z4aA,1rhgA,0.46441,0.43607,0.46441,0.43607,0.554456889629364,0.9366592168807985,a.25.1.1,a.26.1.1,-0.0283399999999999,Q9X0L2,P09919
1z4aA,1f6fA,0.4892,0.59181,0.44764,0.54267,0.583169162273407,0.9573164582252502,a.25.1.1,a.26.1.1,0.09503,Q9X0L2,P16038
1z4aA,1axiA,0.43017,0.55093,0.40921,0.52384,0.6221987009048462,0.949741005897522,a.25.1.1,a.26.1.1,0.1146299999999999,Q9X0L2,P01241
1z6oM,1a22A,0.38511,0.47431,0.38511,0.47431,0.6291604042053223,0.9279998540878296,a.25.1.1,a.26.1.1,0.0892,A0A7E5WTY7,P01241
1z6oM,1lkiA,0.43609,0.50951,0.43609,0.50951,0.5850619673728943,0.9228698015213012,a.25.1.1,a.26.1.1,0.07342,A0A7E5WTY7,P09056
1z6oM,1bgcA,0.43146,0.55315,0.43146,0.55315,0.5909515023231506,0.9392457008361816,a.25.1.1,a.26.1.1,0.12169,A0A7E5WTY7,P35833
1z6oM,1pvhB,0.43859,0.52419,0.43859,0.52419,0.590986967086792,0.9429219961166382,a.25.1.1,a.26.1.1,0.0856,A0A7E5WTY7,P15018
1z6oM,1cd9A,0.42613,0.56767,0.42613,0.56767,0.5423449277877808,0.9434177279472352,a.25.1.1,a.26.1.1,0.14154,A0A7E5WTY7,P09919
1z7cA,2fg4A,0.45122,0.57021,0.43024,0.54455,0.6127689480781555,0.9252690076828004,a.26.1.1,a.25.1.1,0.1143099999999999,P0DML2,P02792
1z7cA,2cn7A,0.44894,0.57071,0.42638,0.54241,0.6095459461212158,0.9410383701324464,a.26.1.1,a.25.1.1,0.1160299999999999,P0DML2,P02794
1z7cA,2chiA,0.4473,0.56632,0.42453,0.53847,0.6046056151390076,0.9446157217025756,a.26.1.1,a.25.1.1,0.1139399999999999,P0DML2,P02794
1z7cA,1krqA,0.44913,0.56052,0.44042,0.5498,0.5872139930725098,0.9528223872184752,a.26.1.1,a.25.1.1,0.1093799999999999,P0DML2,Q46106
1z7cA,2cluA,0.44845,0.56854,0.42553,0.53934,0.6072372198104858,0.942258596420288,a.26.1.1,a.25.1.1,0.11381,P0DML2,P02794
1z7cA,1f30A,0.46719,0.58646,0.46719,0.58646,0.5861341953277588,0.9647618532180786,a.26.1.1,a.25.1.1,0.1192699999999999,P0DML2,P0ABT2
1z7cA,2fkzA,0.4649,0.59307,0.4649,0.59307,0.6037203669548035,0.9619134664535522,a.26.1.1,a.25.1.1,0.12817,P0DML2,P22759
1z7cA,2gs4A,0.45174,0.58394,0.45174,0.58394,0.5844202041625977,0.9122043251991272,a.26.1.1,a.25.1.4,0.1322,P0DML2,P21362
1z7cA,1gwgA,0.42844,0.56559,0.41424,0.54737,0.5987489223480225,0.9437862634658812,a.26.1.1,a.25.1.1,0.13313,P0DML2,P02791
1z7cA,2d5kA,0.45547,0.55861,0.45547,0.55861,0.5514431595802307,0.9394281506538392,a.26.1.1,a.25.1.0,0.10314,P0DML2,A0A0H2X069
1zujA,1rhgA,0.48914,0.60515,0.48914,0.60515,0.5438107252120972,0.954869508743286,a.25.1.1,a.26.1.1,0.1160099999999999,,P09919
1zwiC,1cxzB,0.47199,0.5121,0.47199,0.5121,0.4595352113246918,0.7508656978607178,f.14.1.1,a.2.6.1,0.0401099999999999,P0A334,Q16512
1zzpA,1p68A,0.47875,0.63391,0.47875,0.63391,0.9087839126586914,0.9766826629638672,,k.8.1.1,0.1551599999999999,P00519,
2asrA,1b68A,0.59736,0.66062,0.59736,0.66062,0.8096928596496582,0.95211261510849,a.24.2.1,a.24.1.1,0.0632599999999999,P07017,P02649
2asrA,1bz4A,0.60093,0.66151,0.59433,0.65423,0.7803207635879517,0.9662656188011168,a.24.2.1,a.24.1.1,0.0598999999999999,P07017,P02649
2atkC,1cxzB,0.4654,0.51353,0.4654,0.51353,0.4665020406246185,0.7545340657234192,f.14.1.1,a.2.6.1,0.04813,P0A334,Q16512
2b0hA,2ib0A,0.52028,0.5204,0.50542,0.50555,0.5315847396850586,0.70947265625,a.24.9.2,a.25.1.9,0.00013,P26039,O05815
2bjyA,1cnt1,0.58064,0.6997,0.58064,0.6997,0.6097816228866577,0.9348324537277222,a.25.1.1,a.26.1.1,0.1190599999999999,P80725,P26441
2bk6A,1yo7A,0.50557,0.50557,0.50557,0.50557,0.5304332971572876,0.7271369099617004,a.25.1.1,,0.0,P80725,P03051
2bk6A,1cnt1,0.57848,0.69708,0.57848,0.69708,0.5912302732467651,0.9319063425064088,a.25.1.1,a.26.1.1,0.1186,P80725,P26441
2bkcA,1cnt1,0.58257,0.7003,0.58257,0.7003,0.6167311668395996,0.9442764520645142,a.25.1.1,a.26.1.1,0.11773,P80725,P26441
2c2fA,1pvhB,0.49883,0.61619,0.49883,0.61619,0.657792329788208,0.9494963884353638,a.25.1.0,a.26.1.1,0.11736,Q9RS64,P15018
2c2fA,1bgcA,0.50618,0.64764,0.50618,0.64764,0.6455979943275452,0.9429965615272522,a.25.1.0,a.26.1.1,0.14146,Q9RS64,P35833
2c41A,1bgcA,0.57331,0.73255,0.56402,0.72064,0.5982096195220947,0.9440379738807678,a.25.1.0,a.26.1.1,0.1566199999999999,Q8DG54,P35833
2c41A,1rhgA,0.53458,0.69936,0.53458,0.69936,0.5550962090492249,0.9330418705940248,a.25.1.0,a.26.1.1,0.1647799999999999,Q8DG54,P09919
2cf7A,1cd9A,0.56277,0.70778,0.5214,0.65539,0.548896312713623,0.9614627957344056,a.25.1.1,a.26.1.1,0.13399,P0CB53,P09919
2chiA,1axiA,0.41187,0.55229,0.4066,0.5448,0.6371591091156006,0.9387476444244384,a.25.1.1,a.26.1.1,0.1381999999999999,P02794,P01241
2chiA,1f6fA,0.48727,0.59137,0.46292,0.56272,0.6017124652862549,0.9450594186782836,a.25.1.1,a.26.1.1,0.0998,P02794,P16038
2clbA,1cd9A,0.55043,0.66147,0.53348,0.64172,0.5127882361412048,0.967082977294922,,a.26.1.1,0.10824,P95855,P09919
2clbA,1b71A,0.6915,0.6915,0.60724,0.60724,0.9040887355804444,0.9120532274246216,,a.25.1.1,0.0,P95855,P24931
2clbA,1i1rB,0.46292,0.60774,0.45854,0.60194,0.6038249135017395,0.9658552408218384,,a.26.1.1,0.1434,P95855,Q98823
2clbA,1lkiA,0.50947,0.63061,0.49176,0.60922,0.5534743666648865,0.9424570202827454,,a.26.1.1,0.11746,P95855,P09056
2clbA,1cnt1,0.47355,0.62018,0.47355,0.62018,0.613195538520813,0.9398757815361024,,a.26.1.1,0.1466299999999999,P95855,P26441
2clbA,1rhgA,0.49694,0.60103,0.49694,0.60103,0.5206149220466614,0.9506466388702391,,a.26.1.1,0.1040899999999999,P95855,P09919
2cluA,1pvhB,0.47236,0.57411,0.47236,0.57411,0.6206651329994202,0.9508689045906068,a.25.1.1,a.26.1.1,0.10175,P02794,P15018
2cluA,1f6fA,0.48955,0.59128,0.46508,0.56259,0.60455322265625,0.9437751770019532,a.25.1.1,a.26.1.1,0.09751,P02794,P16038
2cn7A,1pvhB,0.47164,0.57493,0.47164,0.57493,0.6230570077896118,0.9501086473464966,a.25.1.1,a.26.1.1,0.10329,P02794,P15018
2cn7A,1axiA,0.44025,0.55293,0.43412,0.5453,0.642107367515564,0.935415744781494,a.25.1.1,a.26.1.1,0.11118,P02794,P01241
2cn7A,1aluA,0.44499,0.55127,0.44499,0.55127,0.6589781045913696,0.9495819211006165,a.25.1.1,a.26.1.1,0.10628,P02794,P05231
2erjD,1a7mA,0.64936,0.64936,0.50497,0.50497,0.8711647391319275,0.9149962663650512,a.26.1.2,a.26.1.1,0.0,P60568,P09056
2erjD,1ax8A,0.58023,0.58023,0.58023,0.58023,0.9097208976745604,0.9256802201271056,a.26.1.2,a.26.1.1,0.0,P60568,P41159
2ffxJ,1bgcA,0.46127,0.58658,0.46127,0.58658,0.6242690682411194,0.9386820793151855,a.25.1.1,a.26.1.1,0.1253099999999999,P02792,P35833
2ffxJ,1lkiA,0.46796,0.56324,0.46796,0.56324,0.61045241355896,0.9262402653694152,a.25.1.1,a.26.1.1,0.0952799999999999,P02792,P09056
2ffxJ,2ah6A,0.50269,0.54117,0.50269,0.54117,0.732609748840332,0.7815108895301819,a.25.1.1,a.25.2.2,0.03848,P02792,Q9KCH6
2ffxJ,1f6fA,0.49361,0.59052,0.47096,0.56436,0.6074929237365723,0.9405652284622192,a.25.1.1,a.26.1.1,0.0933999999999999,P02792,P16038
2fg4A,1wozA,0.52725,0.52725,0.52725,0.52725,0.7209275364875793,0.7962137460708618,a.25.1.1,a.25.2.0,0.0,P02792,Q970Z7
2fkzA,1f6fA,0.54162,0.6664,0.47075,0.58149,0.5940739512443542,0.9634645581245422,a.25.1.1,a.26.1.1,0.1107399999999999,P22759,P16038
2fzfA,1cnt1,0.4934,0.66222,0.4934,0.66222,0.6809749603271484,0.9445005655288696,a.25.1.1,a.26.1.1,0.16882,Q8U1L6,P26441
2fzfA,1f6fA,0.60822,0.75462,0.53629,0.66671,0.625796914100647,0.973633885383606,a.25.1.1,a.26.1.1,0.1304199999999999,Q8U1L6,P16038
2fzfA,1x91A,0.52182,0.52182,0.52182,0.52182,0.4847978055477142,0.7687399983406067,a.25.1.1,a.29.6.1,0.0,Q8U1L6,Q9LNF2
2g2dA,2gydA,0.55924,0.57419,0.5373,0.5509,0.7365739345550537,0.7860300540924072,a.25.2.0,a.25.1.1,0.0135999999999999,P9WP99,P02791
2g2dA,1z4aA,0.56869,0.56869,0.55715,0.55715,0.7147934436798096,0.7963098287582397,a.25.2.0,a.25.1.1,0.0,P9WP99,Q9X0L2
2g2dA,2fg4A,0.55691,0.58807,0.5275,0.55622,0.7321985960006714,0.7522251605987549,a.25.2.0,a.25.1.1,0.02872,P9WP99,P02792
2g2dA,2cn7A,0.56776,0.56776,0.53482,0.53482,0.7241798639297485,0.7804350256919861,a.25.2.0,a.25.1.1,0.0,P9WP99,P02794
2g2dA,2chiA,0.56734,0.56734,0.53445,0.53445,0.7210605144500732,0.7869882583618164,a.25.2.0,a.25.1.1,0.0,P9WP99,P02794
2g2dA,2cluA,0.56868,0.56868,0.53564,0.53564,0.7232525944709778,0.7833278179168701,a.25.2.0,a.25.1.1,0.0,P9WP99,P02794
2g2dA,1fhaA,0.56042,0.58475,0.52825,0.55056,0.7189788222312927,0.7874557971954346,a.25.2.0,a.25.1.1,0.02231,P9WP99,P02794
2gscA,1orjA,0.52067,0.65921,0.47884,0.60576,0.9421210885047911,0.952590823173523,a.29.16.1,a.24.19.1,0.1269199999999999,Q8PD29,O67806
2gydA,1lkiA,0.47806,0.57554,0.46868,0.56489,0.595436155796051,0.9396311044692992,a.25.1.1,a.26.1.1,0.09621,P02791,P09056
2gydA,1pvhB,0.48143,0.58021,0.47902,0.57741,0.60968017578125,0.9573493003845216,a.25.1.1,a.26.1.1,0.0983899999999999,P02791,P15018
2gydA,1bgcA,0.47004,0.60073,0.47004,0.60073,0.6070899367332458,0.9497846961021424,a.25.1.1,a.26.1.1,0.1306899999999999,P02791,P35833
2gydA,1f6fA,0.50293,0.53874,0.46845,0.50562,0.5951287746429443,0.9516491889953612,a.25.1.1,a.26.1.1,0.0371699999999999,P02791,P16038
2gyqA,1cnt1,0.48346,0.6344,0.48346,0.6344,0.6452172994613647,0.932747721672058,a.25.1.4,a.26.1.1,0.1509399999999999,Q6N4M9,P26441
2iy4A,1bgcA,0.5872,0.74601,0.56496,0.71783,0.5515134334564209,0.9615522027015686,a.25.1.1,a.26.1.1,0.1528699999999999,Q8Y8G1,P35833
2nt8A,1rhgA,0.38077,0.51021,0.38077,0.51021,0.6585126519203186,0.8578927516937256,a.25.2.0,a.26.1.1,0.12944,Q50EJ2,P09919
3csmA,2ao2A,0.39933,0.52552,0.39933,0.52552,0.9423848986625672,0.9575860500335692,a.130.1.2,a.130.1.4,0.1261899999999999,P32178,P9WIB9
3csmA,2f6lA,0.38826,0.51712,0.38826,0.51712,0.9417614936828612,0.951887845993042,a.130.1.2,a.130.1.4,0.12886,P32178,P9WIB9
3hhrA,2fzfA,0.49437,0.61965,0.49437,0.61965,0.6541998982429504,0.9592019319534302,a.26.1.1,a.25.1.1,0.12528,P01241,Q8U1L6
3hhrA,1z4aA,0.41016,0.50741,0.41016,0.50741,0.6211851835250854,0.9440843462944032,a.26.1.1,a.25.1.1,0.09725,P01241,Q9X0L2
3hhrA,2gydA,0.4106,0.51901,0.4106,0.51901,0.6285181045532227,0.9372389316558838,a.26.1.1,a.25.1.1,0.1084099999999999,P01241,P02791
3hhrA,1aewA,0.41177,0.52076,0.41177,0.52076,0.6371918320655823,0.926388382911682,a.26.1.1,a.25.1.1,0.1089899999999999,P01241,P02791
3hhrA,1rcdA,0.41105,0.5231,0.41105,0.5231,0.6449055075645447,0.92925226688385,a.26.1.1,a.25.1.1,0.1120499999999999,P01241,P07797
3hhrA,2ffxJ,0.40196,0.52115,0.40196,0.52115,0.6440696716308594,0.9227932691574096,a.26.1.1,a.25.1.1,0.11919,P01241,P02792
3hhrA,1eumA,0.41528,0.52291,0.41528,0.52291,0.6285437345504761,0.936784029006958,a.26.1.1,a.25.1.1,0.10763,P01241,P0A998
3hhrA,2cluA,0.4086,0.52212,0.4086,0.52212,0.638559877872467,0.9320231080055236,a.26.1.1,a.25.1.1,0.11352,P01241,P02794
3hhrA,1gwgA,0.41154,0.51955,0.41154,0.51955,0.628203809261322,0.9340089559555054,a.26.1.1,a.25.1.1,0.1080099999999999,P01241,P02791
3hhrA,1s3qA,0.3844,0.48863,0.3844,0.48863,0.57856285572052,0.9629864692687988,a.26.1.1,a.25.1.1,0.1042299999999999,P01241,O29424
3hhrA,1z6oM,0.39433,0.51039,0.38324,0.49552,0.6216385960578918,0.9216497540473938,a.26.1.1,a.25.1.1,0.1122799999999999,P01241,A0A7E5WTY7
3hhrA,2fg4A,0.3949,0.52045,0.3949,0.52045,0.6458500027656555,0.918532371520996,a.26.1.1,a.25.1.1,0.12555,P01241,P02792
3hhrA,1ji5A,0.41564,0.50523,0.41564,0.50523,0.5724649429321289,0.933236837387085,a.26.1.1,a.25.1.1,0.0895899999999999,P01241,Q8RPQ2
3hhrA,1h96A,0.41044,0.51691,0.41044,0.51691,0.632107675075531,0.9290852546691896,a.26.1.1,a.25.1.1,0.1064699999999999,P01241,P29391
3hhrA,2cn7A,0.40842,0.52109,0.40842,0.52109,0.6400630474090576,0.9306228160858154,a.26.1.1,a.25.1.1,0.11267,P01241,P02794
3hhrA,1vlgA,0.41207,0.51151,0.41207,0.51151,0.6197347044944763,0.9448248147964478,a.26.1.1,a.25.1.1,0.09944,P01241,Q9X0L2
3hhrA,1krqA,0.41463,0.49698,0.41463,0.49698,0.6188299059867859,0.9395145177841188,a.26.1.1,a.25.1.1,0.0823499999999999,P01241,Q46106
3hhrA,2chiA,0.39963,0.51619,0.39963,0.51619,0.63573157787323,0.934154748916626,a.26.1.1,a.25.1.1,0.11656,P01241,P02794
3hhrA,1r03A,0.40675,0.5267,0.40675,0.5267,0.6434708833694458,0.9144517183303832,a.26.1.1,a.25.1.1,0.1199499999999999,P01241,Q8N4E7
3hhrA,1b71A,0.43539,0.55714,0.422,0.54037,0.6206587553024292,0.873130202293396,a.26.1.1,a.25.1.1,0.11837,P01241,P24931
3hhrA,1bcfA,0.42631,0.53552,0.42631,0.53552,0.6224378347396851,0.9547793865203856,a.26.1.1,a.25.1.1,0.1092099999999999,P01241,P0ABD3
3hhrA,2ib0A,0.42937,0.54662,0.42937,0.54662,0.5932382345199585,0.9572890400886536,a.26.1.1,a.25.1.9,0.11725,P01241,O05815
3hhrA,1mfrA,0.41167,0.5206,0.41167,0.5206,0.6335023641586304,0.93159282207489,a.26.1.1,a.25.1.1,0.1089299999999999,P01241,P07798
3hhrA,2cf7A,0.41322,0.51228,0.41322,0.51228,0.6272033452987671,0.957521677017212,a.26.1.1,a.25.1.1,0.0990599999999999,P01241,P0CB53
3hhrA,1mojA,0.42378,0.55439,0.42378,0.55439,0.6215147972106934,0.9184117317199708,a.26.1.1,a.25.1.1,0.13061,P01241,Q9HMP7
5csmA,2ao2A,0.39858,0.52753,0.39858,0.52753,0.9413316249847412,0.955810248851776,a.130.1.2,a.130.1.4,0.12895,P32178,P9WIB9
5csmA,2f6lA,0.38628,0.51702,0.38628,0.51702,0.940665602684021,0.9507047533988952,a.130.1.2,a.130.1.4,0.13074,P32178,P9WIB9
1a29A,1k9uA,0.38914,0.39703,0.38914,0.39703,0.450554609298706,0.7251013517379761,a.39.1.5,a.39.1.10,0.00789,P62157,O82040
1bocA,1m39A,0.49743,0.51824,0.47958,0.50312,0.9558629989624025,0.9914435148239136,a.39.1.1,a.39.1.5,0.02354,P02633,P41208
1c7vA,1pvaA,0.69905,0.68897,0.4822,0.4751,0.9110237956047058,0.9857325553894044,a.39.1.5,a.39.1.4,-0.0070999999999999,P04573,P02628
1cb1A,2bl0B,0.60307,0.59512,0.37133,0.37138,0.9738203287124634,0.9721974730491638,a.39.1.1,,4.999999999999449e-05,P02632,P08053
1cdmA,1sraA,0.50189,0.50189,0.45836,0.45836,0.7397774457931519,0.8273518085479736,a.39.1.5,a.39.1.3,0.0,P62157,P09486
1d1oA,2bl0B,0.64884,0.64884,0.38123,0.38123,0.972375214099884,0.977340042591095,a.39.1.1,,0.0,P02633,P08053
1d1oA,1y6wA,0.66766,0.66766,0.40914,0.40914,0.9758750200271606,0.9829878807067872,a.39.1.1,a.39.1.5,0.0,P02633,P0DP23
1d1oA,1a29A,0.57038,0.57038,0.35388,0.35388,0.9710865020751952,0.9812337160110474,a.39.1.1,a.39.1.5,0.0,P02633,P62157
1f71A,1wy9A,0.4144,0.42599,0.30594,0.31525,0.8042649030685425,0.9023774862289428,a.39.1.5,,0.0093099999999999,P0DP33,O70200
1g33A,1c07A,0.58284,0.58284,0.4865,0.4865,0.9114713668823242,0.9565145969390868,a.39.1.4,a.39.1.6,0.0,P02625,P42566
1g33A,1f8hA,0.53783,0.61038,0.44844,0.51154,0.9052258729934692,0.9256399869918824,a.39.1.4,a.39.1.6,0.0630999999999999,P02625,P42566
1ig5A,1cdlA,0.51893,0.52626,0.33207,0.33177,0.9631260633468628,0.9752190113067628,a.39.1.1,a.39.1.5,-0.0002999999999999,P02633,P0DP23
1ig5A,1f70A,0.66589,0.66589,0.65963,0.65963,0.979782223701477,0.9860831499099731,a.39.1.1,a.39.1.5,0.0,P02633,P0DP33
1ig5A,1ggwA,0.61125,0.61304,0.36715,0.36889,0.9281710386276244,0.9756301045417786,a.39.1.1,a.39.1.5,0.00174,P02633,Q09196
1ig5A,1b7tY,0.53229,0.53508,0.34037,0.33964,0.980072259902954,0.9767187833786012,a.39.1.1,a.39.1.5,-0.00073,P02633,P13543
1ig5A,1oe9B,0.64513,0.64513,0.39387,0.39387,0.9825924038887024,0.979279398918152,a.39.1.1,a.39.1.5,0.0,P02633,P14649
1irjA,2fcdA,0.52712,0.53643,0.52712,0.53643,0.9586153030395508,0.966701865196228,a.39.1.2,,0.0093099999999999,P06702,P53141
1jf0A,1prwA,0.45598,0.52366,0.45598,0.52366,0.9737546443939208,0.9790537357330322,a.39.1.5,a.39.1.5,0.06768,Q27709,P62157
1kcyA,1palA,0.43732,0.48713,0.34937,0.38983,0.9706472754478456,0.9450998902320862,a.39.1.1,a.39.1.4,0.0404599999999999,P02633,P02619
1kcyA,1pvaA,0.43924,0.49103,0.34388,0.38033,0.9635484218597412,0.9480730295181274,a.39.1.1,a.39.1.4,0.0364499999999999,P02633,P02628
1kqvA,1m39A,0.44874,0.56277,0.43299,0.54041,0.952707827091217,0.9946001172065736,a.39.1.1,a.39.1.5,0.1074199999999999,P02633,P41208
1kqvA,1rjvA,0.55249,0.57446,0.41999,0.43848,0.9612849950790404,0.9767976403236388,a.39.1.1,a.39.1.4,0.01849,P02633,P20472
1nyaA,1prwA,0.41997,0.58432,0.41997,0.58432,0.9671751260757446,0.979064166545868,a.39.1.5,a.39.1.5,0.1643499999999999,P06495,P62157
1oofA,1iq5A,0.39818,0.40723,0.36001,0.37031,0.8342428207397461,0.7960726022720337,a.39.2.1,a.39.1.5,0.0102999999999999,O02372,P0DP33
1pmzA,1rtp1,0.40454,0.40454,0.32628,0.32628,0.4651206433773041,0.7770321369171143,a.39.1.10,a.39.1.4,0.0,,P02625
1prwA,2sasA,0.55797,0.68087,0.47243,0.57017,0.9630184173583984,0.9743409156799316,a.39.1.5,a.39.1.5,0.0977399999999999,P62157,P04570
1puoA,1zkrA,0.83421,0.95979,0.80958,0.92789,0.9590587019920348,0.9923290014266968,a.101.1.1,a.101.1.1,0.11831,P30438,P30440
1qv0A,1dtlA,0.53604,0.58661,0.53604,0.58661,0.9598135948181152,0.9708974361419678,a.39.1.5,a.39.1.5,0.05057,Q27709,P09860
1qx2A,2a4jA,0.56893,0.56893,0.54952,0.54952,0.9454646110534668,0.9792259931564332,a.39.1.1,,0.0,P02633,P41208
1qx2A,1m39A,0.50595,0.58516,0.48394,0.56149,0.9565454721450806,0.9916117787361144,a.39.1.1,a.39.1.5,0.07755,P02633,P41208
1qx2A,1ggwA,0.57347,0.57492,0.35755,0.35905,0.9166606664657592,0.977209746837616,a.39.1.1,a.39.1.5,0.0015,P02633,Q09196
1snlA,1ahrA,0.51918,0.50337,0.3829,0.37827,0.9669977426528932,0.9876856207847596,a.39.1.7,a.39.1.5,-0.00463,Q02818,P62149
1snlA,1clmA,0.48493,0.48493,0.36304,0.36304,0.9596521854400636,0.9868535995483398,a.39.1.7,a.39.1.5,0.0,Q02818,P07463
1snlA,1oojA,0.46607,0.46607,0.35938,0.35938,0.9611701369285583,0.98893004655838,a.39.1.7,a.39.1.5,0.0,Q02818,O16305
1sw8A,1kcyA,0.45823,0.49878,0.45823,0.49878,0.9715067148208618,0.9413928985595704,a.39.1.5,a.39.1.1,0.0405499999999999,P0DP23,P02633
1trfA,1wy9A,0.49777,0.47603,0.39037,0.37509,0.7666967511177063,0.9253403544425964,a.39.1.5,,-0.01528,P10246,O70200
1vkuA,1sv0C,0.41653,0.44624,0.41653,0.44624,0.8122303485870361,0.90953266620636,a.28.1.1,a.60.1.1,0.02971,Q9WY19,Q7K119
2a4jA,1wy9A,0.50831,0.52122,0.40797,0.41618,0.766629695892334,0.9289100170135498,,,0.0082099999999999,P41208,O70200
2b1uA,1scmB,0.5091,0.5091,0.3267,0.3267,0.979435920715332,0.9793105721473694,a.39.1.0,a.39.1.5,0.0,Q9NZT1,P13543
2fceA,1b8rA,0.45075,0.428,0.34444,0.33887,0.8861922025680542,0.976967990398407,a.39.1.5,a.39.1.4,-0.00557,P53141,P02618
2fceA,1rtp1,0.46236,0.44473,0.35907,0.34833,0.8905582427978516,0.9806588292121888,a.39.1.5,a.39.1.4,-0.01074,P53141,P02625
2fj6A,2d58A,0.32088,0.38613,0.27528,0.33107,0.7964357137680054,0.7066972255706787,a.60.15.1,,0.0557899999999999,O31864,P55008
4icbA,1ahrA,0.59004,0.59004,0.35353,0.35353,0.9591066241264344,0.978583812713623,a.39.1.1,a.39.1.5,0.0,P02633,P62149
4icbA,2bl0B,0.59678,0.59678,0.36691,0.36691,0.9689555168151855,0.9783639907836914,a.39.1.1,,0.0,P02633,P08053
4icbA,1m45A,0.55334,0.55843,0.34722,0.35324,0.96263188123703,0.9816094636917114,a.39.1.1,a.39.1.5,0.00602,P02633,P53141
4icbA,2a4jA,0.60537,0.60537,0.58875,0.58875,0.952845335006714,0.9817491769790648,a.39.1.1,,0.0,P02633,P41208
1ucpA,1ak4C,0.43907,0.52235,0.31612,0.37378,0.3793702721595764,0.8153916001319885,a.77.1.5,a.73.1.1,0.0576599999999999,Q9ULZ3,P12497
1x3uA,1of9A,0.36142,0.38496,0.36142,0.38496,0.5861127376556396,0.7742803692817688,,a.64.1.4,0.02354,P10958,P34095
2gtgA,2o5hA,0.46513,0.58882,0.33557,0.39932,0.6326900720596313,0.4801585078239441,a.64.1.1,d.363.1.1,0.06375,P07602,Q9K0R7
2igpA,1wkuA,0.61714,0.61714,0.36436,0.36436,0.9064690470695496,0.8697575926780701,,a.40.1.0,0.0,O14777,Q08043
2igpA,1tjtA,0.61787,0.61787,0.36497,0.36497,0.903352677822113,0.86810302734375,,a.40.1.0,0.0,O14777,Q08043
2o8xA,1m12A,0.40246,0.41253,0.32781,0.34745,0.754003643989563,0.6583951115608215,,a.64.1.1,0.0196399999999999,P9WGH1,P07602
1apnA,2b7yA,0.44164,0.70815,0.44164,0.70815,0.5035403966903687,0.7038497924804688,b.29.1.1,,0.2665099999999999,P02866,P02871
1azdA,2b7yA,0.424,0.70268,0.424,0.70268,0.550152599811554,0.7191704511642456,b.29.1.1,,0.27868,P55915,P02871
1b4rA,1nqjA,0.48694,0.55532,0.43012,0.48574,0.3263575434684753,0.4813896119594574,b.1.3.1,b.18.1.36,0.05562,P98161,Q9X721
1bynA,1u9kA,0.38619,0.50844,0.38619,0.50844,0.6342214345932007,0.7534043788909912,b.7.1.2,b.1.1.1,0.12225,P21707,Q9JKE2
1bz8A,1czyA,0.38902,0.38902,0.3174,0.3174,0.4033581018447876,0.700541079044342,b.3.4.1,b.8.1.1,0.0,P02766,Q12933
1cn1A,2b7yA,0.41528,0.68766,0.41528,0.68766,0.5532270073890686,0.7368305921554565,b.29.1.1,,0.27238,P02866,P02871
1dglA,2b7yA,0.42684,0.70543,0.42684,0.70543,0.5507464408874512,0.7097102403640747,b.29.1.1,,0.27859,P08902,P02871
1dzbA,1qgc4,0.47065,0.47065,0.47065,0.47065,0.9769030809402466,0.9360111951828004,b.1.1.1,i.6.1.1,0.0,,P01837
1dzbA,1h8nA,0.81814,0.94221,0.81814,0.94221,0.981954038143158,0.9907610416412354,b.1.1.1,b.1.1.1,0.12407,,
1dzbA,2gjjA,0.86115,0.94689,0.81403,0.89287,0.988266944885254,0.9911845922470092,b.1.1.1,b.1.1.0,0.07884,,
1dzbA,1x9qA,0.8283,0.91171,0.79913,0.8784,0.988721489906311,0.9941635131835938,b.1.1.1,b.1.1.0,0.0792699999999999,,
1edyA,1of3A,0.43753,0.52896,0.36628,0.43128,0.7106889486312866,0.8096725344657898,b.1.29.1,b.18.1.18,0.065,Q63041,Q9RIK9
1ej8A,1f6lL,0.44667,0.44441,0.44667,0.44441,0.7531204223632812,0.7743902206420898,b.1.8.1,b.1.1.1,-0.0022599999999999,P40202,P01597
1f3rB,1qgc4,0.39447,0.39447,0.39447,0.39447,0.9628560543060304,0.9041361808776855,b.1.1.1,i.6.1.1,0.0,,P01837
1f3rB,1h8oA,0.65739,0.7378,0.65739,0.7378,0.9667710065841676,0.974265158176422,b.1.1.1,b.1.1.1,0.0804099999999999,,
1f3rB,1h8nA,0.66247,0.749,0.66247,0.749,0.9699335098266602,0.9743705987930298,b.1.1.1,b.1.1.1,0.08653,,
1f3rB,2gjjA,0.69441,0.76846,0.69441,0.76846,0.9825975298881532,0.9672290086746216,b.1.1.1,b.1.1.0,0.07405,,
1f3rB,1jp5A,0.67897,0.77394,0.67897,0.77394,0.9767736792564392,0.9663050174713136,b.1.1.1,b.1.1.1,0.09497,,
1f3rB,1x9qA,0.66434,0.73933,0.66434,0.73933,0.9771236181259156,0.975356101989746,b.1.1.1,b.1.1.0,0.07499,,
1fstA,1gff2,0.44711,0.44711,0.37581,0.37581,0.6379409432411194,0.676023006439209,b.1.18.8,b.121.5.1,0.0,P52565,P03644
1g8wA,1y43B,0.40376,0.49514,0.40376,0.49514,0.6316834092140198,0.8846176862716675,b.29.1.1,,0.09138,P05087,P24665
1ganA,2mcmA,0.37546,0.37546,0.37546,0.37546,0.6146582365036011,0.5745745897293091,b.29.1.3,b.1.7.1,0.0,P56217,P01549
1gmiA,1v27A,0.63945,0.71575,0.61559,0.68896,0.9734851121902466,0.9822219610214232,b.7.1.1,b.7.1.2,0.07337,P09216,Q9UQ26
1gmiA,1bynA,0.68556,0.76149,0.68556,0.76149,0.9874889850616456,0.9863868355751038,b.7.1.1,b.7.1.2,0.07593,P09216,P21707
1guiA,1apnA,0.42654,0.64747,0.33007,0.47692,0.6820774674415588,0.677491307258606,b.18.1.14,b.29.1.1,0.14685,Q9WXN1,P02866
1gykA,1h6yA,0.42857,0.51404,0.42857,0.51404,0.7240644097328186,0.675011396408081,b.29.1.5,b.18.1.7,0.08547,P02743,P51584
1h4gA,1y43B,0.36182,0.47505,0.36182,0.47505,0.5991305112838745,0.9317066669464112,b.29.1.11,,0.11323,Q7SIE3,P24665
1h4hA,1y43B,0.36221,0.47438,0.36221,0.47438,0.6014696955680847,0.9331902265548706,b.29.1.11,,0.11217,Q7SIE2,P24665
1h8oA,1dzbA,0.8041,0.9399,0.79114,0.92333,0.9748969078063964,0.9845511317253112,b.1.1.1,b.1.1.1,0.13219,,
1h8oA,2ghwB,0.82337,0.92838,0.77768,0.87438,0.974579095840454,0.9886218309402466,b.1.1.1,b.1.1.1,0.0967,,Q65ZC9
1h9pA,2b7yA,0.43206,0.71436,0.43206,0.71436,0.5456749200820923,0.7188918590545654,b.29.1.1,,0.2823,P81637,P02871
1h9wA,2b7yA,0.43468,0.71835,0.43468,0.71835,0.5414629578590393,0.720473051071167,b.29.1.1,,0.28367,P81637,P02871
1j8kA,1wwbX,0.51114,0.56586,0.47827,0.52797,0.9403497576713562,0.8858457803726196,b.1.2.1,b.1.1.4,0.0497,P02751,Q16620
1jbjA,1sy6A,0.57763,0.68978,0.57763,0.68978,0.9410233497619628,0.9443520307540894,b.1.1.4,b.1.1.4,0.1121499999999999,P11942,P07766
1jp5A,1dzbA,0.80556,0.91556,0.80556,0.91556,0.9890261888504028,0.9911218881607056,b.1.1.1,b.1.1.1,0.1099999999999999,,
1k5jA,1ft3A,0.51547,0.5177,0.41381,0.41488,0.4863592684268951,0.7702782154083252,b.121.3.1,b.1.18.8,0.00107,P05221,P52565
1kwnA,2frgP,0.25639,0.30382,0.25639,0.30382,0.3970637321472168,0.6861555576324463,,,0.0474299999999999,,Q86YW5
1mveA,1guiA,0.33291,0.24456,0.33291,0.24456,0.5582306385040283,0.6431774497032166,b.29.1.2,b.18.1.14,-0.0883499999999999,P17989,Q9WXN1
1mveA,1oh3A,0.31543,0.43816,0.31543,0.43816,0.6125154495239258,0.6841000318527222,b.29.1.2,b.18.1.19,0.12273,P17989,Q9C171
1mveA,1w90A,0.3176,0.43944,0.3176,0.43944,0.6206735968589783,0.7029976844787598,b.29.1.2,b.18.1.19,0.12184,P17989,Q9C171
1mveA,1w8uA,0.31547,0.44465,0.31547,0.44465,0.6168899536132812,0.6847606301307678,b.29.1.2,b.18.1.19,0.12918,P17989,Q9C171
1mveA,1gwkA,0.31634,0.43795,0.31634,0.43795,0.6173639893531799,0.6815992593765259,b.29.1.2,b.18.1.19,0.12161,P17989,Q9C171
1mveA,1w8tA,0.27574,0.44348,0.27574,0.44348,0.6293106079101562,0.6857360601425171,b.29.1.2,b.18.1.19,0.16774,P17989,Q9C171
1mveA,1w8zA,0.31692,0.44151,0.31692,0.44151,0.6195035576820374,0.6919442415237427,b.29.1.2,b.18.1.19,0.12459,P17989,Q9C171
1mvqA,2b7yA,0.42743,0.70821,0.42743,0.70821,0.5431411862373352,0.7034397125244141,b.29.1.1,,0.28078,P83721,P02871
1mvqA,1kgyA,0.33663,0.4724,0.33663,0.4724,0.6003581881523132,0.7670062780380249,b.29.1.1,b.18.1.4,0.13577,P83721,P54763
1nc7A,1al0G,0.4438,0.51321,0.32712,0.36829,0.7736800312995911,0.7641260623931885,b.123.1.1,b.121.5.1,0.0411699999999999,Q9X0F9,P03643
1o4tA,1hixA,0.43624,0.43624,0.32343,0.32343,0.6246578097343445,0.5879271626472473,b.82.1.9,b.29.1.11,0.0,Q9X113,Q59962
1oo2A,1zldA,0.38766,0.52327,0.38766,0.52327,0.333551287651062,0.8294803500175476,b.3.4.1,,0.13561,Q9PTT3,P78737
1qokA,2gjjA,0.85766,0.95299,0.82379,0.91391,0.9882326126098632,0.9943186044692992,b.1.1.1,b.1.1.0,0.0901199999999999,Q8K1F2,
1qokA,1jp5A,0.83954,0.96274,0.81958,0.93858,0.98698091506958,0.993022918701172,b.1.1.1,b.1.1.1,0.119,Q8K1F2,
1qokA,1h8oA,0.78923,0.912,0.78923,0.912,0.9734317064285278,0.9802922010421752,b.1.1.1,b.1.1.1,0.12277,Q8K1F2,
1qokA,1h8nA,0.81498,0.92807,0.81498,0.92807,0.974818229675293,0.9828791618347168,b.1.1.1,b.1.1.1,0.1130899999999999,Q8K1F2,
1qokA,1x9qA,0.82038,0.90649,0.80426,0.88789,0.9864537715911864,0.9892474412918092,b.1.1.1,b.1.1.0,0.0836299999999999,Q8K1F2,
1qvyA,1gff2,0.44861,0.44861,0.37706,0.37706,0.6236305236816406,0.6763102412223816,b.1.18.8,b.121.5.1,0.0,P52565,P03644
1rlwA,1a25A,0.70971,0.79943,0.68076,0.76662,0.9812268018722534,0.957549810409546,b.7.1.1,b.7.1.2,0.0858599999999999,P47712,P68403
1rlwA,2bwqA,0.68971,0.78616,0.68971,0.78616,0.9836402535438538,0.9937021732330322,b.7.1.1,b.7.1.2,0.0964499999999999,P47712,Q9JIS1
1rlwA,1v27A,0.68965,0.78152,0.62481,0.70772,0.9686205983161926,0.9755803346633912,b.7.1.1,b.7.1.2,0.08291,P47712,Q9UQ26
1sfyA,1y43B,0.40399,0.48795,0.40399,0.48795,0.6428943872451782,0.8797029256820679,b.29.1.1,,0.0839599999999999,P16404,P24665
1sn0A,1cqkA,0.43414,0.47774,0.43414,0.47774,0.4899058043956756,0.5884251594543457,b.3.4.1,b.1.1.2,0.0435999999999999,Q9PTT3,
1tnrA,1apnA,0.46702,0.5623,0.33594,0.39256,0.7843659520149231,0.7250363826751709,b.22.1.1,b.29.1.1,0.05662,P01374,P02866
1ttcA,1czyA,0.3627,0.56008,0.30219,0.45365,0.3942443132400512,0.7135819792747498,b.3.4.1,b.8.1.1,0.1514599999999999,P02766,Q12933
1ttrA,2cwrA,0.33854,0.40749,0.33854,0.40749,0.3766655921936035,0.5433619618415833,b.3.4.1,,0.06895,P02766,Q8U1H5
1usqA,2ixqA,0.60703,0.65015,0.59665,0.63888,0.8078298568725586,0.9759536981582642,b.2.3.6,b.2.3.2,0.0422299999999999,P24093,Q47038
1wuvA,2b7yA,0.42345,0.70013,0.42345,0.70013,0.5650041103363037,0.7217598557472229,b.29.1.1,,0.27668,P14894,P02871
1x7tA,1apnA,0.39474,0.39474,0.25541,0.25541,0.5328484177589417,0.4305736422538757,b.3.4.1,b.29.1.1,0.0,P02766,P02866
1x7tA,2cwrA,0.37257,0.40535,0.37257,0.40535,0.3831413686275482,0.5293307900428772,b.3.4.1,,0.0327799999999999,P02766,Q8U1H5
1xmwA,1sy6A,0.54887,0.65027,0.54887,0.65027,0.9376562833786012,0.926989734172821,b.1.1.4,b.1.1.4,0.1014,P18438,P07766
1y2tA,1wgoA,0.35552,0.35552,0.35552,0.35552,0.559173583984375,0.4560509920120239,b.97.1.2,b.1.3.1,0.0,Q00022,Q96PQ0
1y2tA,1v8hA,0.2942,0.31832,0.2942,0.31832,0.5103644132614136,0.4264959692955017,b.97.1.2,b.1.18.19,0.0241199999999999,Q00022,Q5SME6
1y43B,1umzA,0.56048,0.6566,0.38528,0.45352,0.6538439393043518,0.8954996466636658,,b.29.1.2,0.0682399999999999,P24665,Q8GZD5
1yj5C,1du5A,0.46495,0.46495,0.28708,0.28708,0.7229410409927368,0.8753343820571899,b.26.1.2,b.25.1.1,0.0,Q9JLV6,P33679
1zcrA,2d4dA,0.41186,0.44802,0.41186,0.44802,0.4792107045650482,0.5946478247642517,b.3.4.1,b.1.1.2,0.0361599999999999,P02766,P61769
1zldA,1namB,0.48906,0.59647,0.45179,0.55366,0.5768753886222839,0.8823443055152893,,b.1.1.1,0.10187,P78737,P04214
1zldA,1fo0B,0.48245,0.58774,0.4492,0.54969,0.5836799144744873,0.8763570785522461,,b.1.1.1,0.10049,P78737,P04214
2amuA,1nqjA,0.39047,0.39047,0.39047,0.39047,0.5489426255226135,0.5976226329803467,b.1.13.0,b.18.1.36,0.0,Q9WZC6,Q9X721
2avgA,1w15A,0.4868,0.4868,0.4308,0.4308,0.6656858921051025,0.5650792717933655,b.1.1.4,b.7.1.2,0.0,Q14896,P50232
2b14A,1nqjA,0.4034,0.48585,0.4034,0.48585,0.3399101197719574,0.810413658618927,b.3.4.1,b.18.1.36,0.08245,P02766,Q9X721
2ccvA,2cumA,0.40102,0.51747,0.38694,0.49635,0.5721088647842407,0.7576391100883484,b.154.1.1,b.1.2.1,0.10941,Q2F1K8,P22105
2cdpA,1h9wA,0.50571,0.59793,0.34223,0.39994,0.6462379693984985,0.6660189628601074,b.18.1.0,b.29.1.1,0.05771,Q6DN99,P81637
2cdpA,1rui1,0.39991,0.39991,0.24348,0.24348,0.7728486061096191,0.7499915361404419,b.18.1.0,b.121.4.1,0.0,Q6DN99,P03303
2chdA,1q8mA,0.38918,0.38918,0.38918,0.38918,0.6730749011039734,0.791113555431366,b.7.1.0,b.1.1.1,0.0,P47709,Q9NP99
2cjtA,2bwqA,0.68204,0.78396,0.67693,0.77809,0.987541675567627,0.9843133687973022,b.7.1.1,b.7.1.2,0.1011599999999999,Q62768,Q9JIS1
2cnaA,2b7yA,0.41951,0.69434,0.41951,0.69434,0.5482023358345032,0.7161486148834229,b.29.1.1,,0.2748299999999999,P02866,P02871
2cwmA,2b7yA,0.42255,0.7004,0.42255,0.7004,0.5603923797607422,0.7179394960403442,b.29.1.1,,0.27785,P81460,P02871
2d3pA,2b7yA,0.42879,0.70885,0.42879,0.70885,0.5464492440223694,0.7103111743927002,b.29.1.1,,0.28006,P81517,P02871
2dleA,1yc7A,0.54633,0.54633,0.50389,0.50389,0.9345813989639282,0.8099390864372253,,b.1.1.1,0.0,Q12913,
2dm4A,1xbrA,0.59402,0.59402,0.39495,0.39495,0.7397468686103821,0.6285703182220459,b.1.2.0,b.2.5.4,0.0,Q92673,P24781
2dmhA,2d8kA,0.66842,0.74879,0.66423,0.74411,0.9557769894599916,0.9709249138832092,,b.7.1.0,0.07988,Q9NZM1,O43581
2exsC,2fqpA,0.41174,0.59424,0.33455,0.46607,0.4155577719211578,0.8445769548416138,b.82.5.1,,0.1315199999999999,Q9X6J6,Q7VWF8
2extA,2fqpA,0.41775,0.58127,0.33426,0.44873,0.4745084643363952,0.7897669076919556,b.82.5.1,,0.11447,Q9X6J6,Q7VWF8
2fnjA,1qtjA,0.43925,0.52093,0.43925,0.52093,0.938671350479126,0.9796974658966064,b.29.1.22,i.12.1.1,0.08168,A1Z6E0,
2gdfA,2b7yA,0.4417,0.72952,0.4417,0.72952,0.5241610407829285,0.7223093509674072,b.29.1.1,,0.2878199999999999,P08902,P02871
2ghwB,1x9qA,0.80403,0.89091,0.80403,0.89091,0.985836148262024,0.9894857406616212,b.1.1.1,b.1.1.0,0.0868799999999999,Q65ZC9,
2ghwB,1h8nA,0.80098,0.90395,0.80098,0.90395,0.9789190888404846,0.9927111864089966,b.1.1.1,b.1.1.1,0.10297,Q65ZC9,
2ghwB,2gjjA,0.83924,0.93129,0.82597,0.91604,0.9859875440597534,0.990114450454712,b.1.1.1,b.1.1.0,0.0900699999999999,Q65ZC9,
2ghwB,1jp5A,0.82689,0.92612,0.82689,0.92612,0.9875255823135376,0.994536519050598,b.1.1.1,b.1.1.1,0.09923,Q65ZC9,
2h50A,1wwbX,0.32707,0.30718,0.30399,0.28775,0.7417176961898804,0.8238258957862854,b.15.1.1,b.1.1.4,-0.0162399999999999,Q41560,Q16620
2ixqA,2bcmB,0.58047,0.62827,0.58047,0.62827,0.8255008459091187,0.9781004190444946,b.2.3.2,b.2.3.0,0.0477999999999999,Q47038,P13719
2nq3A,2b3rA,0.68112,0.76157,0.68112,0.76157,0.9793344736099244,0.977459192276001,b.7.1.1,b.7.1.0,0.08045,Q96J02,Q61194
2nq3A,1bynA,0.68969,0.77025,0.68969,0.77025,0.9840648174285888,0.977062165737152,b.7.1.1,b.7.1.2,0.0805599999999999,Q96J02,P21707
2nq3A,2bwqA,0.62916,0.71446,0.62916,0.71446,0.9819824695587158,0.9836387634277344,b.7.1.1,b.7.1.2,0.0852999999999999,Q96J02,Q9JIS1
1a4gA,1jjuB,0.49721,0.49622,0.49721,0.49622,0.6416797041893005,0.8773669004440308,b.68.1.1,b.69.2.2,-0.0009899999999999,P27907,Q8VUS7
1b9sA,2mtaH,0.53683,0.53683,0.53683,0.53683,0.8317126631736755,0.8432387709617615,b.68.1.1,b.69.2.1,0.0,P03474,P29894
1b9xA,1jjuB,0.68171,0.72405,0.68171,0.72405,0.6834249496459961,0.9550710320472716,b.69.4.1,b.69.2.2,0.0423399999999999,P62871,Q8VUS7
1b9xA,1fwxA,0.73111,0.74342,0.11691,0.11691,0.493663877248764,0.4693329334259033,b.69.4.1,b.6.1.4,0.0,P62871,Q51705
1c9iA,1hzvA,0.60686,0.60656,0.44151,0.44175,0.8180475234985352,0.8401825428009033,a.118.1.4,a.3.1.2,0.0002399999999999,P11442,P24474
1c9lA,1hzuA,0.6063,0.60688,0.4382,0.43937,0.8079537153244019,0.880954921245575,a.118.1.4,a.3.1.2,0.00117,P11442,P24474
1cvmA,1mg2A,0.55266,0.55266,0.51808,0.51808,0.6692360639572144,0.8370909690856934,b.68.3.1,b.69.2.1,0.0,O66037,P29894
1cvmA,1hzuA,0.55723,0.55729,0.40437,0.40495,0.4802339673042297,0.8869684934616089,b.68.3.1,a.3.1.2,0.0005799999999999,O66037,P24474
1dilA,2g8sA,0.60593,0.60593,0.60593,0.60593,0.977157175540924,0.9581036567687988,b.68.1.1,,0.0,P29768,P75804
1e1aA,1jjuB,0.56637,0.59074,0.5321,0.55523,0.6997028589248657,0.9107325077056884,b.68.6.1,b.69.2.2,0.0231299999999999,Q7SIG4,Q8VUS7
1e1aA,1jofA,0.65445,0.66884,0.586,0.59982,0.6803408861160278,0.9108004570007324,b.68.6.1,b.69.10.1,0.01382,Q7SIG4,P38677
1e1aA,2g8sA,0.70428,0.72418,0.64845,0.66613,0.8376365900039673,0.8785570859909058,b.68.6.1,,0.01768,Q7SIG4,P75804
1eurA,2mtaH,0.53781,0.59561,0.52353,0.57969,0.8277928829193115,0.8618378639221191,b.68.1.1,b.69.2.1,0.0561599999999999,Q02834,P29894
1eurA,2bbkH,0.5337,0.54059,0.5337,0.54059,0.8276532888412476,0.8569062948226929,b.68.1.1,b.69.2.1,0.00689,Q02834,P29894
1eurA,1gydB,0.55314,0.58089,0.55314,0.58089,0.8651762008666992,0.908800482749939,b.68.1.1,b.67.2.1,0.02775,Q02834,P95470
1eurA,2i3sA,0.56947,0.57876,0.56947,0.57876,0.854957103729248,0.8228671550750732,b.68.1.1,b.69.4.2,0.00929,Q02834,P26449
1gxrA,1jjuB,0.68428,0.73196,0.68067,0.72807,0.6996938586235046,0.9538789987564088,b.69.4.1,b.69.2.2,0.0474,Q04724,Q8VUS7
1gxrA,2mtaH,0.6565,0.70685,0.5996,0.64433,0.8015906810760498,0.8512985706329346,b.69.4.1,b.69.2.1,0.0447299999999999,Q04724,P29894
1gxrA,1mdaH,0.65432,0.70215,0.6041,0.64757,0.8082805275917053,0.8509026169776917,b.69.4.1,b.69.2.1,0.04347,Q04724,
1gydB,1sntA,0.61902,0.61902,0.56557,0.56557,0.871627688407898,0.9053001403808594,b.67.2.1,b.68.1.1,0.0,P95470,Q9Y3R4
1gyhA,1eutA,0.59301,0.63918,0.34526,0.36802,0.7757487297058105,0.8178961873054504,b.67.2.1,b.1.18.2,0.02276,P95470,Q02834
1ijqA,2iaoA,0.6633,0.69021,0.65571,0.68221,0.700756847858429,0.9720439314842224,b.68.5.1,b.68.6.1,0.0264999999999999,P01130,Q7SIG4
1ijqA,2iapA,0.66339,0.68868,0.65581,0.68078,0.7006975412368774,0.9699978828430176,b.68.5.1,b.68.6.1,0.02497,P01130,Q7SIG4
1ijqA,2iasA,0.66256,0.69064,0.65498,0.68264,0.6983142495155334,0.9715847373008728,b.68.5.1,b.68.6.1,0.02766,P01130,Q7SIG4
1itvA,1u6dX,0.61543,0.58941,0.45327,0.4357,0.7674070000648499,0.9508978128433228,b.66.1.1,b.68.11.1,-0.01757,P14780,Q14145
1iubA,1ncdN,0.6802,0.6935,0.56452,0.57527,0.7893050312995911,0.8032540082931519,b.68.8.1,b.68.1.1,0.0107499999999999,P18891,P05803
1jjuB,2cnxA,0.67928,0.73198,0.67928,0.73198,0.6651011109352112,0.930980384349823,b.69.2.2,b.69.4.0,0.0526999999999999,Q8VUS7,P61964
1jjuB,2h9mA,0.68278,0.73353,0.68278,0.73353,0.6626186370849609,0.9266046285629272,b.69.2.2,b.69.4.0,0.0507499999999999,Q8VUS7,P61964
1jjuB,1nexB,0.63855,0.71412,0.50762,0.56369,0.6325501799583435,0.9466025233268738,b.69.2.2,a.158.1.1,0.05607,Q8VUS7,P07834
1jjuB,1q7fA,0.55682,0.60399,0.55682,0.60399,0.7275785207748413,0.9117259979248048,b.69.2.2,b.68.9.1,0.04717,Q8VUS7,Q8MQJ9
1jjuB,2hxcA,0.74225,0.74225,0.70161,0.70161,0.8850011825561523,0.9721697568893432,b.69.2.2,,0.0,Q8VUS7,P84888
1jjuB,2b5nA,0.58898,0.66501,0.58898,0.66501,0.7328044176101685,0.9713562726974488,b.69.2.2,,0.07603,Q8VUS7,Q16531
1jjuB,2iaqA,0.53233,0.5728,0.53233,0.5728,0.7070404887199402,0.9123224020004272,b.69.2.2,b.68.6.1,0.04047,Q8VUS7,Q7SIG4
1jjuB,4nn9A,0.56877,0.59698,0.50854,0.53156,0.6314603686332703,0.8793951272964478,b.69.2.2,b.68.1.1,0.02302,Q8VUS7,P03472
1jjuB,1v0zA,0.56984,0.56984,0.50828,0.50828,0.6297498345375061,0.8921154737472534,b.69.2.2,b.68.1.1,0.0,Q8VUS7,Q6XV27
1jjuB,1ncbN,0.57017,0.59851,0.50836,0.53323,0.6350266933441162,0.8790748119354248,b.69.2.2,b.68.1.1,0.0248699999999999,Q8VUS7,P03472
1jjuB,1inyA,0.56984,0.59602,0.50908,0.53233,0.6327368021011353,0.8766933679580688,b.69.2.2,b.68.1.1,0.0232499999999999,Q8VUS7,P03472
1jmxB,2g99A,0.64857,0.69777,0.64857,0.69777,0.7004626989364624,0.9280434846878052,b.69.2.2,b.69.4.0,0.0492,Q8VW82,P61964
1jmxB,2cnxA,0.65227,0.68696,0.65227,0.68696,0.7030971646308899,0.9262832403182985,b.69.2.2,b.69.4.0,0.03469,Q8VW82,P61964
1jmxB,2aq5A,0.64954,0.72942,0.57566,0.64405,0.7521908283233643,0.9695324897766112,b.69.2.2,,0.06839,Q8VW82,O89053
1jmxB,1c9lA,0.5867,0.64744,0.5617,0.62055,0.7697910070419312,0.9599201679229736,b.69.2.2,a.118.1.4,0.05885,Q8VW82,P11442
1jmxB,1pooA,0.55229,0.59611,0.53439,0.5766,0.6509042978286743,0.9425326585769652,b.69.2.2,b.68.3.1,0.0422099999999999,Q8VW82,O66037
1jmxB,1ofzA,0.55353,0.56678,0.55353,0.56678,0.7599636316299438,0.947640299797058,b.69.2.2,b.68.8.1,0.0132499999999999,Q8VW82,P18891
1jmxB,1b9sA,0.55868,0.59421,0.50021,0.53017,0.6852702498435974,0.8704777956008911,b.69.2.2,b.68.1.1,0.0299599999999999,Q8VW82,P03474
1jmxB,3silA,0.5593,0.61782,0.51137,0.56471,0.6972424983978271,0.8795984983444214,b.69.2.2,b.68.1.1,0.05334,Q8VW82,P29768
1jmxB,2htvA,0.56408,0.59182,0.50537,0.52999,0.6651947498321533,0.9010862112045288,b.69.2.2,b.68.1.0,0.0246199999999999,Q8VW82,Q6XV46
1jofA,1cvmA,0.6145,0.6145,0.6145,0.6145,0.652668833732605,0.9360941648483276,b.69.10.1,b.68.3.1,0.0,P38677,O66037
1jofA,1jmxB,0.64396,0.64396,0.64396,0.64396,0.9451765418052672,0.9860929250717164,b.69.10.1,b.69.2.2,0.0,P38677,Q8VW82
1jofA,2i3sA,0.67312,0.73653,0.67312,0.73653,0.7512065172195435,0.978858232498169,b.69.10.1,b.69.4.2,0.0634099999999999,P38677,P26449
1jofA,1x2jA,0.57575,0.57575,0.57575,0.57575,0.8601258397102356,0.8102169036865234,b.69.10.1,b.68.11.1,0.0,P38677,Q9Z2X8
1jofA,1dilA,0.62671,0.62671,0.59118,0.59118,0.7427709698677063,0.8669923543930054,b.69.10.1,b.68.1.1,0.0,P38677,P29768
1jtdB,1jmxB,0.58335,0.59471,0.49209,0.5015,0.7625256180763245,0.7931462526321411,b.69.5.2,b.69.2.2,0.0094099999999999,O87916,Q8VW82
1l7gA,1jofA,0.55289,0.55289,0.55289,0.55289,0.7252510786056519,0.8452437520027161,b.68.1.1,b.69.10.1,0.0,P03472,P38677
1mdaH,1k8kC,0.50787,0.64462,0.50787,0.64462,0.8073861598968506,0.8773833513259888,b.69.2.1,b.69.4.1,0.1367499999999999,,Q58CQ2
1mdaH,1q7fA,0.5092,0.56387,0.5092,0.56387,0.700261116027832,0.8176485896110535,b.69.2.1,b.68.9.1,0.0546699999999999,,Q8MQJ9
1mdaH,2h9lA,0.61673,0.67078,0.61673,0.67078,0.8011568784713745,0.8326122760772705,b.69.2.1,b.69.4.0,0.05405,,P61964
1mdaH,2fp8A,0.48265,0.55677,0.48265,0.55677,0.7503426671028137,0.8060375452041626,b.69.2.1,,0.0741199999999999,,P68175
1mdaH,2aq5A,0.60116,0.64704,0.57219,0.61513,0.8816420435905457,0.9509333968162536,b.69.2.1,,0.0429399999999999,,O89053
1mg2A,1q7fA,0.49806,0.55006,0.49806,0.55006,0.6876305341720581,0.8182920813560486,b.69.2.1,b.68.9.1,0.0519999999999999,P29894,Q8MQJ9
1nccN,1cvmA,0.56007,0.56007,0.56007,0.56007,0.8451240658760071,0.9132648706436156,b.68.1.1,b.68.3.1,0.0,P03472,O66037
1nexB,1iubA,0.43808,0.43808,0.43808,0.43808,0.690481424331665,0.8958064317703247,a.158.1.1,b.68.8.1,0.0,P07834,P18891
1npeA,2i3tA,0.69664,0.73492,0.57092,0.60037,0.6716880202293396,0.9509236812591552,b.68.5.1,b.69.4.2,0.0294499999999999,P10493,P26449
1npeA,2fawA,0.59036,0.64291,0.59036,0.64291,0.8197333216667175,0.9228652119636536,b.68.5.1,,0.0525499999999999,P10493,O81226
1npeA,2batA,0.70151,0.75319,0.50617,0.5435,0.5114465951919556,0.7747186422348022,b.68.5.1,b.68.1.1,0.0373299999999999,P10493,P06820
1ofzA,1inyA,0.67535,0.69557,0.56193,0.57772,0.8216270208358765,0.7945522665977478,b.68.8.1,b.68.1.1,0.0157899999999999,P18891,P03472
1ofzA,2g99A,0.63984,0.63984,0.63984,0.63984,0.9610944986343384,0.9667688012123108,b.68.8.1,b.69.4.0,0.0,P18891,P61964
1ofzA,1c9lA,0.58441,0.63328,0.52405,0.56633,0.8514010310173035,0.8829997777938843,b.68.8.1,a.118.1.4,0.0422799999999999,P18891,P11442
1olzA,1ofzA,0.35731,0.36452,0.35731,0.36452,0.673632025718689,0.7429043650627136,b.1.1.4,b.68.8.1,0.0072099999999999,Q92854,P18891
1olzA,1gxrA,0.38089,0.41514,0.38089,0.41514,0.7159644365310669,0.759406328201294,b.1.1.4,b.69.4.1,0.03425,Q92854,Q04724
1olzA,1s4uX,0.3808,0.45224,0.3808,0.45224,0.7538681030273438,0.7915531396865845,b.1.1.4,b.69.4.1,0.0714399999999999,Q92854,Q02793
1pexA,1u4cA,0.57177,0.58103,0.38236,0.4052,0.6552246809005737,0.736908495426178,b.66.1.1,b.69.4.2,0.02284,P45452,P26449
1pexA,2fawA,0.63687,0.62772,0.51305,0.50876,0.8773561716079712,0.952301025390625,b.66.1.1,,-0.00429,P45452,O81226
1pexA,2g99A,0.60006,0.5878,0.42525,0.4196,0.6097143888473511,0.6600894927978516,b.66.1.1,b.69.4.0,-0.00565,P45452,P61964
1q7fA,1ijqA,0.72223,0.79089,0.65935,0.72201,0.7531730532646179,0.9921827912330629,b.68.9.1,b.68.5.1,0.06266,Q8MQJ9,P01130
1q7fA,1gydB,0.56795,0.6133,0.51328,0.55589,0.9091527462005616,0.8003612756729126,b.68.9.1,b.67.2.1,0.04261,Q8MQJ9,P95470
1r5mA,1c9iA,0.60888,0.62602,0.60321,0.62016,0.962462842464447,0.8959935903549194,,a.118.1.4,0.01695,P38262,P11442
1r5mA,1c9lA,0.6096,0.62101,0.60115,0.61238,0.9588747024536132,0.8982762098312378,,a.118.1.4,0.01123,P38262,P11442
1r5mA,1bpoA,0.61153,0.64543,0.46391,0.48446,0.931847095489502,0.8617517948150635,,a.118.1.4,0.02055,P38262,P11442
1r5mA,2d5lA,0.6388,0.60304,0.3725,0.34952,0.8599334955215454,0.6652921438217163,,,-0.02298,P38262,Q7MUW6
1r5mA,1crzA,0.51606,0.51606,0.46758,0.46758,0.7785971760749817,0.834883987903595,,b.68.4.1,0.0,P38262,P0A855
1ri6A,1gofA,0.71832,0.75518,0.40915,0.42568,0.5479726195335388,0.6891356110572815,b.69.11.1,b.1.18.2,0.0165299999999999,P52697,P0CS93
1ri6A,1t2xA,0.71886,0.76385,0.40897,0.43026,0.5461538434028625,0.6882419586181641,b.69.11.1,b.1.18.2,0.0212899999999999,P52697,P0CS93
1ri6A,2g8sA,0.55185,0.64049,0.53996,0.62616,0.6440457105636597,0.8667043447494507,b.69.11.1,,0.0862,P52697,P75804
1ri6A,2biwA,0.67743,0.6966,0.50096,0.51279,0.5824315547943115,0.8276743292808533,b.69.11.1,b.69.15.1,0.01183,P52697,P74334
1ri6A,1eurA,0.58053,0.65298,0.54305,0.61065,0.6309308409690857,0.8042237758636475,b.69.11.1,b.68.1.1,0.0676,P52697,Q02834
1rtgA,2g9aA,0.58099,0.58099,0.42445,0.42445,0.6334007978439331,0.6513485908508301,b.66.1.1,b.69.4.0,0.0,P08253,P61964
1s18A,1pooA,0.53689,0.61728,0.49139,0.56408,0.8276960849761963,0.8886367678642273,b.67.3.1,b.68.3.1,0.07269,Q8WVQ1,O66037
1s18A,1k8kC,0.50168,0.50168,0.45971,0.45971,0.7293739318847656,0.7385465502738953,b.67.3.1,b.69.4.1,0.0,Q8WVQ1,Q58CQ2
1s4uX,1bpoA,0.64843,0.64843,0.49346,0.49346,0.8969597816467285,0.8337913155555725,b.69.4.1,a.118.1.4,0.0,Q02793,P11442
1s4uX,1dy7A,0.65785,0.67302,0.55441,0.5679,0.8550796508789062,0.9291502237319946,b.69.4.1,b.70.2.1,0.01349,Q02793,P72181
1sntA,1jmxB,0.5579,0.5579,0.5579,0.5579,0.667323648929596,0.900831937789917,b.68.1.1,b.69.2.2,0.0,Q9Y3R4,Q8VW82
1sntA,2mtaH,0.54082,0.60649,0.51712,0.57821,0.811680018901825,0.8351677060127258,b.68.1.1,b.69.2.1,0.0610899999999999,Q9Y3R4,P29894
1sntA,1gyhA,0.55602,0.55602,0.55602,0.55602,0.8729220628738403,0.9102513790130616,b.68.1.1,b.67.2.1,0.0,Q9Y3R4,P95470
1sq9A,1jjuB,0.58152,0.69028,0.58152,0.69028,0.7292351722717285,0.9641331434249878,b.69.4.1,b.69.2.2,0.1087599999999999,Q02793,Q8VUS7
1sq9A,2bbkH,0.60277,0.65963,0.60277,0.65963,0.8810791969299316,0.8690351247787476,b.69.4.1,b.69.2.1,0.05686,Q02793,P29894
1sq9A,1gydB,0.48392,0.49505,0.48392,0.49505,0.8802266716957092,0.7248669862747192,b.69.4.1,b.67.2.1,0.0111299999999999,Q02793,P95470
1tl2A,2iaoA,0.56211,0.61288,0.45306,0.49083,0.6269614696502686,0.855640709400177,b.67.1.1,b.68.6.1,0.0377699999999999,Q27084,Q7SIG4
1tl2A,2iaqA,0.56209,0.6123,0.45285,0.49078,0.6300461292266846,0.8565057516098022,b.67.1.1,b.68.6.1,0.03793,Q27084,Q7SIG4
1txvA,1inyA,0.50806,0.52993,0.50806,0.52993,0.8953911066055298,0.8345063328742981,b.69.8.1,b.68.1.1,0.02187,,P03472
1txvA,1ncbN,0.50869,0.51238,0.50869,0.51238,0.912336528301239,0.841838002204895,b.69.8.1,b.68.1.1,0.0036899999999999,,P03472
1txvA,1wl7A,0.44625,0.44625,0.44625,0.44625,0.6726378798484802,0.7140872478485107,b.69.8.1,b.67.2.1,0.0,,Q93HT9
1u4cA,1c9lA,0.68314,0.70275,0.62092,0.63961,0.9192404747009276,0.9224387407302856,b.69.4.2,a.118.1.4,0.0186899999999999,P26449,P11442
1u4cA,1zgkA,0.56904,0.56904,0.56904,0.56904,0.6223729848861694,0.8536199331283569,b.69.4.2,b.68.11.1,0.0,P26449,Q14145
1u4cA,1crzA,0.55543,0.56018,0.46479,0.46768,0.7206563949584961,0.8510587215423584,b.69.4.2,b.68.4.1,0.00289,P26449,P0A855
1u4cA,2fp8A,0.62193,0.62193,0.62193,0.62193,0.9276778697967528,0.9075980186462402,b.69.4.2,,0.0,P26449,P68175
1u4cA,2fpbA,0.61717,0.63459,0.61717,0.63459,0.949920654296875,0.9130738973617554,b.69.4.2,,0.0174199999999999,P26449,P68175
1u4cA,3nn9A,0.61202,0.63381,0.5214,0.54056,0.8138903379440308,0.7763283252716064,b.69.4.2,b.68.1.1,0.01916,P26449,P03472
1u4cA,1nmbN,0.61287,0.62148,0.52187,0.53128,0.802675724029541,0.7742618322372437,b.69.4.2,b.68.1.1,0.00941,P26449,P05803
1u6dX,2j04B,0.65709,0.65143,0.43563,0.43108,0.4211421906948089,0.6203604340553284,b.68.11.1,,-0.0045499999999999,Q14145,Q06339
1u6dX,1c9lA,0.58613,0.65217,0.49197,0.54613,0.5607015490531921,0.8255821466445923,b.68.11.1,a.118.1.4,0.0541599999999999,Q14145,P11442
1u6dX,2f28A,0.74789,0.8005,0.61814,0.66092,0.5157691836357117,0.8085095286369324,b.68.11.1,b.68.1.1,0.0427799999999999,Q14145,Q9Y3R4
1u6dX,1cvmA,0.70033,0.75818,0.58772,0.63558,0.6444315314292908,0.8610830903053284,b.68.11.1,b.68.3.1,0.04786,Q14145,O66037
1utcA,1hzuA,0.61748,0.61918,0.44036,0.44168,0.8029968738555908,0.8698123693466187,a.118.1.4,a.3.1.2,0.00132,P49951,P24474
1uv4A,2f28A,0.64569,0.64569,0.5453,0.5453,0.8589762449264526,0.8967316150665283,b.67.2.1,b.68.1.1,0.0,P94522,Q9Y3R4
1uv4A,2f24A,0.64956,0.64956,0.54768,0.54768,0.8530081510543823,0.8992929458618164,b.67.2.1,b.68.1.1,0.0,P94522,Q9Y3R4
1v04A,2b4wA,0.52115,0.53671,0.52115,0.53671,0.8813521862030029,0.985245943069458,b.68.6.2,b.67.2.5,0.01556,P27170,Q4QH86
1v04A,1s18A,0.55289,0.55289,0.55289,0.55289,0.8166691064834595,0.9646608233451844,b.68.6.2,b.67.3.1,0.0,P27170,Q8WVQ1
1vyhC,1jmxB,0.71282,0.75275,0.66018,0.69689,0.7185273766517639,0.9077306389808656,b.69.4.1,b.69.2.2,0.03671,P63005,Q8VW82
1vyhC,1jjuB,0.74925,0.78794,0.6955,0.73118,0.6689720749855042,0.9155393838882446,b.69.4.1,b.69.2.2,0.03568,P63005,Q8VUS7
1vyhC,2bzdA,0.63918,0.64013,0.36288,0.36359,0.8234829306602478,0.729826807975769,b.69.4.1,b.1.18.0,0.00071,P63005,Q02834
1wl7A,2f28A,0.62716,0.64068,0.55874,0.57065,0.8766446709632874,0.9266000986099244,b.67.2.1,b.68.1.1,0.0119099999999999,Q93HT9,Q9Y3R4
1x2jA,1xipA,0.60395,0.62169,0.49724,0.51208,0.5166983604431152,0.8000007271766663,b.68.11.1,b.69.14.1,0.0148399999999999,Q9Z2X8,P40477
1xipA,1jmxB,0.56655,0.5867,0.56655,0.5867,0.7486479878425598,0.9737959504127502,b.69.14.1,b.69.2.2,0.02015,P40477,Q8VW82
1yfqA,1v0zA,0.58504,0.60039,0.52879,0.5414,0.7888997793197632,0.8076502084732056,b.69.4.2,b.68.1.1,0.01261,P26449,Q6XV27
1yfqA,2b8hA,0.57953,0.59534,0.52469,0.5382,0.7869089841842651,0.7917436361312866,b.69.4.2,b.68.1.1,0.01351,P26449,P05803
1yfqA,2htyA,0.58791,0.58791,0.53402,0.53402,0.7833405137062073,0.8363804817199707,b.69.4.2,b.68.1.0,0.0,P26449,Q6DPL2
1yfqA,1nmbN,0.5809,0.59868,0.52602,0.54103,0.7856570482254028,0.7853511571884155,b.69.4.2,b.68.1.1,0.0150099999999999,P26449,P05803
1yfqA,1l7hA,0.58003,0.59596,0.5255,0.53872,0.7887362241744995,0.795846700668335,b.69.4.2,b.68.1.1,0.01322,P26449,P03472
1yfqA,3nn9A,0.58009,0.58009,0.5255,0.5255,0.7991122007369995,0.7863982915878296,b.69.4.2,b.68.1.1,0.0,P26449,P03472
1yfqA,1nnaA,0.58219,0.59791,0.52811,0.5414,0.7948919534683228,0.790788471698761,b.69.4.2,b.68.1.1,0.01329,P26449,P03472
1yfqA,6nn9A,0.58089,0.59457,0.52593,0.53637,0.7991145849227905,0.7904225587844849,b.69.4.2,b.68.1.1,0.01044,P26449,P03472
1yfqA,1ncdN,0.57889,0.59821,0.52342,0.53945,0.7920349836349487,0.7907556295394897,b.69.4.2,b.68.1.1,0.0160299999999999,P26449,P05803
1zgkA,1utcA,0.58233,0.61205,0.48536,0.50843,0.5668463706970215,0.8320932388305664,b.68.11.1,a.118.1.4,0.02307,Q14145,P49951
2aglA,1q7fA,0.53078,0.5606,0.53078,0.5606,0.7242041826248169,0.8462894558906555,,b.68.9.1,0.0298199999999999,P84888,Q8MQJ9
2aglA,2bf6A,0.58059,0.62491,0.48228,0.52136,0.7781895995140076,0.8778305053710938,,,0.03908,P84888,Q59310
2aglA,1iubA,0.54432,0.55272,0.54432,0.55272,0.7739331722259521,0.8676570653915405,,b.68.8.1,0.0083999999999999,P84888,P18891
2aglA,2f24A,0.55846,0.60792,0.55846,0.60792,0.8092665076255798,0.8622713088989258,,b.68.1.1,0.04946,P84888,Q9Y3R4
2aglA,2f26A,0.55538,0.61036,0.55289,0.6076,0.792783260345459,0.8623896837234497,,b.68.1.1,0.05471,P84888,Q9Y3R4
2b4wA,1e8tA,0.62555,0.62555,0.43454,0.43454,0.6864053010940552,0.8101621866226196,b.67.2.5,b.68.1.1,0.0,Q4QH86,Q9Q2W5
2b5nA,1ri6A,0.72039,0.7928,0.68119,0.74865,0.710303783416748,0.9799771308898926,,b.69.11.1,0.06746,Q16531,P52697
2b5nA,1jmxB,0.62011,0.709,0.58061,0.66143,0.7908508777618408,0.9719034433364868,,b.69.2.2,0.08082,Q16531,Q8VW82
2b5nA,1u4cA,0.72427,0.76053,0.71052,0.74611,0.978046178817749,0.9910147190093994,,b.69.4.2,0.03559,Q16531,P26449
2b5nA,1wcqA,0.6248,0.6248,0.35765,0.35765,0.8151116371154785,0.7902475595474243,,b.1.18.0,0.0,Q16531,Q02834
2bbkH,2h13A,0.6425,0.69648,0.6425,0.69648,0.8048046827316284,0.833807647228241,b.69.2.1,b.69.4.0,0.05398,P29894,P61964
2bbkH,1q7fA,0.525,0.525,0.525,0.525,0.7736672163009644,0.8301406502723694,b.69.2.1,b.68.9.1,0.0,P29894,Q8MQJ9
2bbkH,1c9iA,0.58546,0.64931,0.58546,0.64931,0.8792509436607361,0.9584303498268129,b.69.2.1,a.118.1.4,0.06385,P29894,P11442
2bbkH,1rwiB,0.50029,0.53923,0.50029,0.53923,0.8076743483543396,0.7994685173034668,b.69.2.1,b.68.9.1,0.0389399999999999,P29894,P9WI79
2bbkH,1p22A,0.61126,0.65892,0.54907,0.59102,0.7848124504089355,0.8922867774963379,b.69.2.1,a.158.1.1,0.04195,P29894,Q9Y297
2bbkH,1qlgA,0.54398,0.57952,0.54398,0.57952,0.7341769933700562,0.8412216305732727,b.69.2.1,b.68.3.1,0.03554,P29894,O66037
2bbkH,2ht5A,0.57256,0.57256,0.53519,0.53519,0.7969080209732056,0.865298867225647,b.69.2.1,b.68.1.0,0.0,P29894,Q07599
2bbkH,2batA,0.56634,0.56634,0.52881,0.52881,0.8112663626670837,0.8622041940689087,b.69.2.1,b.68.1.1,0.0,P29894,P06820
2bbkH,1nmaN,0.55783,0.6135,0.53145,0.58281,0.8370634317398071,0.8620113134384155,b.69.2.1,b.68.1.1,0.05136,P29894,P05803
2bbkH,1l7hA,0.56759,0.56759,0.53002,0.53002,0.805734395980835,0.8516368865966797,b.69.2.1,b.68.1.1,0.0,P29894,P03472
2bbkH,1v0zA,0.56886,0.56886,0.53004,0.53004,0.8063066005706787,0.8580440282821655,b.69.2.1,b.68.1.1,0.0,P29894,Q6XV27
2bbkH,5nn9A,0.5688,0.61393,0.53089,0.5707,0.8191426992416382,0.8574124574661255,b.69.2.1,b.68.1.1,0.03981,P29894,P03472
2bbkH,1l7gA,0.56704,0.56704,0.52936,0.52936,0.8058838248252869,0.8487396240234375,b.69.2.1,b.68.1.1,0.0,P29894,P03472
2bbkH,1ncaN,0.56753,0.61387,0.52879,0.56933,0.8143588304519653,0.8473284244537354,b.69.2.1,b.68.1.1,0.04054,P29894,P03472
2bbkH,2b8hA,0.56731,0.56731,0.52972,0.52972,0.8040326833724976,0.8482736349105835,b.69.2.1,b.68.1.1,0.0,P29894,P05803
2bbkH,1nmbN,0.56943,0.61389,0.53147,0.57053,0.8079783916473389,0.8528881072998047,b.69.2.1,b.68.1.1,0.0390599999999999,P29894,P05803
2bbkH,4nn9A,0.56787,0.61444,0.5301,0.57101,0.8195047974586487,0.8568534851074219,b.69.2.1,b.68.1.1,0.04091,P29894,P03472
2bbkH,6nn9A,0.56868,0.61422,0.53074,0.57099,0.8248547315597534,0.859406590461731,b.69.2.1,b.68.1.1,0.04025,P29894,P03472
2bbkH,1ncdN,0.56783,0.61256,0.52907,0.56855,0.8150461912155151,0.8563569784164429,b.69.2.1,b.68.1.1,0.0394799999999999,P29894,P05803
2bbkH,2htvA,0.56456,0.56456,0.5269,0.5269,0.8062761425971985,0.874904990196228,b.69.2.1,b.68.1.0,0.0,P29894,Q6XV46
2bbkH,2htyA,0.56221,0.56221,0.52789,0.52789,0.7917672395706177,0.8737599849700928,b.69.2.1,b.68.1.0,0.0,P29894,Q6DPL2
2bbkH,2aepA,0.56449,0.56449,0.52706,0.52706,0.7991174459457397,0.8588327169418335,b.69.2.1,b.68.1.1,0.0,P29894,Q9DL16
2bbkH,1sntA,0.54089,0.59194,0.54089,0.59194,0.8164452910423279,0.8329243063926697,b.69.2.1,b.68.1.1,0.05105,P29894,Q9Y3R4
2bbkH,3nn9A,0.56817,0.56817,0.53042,0.53042,0.826235294342041,0.8577813506126404,b.69.2.1,b.68.1.1,0.0,P29894,P03472
2bbkH,1a14N,0.56881,0.56881,0.53096,0.53096,0.8130364418029785,0.8488945960998535,b.69.2.1,b.68.1.1,0.0,P29894,P03472
2bbkH,1inyA,0.56753,0.61109,0.52984,0.56828,0.8290454149246216,0.8588825464248657,b.69.2.1,b.68.1.1,0.03844,P29894,P03472
2bbkH,2fp8A,0.49704,0.57496,0.49704,0.57496,0.8265655040740967,0.809027910232544,b.69.2.1,,0.07792,P29894,P68175
2bbkH,1infA,0.57893,0.57893,0.53778,0.53778,0.8228083252906799,0.8355912566184998,b.69.2.1,b.68.1.1,0.0,P29894,P03474
2bf6A,2mtaH,0.4709,0.50275,0.4709,0.50275,0.7884236574172974,0.8606197834014893,,b.69.2.1,0.03185,Q59310,P29894
2bf6A,1zgkA,0.48766,0.53755,0.48766,0.53755,0.488240897655487,0.7572015523910522,,b.68.11.1,0.0498899999999999,Q59310,Q14145
2cnxA,2mtaH,0.72451,0.79083,0.61066,0.66535,0.770751416683197,0.8194764256477356,b.69.4.0,b.69.2.1,0.05469,P61964,P29894
2cnxA,1mg2A,0.72867,0.79516,0.60164,0.65469,0.7743932008743286,0.8192896842956543,b.69.4.0,b.69.2.1,0.05305,P61964,P29894
2cnxA,2gc4A,0.72648,0.79273,0.60009,0.653,0.7742022275924683,0.8194972276687622,b.69.4.0,b.69.2.0,0.05291,P61964,P29894
2cnxA,2bbkH,0.72285,0.79228,0.63618,0.69617,0.8024955987930298,0.8348566293716431,b.69.4.0,b.69.2.1,0.0599899999999999,P61964,P29894
2cnxA,1eurA,0.6634,0.6634,0.57776,0.57776,0.8673630952835083,0.7763989567756653,b.69.4.0,b.68.1.1,0.0,P61964,Q02834
2co0A,1jjuB,0.74645,0.7952,0.68169,0.72594,0.6645494699478149,0.9299296736717224,b.69.4.0,b.69.2.2,0.04425,P61964,Q8VUS7
2co0A,1mg2A,0.73724,0.78475,0.605,0.64266,0.7770745754241943,0.8181777596473694,b.69.4.0,b.69.2.1,0.03766,P61964,P29894
2co0A,2gc4A,0.73501,0.79445,0.60337,0.65093,0.7766826152801514,0.818432092666626,b.69.4.0,b.69.2.0,0.04756,P61964,P29894
2co0A,2bbkH,0.73062,0.7941,0.63909,0.69401,0.8034778833389282,0.8336470127105713,b.69.4.0,b.69.2.1,0.0549199999999999,P61964,P29894
2dg0A,1crzA,0.63575,0.66342,0.52161,0.54341,0.5784239768981934,0.8724350929260254,b.68.6.1,b.68.4.1,0.0217999999999999,Q99QV3,P0A855
2dg0A,1gq1A,0.61016,0.57522,0.38281,0.35987,0.526755154132843,0.7529448866844177,b.68.6.1,a.3.1.2,-0.0229399999999999,Q99QV3,P72181
2dg0A,1gxrA,0.67001,0.67001,0.63843,0.63843,0.9120280146598816,0.8966553807258606,b.68.6.1,b.69.4.1,0.0,Q99QV3,Q04724
2dg0A,1vyhC,0.63718,0.63718,0.63718,0.63718,0.8892666697502136,0.7897518873214722,b.68.6.1,b.69.4.1,0.0,Q99QV3,P63005
2dsoA,2aglA,0.57822,0.63222,0.52781,0.57622,0.7354258298873901,0.8622286319732666,b.68.6.1,,0.0484099999999999,Q99QV3,P84888
2dsoA,1jjuB,0.57227,0.59464,0.55076,0.57267,0.7149564623832703,0.8953889608383179,b.68.6.1,b.69.2.2,0.0219099999999999,Q99QV3,Q8VUS7
2dsoA,2bbkH,0.56078,0.61876,0.51722,0.57199,0.7828031778335571,0.8395493030548096,b.68.6.1,b.69.2.1,0.0547699999999999,Q99QV3,P29894
2dsoA,2b5nA,0.6094,0.6094,0.6094,0.6094,0.8976914286613464,0.86672043800354,b.68.6.1,,0.0,Q99QV3,Q16531
2f24A,2mtaH,0.54892,0.59003,0.53193,0.57231,0.8231914043426514,0.841800332069397,b.68.1.1,b.69.2.1,0.0403799999999999,Q9Y3R4,P29894
2f26A,1jmxB,0.54301,0.54474,0.54301,0.54474,0.6486866474151611,0.8915390372276306,b.68.1.1,b.69.2.2,0.00173,Q9Y3R4,Q8VW82
2f28A,2mtaH,0.54731,0.56768,0.52917,0.54901,0.807668924331665,0.8485608100891113,b.68.1.1,b.69.2.1,0.0198399999999999,Q9Y3R4,P29894
2fawA,1sntA,0.63734,0.63734,0.4838,0.4838,0.6871503591537476,0.8227502703666687,,b.68.1.1,0.0,O81226,Q9Y3R4
2fp8A,2h3xA,0.59428,0.63798,0.51852,0.55319,0.7644460797309875,0.8291012048721313,,,0.0346699999999999,P68175,P84888
2fp8A,2g8sA,0.69683,0.69683,0.62461,0.62461,0.8490689396858215,0.8769576549530029,,,0.0,P68175,P75804
2fp8A,2hxcA,0.5896,0.63762,0.51471,0.55265,0.777177631855011,0.8340129852294922,,,0.0379399999999999,P68175,P84888
2fp8A,2aglA,0.58938,0.6391,0.51338,0.5528,0.7774227857589722,0.8327561616897583,,,0.03942,P68175,P84888
2fp8A,1bpoA,0.602,0.602,0.4041,0.4041,0.7835532426834106,0.805533766746521,,a.118.1.4,0.0,P68175,P11442
2fp8A,1c9iA,0.59992,0.59992,0.52511,0.52511,0.8126731514930725,0.8918113112449646,,a.118.1.4,0.0,P68175,P11442
2fp8A,1c9lA,0.59906,0.60491,0.52199,0.52561,0.8075852394104004,0.8808696269989014,,a.118.1.4,0.00362,P68175,P11442
2fp8A,2htyA,0.63461,0.68026,0.51956,0.55432,0.8078158497810364,0.8410916328430176,,b.68.1.0,0.03476,P68175,Q6DPL2
2fpbA,2mtaH,0.58724,0.60384,0.48791,0.5062,0.7656384706497192,0.807402491569519,,b.69.2.1,0.0182899999999999,P68175,P29894
2fpbA,1mg2A,0.58664,0.61098,0.47711,0.50248,0.7619631290435791,0.8077148199081421,,b.69.2.1,0.02537,P68175,P29894
2fpbA,2bbkH,0.56603,0.60585,0.49593,0.52802,0.8390332460403442,0.8126619458198547,,b.69.2.1,0.03209,P68175,P29894
2fpbA,2h3xA,0.5871,0.5871,0.50856,0.50856,0.7844103574752808,0.8318122625350952,,,0.0,P68175,P84888
2fpbA,2gc4A,0.57978,0.60862,0.47327,0.50073,0.7621347308158875,0.7976980209350586,,b.69.2.0,0.0274599999999999,P68175,P29894
2fpbA,2aglA,0.58249,0.63135,0.50361,0.54255,0.7953453063964844,0.8354803323745728,,,0.0389399999999999,P68175,P84888
2fpbA,2hxcA,0.58287,0.63162,0.50512,0.54399,0.7928000688552856,0.8366536498069763,,,0.0388699999999999,P68175,P84888
2fpbA,1c9iA,0.60458,0.60458,0.52644,0.52644,0.8387904167175293,0.8970807194709778,,a.118.1.4,0.0,P68175,P11442
2fpbA,1bpoA,0.60884,0.60884,0.40611,0.40611,0.8135428428649902,0.8124181628227234,,a.118.1.4,0.0,P68175,P11442
2g8sA,2fpbA,0.62143,0.62143,0.62143,0.62143,0.8660820126533508,0.8723469376564026,,,0.0,P75804,P68175
2g8sA,1crzA,0.55088,0.59944,0.48513,0.5268,0.6796237826347351,0.8460986614227295,,b.68.4.1,0.04167,P75804,P0A855
2g8sA,2ghsA,0.62809,0.62456,0.62809,0.62456,0.794750988483429,0.8785077333450317,,b.68.6.1,-0.00353,P75804,Q7D0W3
2g99A,1jjuB,0.74784,0.79832,0.68299,0.72888,0.6635109186172485,0.9323676228523254,b.69.4.0,b.69.2.2,0.0458899999999999,P61964,Q8VUS7
2g99A,2mtaH,0.73165,0.79372,0.6126,0.66403,0.7690417170524597,0.8215204477310181,b.69.4.0,b.69.2.1,0.0514299999999999,P61964,P29894
2g99A,1mg2A,0.73389,0.79807,0.60235,0.65338,0.7727384567260742,0.821464478969574,b.69.4.0,b.69.2.1,0.0510299999999999,P61964,P29894
2g99A,2g8sA,0.65427,0.65427,0.59187,0.59187,0.8451076745986938,0.8379197120666504,b.69.4.0,,0.0,P61964,P75804
2g9aA,1jmxB,0.70428,0.73304,0.6515,0.67958,0.7139507532119751,0.9348964691162108,b.69.4.0,b.69.2.2,0.0280799999999999,P61964,Q8VW82
2g9aA,1jjuB,0.73157,0.7987,0.67989,0.74046,0.6723260283470154,0.9390823245048524,b.69.4.0,b.69.2.2,0.06057,P61964,Q8VUS7
2g9aA,2mtaH,0.72017,0.76689,0.61321,0.65292,0.7649083137512207,0.8316351175308228,b.69.4.0,b.69.2.1,0.0397099999999999,P61964,P29894
2g9aA,1eurA,0.6577,0.6577,0.57875,0.57875,0.8637222647666931,0.7867587208747864,b.69.4.0,b.68.1.1,0.0,P61964,Q02834
2ghsA,2bf6A,0.71207,0.71856,0.48843,0.49388,0.7931049466133118,0.8416465520858765,b.68.6.1,,0.00545,Q7D0W3,Q59310
2gnqA,1ofzA,0.63613,0.64281,0.63613,0.64281,0.948277235031128,0.967981219291687,b.69.4.0,b.68.8.1,0.00668,P61964,P18891
2gnqA,2fpbA,0.63965,0.63965,0.63965,0.63965,0.928017556667328,0.8531375527381897,b.69.4.0,,0.0,P61964,P68175
2gvuA,1jjuB,0.56874,0.59337,0.53422,0.55765,0.7025842070579529,0.9145333766937256,b.68.6.1,b.69.2.2,0.0234299999999999,Q7SIG4,Q8VUS7
2gvuA,2gc4A,0.5806,0.59435,0.49177,0.5043,0.701582670211792,0.8185465931892395,b.68.6.1,b.69.2.0,0.0125299999999999,Q7SIG4,P29894
2gvxA,1jjuB,0.57012,0.59346,0.53562,0.55776,0.7038811445236206,0.911590814590454,b.68.6.1,b.69.2.2,0.02214,Q7SIG4,Q8VUS7
2gvxA,1lrwA,0.60515,0.61408,0.35834,0.35526,0.7244099378585815,0.6924429535865784,b.68.6.1,b.70.1.1,-0.0030799999999999,Q7SIG4,P12293
2h13A,2mtaH,0.73865,0.79652,0.61646,0.66449,0.7751270532608032,0.8182575106620789,b.69.4.0,b.69.2.1,0.04803,P61964,P29894
2h13A,2gc4A,0.74186,0.79951,0.60677,0.65223,0.7791494131088257,0.8181139230728149,b.69.4.0,b.69.2.0,0.0454599999999999,P61964,P29894
2h2nA,1vyhC,0.50777,0.50777,0.50777,0.50777,0.6882847547531128,0.6523370742797852,b.67.3.1,b.69.4.1,0.0,Q8WVQ1,P63005
2h2nA,2g99A,0.52978,0.5402,0.52978,0.5402,0.6945105791091919,0.6747269034385681,b.67.3.1,b.69.4.0,0.0104199999999999,Q8WVQ1,P61964
2h2uA,1sq9A,0.51227,0.58304,0.44315,0.50524,0.7796450853347778,0.7417936325073242,b.67.3.1,b.69.4.1,0.06209,Q8WVQ1,Q02793
2h2uA,1st8A,0.61003,0.6657,0.38333,0.42123,0.7962045669555664,0.8379135131835938,b.67.3.1,,0.0378999999999999,Q8WVQ1,Q93X60
2h2uA,1s4uX,0.53418,0.56907,0.48479,0.5173,0.7330254316329956,0.7402247190475464,b.67.3.1,b.69.4.1,0.0325099999999999,Q8WVQ1,Q02793
2h3xA,1a0rB,0.63007,0.68989,0.63007,0.68989,0.8147423267364502,0.8641834259033203,,b.69.4.1,0.0598199999999999,P84888,P62871
2h3xA,2bf6A,0.56374,0.60771,0.47094,0.50374,0.7617473602294922,0.8760207891464233,,,0.0327999999999999,P84888,Q59310
2h68A,1jjuB,0.74819,0.79341,0.68327,0.72436,0.6671974062919617,0.930426299571991,b.69.4.0,b.69.2.2,0.0410899999999999,P61964,Q8VUS7
2h68A,2mtaH,0.73031,0.77631,0.61151,0.65098,0.770608127117157,0.8190757632255554,b.69.4.0,b.69.2.1,0.03947,P61964,P29894
2h68A,2gc4A,0.73125,0.78357,0.60075,0.64168,0.773808479309082,0.8194381594657898,b.69.4.0,b.69.2.0,0.04093,P61964,P29894
2h68A,1mdaH,0.73024,0.78319,0.61821,0.66257,0.7765133380889893,0.8205885887145996,b.69.4.0,b.69.2.1,0.0443599999999999,P61964,
2h9lA,1jjuB,0.71125,0.76349,0.6814,0.73112,0.6782727241516113,0.9392529726028442,b.69.4.0,b.69.2.2,0.0497199999999999,P61964,Q8VUS7
2h9lA,2mtaH,0.69524,0.75148,0.61045,0.65926,0.7960662245750427,0.8305004239082336,b.69.4.0,b.69.2.1,0.0488099999999999,P61964,P29894
2h9lA,2gc4A,0.69723,0.75079,0.59987,0.64471,0.8001766204833984,0.8312546014785767,b.69.4.0,b.69.2.0,0.0448399999999999,P61964,P29894
2h9lA,1mg2A,0.69946,0.75106,0.60157,0.64466,0.7999051213264465,0.8313187956809998,b.69.4.0,b.69.2.1,0.0430899999999999,P61964,P29894
2h9lA,2bbkH,0.69457,0.75006,0.63656,0.68724,0.826941728591919,0.8442521095275879,b.69.4.0,b.69.2.1,0.0506799999999999,P61964,P29894
2h9lA,2j04B,0.80241,0.80115,0.56705,0.56665,0.8427084684371948,0.8571969270706177,b.69.4.0,,-0.0004,P61964,Q06339
2h9mA,1ijqA,0.66649,0.66477,0.65888,0.65719,0.6326174736022949,0.9174588918685912,b.69.4.0,b.68.5.1,-0.0016899999999999,P61964,P01130
2htvA,2iarA,0.54414,0.54414,0.54414,0.54414,0.8048348426818848,0.8419374227523804,b.68.1.0,b.68.6.1,0.0,Q6XV46,Q7SIG4
2htyA,2iaqA,0.54958,0.56239,0.54958,0.56239,0.8084036111831665,0.8556737899780273,b.68.1.0,b.68.6.1,0.0128099999999999,Q6DPL2,Q7SIG4
2hxcA,1s4uX,0.65991,0.70539,0.65991,0.70539,0.8207365870475769,0.8837099075317383,,b.69.4.1,0.0454799999999999,P84888,Q02793
2hxcA,1sntA,0.55891,0.60565,0.55891,0.60565,0.7928377389907837,0.860259473323822,,b.68.1.1,0.04674,P84888,Q9Y3R4
2hxcA,2f24A,0.56024,0.60735,0.56024,0.60735,0.8001874685287476,0.8642325401306152,,b.68.1.1,0.0471099999999999,P84888,Q9Y3R4
2i3sA,1jjuB,0.67485,0.71822,0.66956,0.71256,0.7067670822143555,0.9615402221679688,b.69.4.2,b.69.2.2,0.0429999999999999,P26449,Q8VUS7
2i3sA,1v0zA,0.59597,0.594,0.5267,0.52419,0.7922881841659546,0.7907938957214355,b.69.4.2,b.68.1.1,-0.0025099999999999,P26449,Q6XV27
2i3sA,1l7gA,0.58696,0.59381,0.51965,0.52606,0.7916397452354431,0.7751392126083374,b.69.4.2,b.68.1.1,0.00641,P26449,P03472
2i3sA,1l7hA,0.58741,0.59404,0.5202,0.52623,0.7932366728782654,0.7790687680244446,b.69.4.2,b.68.1.1,0.0060299999999999,P26449,P03472
2i3sA,2b8hA,0.58632,0.59313,0.51915,0.52538,0.7913753986358643,0.7748655676841736,b.69.4.2,b.68.1.1,0.0062299999999999,P26449,P05803
2i3sA,2htvA,0.58665,0.58665,0.52019,0.52019,0.8048325777053833,0.8157641887664795,b.69.4.2,b.68.1.0,0.0,P26449,Q6XV46
2i3sA,1nmaN,0.58732,0.59387,0.53134,0.53708,0.8053730726242065,0.7744876146316528,b.69.4.2,b.68.1.1,0.0057399999999999,P26449,P05803
2i3sA,2aepA,0.5945,0.60107,0.52652,0.53253,0.7957518696784973,0.7946574091911316,b.69.4.2,b.68.1.1,0.0060099999999999,P26449,Q9DL16
2i3sA,5nn9A,0.58695,0.59472,0.51992,0.5261,0.8003132939338684,0.7728998064994812,b.69.4.2,b.68.1.1,0.0061799999999999,P26449,P03472
2i3sA,1ncdN,0.58677,0.59461,0.51847,0.52552,0.7959834337234497,0.7743949890136719,b.69.4.2,b.68.1.1,0.00705,P26449,P05803
2i3sA,1nccN,0.58832,0.59835,0.51999,0.52853,0.8005163669586182,0.7742595672607422,b.69.4.2,b.68.1.1,0.0085400000000001,P26449,P03472
2i3sA,6nn9A,0.5876,0.59689,0.52024,0.52842,0.8026746511459351,0.7746298313140869,b.69.4.2,b.68.1.1,0.0081799999999999,P26449,P03472
2i3sA,1ncaN,0.58801,0.59722,0.51957,0.52772,0.8013153076171875,0.7690219283103943,b.69.4.2,b.68.1.1,0.0081499999999999,P26449,P03472
2i3sA,1nmbN,0.58899,0.57358,0.52152,0.50794,0.7897651195526123,0.7683923244476318,b.69.4.2,b.68.1.1,-0.01358,P26449,P05803
2i3sA,4nn9A,0.5876,0.59617,0.52027,0.52788,0.8017797470092773,0.76911461353302,b.69.4.2,b.68.1.1,0.00761,P26449,P03472
2i3sA,2batA,0.59518,0.59518,0.52706,0.52706,0.8071581125259399,0.7960227727890015,b.69.4.2,b.68.1.1,0.0,P26449,P06820
2i3sA,1vcjA,0.60316,0.61843,0.53225,0.5437,0.8064366579055786,0.7870784997940063,b.69.4.2,b.68.1.1,0.0114499999999999,P26449,P03474
2i3sA,1a4gA,0.60174,0.62142,0.53,0.5452,0.8139450550079346,0.783376932144165,b.69.4.2,b.68.1.1,0.0151999999999999,P26449,P27907
2i3tA,1ncdN,0.59049,0.58859,0.52171,0.52039,0.7952464818954468,0.781110405921936,b.69.4.2,b.68.1.1,-0.0013199999999999,P26449,P05803
2i3tA,2b8hA,0.57888,0.58824,0.51427,0.52152,0.7908656001091003,0.7814807891845703,b.69.4.2,b.68.1.1,0.0072499999999999,P26449,P05803
2iapA,1jjuB,0.56687,0.63114,0.53255,0.59179,0.7037990093231201,0.9094076156616212,b.68.6.1,b.69.2.2,0.05924,Q7SIG4,Q8VUS7
2iapA,2g8sA,0.7035,0.72473,0.64793,0.66673,0.8372176885604858,0.885872483253479,b.68.6.1,,0.0188,Q7SIG4,P75804
2iaqA,1jofA,0.65472,0.66884,0.58624,0.59986,0.6828747391700745,0.911268949508667,b.68.6.1,b.69.10.1,0.0136199999999999,Q7SIG4,P38677
2iaqA,2g8sA,0.7044,0.72326,0.64858,0.66545,0.8368579149246216,0.8869445323944092,b.68.6.1,,0.0168699999999999,Q7SIG4,P75804
2iaqA,1l7gA,0.65584,0.65584,0.5474,0.5474,0.7979626655578613,0.8371109962463379,b.68.6.1,b.68.1.1,0.0,Q7SIG4,P03472
2iarA,1jjuB,0.56606,0.59107,0.53198,0.55549,0.7005345821380615,0.9100074172019958,b.68.6.1,b.69.2.2,0.02351,Q7SIG4,Q8VUS7
2iarA,1hzvA,0.60143,0.58507,0.39735,0.39105,0.609742283821106,0.7950897216796875,b.68.6.1,a.3.1.2,-0.0062999999999999,Q7SIG4,P24474
2iarA,1b9sA,0.68816,0.69164,0.56857,0.57378,0.8079379796981812,0.8345530033111572,b.68.6.1,b.68.1.1,0.0052099999999999,Q7SIG4,P03474
2iasA,1jjuB,0.56659,0.62924,0.53242,0.59014,0.702326774597168,0.913100004196167,b.68.6.1,b.69.2.2,0.0577199999999999,Q7SIG4,Q8VUS7
2iasA,1jofA,0.65407,0.66795,0.58572,0.59917,0.6810010075569153,0.912282943725586,b.68.6.1,b.69.10.1,0.0134499999999999,Q7SIG4,P38677
2iatA,1jjuB,0.56812,0.59215,0.53363,0.55654,0.7030066847801208,0.9103152751922609,b.68.6.1,b.69.2.2,0.0229099999999999,Q7SIG4,Q8VUS7
2iauA,1jjuB,0.56852,0.59246,0.53403,0.5568,0.7081810235977173,0.9076185822486876,b.68.6.1,b.69.2.2,0.0227699999999999,Q7SIG4,Q8VUS7
2iauA,1jofA,0.65474,0.66919,0.58627,0.60024,0.6843396425247192,0.9073042869567872,b.68.6.1,b.69.10.1,0.01397,Q7SIG4,P38677
2iavA,1jjuB,0.56726,0.62657,0.53285,0.58775,0.7072649002075195,0.9109959602355956,b.68.6.1,b.69.2.2,0.0548999999999999,Q7SIG4,Q8VUS7
2iavA,2g8sA,0.70542,0.72477,0.64944,0.66676,0.8367729187011719,0.8796618580818176,b.68.6.1,,0.01732,Q7SIG4,P75804
2iavA,1jofA,0.65455,0.66851,0.58612,0.59965,0.686393678188324,0.9106796383857728,b.68.6.1,b.69.10.1,0.01353,Q7SIG4,P38677
2iawA,1jjuB,0.56804,0.59222,0.53371,0.55662,0.7043356895446777,0.9090313911437988,b.68.6.1,b.69.2.2,0.0229099999999999,Q7SIG4,Q8VUS7
2iawA,2g8sA,0.70519,0.72434,0.64926,0.6664,0.8373815417289734,0.8778152465820312,b.68.6.1,,0.01714,Q7SIG4,P75804
2iaxA,1jjuB,0.5677,0.59197,0.53332,0.5564,0.702089786529541,0.9108169674873352,b.68.6.1,b.69.2.2,0.0230799999999999,Q7SIG4,Q8VUS7
2iaxA,2d0vA,0.6127,0.6127,0.35741,0.35741,0.7242287397384644,0.6910682916641235,b.68.6.1,b.70.1.1,0.0,Q7SIG4,Q4AE26
2iaxA,1jofA,0.65509,0.6694,0.58654,0.60026,0.6820149421691895,0.9111117124557496,b.68.6.1,b.69.10.1,0.01372,Q7SIG4,P38677
2mtaH,1kv9A,0.6083,0.6225,0.37335,0.37783,0.7637169361114502,0.8185216188430786,b.69.2.1,a.3.1.6,0.0044799999999999,P29894,Q8GR64
2mtaH,1q7fA,0.50555,0.50555,0.50555,0.50555,0.6968414783477783,0.8186504244804382,b.69.2.1,b.68.9.1,0.0,P29894,Q8MQJ9
3silA,1gyeB,0.54476,0.54008,0.54476,0.54008,0.8464393615722656,0.8981571793556213,b.68.1.1,b.67.2.1,-0.00468,P29768,P95470
3silA,2g8sA,0.60526,0.60526,0.60526,0.60526,0.9765253067016602,0.9583431482315063,b.68.1.1,,0.0,P29768,P75804
3silA,2hxcA,0.53466,0.53941,0.53466,0.53941,0.8213546872138977,0.8625483512878418,b.68.1.1,,0.0047499999999999,P29768,P84888
1ab0A,1k24A,0.61018,0.61018,0.36241,0.36241,0.7290832996368408,0.7039162516593933,b.60.1.2,f.4.4.2,0.0,P04117,Q51227
1sa8A,1r0uA,0.52642,0.61738,0.42423,0.49417,0.8700978755950928,0.94175785779953,b.60.1.2,b.60.1.5,0.06994,P02693,O07624
1wbiA,1qjpA,0.63188,0.63188,0.57776,0.57776,0.9614464044570924,0.9723532795906068,b.61.1.1,f.4.1.1,0.0,P56732,P0A910
2ervA,1g90A,0.64368,0.64368,0.56013,0.56013,0.990393877029419,0.9914766550064088,,f.4.1.1,0.0,Q9HVD1,P0A910
2frsA,1r0uA,0.49146,0.56025,0.44751,0.50728,0.8979063034057617,0.9708264470100404,b.60.1.2,b.60.1.5,0.0597699999999999,P29373,O07624
1dslA,1npsA,0.7674,0.7674,0.7674,0.7674,0.9964802265167236,0.9870903491973876,b.11.1.1,b.11.1.1,0.0,P02526,P02966
1gamA,1npsA,0.76374,0.82257,0.74922,0.80616,0.996141791343689,0.9864959120750428,b.11.1.1,b.11.1.1,0.0569399999999999,P02526,P02966
1lknA,2araA,0.59186,0.71807,0.38639,0.47536,0.7536479234695435,0.8178104162216187,b.82.1.8,b.82.4.1,0.08897,Q9X0J6,P0A9E0
1npsA,1m8uA,0.7561,0.80834,0.41725,0.43013,0.9837721586227416,0.982040286064148,b.11.1.1,b.11.1.1,0.01288,P02966,P23005
1npsA,1a45A,0.72659,0.80133,0.4031,0.42825,0.9853827953338624,0.9794272780418396,b.11.1.1,b.11.1.1,0.02515,P02966,P23005
1npsA,1ammA,0.74939,0.79911,0.41185,0.42871,0.9923455715179444,0.979975700378418,b.11.1.1,b.11.1.1,0.0168599999999999,P02966,P02526
1npsA,1elpA,0.75625,0.81633,0.4153,0.43887,0.9891321659088136,0.9807366132736206,b.11.1.1,b.11.1.1,0.0235699999999999,P02966,P08209
1npsA,1h4aX,0.75992,0.81886,0.41717,0.4405,0.9875279664993286,0.9817802906036376,b.11.1.1,b.11.1.1,0.02333,P02966,P07320
1npsA,1hk0X,0.76035,0.82332,0.41587,0.44035,0.9887619614601136,0.9818687438964844,b.11.1.1,b.11.1.1,0.02448,P02966,P07320
1npsA,1a5dA,0.73743,0.79954,0.41051,0.4276,0.9853556156158448,0.9794803857803344,b.11.1.1,b.11.1.1,0.0170899999999999,P02966,P02528
1npsA,2bv2A,0.77973,0.84247,0.77973,0.84247,0.9969558715820312,0.9927513599395752,b.11.1.1,b.11.1.0,0.06274,P02966,F6Q2R9
1npsA,2g98A,0.75151,0.81649,0.41811,0.44501,0.9911447167396544,0.982414722442627,b.11.1.1,b.11.1.1,0.0269,P02966,P07320
1npsA,1i5iA,0.75597,0.79767,0.41328,0.43056,0.9924160838127136,0.9808633327484132,b.11.1.1,b.11.1.1,0.01728,P02966,P02526
1npsA,1ha4A,0.7609,0.8047,0.7609,0.8047,0.9944946765899658,0.9900913238525392,b.11.1.1,b.11.1.1,0.0437999999999999,P02966,P22914
1wktA,2dadA,0.56103,0.56103,0.53999,0.53999,0.9789220094680786,0.9873998165130616,b.11.1.2,b.11.1.0,0.0,P10410,Q9Y4K1
1wktA,1i5iA,0.56282,0.62347,0.33683,0.36345,0.9875131845474244,0.965172529220581,b.11.1.2,b.11.1.1,0.0266199999999999,P10410,P02526
1wktA,2g98A,0.55347,0.59759,0.33654,0.35821,0.9835425615310668,0.963036298751831,b.11.1.2,b.11.1.1,0.0216699999999999,P10410,P07320
1wktA,2ilbA,0.45349,0.55693,0.38538,0.46233,0.6345481872558594,0.8098897933959961,b.11.1.2,,0.07695,P10410,
2dadA,1npsA,0.70838,0.77064,0.70838,0.77064,0.987778663635254,0.9834678173065186,b.11.1.0,b.11.1.1,0.0622599999999999,Q9Y4K1,P02966
1aw8B,2glwA,0.46558,0.49014,0.4583,0.48278,0.5280332565307617,0.6754913926124573,,,0.02448,P0A790,O73971
1bywA,1b34B,0.23142,0.34349,0.23142,0.34349,0.2858247458934784,0.5609827041625977,d.110.3.6,b.38.1.1,0.11207,Q12809,P62316
1g5vA,1hzaA,0.48679,0.6267,0.42676,0.54993,0.538699209690094,0.6321994662284851,b.34.9.1,b.40.4.5,0.12317,Q16637,P41016
1g5vA,1i5fA,0.48532,0.62722,0.43024,0.55688,0.5479334592819214,0.6454577445983887,b.34.9.1,b.40.4.5,0.12664,Q16637,P41016
1g5vA,1c9oA,0.48373,0.62796,0.42903,0.55753,0.5509049892425537,0.6495864391326904,b.34.9.1,b.40.4.5,0.1284999999999999,Q16637,P41016
1g5vA,1hzcA,0.48728,0.62816,0.43184,0.55742,0.550844669342041,0.6422972083091736,b.34.9.1,b.40.4.5,0.12558,Q16637,P41016
1g5vA,1mjcA,0.522,0.66633,0.44515,0.56926,0.5082396864891052,0.6209014654159546,b.34.9.1,b.40.4.5,0.12411,Q16637,P0A9X9
1g5vA,1hz9A,0.48351,0.62861,0.42877,0.55784,0.5479928255081177,0.6436976790428162,b.34.9.1,b.40.4.5,0.12907,Q16637,P41016
1g5vA,1hzbA,0.48697,0.63171,0.43113,0.56082,0.547895610332489,0.6306637525558472,b.34.9.1,b.40.4.5,0.1296899999999999,Q16637,P41016
1g5vA,1cspA,0.48515,0.62415,0.42495,0.5477,0.5447741150856018,0.6376843452453613,b.34.9.1,b.40.4.5,0.1227499999999999,Q16637,P32081
1g9oA,2hgaA,0.49637,0.66329,0.44866,0.60089,0.4505582451820373,0.98417866230011,b.36.1.1,b.36.1.6,0.15223,O14745,O27421
1gcqA,1k2bA,0.31712,0.31712,0.24223,0.24223,0.7370127439498901,0.6065164804458618,b.34.2.1,b.50.1.1,0.0,P62993,P04587
1gm1A,2hgaA,0.48617,0.62033,0.4514,0.57751,0.4270994961261749,0.9871995449066162,b.36.1.1,b.36.1.6,0.1261099999999999,Q64512,O27421
1gq4A,2hgaA,0.48136,0.65686,0.43324,0.59225,0.4149240851402282,0.9797364473342896,b.36.1.1,b.36.1.6,0.15901,P07550,O27421
1gq5A,2hgaA,0.48959,0.65507,0.44351,0.5951,0.4187593162059784,0.9852402806282043,b.36.1.1,b.36.1.6,0.1515899999999999,O14745,O27421
1ihjA,2hgaA,0.49053,0.64251,0.45461,0.5963,0.4456276893615722,0.9933130145072936,b.36.1.1,b.36.1.6,0.14169,Q24008,O27421
1kq1A,1c4qA,0.37714,0.59301,0.34329,0.5341,0.4699580371379852,0.6777433156967163,b.38.1.2,b.40.2.1,0.19081,A0A0H3JV59,P69179
1l6oA,2hgaA,0.47987,0.63793,0.43315,0.57567,0.4023127555847168,0.9854365587234496,b.36.1.1,b.36.1.6,0.14252,P51142,O27421
1mfgA,2hgaA,0.49056,0.64448,0.45897,0.60357,0.4950460493564605,0.9882699847221376,b.36.1.1,b.36.1.6,0.1446,Q96RT1,O27421
1mhnA,1hzaA,0.47498,0.62648,0.4315,0.56999,0.5692738890647888,0.66093510389328,b.34.9.1,b.40.4.5,0.13849,Q16637,P41016
1mhnA,1hzbA,0.47934,0.63468,0.43971,0.58375,0.5786954760551453,0.6605572700500488,b.34.9.1,b.40.4.5,0.14404,Q16637,P41016
1mhnA,1c9oA,0.4722,0.62546,0.43392,0.57585,0.5817489624023438,0.6790843605995178,b.34.9.1,b.40.4.5,0.14193,Q16637,P41016
1mhnA,1hzcA,0.4744,0.62644,0.43577,0.5768,0.5819700360298157,0.6717950105667114,b.34.9.1,b.40.4.5,0.14103,Q16637,P41016
1mhnA,1i5fA,0.47281,0.62594,0.43434,0.57618,0.5786230564117432,0.6749290227890015,b.34.9.1,b.40.4.5,0.14184,Q16637,P41016
1mhnA,1hz9A,0.471,0.62545,0.43288,0.57576,0.5782474279403687,0.6728084683418274,b.34.9.1,b.40.4.5,0.14288,Q16637,P41016
1mhnA,2bh8A,0.39946,0.54299,0.305,0.41887,0.6122921705245972,0.8056875467300415,b.34.9.1,,0.11387,Q16637,P0AG67
1mhnA,1mjcA,0.49959,0.66172,0.44289,0.58713,0.5370444059371948,0.6517738103866577,b.34.9.1,b.40.4.5,0.14424,Q16637,P0A9X9
1n7tA,2hgaA,0.45613,0.59619,0.45613,0.59619,0.474945068359375,0.9847288727760316,b.36.1.1,b.36.1.6,0.14006,Q96RT1,O27421
1o9yA,1vc3B,0.23458,0.36653,0.20013,0.31195,0.5402005910873413,0.4772940874099731,b.139.1.1,,0.11182,O85094,Q5SKN7
1o9yA,1pyuB,0.25812,0.36908,0.22179,0.32111,0.5618893504142761,0.4625430703163147,b.139.1.1,,0.09932,O85094,P0A790
1o9yA,1uhdA,0.28217,0.37377,0.24458,0.31678,0.5606009364128113,0.5224696397781372,b.139.1.1,,0.0722,O85094,P56065
1o9yA,1uheA,0.2659,0.37132,0.22699,0.3111,0.5722387433052063,0.5359398722648621,b.139.1.1,,0.0841099999999999,O85094,P56065
1o9yA,1aw8B,0.22974,0.36796,0.20456,0.32437,0.5581954717636108,0.4499560594558716,b.139.1.1,,0.11981,O85094,P0A790
1ox8A,2chbD,0.29383,0.3226,0.29383,0.3226,0.6294828653335571,0.746137797832489,b.136.1.1,b.40.2.1,0.02877,P0AFZ3,P01556
1pt0A,1o9yA,0.20852,0.27557,0.20852,0.27557,0.382790744304657,0.4014827013015747,b.52.2.1,b.139.1.1,0.0670499999999999,P0A790,O85094
1q3oA,2hgaA,0.44528,0.59749,0.44528,0.59749,0.4808672368526459,0.9821714758872986,b.36.1.1,b.36.1.6,0.1522099999999999,Q9WV48,O27421
1rzxA,2hgaA,0.46065,0.60043,0.44244,0.57732,0.412589281797409,0.9890069961547852,b.36.1.1,b.36.1.6,0.13488,O97111,O27421
1txyA,1gnmA,0.32482,0.29895,0.30517,0.28179,0.6245887279510498,0.6834932565689087,b.40.4.3,b.50.1.1,-0.02338,P07013,P03366
1txyA,1hivA,0.32628,0.2328,0.3082,0.21643,0.624946117401123,0.6737048625946045,b.40.4.3,b.50.1.1,-0.0917699999999999,P07013,P04585
1txyA,1gnnA,0.31546,0.295,0.29638,0.27764,0.626120388507843,0.6846851706504822,b.40.4.3,b.50.1.1,-0.0187399999999999,P07013,P03366
1txyA,1lzqA,0.31545,0.30257,0.29662,0.2843,0.6277039051055908,0.6843571662902832,b.40.4.3,b.50.1.1,-0.0123199999999999,P07013,P03367
1v62A,2hgaA,0.39294,0.50417,0.39294,0.50417,0.430337905883789,0.9797394275665284,b.36.1.1,b.36.1.6,0.11123,Q9C0E4,O27421
1vc3B,1yelA,0.36419,0.40464,0.34791,0.388,0.887122631072998,0.8961048126220703,,b.142.1.2,0.04009,Q5SKN7,Q9FX77
1vj6A,2hgaA,0.46473,0.62471,0.43584,0.58663,0.4531363248825073,0.9808322191238404,b.36.1.1,b.36.1.6,0.1507899999999999,Q64512,O27421
1wi7A,1wtpA,0.41773,0.41773,0.41773,0.41773,0.8338963985443115,0.8273122310638428,b.34.2.0,b.34.13.1,0.0,Q8R550,P13123
1x8sA,2hgaA,0.45951,0.59154,0.44133,0.56875,0.403134822845459,0.9906638860702516,b.36.1.1,b.36.1.6,0.1274199999999999,O97111,O27421
1xe1A,2nwaA,0.43646,0.51889,0.43646,0.51889,0.5608705282211304,0.8340660929679871,b.43.3.1,b.122.1.13,0.0824299999999999,Q8U2D2,O34365
1zm0A,1qwdA,0.44767,0.46389,0.29968,0.31058,0.5893956422805786,0.7075165510177612,b.55.1.1,b.60.1.1,0.0109,P08567,P0A901
1zszA,2chbD,0.30123,0.37518,0.30123,0.37518,0.6188762187957764,0.7104153633117676,b.136.1.1,b.40.2.1,0.07395,P45206,P01556
1zszA,3chbD,0.3,0.37259,0.3,0.37259,0.6170145273208618,0.704336404800415,b.136.1.1,b.40.2.1,0.0725899999999999,P45206,P01556
2a28A,2o4lA,0.34034,0.36957,0.24816,0.24304,0.7282983660697937,0.6321573257446289,b.34.2.0,b.50.1.1,-0.0051199999999999,P38822,Q1G1C3
2a28A,2nphA,0.3455,0.3455,0.25043,0.25043,0.7167304754257202,0.6106696128845215,b.34.2.0,b.50.1.1,0.0,P38822,P04585
2a28A,1mtbA,0.33516,0.412,0.24604,0.27312,0.7143620252609253,0.5885109305381775,b.34.2.0,b.50.1.1,0.0270799999999999,P38822,P03369
2a28A,2fgvA,0.3295,0.41231,0.24419,0.27625,0.7022339105606079,0.5979227423667908,b.34.2.0,b.50.1.1,0.03206,P38822,P03369
2a28A,1kzkA,0.33789,0.33789,0.2447,0.2447,0.7276001572608948,0.6166072487831116,b.34.2.0,b.50.1.1,0.0,P38822,P03369
2ak5A,1dw6C,0.33015,0.36319,0.23912,0.25951,0.768072783946991,0.5517493486404419,b.34.2.1,b.50.1.1,0.02039,O55043,P03366
2ak5A,1fgcC,0.32606,0.32606,0.23738,0.23738,0.7661954760551453,0.5596004128456116,b.34.2.1,b.50.1.1,0.0,O55043,P04587
2ak5A,2nphA,0.32979,0.33594,0.24389,0.25863,0.7711212635040283,0.5651055574417114,b.34.2.1,b.50.1.1,0.01474,O55043,P04585
2ak5A,1d4kA,0.30567,0.39924,0.23924,0.27938,0.7703147530555725,0.5817227363586426,b.34.2.1,b.50.1.1,0.04014,O55043,P03369
2ak5A,1mtbA,0.32763,0.3143,0.23844,0.24005,0.7662758827209473,0.5469211339950562,b.34.2.1,b.50.1.1,0.00161,O55043,P03369
2ak5A,2g69A,0.32786,0.32786,0.242,0.242,0.7570873498916626,0.5593971014022827,b.34.2.1,b.50.1.1,0.0,O55043,P03366
2ak5A,1bdqA,0.33501,0.34274,0.24767,0.26317,0.7645514607429504,0.5692663788795471,b.34.2.1,b.50.1.1,0.0155,O55043,P04587
2ak5A,2fleA,0.32696,0.32696,0.24068,0.24068,0.759151816368103,0.558459460735321,b.34.2.1,b.50.1.1,0.0,O55043,Q9J2R0
2ak5A,1axaA,0.33128,0.33128,0.24396,0.24396,0.76656174659729,0.564467191696167,b.34.2.1,b.50.1.1,0.0,O55043,P03366
2ak5A,1aidA,0.33795,0.33493,0.24557,0.25934,0.7798409461975098,0.5703787207603455,b.34.2.1,b.50.1.1,0.01377,O55043,P03369
2aneA,1xe1A,0.37796,0.37796,0.37796,0.37796,0.4590868651866913,0.741724967956543,b.122.1.10,b.43.3.1,0.0,P0A9M0,Q8U2D2
2awuA,2hgaA,0.49022,0.64944,0.45877,0.60873,0.4564570486545563,0.99018657207489,b.36.1.1,b.36.1.6,0.1499599999999999,Q62696,O27421
2awwA,2hgaA,0.51875,0.68272,0.46753,0.61786,0.4575864374637604,0.9914458990097046,b.36.1.1,b.36.1.6,0.1503299999999999,Q62696,O27421
2awxA,2hgaA,0.50166,0.66709,0.45724,0.60952,0.4605629444122314,0.9909214973449708,b.36.1.1,b.36.1.6,0.1522799999999999,Q62696,O27421
2bygA,2hgaA,0.48893,0.6444,0.46887,0.61863,0.4960218667984009,0.989036500453949,b.36.1.1,b.36.1.6,0.14976,Q15700,O27421
2d92A,2hgaA,0.42425,0.5645,0.42425,0.5645,0.426007866859436,0.9804677963256836,b.36.1.0,b.36.1.6,0.1402499999999999,Q8NI35,O27421
2d9rA,1odxA,0.47673,0.57377,0.41908,0.50367,0.7730302810668945,0.8280640244483948,b.129.2.1,b.50.1.1,0.0845899999999999,Q7MXL1,P04585
2d9rA,2fddA,0.46758,0.55858,0.4125,0.49283,0.7795389890670776,0.8415119051933289,b.129.2.1,b.50.1.1,0.08033,Q7MXL1,Q7SPG9
2dbmA,1wtpA,0.42567,0.42567,0.42567,0.42567,0.8527990579605103,0.8095999360084534,b.34.2.0,b.34.13.1,0.0,Q99962,P13123
2digA,1hzaA,0.3968,0.50555,0.3968,0.50555,0.5195803642272949,0.7046966552734375,b.34.9.1,b.40.4.5,0.10875,Q14739,P41016
2digA,1i5fA,0.39092,0.50561,0.39092,0.50561,0.527082085609436,0.7170357704162598,b.34.9.1,b.40.4.5,0.11469,Q14739,P41016
2dm8A,2hgaA,0.4131,0.53127,0.4131,0.53127,0.4519973397254944,0.971059501171112,b.36.1.0,b.36.1.6,0.11817,Q8NI35,O27421
2f0aA,2hgaA,0.48294,0.61465,0.42535,0.54197,0.4172490537166595,0.98383891582489,b.36.1.1,b.36.1.6,0.1166199999999999,P51142,O27421
2fe5A,2hgaA,0.50507,0.65632,0.46769,0.60979,0.4306103587150574,0.9879016280174256,b.36.1.1,b.36.1.6,0.1421,Q92796,O27421
2fneA,2hgaA,0.48095,0.64047,0.45071,0.60015,0.4518943130970001,0.9780714511871338,b.36.1.1,b.36.1.6,0.1494399999999999,O75970,O27421
2glwA,1pyuB,0.46051,0.48362,0.46051,0.48362,0.529414176940918,0.6714403629302979,,,0.02311,O73971,P0A790
2glwA,1uheA,0.45643,0.47718,0.43923,0.46008,0.5089560747146606,0.7455718517303467,,,0.0208499999999999,O73971,P56065
2gncA,1dw6C,0.32764,0.32764,0.23915,0.23915,0.7153540253639221,0.5909559726715088,b.34.2.0,b.50.1.1,0.0,Q91Z69,P03366
2gncA,2az9A,0.36936,0.36936,0.26475,0.26475,0.7105340957641602,0.6036242246627808,b.34.2.0,b.50.1.1,0.0,Q91Z69,P03367
2gncA,1ajvA,0.35904,0.35904,0.26045,0.26045,0.7239846587181091,0.6039212942123413,b.34.2.0,b.50.1.1,0.0,Q91Z69,P03366
2gncA,1fgcC,0.32236,0.32236,0.24232,0.24232,0.7136752605438232,0.5987555384635925,b.34.2.0,b.50.1.1,0.0,Q91Z69,P04587
2gncA,1k2bA,0.31694,0.31694,0.24343,0.24343,0.7170170545578003,0.6003643274307251,b.34.2.0,b.50.1.1,0.0,Q91Z69,P04587
2h2bA,2hgaA,0.44912,0.60435,0.44912,0.60435,0.4958427846431732,0.9849498867988586,b.36.1.1,b.36.1.6,0.15523,Q07157,O27421
2h2cA,2hgaA,0.44156,0.59397,0.44156,0.59397,0.5081794857978821,0.9835082292556764,b.36.1.1,b.36.1.6,0.15241,Q07157,O27421
2h3mA,2hgaA,0.48852,0.64905,0.4536,0.60488,0.4652360379695892,0.9887382388114928,b.36.1.1,b.36.1.6,0.1512799999999999,Q07157,O27421
2he4A,2hgaA,0.48332,0.66726,0.43443,0.59963,0.43608158826828,0.9757677316665648,b.36.1.1,b.36.1.6,0.1652,Q15599,O27421
2hgaA,1wifA,0.45782,0.59886,0.38784,0.50639,0.4774709641933441,0.958482265472412,b.36.1.6,b.36.1.1,0.1185499999999999,O27421,Q9D9M4
2hgaA,1uhpA,0.45459,0.58863,0.44054,0.57106,0.4649316668510437,0.986441969871521,b.36.1.6,b.36.1.1,0.13052,O27421,Q9UPQ7
2hgaA,2d90A,0.45409,0.59451,0.45409,0.59451,0.4414869546890259,0.9804680347442628,b.36.1.6,b.36.1.0,0.14042,O27421,Q9JIL4
2hvyB,1d3bA,0.36601,0.36933,0.36601,0.36933,0.7315196990966797,0.6175450086593628,b.43.3.5,b.38.1.1,0.0033199999999999,Q8U029,P62318
2i6vA,1u37A,0.53131,0.62633,0.52258,0.61544,0.8731503486633301,0.9770597815513612,b.36.1.5,b.36.1.1,0.0928599999999999,P45777,Q02410
2i6vA,1pdrA,0.5583,0.65377,0.51835,0.60603,0.8729820847511292,0.9776751399040222,b.36.1.5,b.36.1.1,0.0876799999999999,P45777,Q12959
2i6vA,1qavA,0.54603,0.63969,0.53245,0.62339,0.8823850154876709,0.97409325838089,b.36.1.5,b.36.1.1,0.09094,P45777,Q61234
2iwoA,2hgaA,0.48913,0.63306,0.44713,0.57877,0.3928588926792145,0.989421844482422,b.36.1.0,b.36.1.6,0.1316399999999999,O75970,O27421
2iwqA,2hgaA,0.49821,0.65029,0.45437,0.59441,0.4395517408847809,0.983651340007782,b.36.1.1,b.36.1.6,0.14004,O75970,O27421
2j05A,1mjcA,0.43144,0.54542,0.39802,0.5038,0.6105961203575134,0.8217498064041138,b.34.2.0,b.40.4.5,0.10578,P20936,P0A9X9
2j6fA,1dw6C,0.33408,0.33408,0.25734,0.25734,0.7403997182846069,0.5711873173713684,,b.50.1.1,0.0,Q9Y5K6,P03366
2j6fA,1fgcC,0.36395,0.36395,0.2689,0.2689,0.7390769720077515,0.5782081484794617,,b.50.1.1,0.0,Q9Y5K6,P04587
2j6fA,2fgvA,0.37118,0.37118,0.26583,0.26583,0.7293060421943665,0.57256019115448,,b.50.1.1,0.0,Q9Y5K6,P03369
2j6fA,2g69A,0.34369,0.34369,0.26146,0.26146,0.7323858737945557,0.5769504308700562,,b.50.1.1,0.0,Q9Y5K6,P03366
2j6fA,1mtbA,0.374,0.374,0.26939,0.26939,0.7406966686248779,0.5663933157920837,,b.50.1.1,0.0,Q9Y5K6,P03369
2j6fA,1fg6C,0.33572,0.35876,0.25869,0.25615,0.7525254487991333,0.5969341993331909,,b.50.1.1,-0.0025399999999999,Q9Y5K6,P04587
2j6fA,1dazC,0.38484,0.38484,0.27228,0.27228,0.7364770174026489,0.5772674083709717,,b.50.1.1,0.0,Q9Y5K6,P03367
2j6fA,2azcA,0.36796,0.36796,0.26777,0.26777,0.7426725029945374,0.5710189342498779,,b.50.1.1,0.0,Q9Y5K6,P03367
2j6fA,1k6cA,0.34337,0.34337,0.2627,0.2627,0.7154850959777832,0.5772590041160583,,b.50.1.1,0.0,Q9Y5K6,P35963
2j6fA,1hefE,0.3765,0.3765,0.26841,0.26841,0.7363235950469971,0.580464243888855,,b.50.1.1,0.0,Q9Y5K6,P03366
2ocsA,2hgaA,0.51661,0.67289,0.44305,0.57897,0.4515098631381988,0.968750298023224,b.36.1.1,b.36.1.6,0.1359199999999999,Q15599,O27421
1dqgA,2f2fA,0.74009,0.77891,0.65769,0.69125,0.9019677639007568,0.9947859644889832,b.42.2.2,b.42.2.1,0.03356,Q61830,O87120
1hibA,1n4kA,0.68793,0.68793,0.38059,0.38059,0.6920949816703796,0.8208513855934143,b.42.1.2,a.118.22.1,0.0,P01584,P11881
1i1bA,1n4kA,0.68216,0.68216,0.37973,0.37973,0.6928087472915649,0.8187917470932007,b.42.1.2,a.118.22.1,0.0,P01584,P11881
1sr4A,1fwuA,0.602,0.63655,0.602,0.63655,0.906602680683136,0.9919615387916564,b.42.2.1,b.42.2.2,0.0345499999999999,O06522,Q61830
1sr4A,1dqgA,0.60262,0.63806,0.60262,0.63806,0.910936713218689,0.9921200275421144,b.42.2.1,b.42.2.2,0.0354399999999999,O06522,Q61830
1t4qA,1n4kA,0.67123,0.73077,0.37876,0.40727,0.6895920038223267,0.8178938627243042,b.42.1.2,a.118.22.1,0.02851,P01584,P11881
1tweA,1n4kA,0.67498,0.73726,0.38022,0.40957,0.6838524341583252,0.8184049129486084,b.42.1.2,a.118.22.1,0.0293499999999999,P01584,P11881
21biA,1n4kA,0.68423,0.68423,0.38079,0.38079,0.6933008432388306,0.8218733072280884,b.42.1.2,a.118.22.1,0.0,P01584,P11881
31biA,1n4kA,0.68184,0.7523,0.37492,0.40863,0.6889249086380005,0.8245073556900024,b.42.1.2,a.118.22.1,0.03371,P01584,P11881
41biA,1n4kA,0.68279,0.68279,0.37779,0.37779,0.6924972534179688,0.8207164406776428,b.42.1.2,a.118.22.1,0.0,P01584,P11881
1df6A,1r1fA,0.43749,0.51687,0.42955,0.50897,0.972911298274994,0.9488779306411744,g.3.3.2,g.3.3.4,0.07942,P82230,P84645
1spwA,1pftA,0.42537,0.43291,0.36854,0.37725,0.6763456463813782,0.9194493889808656,g.41.5.1,g.41.3.1,0.0087099999999999,P00270,P61998
2b38A,2gj0A,0.48059,0.55374,0.48059,0.55374,0.9647773504257202,0.9948096871376038,,,0.0731499999999999,P85175,P85177
2darA,1j2oA,0.49954,0.57655,0.41782,0.48312,0.7773197889328003,0.8843152523040771,g.39.1.3,g.39.1.3,0.0652999999999999,Q96HC4,P70662
2darA,2dfyX,0.6251,0.72529,0.37922,0.44272,0.7515761256217957,0.917295217514038,g.39.1.3,,0.0635,Q96HC4,P61969
1a50A,1jclA,0.58352,0.66205,0.58352,0.66205,0.8644954562187195,0.94334876537323,c.1.2.4,c.1.10.1,0.0785299999999999,P00929,P0A6L0
1a50A,1ktnA,0.58111,0.65787,0.58111,0.65787,0.8807358741760254,0.9362101554870604,c.1.2.4,c.1.10.1,0.0767599999999999,P00929,P0A6L0
1a50A,1jcjA,0.58407,0.66253,0.58407,0.66253,0.8683895468711853,0.9442110061645508,c.1.2.4,c.1.10.1,0.0784599999999999,P00929,P0A6L0
1a50A,1o66A,0.594,0.594,0.594,0.594,0.953677237033844,0.9016217589378356,c.1.2.4,c.1.12.8,0.0,P00929,Q9JZW6
1a50A,1i2rA,0.57574,0.57574,0.48995,0.48995,0.9078552722930908,0.8819368481636047,c.1.2.4,c.1.10.1,0.0,P00929,P0A870
1a50A,2fmnA,0.61967,0.62521,0.56872,0.57612,0.5118294358253479,0.8697894811630249,c.1.2.4,c.1.23.1,0.0073999999999999,P00929,P0AEZ1
1a50A,1f05A,0.57669,0.57669,0.48345,0.48345,0.9048612117767334,0.8997659087181091,c.1.2.4,c.1.10.1,0.0,P00929,P37837
1a5cA,2fmnA,0.47784,0.53618,0.47784,0.53618,0.651407778263092,0.8903630971908569,c.1.10.1,c.1.23.1,0.05834,P14223,P0AEZ1
1ad1A,1bf6A,0.56987,0.63727,0.52798,0.58952,0.7018836140632629,0.7831591963768005,c.1.21.1,c.1.9.3,0.06154,O05701,P45548
1ad1A,1xwyA,0.53944,0.60901,0.53944,0.60901,0.7629578113555908,0.8310626745223999,c.1.21.1,c.1.9.12,0.06957,O05701,P27859
1ad1A,1a4lA,0.56636,0.63513,0.45306,0.50232,0.6503211259841919,0.7903109788894653,c.1.21.1,c.1.9.1,0.0492599999999999,O05701,P03958
1ad1A,2gzxA,0.49667,0.59709,0.49667,0.59709,0.7669229507446289,0.8297513723373413,c.1.21.1,c.1.9.0,0.10042,O05701,
1ad1A,1zgdA,0.58021,0.60842,0.50998,0.53434,0.8693349361419678,0.862959623336792,c.1.21.1,,0.02436,O05701,Q40309
1ad1A,1vcvA,0.54632,0.54632,0.54632,0.54632,0.8180522918701172,0.8609637022018433,c.1.21.1,c.1.10.1,0.0,O05701,Q8ZXK7
1ad1A,1sytA,0.62784,0.62784,0.48285,0.48285,0.6293381452560425,0.649722695350647,c.1.21.1,c.1.8.5,0.0,O05701,Q8SPQ0
1ad1A,1zzmA,0.52956,0.61364,0.52956,0.61364,0.7722474932670593,0.8300743699073792,c.1.21.1,c.1.9.12,0.0840799999999999,O05701,P39408
1ad1A,1fkxA,0.53622,0.63371,0.4321,0.50138,0.6517179012298584,0.7888871431350708,c.1.21.1,c.1.9.1,0.06928,O05701,P03958
1ad1A,1uioA,0.56752,0.63588,0.45373,0.50279,0.6413224935531616,0.7941910028457642,c.1.21.1,c.1.9.1,0.0490599999999999,O05701,P03958
1ad1A,1owqA,0.6257,0.6257,0.48143,0.48143,0.6263646483421326,0.6623175144195557,c.1.21.1,c.1.8.5,0.0,O05701,P30922
1ad1A,1fkwA,0.56614,0.63506,0.45199,0.50242,0.6567829251289368,0.7950844764709473,c.1.21.1,c.1.9.1,0.0504299999999999,O05701,P03958
1ad1A,1ljyA,0.62822,0.62822,0.48312,0.48312,0.6318891644477844,0.6464001536369324,c.1.21.1,c.1.8.5,0.0,O05701,Q8SPQ0
1ad1A,1qwkA,0.58022,0.56838,0.5042,0.49798,0.8924734592437744,0.881155252456665,c.1.21.1,c.1.7.1,-0.00622,O05701,P91020
1ad1A,1w1iE,0.54139,0.63612,0.43309,0.49922,0.6459829211235046,0.7971101999282837,c.1.21.1,c.1.9.1,0.06613,O05701,P56658
1ad1A,2bgnE,0.53832,0.63377,0.43099,0.49837,0.6483749151229858,0.7948241829872131,c.1.21.1,c.1.9.1,0.06738,O05701,P56658
1ad1A,1el3A,0.58015,0.58015,0.4992,0.4992,0.8770586252212524,0.8753024339675903,c.1.21.1,c.1.7.1,0.0,O05701,P15121
1ad1A,1i2rA,0.54227,0.54227,0.46775,0.46775,0.813895583152771,0.9064561128616332,c.1.21.1,c.1.10.1,0.0,O05701,P0A870
1aw1A,1ct5A,0.51829,0.56082,0.51829,0.56082,0.5810692310333252,0.9511610269546508,c.1.1.1,c.1.6.2,0.0425299999999999,P50921,P38197
1aw1A,1hizA,0.58975,0.67556,0.43363,0.49339,0.7718420028686523,0.7305722832679749,c.1.1.1,c.1.8.3,0.0597599999999999,P50921,P40943
1aw1A,1l6wA,0.55332,0.56465,0.55332,0.56465,0.8716614246368408,0.955152988433838,c.1.1.1,c.1.10.1,0.0113299999999999,P50921,P78055
1aw1A,1d3gA,0.6259,0.6259,0.47295,0.47295,0.8847157955169678,0.8248114585876465,c.1.1.1,c.1.4.1,0.0,P50921,Q02127
1aw1A,1ta3B,0.62495,0.64838,0.54743,0.56837,0.8630411624908447,0.8195093870162964,c.1.1.1,c.1.8.3,0.02094,P50921,Q00177
1aw1A,1b54A,0.54238,0.58119,0.54238,0.58119,0.5813466906547546,0.9700366258621216,c.1.1.1,c.1.6.2,0.03881,P50921,P38197
1aw1A,2bnjA,0.61754,0.68431,0.54152,0.59712,0.86527419090271,0.8573929667472839,c.1.1.1,c.1.8.3,0.0555999999999999,P50921,P23360
1aw1A,1f9cA,0.53536,0.54292,0.40112,0.41132,0.5808343887329102,0.5231288075447083,c.1.1.1,c.1.11.2,0.0102,P50921,Q51958
1b54A,1wnoA,0.57811,0.55819,0.37755,0.36639,0.5567903518676758,0.7726612091064453,c.1.6.2,c.1.8.5,-0.01116,P38197,Q873X9
1b54A,1ojxA,0.54602,0.61625,0.51081,0.57597,0.7664934992790222,0.9376627802848816,c.1.6.2,c.1.10.1,0.06516,P38197,P58315
1b57A,2cwnA,0.49781,0.49781,0.49781,0.49781,0.9477595686912536,0.93836772441864,c.1.10.2,c.1.10.1,0.0,P0AB71,Q93092
1b57A,1i2nA,0.49444,0.49444,0.49444,0.49444,0.93962424993515,0.9266026020050048,c.1.10.2,c.1.10.1,0.0,P0AB71,P0A870
1b5tA,1ptaA,0.59899,0.59899,0.53304,0.53304,0.7169257402420044,0.8915796279907227,c.1.23.1,c.1.9.3,0.0,P0AEZ1,P0A434
1b5tA,1r9xA,0.59623,0.66067,0.42092,0.4599,0.7312500476837158,0.7946017980575562,c.1.23.1,b.92.1.2,0.0389799999999999,P0AEZ1,P25524
1b5tA,1r9yA,0.59621,0.66043,0.4209,0.45952,0.7293348908424377,0.7951679229736328,c.1.23.1,b.92.1.2,0.0386199999999999,P0AEZ1,P25524
1b5tA,2dw6A,0.57778,0.57778,0.4338,0.4338,0.5501599907875061,0.5222885608673096,c.1.23.1,c.1.11.2,0.0,P0AEZ1,Q89FH0
1b5tA,1k6wA,0.59619,0.65773,0.4209,0.45789,0.7277149558067322,0.7924764156341553,c.1.23.1,b.92.1.2,0.03699,P0AEZ1,P25524
1b5tA,1r9zA,0.59587,0.66046,0.42071,0.4595,0.730492115020752,0.7942399978637695,c.1.23.1,b.92.1.2,0.03879,P0AEZ1,P25524
1b5tA,2h9aA,0.57782,0.5833,0.43816,0.44116,0.7283639907836914,0.7025263905525208,c.1.23.1,,0.003,P0AEZ1,Q3ACS3
1b5tA,1qrqA,0.64721,0.64721,0.56286,0.56286,0.8764361143112183,0.9308640360832214,c.1.23.1,c.1.7.1,0.0,P0AEZ1,P62483
1b5tA,1tv7A,0.52496,0.54626,0.45641,0.47367,0.6142406463623047,0.665513277053833,c.1.23.1,c.1.28.3,0.0172599999999999,P0AEZ1,P69848
1b5tA,1hw6A,0.56728,0.56728,0.56728,0.56728,0.8122031688690186,0.9354957938194276,c.1.23.1,c.1.7.1,0.0,P0AEZ1,P06632
1b5tA,1bf6A,0.59489,0.59489,0.56815,0.56815,0.7595610618591309,0.860450267791748,c.1.23.1,c.1.9.3,0.0,P0AEZ1,P45548
1b5tA,2hs8A,0.63086,0.68027,0.49472,0.53314,0.5749879479408264,0.7842961549758911,c.1.23.1,c.1.4.1,0.0384199999999999,P0AEZ1,Q9FEW9
1b9bA,1vpxA,0.54983,0.54983,0.54983,0.54983,0.8243416547775269,0.94061678647995,c.1.1.1,c.1.10.1,0.0,P36204,Q9WYD1
1brlA,1to3A,0.46988,0.52414,0.46988,0.52414,0.4510660171508789,0.8381791114807129,c.1.16.1,c.1.10.1,0.05426,P07740,Q9L7R9
1brlA,1o60A,0.46634,0.42664,0.46634,0.42664,0.4271946549415588,0.7821187973022461,c.1.16.1,c.1.10.4,-0.0396999999999999,P07740,P45251
1brlA,1uumA,0.51024,0.54452,0.49809,0.53123,0.4495081901550293,0.7798346281051636,c.1.16.1,c.1.4.1,0.03314,P07740,Q63707
1brlA,1twsA,0.48773,0.52796,0.48773,0.52796,0.5252439379692078,0.7580751180648804,c.1.16.1,c.1.21.1,0.0402299999999999,P07740,Q81VW8
1brlB,2d1zA,0.49301,0.61288,0.38573,0.48007,0.5458598732948303,0.7503424882888794,c.1.16.1,b.42.2.0,0.0943399999999999,P07739,Q7SI98
1brlB,1jclA,0.50614,0.54128,0.50614,0.54128,0.5685214400291443,0.7616928219795227,c.1.16.1,c.1.10.1,0.0351399999999999,P07739,P0A6L0
1brlB,1ta3B,0.49274,0.5778,0.49274,0.5778,0.5653225183486938,0.8706544041633606,c.1.16.1,c.1.8.3,0.0850599999999999,P07739,Q00177
1ct5A,1d3gA,0.63089,0.63089,0.42609,0.42609,0.6248286962509155,0.8207623958587646,c.1.6.2,c.1.4.1,0.0,P38197,Q02127
1ct5A,1wx0A,0.56515,0.57461,0.56515,0.57461,0.754630446434021,0.925352931022644,c.1.6.2,c.1.10.1,0.0094599999999999,P38197,Q5SJE8
1ct5A,1y65A,0.58561,0.58561,0.43269,0.43269,0.5968176126480103,0.7933160066604614,c.1.6.2,c.1.8.7,0.0,P38197,Q9KU37
1ct5A,1hl2A,0.57585,0.63845,0.46056,0.51027,0.7362179756164551,0.8674716353416443,c.1.6.2,c.1.10.1,0.0497099999999999,P38197,P0A6L4
1ct5A,2gjlA,0.55392,0.60486,0.41066,0.44757,0.6888699531555176,0.7852124571800232,c.1.6.2,,0.03691,P38197,Q9I4V0
1ct5A,1oyaA,0.63223,0.65553,0.39535,0.41114,0.5871298313140869,0.74280846118927,c.1.6.2,c.1.4.1,0.01579,P38197,Q02899
1ct5A,2hmcA,0.57136,0.65923,0.4482,0.50856,0.7429714202880859,0.8946372866630554,c.1.6.2,,0.06036,P38197,A9CGZ4
1ct5A,1j2wA,0.56164,0.60957,0.56164,0.60957,0.6824806928634644,0.9156486988067628,c.1.6.2,c.1.10.1,0.0479299999999999,P38197,Q5SJ28
1dbtA,1f6yA,0.64476,0.68191,0.60036,0.63463,0.8797997236251831,0.9580103158950806,c.1.2.3,c.1.21.2,0.03427,P25971,Q46389
1dbtA,2h9aA,0.63966,0.60394,0.4221,0.40255,0.9382129907608032,0.5194807648658752,c.1.2.3,,-0.0195499999999999,P25971,Q3ACS3
1dbtA,2ftpA,0.65461,0.65461,0.53879,0.53879,0.8631783723831177,0.8266880512237549,c.1.2.3,,0.0,P25971,Q9I2A0
1dkwA,1vpxA,0.57294,0.57294,0.57294,0.57294,0.911265194416046,0.9464136362075806,c.1.1.1,c.1.10.1,0.0,P04789,Q9WYD1
1dkwA,1l6wA,0.58158,0.60862,0.58158,0.60862,0.9316309690475464,0.9692078828811646,c.1.1.1,c.1.10.1,0.02704,P04789,P78055
1dl3A,1vpxA,0.68534,0.69185,0.63988,0.64711,0.9178439378738404,0.9143242239952089,c.1.2.4,c.1.10.1,0.0072299999999999,Q56320,Q9WYD1
1dl3A,1xbyA,0.77886,0.77886,0.70881,0.70881,0.9111921787261964,0.9449394345283508,c.1.2.4,c.1.2.3,0.0,Q56320,P39304
1dl3A,1ucwA,0.68252,0.67671,0.4466,0.44563,0.8077656030654907,0.7233038544654846,c.1.2.4,c.1.10.1,-0.0009699999999999,Q56320,P0A870
1dl3A,1v77A,0.5641,0.5819,0.54029,0.5568,0.7046583294868469,0.7036202549934387,c.1.2.4,c.6.3.2,0.0165099999999999,Q56320,O59543
1dl3A,1fkxA,0.66164,0.6997,0.407,0.421,0.593605101108551,0.6429542303085327,c.1.2.4,c.1.9.1,0.014,Q56320,P03958
1dl3A,1uipA,0.66432,0.67207,0.40875,0.40861,0.584017276763916,0.6338514089584351,c.1.2.4,c.1.9.1,-0.00014,Q56320,P03958
1dl3A,2adaA,0.66172,0.66595,0.40703,0.4091,0.5931155681610107,0.6469012498855591,c.1.2.4,c.1.9.1,0.00207,Q56320,P03958
1dosA,1i2oA,0.48161,0.48161,0.48161,0.48161,0.9540414810180664,0.9273992776870728,c.1.10.2,c.1.10.1,0.0,P0AB71,P0A870
1dosA,1onrA,0.48139,0.48139,0.48139,0.48139,0.9545785188674928,0.9266799092292786,c.1.10.2,c.1.10.1,0.0,P0AB71,P0A870
1dosA,1i2pA,0.48136,0.48136,0.48136,0.48136,0.955287218093872,0.9258077144622804,c.1.10.2,c.1.10.1,0.0,P0AB71,P0A870
1dosA,1i2qA,0.48226,0.48226,0.48226,0.48226,0.9532506465911864,0.9247925281524658,c.1.10.2,c.1.10.1,0.0,P0AB71,P0A870
1dosA,1i2rA,0.48255,0.48255,0.48255,0.48255,0.9544809460639954,0.9283231496810912,c.1.10.2,c.1.10.1,0.0,P0AB71,P0A870
1dosA,2cwnA,0.48239,0.48239,0.48239,0.48239,0.9667563438415528,0.9397542476654052,c.1.10.2,c.1.10.1,0.0,P0AB71,Q93092
1dosA,1i2nA,0.48226,0.48226,0.48226,0.48226,0.952152669429779,0.9269035458564758,c.1.10.2,c.1.10.1,0.0,P0AB71,P0A870
1dxeA,1g4eA,0.59963,0.59963,0.59963,0.59963,0.7331969141960144,0.934682846069336,c.1.12.5,c.1.3.1,0.0,P23522,P39594
1dxeA,1vlwA,0.59651,0.59651,0.59651,0.59651,0.8791235089302063,0.939033031463623,c.1.12.5,c.1.10.1,0.0,P23522,Q9WXS1
1dxeA,1wa3A,0.59394,0.59394,0.59394,0.59394,0.8440820574760437,0.9265252351760864,c.1.12.5,c.1.10.1,0.0,P23522,Q9WXS1
1dxeA,1i2qA,0.57947,0.57947,0.47907,0.47907,0.9575231075286864,0.9212421774864196,c.1.12.5,c.1.10.1,0.0,P23522,P0A870
1dxeA,1i2rA,0.57952,0.57952,0.47908,0.47908,0.9573535323143004,0.9265190362930298,c.1.12.5,c.1.10.1,0.0,P23522,P0A870
1e0vA,1vhcA,0.48352,0.48352,0.48352,0.48352,0.8983194828033447,0.8458589315414429,c.1.8.3,c.1.10.1,0.0,P26514,P44480
1e0wA,1vhcA,0.48056,0.51271,0.48056,0.51271,0.8969603180885315,0.8405939340591431,c.1.8.3,c.1.10.1,0.03215,P26514,P44480
1eixA,1nvmA,0.68752,0.68001,0.49377,0.48786,0.8695516586303711,0.8514525294303894,c.1.2.3,a.5.7.1,-0.0059099999999999,P08244,P51016
1eixA,1f6yA,0.65491,0.65491,0.59679,0.59679,0.8691122531890869,0.9398651123046876,c.1.2.3,c.1.21.2,0.0,P08244,Q46389
1eixA,1vh7A,0.70053,0.70053,0.65434,0.65434,0.9730533361434937,0.9502334594726562,c.1.2.3,c.1.2.1,0.0,P08244,Q9X0C6
1eyeA,2gokA,0.55234,0.63495,0.38147,0.42967,0.5512515902519226,0.6659696698188782,c.1.21.1,b.92.1.10,0.0482,P9WND1,Q8U8Z6
1eyeA,1xm3A,0.56472,0.57573,0.56472,0.57573,0.7302777171134949,0.8791083097457886,c.1.21.1,c.1.31.1,0.0110099999999999,P9WND1,O31618
1eyeA,1onrA,0.55001,0.60912,0.45995,0.50525,0.8327488899230957,0.8784593939781189,c.1.21.1,c.1.10.1,0.0452999999999999,P9WND1,P0A870
1eyeA,1fkxA,0.50622,0.61728,0.39569,0.47622,0.609872579574585,0.7786240577697754,c.1.21.1,c.1.9.1,0.0805299999999999,P9WND1,P03958
1eyeA,1a4lA,0.55529,0.61454,0.43124,0.47684,0.6087311506271362,0.7783997058868408,c.1.21.1,c.1.9.1,0.0455999999999999,P9WND1,P03958
1eyeA,1i2qA,0.55088,0.6087,0.46027,0.50493,0.8354809284210205,0.8788871765136719,c.1.21.1,c.1.10.1,0.0446599999999999,P9WND1,P0A870
1eyeA,1i2oA,0.54893,0.60879,0.45939,0.50501,0.8397128582000732,0.8836333751678467,c.1.21.1,c.1.10.1,0.0456199999999999,P9WND1,P0A870
1eyeA,1i2pA,0.5485,0.60806,0.45881,0.50448,0.8402917385101318,0.8830499649047852,c.1.21.1,c.1.10.1,0.04567,P9WND1,P0A870
1eyeA,1pz1A,0.58644,0.62764,0.48443,0.51666,0.8334000110626221,0.8311700224876404,c.1.21.1,c.1.7.1,0.0322299999999999,P9WND1,P80874
1eyeA,1i2rA,0.5481,0.60901,0.45838,0.50516,0.8361293077468872,0.8837199211120605,c.1.21.1,c.1.10.1,0.04678,P9WND1,P0A870
1eyeA,1tvlA,0.61765,0.61765,0.43547,0.43547,0.4998172521591186,0.8460883498191833,c.1.21.1,c.1.16.4,0.0,P9WND1,O34974
1eyeA,1pyfA,0.62653,0.62653,0.53577,0.53577,0.8684120774269104,0.875877857208252,c.1.21.1,c.1.7.1,0.0,P9WND1,P46336
1eyeA,1w1iE,0.5558,0.64486,0.43062,0.49463,0.6044479608535767,0.7855424880981445,c.1.21.1,c.1.9.1,0.06401,P9WND1,P56658
1eyeA,1l6wA,0.54539,0.54539,0.54539,0.54539,0.8228856921195984,0.9587594270706176,c.1.21.1,c.1.10.1,0.0,P9WND1,P78055
1eyeA,1ucwA,0.54878,0.60621,0.46015,0.50423,0.8243222832679749,0.8911359310150146,c.1.21.1,c.1.10.1,0.0440799999999999,P9WND1,P0A870
1eyeA,1fkwA,0.55447,0.6179,0.43067,0.47651,0.6154720783233643,0.7839683890342712,c.1.21.1,c.1.9.1,0.0458399999999999,P9WND1,P03958
1eyeA,1uioA,0.55669,0.61712,0.4321,0.47854,0.5981841087341309,0.7815448045730591,c.1.21.1,c.1.9.1,0.04644,P9WND1,P03958
1eyeA,2adaA,0.50584,0.61894,0.39478,0.47724,0.6039703488349915,0.7868787050247192,c.1.21.1,c.1.9.1,0.0824599999999999,P9WND1,P03958
1eyeA,2amxA,0.57139,0.65571,0.43049,0.48779,0.6548606157302856,0.8042590618133545,c.1.21.1,c.1.9.1,0.0573,P9WND1,Q7RMV2
1eyeA,1zzmA,0.53114,0.61337,0.52637,0.60762,0.7335526347160339,0.8145185708999634,c.1.21.1,c.1.9.12,0.08125,P9WND1,P39408
1eyeA,1ndvA,0.55462,0.6138,0.43079,0.47651,0.611457884311676,0.7914984822273254,c.1.21.1,c.1.9.1,0.0457199999999999,P9WND1,P56658
1eyeA,1o66A,0.51331,0.48062,0.51331,0.48062,0.7332569360733032,0.9204444885253906,c.1.21.1,c.1.12.8,-0.03269,P9WND1,Q9JZW6
1ezwA,1sfjA,0.44346,0.48828,0.44346,0.48828,0.4986900091171264,0.8878393769264221,c.1.16.3,c.1.10.1,0.0448199999999999,Q8TXY4,Q6GII7
1ezwA,1f6yA,0.44262,0.49105,0.44262,0.49105,0.4615715146064758,0.8408025503158569,c.1.16.3,c.1.21.2,0.0484299999999999,Q8TXY4,Q46389
1f07A,1nvmA,0.53408,0.51723,0.5075,0.49302,0.3969753980636596,0.8340722322463989,c.1.16.3,a.5.7.1,-0.0144799999999999,Q50744,P51016
1f07A,1sfjA,0.47524,0.47524,0.47524,0.47524,0.519010603427887,0.8937506675720215,c.1.16.3,c.1.10.1,0.0,Q50744,Q6GII7
1f07A,1sflA,0.48574,0.48574,0.48574,0.48574,0.5071867108345032,0.9131267666816713,c.1.16.3,c.1.10.1,0.0,Q50744,Q6GII7
1f07A,1rzmA,0.45884,0.56049,0.43905,0.53535,0.4570554494857788,0.9087178707122804,c.1.16.3,c.1.10.4,0.0963,Q50744,Q9WYH8
1f07A,1d9eA,0.45381,0.5656,0.45381,0.5656,0.4663874804973602,0.8720204830169678,c.1.16.3,c.1.10.4,0.11179,Q50744,P0A715
1f5zA,1to3A,0.54475,0.54475,0.54475,0.54475,0.9843738079071044,0.9600679874420166,c.1.10.1,c.1.10.1,0.0,P44539,Q9L7R9
1f5zA,1ta3B,0.55915,0.59819,0.54671,0.5845,0.8818194270133972,0.8852262496948242,c.1.10.1,c.1.8.3,0.0377899999999999,P44539,Q00177
1f5zA,1b30A,0.55226,0.55537,0.54013,0.54336,0.8670538663864136,0.9017351865768432,c.1.10.1,c.1.8.3,0.0032299999999999,P44539,P56588
1f5zA,1i1wA,0.55865,0.52111,0.54467,0.50862,0.8649522066116333,0.8991445302963257,c.1.10.1,c.1.8.3,-0.03605,P44539,P23360
1fwnA,1hjsA,0.64697,0.67431,0.52269,0.54157,0.8216770887374878,0.8482939004898071,c.1.10.4,c.1.8.3,0.01888,O66496,P83692
1fwnA,2b4gA,0.66556,0.70304,0.56528,0.59111,0.9281356930732728,0.919415295124054,c.1.10.4,c.1.4.1,0.02583,O66496,Q57U83
1fwnA,1gzjA,0.64979,0.66046,0.56388,0.57172,0.8452615141868591,0.8737297058105469,c.1.10.4,c.1.8.3,0.0078399999999999,O66496,Q8TG26
1fwnA,2cwnA,0.54021,0.54021,0.44658,0.44658,0.9336747527122498,0.8422366380691528,c.1.10.4,c.1.10.1,0.0,O66496,Q93092
1fwnA,1h1nA,0.64753,0.67294,0.55974,0.57967,0.8480477333068848,0.8875662088394165,c.1.10.4,c.1.8.3,0.01993,O66496,Q8TG26
1fwnA,1f05A,0.54268,0.54268,0.44619,0.44619,0.9323153495788574,0.8424172401428223,c.1.10.4,c.1.10.1,0.0,O66496,P37837
1fwnA,1o1hA,0.5802,0.66539,0.41636,0.4757,0.6854289770126343,0.8534221649169922,c.1.10.4,c.1.15.3,0.05934,O66496,P24300
1g4eA,1ydnA,0.67472,0.70111,0.55086,0.57188,0.7263545989990234,0.7472079396247864,c.1.3.1,,0.02102,P39594,Q8YEF2
1g4pA,1ct5A,0.54984,0.64062,0.53814,0.62686,0.7239480018615723,0.856461226940155,c.1.3.1,c.1.6.2,0.08872,P39594,P38197
1g69A,1ct5A,0.53718,0.62327,0.53718,0.62327,0.7159349322319031,0.8396799564361572,c.1.3.1,c.1.6.2,0.08609,P39594,P38197
1gpwA,1bd0A,0.57993,0.61055,0.40885,0.43023,0.8745064735412598,0.6918792724609375,c.1.2.1,b.49.2.2,0.02138,Q9X0C6,P10724
1gpwA,1yx1A,0.61399,0.61399,0.61399,0.61399,0.6765694618225098,0.9057199954986572,c.1.2.1,c.1.15.7,0.0,Q9X0C6,Q9I1L3
1gqnA,1ezwA,0.5697,0.66146,0.44029,0.50371,0.4794315993785858,0.924545407295227,c.1.10.1,c.1.16.3,0.0634199999999999,P24670,Q8TXY4
1gqnA,2c91A,0.59978,0.59978,0.4868,0.4868,0.8211771845817566,0.9203798174858092,c.1.10.1,c.1.7.1,0.0,P24670,Q8CG76
1gqnA,1gveA,0.59859,0.59859,0.48721,0.48721,0.8190850019454956,0.9221806526184082,c.1.10.1,c.1.7.1,0.0,P24670,P38918
1gqnA,1pyfA,0.62491,0.62491,0.53021,0.53021,0.8102548122406006,0.943307638168335,c.1.10.1,c.1.7.1,0.0,P24670,P46336
1gvfA,1l6wA,0.54924,0.54924,0.54924,0.54924,0.9434186220169068,0.9480644464492798,c.1.10.2,c.1.10.1,0.0,P0AB74,P78055
1gvfA,1wx0A,0.54815,0.56981,0.54815,0.56981,0.91861492395401,0.9396830797195436,c.1.10.2,c.1.10.1,0.02166,P0AB74,Q5SJE8
1gvfA,1i2oA,0.52761,0.60768,0.46686,0.53615,0.9335355162620544,0.918187975883484,c.1.10.2,c.1.10.1,0.06929,P0AB74,P0A870
1gvfA,1i2pA,0.53098,0.59608,0.46979,0.52717,0.935437560081482,0.9162635803222656,c.1.10.2,c.1.10.1,0.05738,P0AB74,P0A870
1gvfA,1i2rA,0.52666,0.59671,0.46631,0.52758,0.9343805313110352,0.9183170199394226,c.1.10.2,c.1.10.1,0.06127,P0AB74,P0A870
1gvfA,1onrA,0.52674,0.59315,0.46643,0.52408,0.9337034821510316,0.9169011116027832,c.1.10.2,c.1.10.1,0.0576499999999999,P0AB74,P0A870
1gvfA,1i2nA,0.53214,0.60781,0.47086,0.53643,0.9324576258659364,0.9164667725563048,c.1.10.2,c.1.10.1,0.0655699999999999,P0AB74,P0A870
1gvfA,2h9aB,0.60362,0.57812,0.54574,0.52503,0.943503737449646,0.9642281532287598,c.1.10.2,,-0.02071,P0AB74,Q3ACS0
1gvfA,1i2qA,0.53264,0.60406,0.47147,0.53292,0.933524250984192,0.9145915508270264,c.1.10.2,c.1.10.1,0.0614499999999999,P0AB74,P0A870
1gzgA,1kfcA,0.49517,0.49517,0.49517,0.49517,0.859097957611084,0.9423530101776124,c.1.10.3,c.1.2.4,0.0,Q59643,P00929
1h5yA,1xm3A,0.61471,0.61471,0.61471,0.61471,0.8404586315155029,0.8895648121833801,c.1.2.1,c.1.31.1,0.0,Q8ZY16,O31618
1h5yA,1zsxA,0.63149,0.63149,0.51135,0.51135,0.6313726902008057,0.718551516532898,c.1.2.1,c.1.7.1,0.0,Q8ZY16,Q13303
1h7oA,1dbtA,0.52489,0.51489,0.52489,0.51489,0.8280015587806702,0.9384171962738036,c.1.10.3,c.1.2.3,-0.01,P05373,P25971
1hg3A,1jqxA,0.70364,0.70364,0.53288,0.53288,0.8781358599662781,0.91779887676239,c.1.1.1,c.1.4.1,0.0,P62003,A2RJT9
1hg3A,1jrcA,0.59128,0.66828,0.45007,0.50864,0.8760515451431274,0.9172279834747314,c.1.1.1,c.1.4.1,0.0585699999999999,P62003,A2RJT9
1hg3A,1o66A,0.54071,0.61498,0.5222,0.59301,0.9067792892456056,0.943928360939026,c.1.1.1,c.1.12.8,0.07081,P62003,Q9JZW6
1hg3A,1vs1A,0.69572,0.69572,0.59313,0.59313,0.9265341758728028,0.962169885635376,c.1.1.1,,0.0,P62003,Q9YEJ7
1hg3A,1qw7A,0.64963,0.66922,0.4684,0.4826,0.7559743523597717,0.6822898387908936,c.1.1.1,c.1.9.3,0.0141999999999999,P62003,P0A434
1i60A,1v93A,0.57456,0.57456,0.54419,0.54419,0.8137615919113159,0.9333093166351318,c.1.15.4,c.1.23.1,0.0,P42419,Q9RA47
1i60A,1gqnA,0.57734,0.57701,0.57734,0.57701,0.698435366153717,0.924308717250824,c.1.15.4,c.1.10.1,-0.0003299999999999,P42419,P24670
1i60A,1kfcA,0.5749,0.57993,0.5749,0.57993,0.5928377509117126,0.8805063366889954,c.1.15.4,c.1.2.4,0.0050299999999999,P42419,P00929
1i60A,1vh7A,0.56472,0.63177,0.56472,0.63177,0.5769811868667603,0.8345414400100708,c.1.15.4,c.1.2.1,0.06705,P42419,Q9X0C6
1j2wA,1x1oA,0.55558,0.47119,0.43999,0.38267,0.515166699886322,0.6139675378799438,c.1.10.1,c.1.17.0,-0.0573199999999999,Q5SJ28,Q5SJM3
1j4eA,1h1nA,0.58922,0.62625,0.58922,0.62625,0.8672592639923096,0.8607465624809265,c.1.10.1,c.1.8.3,0.03703,P00883,Q8TG26
1jclA,1i2nA,0.62425,0.60766,0.51215,0.5006,0.9228913187980652,0.902263343334198,c.1.10.1,c.1.10.1,-0.0115499999999999,P0A6L0,P0A870
1jphA,1twsA,0.50624,0.5507,0.50624,0.5507,0.5920130610466003,0.8985494375228882,c.1.22.1,c.1.21.1,0.0444599999999999,P06132,Q81VW8
1jpiA,2fliA,0.43553,0.48263,0.43553,0.48263,0.7215451598167419,0.7819605469703674,c.1.22.1,c.1.2.2,0.0471,P06132,Q9A1H8
1jpkA,2fliA,0.44025,0.48291,0.44025,0.48291,0.7211632132530212,0.7860962748527527,c.1.22.1,c.1.2.2,0.04266,P06132,Q9A1H8
1k77A,1vh7A,0.59732,0.61771,0.59732,0.61771,0.557436466217041,0.8860490322113037,c.1.15.5,c.1.2.1,0.02039,Q46891,Q9X0C6
1k77A,1thfD,0.59356,0.61777,0.59356,0.61777,0.5323524475097656,0.878958523273468,c.1.15.5,c.1.2.1,0.02421,Q46891,Q9X0C6
1k77A,1ka9F,0.60262,0.61791,0.60262,0.61791,0.5335816740989685,0.8804374933242798,c.1.15.5,c.1.2.1,0.0152899999999999,Q46891,Q7SIB9
1k77A,1h5yA,0.60104,0.61486,0.60104,0.61486,0.4856158792972564,0.8639611005783081,c.1.15.5,c.1.2.1,0.0138199999999999,Q46891,Q8ZY16
1k77A,1exbA,0.62207,0.62207,0.51161,0.51161,0.950656235218048,0.8720917701721191,c.1.15.5,c.1.7.1,0.0,Q46891,P62483
1k77A,1eyeA,0.58369,0.63271,0.58369,0.63271,0.7261934280395508,0.8566325902938843,c.1.15.5,c.1.21.1,0.0490199999999999,Q46891,P9WND1
1k77A,1gpwA,0.6007,0.6276,0.6007,0.6276,0.5158142447471619,0.8510177135467529,c.1.15.5,c.1.2.1,0.0269,Q46891,Q9X0C6
1k77A,1km2A,0.61227,0.61227,0.61227,0.61227,0.646318793296814,0.9010199308395386,c.1.15.5,c.1.2.3,0.0,Q46891,O26232
1k77A,2a79A,0.6221,0.6221,0.51171,0.51171,0.9475512504577636,0.8711124062538147,c.1.15.5,c.1.7.1,0.0,Q46891,P62483
1k77A,1dqwA,0.58701,0.58701,0.56778,0.56778,0.7080764770507812,0.9038570523262024,c.1.15.5,c.1.2.3,0.0,Q46891,P03962
1ka9F,2c91A,0.61002,0.61786,0.49304,0.50166,0.6895425319671631,0.7458381056785583,c.1.2.1,c.1.7.1,0.00862,Q7SIB9,Q8CG76
1ka9F,1gveA,0.61001,0.62164,0.49392,0.50601,0.691146194934845,0.7494560480117798,c.1.2.1,c.1.7.1,0.0120899999999999,Q7SIB9,P38918
1ka9F,1gveB,0.61111,0.62276,0.52619,0.53875,0.6820217370986938,0.7395538091659546,c.1.2.1,c.1.7.1,0.0125599999999999,Q7SIB9,P38918
1ka9F,1yx1A,0.5688,0.5688,0.5688,0.5688,0.6945481896400452,0.9337894916534424,c.1.2.1,c.1.15.7,0.0,Q7SIB9,Q9I1L3
1kfbA,1jclA,0.59028,0.59028,0.59028,0.59028,0.8693554401397705,0.9585821628570556,c.1.2.4,c.1.10.1,0.0,P00929,P0A6L0
1kfbA,2cwnA,0.58537,0.58537,0.48322,0.48322,0.91639906167984,0.9187570810317992,c.1.2.4,c.1.10.1,0.0,P00929,Q93092
1kfbA,1jcjA,0.59091,0.59091,0.59091,0.59091,0.8727713227272034,0.9593795537948608,c.1.2.4,c.1.10.1,0.0,P00929,P0A6L0
1kfbA,1i2rA,0.58288,0.59775,0.48762,0.49745,0.9135262966156006,0.9040504693984984,c.1.2.4,c.1.10.1,0.00983,P00929,P0A870
1kfcA,2cwnA,0.58301,0.58301,0.47989,0.47989,0.9168841242790222,0.9251382350921632,c.1.2.4,c.1.10.1,0.0,P00929,Q93092
1klyA,1kkoA,0.66536,0.60013,0.39418,0.35408,0.6758680939674377,0.6086025238037109,c.1.2.3,c.1.11.2,-0.0400999999999999,O26232,O66145
1klyA,2h9aA,0.69748,0.67881,0.41662,0.40905,0.95604145526886,0.5223687291145325,c.1.2.3,,-0.0075699999999999,O26232,Q3ACS3
1klyA,1qo2A,0.72126,0.72126,0.6538,0.6538,0.928061842918396,0.931355118751526,c.1.2.3,c.1.2.1,0.0,O26232,Q9X0C7
1klyA,1vliA,0.70083,0.71686,0.45419,0.46422,0.9367355108261108,0.8232518434524536,c.1.2.3,b.85.1.1,0.01003,O26232,P39625
1klzA,1kkoA,0.66801,0.67329,0.39107,0.3876,0.6537631154060364,0.6125574707984924,c.1.2.3,c.1.11.2,-0.0034699999999999,O26232,O66145
1klzA,1o60A,0.70436,0.72917,0.58316,0.60668,0.9729986190795898,0.9428454637527466,c.1.2.3,c.1.10.4,0.0235199999999999,O26232,P45251
1km1A,1f6yA,0.70179,0.72998,0.59466,0.61707,0.8802748918533325,0.9364749789237976,c.1.2.3,c.1.21.2,0.02241,O26232,Q46389
1km1A,1ydnA,0.70263,0.70263,0.56326,0.56326,0.8748726844787598,0.8554055690765381,c.1.2.3,,0.0,O26232,Q8YEF2
1km1A,1lrnA,0.71277,0.74013,0.59936,0.62481,0.9650866389274596,0.9710296392440796,c.1.2.3,c.1.10.4,0.0254499999999999,O26232,O66496
1km1A,1tv5A,0.76269,0.75611,0.46441,0.46065,0.8798090219497681,0.8053220510482788,c.1.2.3,c.1.4.1,-0.0037599999999999,O26232,Q08210
1km2A,1kkoA,0.66778,0.64896,0.39408,0.37501,0.6727523803710938,0.6090058088302612,c.1.2.3,c.1.11.2,-0.0190699999999999,O26232,O66145
1km2A,1tv5A,0.7618,0.7618,0.46201,0.46201,0.9022625088691713,0.8018068671226501,c.1.2.3,c.1.4.1,0.0,O26232,Q08210
1km2A,1o4uA,0.51022,0.55531,0.41886,0.45479,0.545014500617981,0.630180299282074,c.1.2.3,c.1.17.1,0.03593,O26232,Q9X1X8
1km3A,1f6yA,0.70388,0.71029,0.59615,0.6021,0.8830512762069702,0.9319384694099426,c.1.2.3,c.1.21.2,0.00595,O26232,Q46389
1km3A,1o60A,0.69991,0.72339,0.58746,0.60955,0.9717541933059692,0.9464497566223145,c.1.2.3,c.1.10.4,0.02209,O26232,P45251
1km4A,1twdA,0.68533,0.68533,0.65203,0.65203,0.8073840737342834,0.920808970928192,c.1.2.3,c.1.30.1,0.0,O26232,P67825
1km4A,1tv5A,0.76311,0.7566,0.4646,0.4609,0.8849005699157715,0.8025884032249451,c.1.2.3,c.1.4.1,-0.0037,O26232,Q08210
1km4A,1o4uA,0.50354,0.55355,0.41682,0.4551,0.56170654296875,0.6268396377563477,c.1.2.3,c.1.17.1,0.0382799999999999,O26232,Q9X1X8
1km6A,1kczA,0.62441,0.68262,0.35407,0.38494,0.6739351749420166,0.622878909111023,c.1.2.3,c.1.11.2,0.03087,O26232,Q05514
1l6wA,1i4nA,0.6331,0.64123,0.56698,0.57472,0.9243195652961732,0.9483769536018372,c.1.10.1,c.1.2.4,0.0077399999999999,P78055,Q56319
1l6wA,1hzyA,0.58812,0.62374,0.42169,0.44946,0.6700204014778137,0.6772075295448303,c.1.10.1,c.1.9.3,0.02777,P78055,P0A434
1lbmA,1vpxA,0.68042,0.72246,0.64375,0.68371,0.9336760640144348,0.9088425636291504,c.1.2.4,c.1.10.1,0.0399599999999999,Q56320,Q9WYD1
1lbmA,1gvfA,0.78156,0.78156,0.58193,0.58193,0.8359071016311646,0.8537592887878418,c.1.2.4,c.1.10.2,0.0,Q56320,P0AB74
1lbmA,1kv8A,0.76965,0.76965,0.71027,0.71027,0.9269199371337892,0.9392669200897216,c.1.2.4,c.1.2.3,0.0,Q56320,P39304
1lbmA,1fkwA,0.65777,0.68251,0.41079,0.42054,0.6137344241142273,0.6430610418319702,c.1.2.4,c.1.9.1,0.00975,Q56320,P03958
1lbmA,1uipA,0.66483,0.68449,0.41389,0.4246,0.5998077988624573,0.6359750032424927,c.1.2.4,c.1.9.1,0.0107099999999999,Q56320,P03958
1lbmA,1uioA,0.66009,0.68314,0.41178,0.42213,0.6008296012878418,0.6365146636962891,c.1.2.4,c.1.9.1,0.01035,Q56320,P03958
1lbmA,1ucwA,0.60537,0.60537,0.40424,0.40424,0.8342738151550293,0.7170170545578003,c.1.2.4,c.1.10.1,0.0,Q56320,P0A870
1lbmA,1o4uA,0.50845,0.55699,0.38909,0.42356,0.5849447846412659,0.5245569944381714,c.1.2.4,c.1.17.1,0.03447,Q56320,Q9X1X8
1lf1A,2a0nA,0.56528,0.56555,0.56528,0.56555,0.782508909702301,0.807833731174469,c.1.8.3,c.1.2.1,0.0002699999999999,,Q9X0C6
1lf1A,2bdqA,0.50277,0.52716,0.50277,0.52716,0.8722455501556396,0.7540440559387207,c.1.8.3,,0.0243899999999999,,Q8DYB9
1lolA,2nqlA,0.71097,0.73038,0.40639,0.4161,0.5402131080627441,0.632185697555542,c.1.2.3,,0.00971,O26232,A9CL63
1loqA,1vliA,0.70244,0.71414,0.44695,0.45485,0.9397130608558656,0.8254451751708984,c.1.2.3,b.85.1.1,0.0078999999999999,O26232,P39625
1loqA,2cc0A,0.52164,0.50646,0.52164,0.50646,0.635047197341919,0.690409779548645,c.1.2.3,c.6.2.3,-0.0151799999999999,O26232,Q54413
1lrnA,2b4gA,0.6589,0.6589,0.565,0.565,0.9358331561088562,0.9136561155319214,c.1.10.4,c.1.4.1,0.0,O66496,Q57U83
1lrnA,1rhcA,0.63677,0.63677,0.5187,0.5187,0.4706165492534637,0.7864841222763062,c.1.10.4,c.1.16.3,0.0,O66496,O93734
1lrnA,2bgqA,0.58211,0.58567,0.50882,0.51288,0.7739834785461426,0.8630504012107849,c.1.10.4,c.1.7.0,0.0040599999999999,O66496,P23901
1lrnA,2cwnA,0.5352,0.58899,0.44636,0.49038,0.9410863518714904,0.8332637548446655,c.1.10.4,c.1.10.1,0.04402,O66496,Q93092
1lrnA,1f05A,0.58089,0.58089,0.48353,0.48353,0.9390034675598145,0.8335986137390137,c.1.10.4,c.1.10.1,0.0,O66496,P37837
1lrnA,1dorA,0.56083,0.65706,0.48677,0.56324,0.9386123418807985,0.918725609779358,c.1.10.4,c.1.4.1,0.0764699999999999,O66496,A2RJT9
1lrnA,1ct5A,0.54597,0.52382,0.54597,0.52382,0.7090163230895996,0.9552366733551024,c.1.10.4,c.1.6.2,-0.02215,O66496,P38197
1lyxA,1xuuA,0.65476,0.65667,0.48447,0.48841,0.939192831516266,0.8596449494361877,c.1.1.1,b.85.1.1,0.0039399999999999,Q07412,Q57265
1m41A,1jcnA,0.49641,0.53055,0.42227,0.45194,0.4864336848258972,0.6907287836074829,c.1.16.4,c.1.5.1,0.02967,P80645,P20839
1mssA,1yx1A,0.5869,0.63426,0.5755,0.62207,0.8154592514038086,0.9225799441337584,c.1.1.1,c.1.15.7,0.04657,P04789,Q9I1L3
1mssA,1ynpA,0.57564,0.62834,0.50769,0.55128,0.8595844507217407,0.911159098148346,c.1.1.1,c.1.7.0,0.04359,P04789,Q9KE47
1mxsA,1i2pA,0.55647,0.55647,0.3998,0.3998,0.9444034695625304,0.8689250946044922,c.1.10.1,c.1.10.1,0.0,P00885,P0A870
1n7kA,2h9aB,0.65012,0.65012,0.51951,0.51951,0.959898054599762,0.8905674815177917,c.1.10.1,,0.0,Q9Y948,Q3ACS0
1nq6A,1qwgA,0.56551,0.56551,0.56551,0.56551,0.800469160079956,0.7960469126701355,c.1.8.3,c.1.27.1,0.0,Q59922,Q57703
1ny1A,1n7kA,0.4885,0.4885,0.48347,0.48347,0.7587984800338745,0.6387219429016113,c.6.2.3,c.1.10.1,0.0,O34928,Q9Y948
1o1zA,1vc4A,0.62186,0.6262,0.5634,0.56612,0.8786852359771729,0.8812058568000793,c.1.18.3,c.1.2.4,0.0027199999999999,Q9X1V6,P84126
1o1zA,1og0A,0.63724,0.62831,0.44879,0.44256,0.7354550361633301,0.8079721331596375,c.1.18.3,c.1.10.4,-0.00623,Q9X1V6,P32449
1o1zA,1o60A,0.62202,0.62202,0.553,0.553,0.8167083263397217,0.9051159620285034,c.1.18.3,c.1.10.4,0.0,Q9X1V6,P45251
1o5kA,1e0wA,0.53764,0.51874,0.52622,0.5079,0.8641024827957153,0.8553228378295898,c.1.10.1,c.1.8.3,-0.01832,Q9X1K9,P26514
1o60A,1brlB,0.58247,0.57623,0.49032,0.4893,0.4467577338218689,0.749393105506897,c.1.10.4,c.1.16.1,-0.0010199999999999,P45251,P07739
1og0A,1xx1A,0.47675,0.51133,0.47675,0.51133,0.7791217565536499,0.9168726205825806,c.1.10.4,,0.0345799999999999,P32449,Q8I914
1pv8A,1yx1A,0.58302,0.58302,0.58302,0.58302,0.7439322471618652,0.9434796571731568,c.1.10.3,c.1.15.7,0.0,P13716,Q9I1L3
1qtwA,2i7gA,0.56299,0.6346,0.49321,0.55214,0.8252347707748413,0.9008420705795288,c.1.15.1,,0.0589299999999999,P0A6C1,A9CI16
1qtwA,1f6yA,0.51027,0.61037,0.51027,0.61037,0.6684515476226807,0.8515912294387817,c.1.15.1,c.1.21.2,0.1000999999999999,P0A6C1,Q46389
1qtwA,1z69A,0.57157,0.57157,0.51212,0.51212,0.7819682359695435,0.8835698366165161,c.1.15.1,c.1.16.0,0.0,P0A6C1,Q46FV4
1r3qA,2fliA,0.43874,0.48265,0.43874,0.48265,0.6893411874771118,0.7716283798217773,c.1.22.1,c.1.2.2,0.04391,P06132,Q9A1H8
1r3qA,1tqjA,0.44405,0.47444,0.44405,0.47444,0.6976104974746704,0.7852567434310913,c.1.22.1,c.1.2.2,0.0303899999999999,P06132,P74061
1r3qA,1twsA,0.5034,0.54982,0.5034,0.54982,0.5744805932044983,0.8904212713241577,c.1.22.1,c.1.21.1,0.04642,P06132,Q81VW8
1r3rA,2fliA,0.43716,0.48246,0.43716,0.48246,0.6814907789230347,0.7645564675331116,c.1.22.1,c.1.2.2,0.0453,P06132,Q9A1H8
1r3rA,1twsA,0.50541,0.55023,0.50541,0.55023,0.5784847140312195,0.8971035480499268,c.1.22.1,c.1.21.1,0.0448199999999999,P06132,Q81VW8
1r3rA,1w8gA,0.41821,0.46841,0.41821,0.46841,0.6003295183181763,0.8515313863754272,c.1.22.1,,0.0501999999999999,P06132,P67080
1r3sA,2fliA,0.4419,0.48362,0.4419,0.48362,0.6905012130737305,0.7596937417984009,c.1.22.1,c.1.2.2,0.0417199999999999,P06132,Q9A1H8
1r3vA,2fliA,0.43947,0.48248,0.43947,0.48248,0.674527645111084,0.7675954103469849,c.1.22.1,c.1.2.2,0.0430099999999999,P06132,Q9A1H8
1r3vA,1w8gA,0.41731,0.46291,0.41731,0.46291,0.6029035449028015,0.8518771529197693,c.1.22.1,,0.0455999999999999,P06132,P67080
1r3wA,2fliA,0.4416,0.48382,0.4416,0.48382,0.6838648319244385,0.7742151021957397,c.1.22.1,c.1.2.2,0.0422199999999999,P06132,Q9A1H8
1rhcA,1fwnA,0.50943,0.55989,0.50943,0.55989,0.4604403674602508,0.7982512712478638,c.1.16.3,c.1.10.4,0.0504599999999999,O93734,O66496
1rhcA,1gqnA,0.44768,0.51948,0.44768,0.51948,0.4615882933139801,0.9243330359458924,c.1.16.3,c.1.10.1,0.0718,O93734,P24670
1rhcA,1t8xA,0.51628,0.55954,0.51628,0.55954,0.4646959900856018,0.8019415736198425,c.1.16.3,c.1.10.4,0.04326,O93734,O66496
1rhcA,1fdjA,0.51768,0.54893,0.47833,0.50694,0.4592641592025757,0.8420073986053467,c.1.16.3,c.1.10.1,0.0286099999999999,O93734,P79226
1rhcA,1vs1A,0.50765,0.53826,0.50765,0.53826,0.4450206458568573,0.8335388898849487,c.1.16.3,,0.0306099999999999,O93734,Q9YEJ7
1rhcA,1zcoA,0.50644,0.50644,0.50644,0.50644,0.4410744309425354,0.823318600654602,c.1.16.3,,0.0,O93734,Q8U0A9
1rhcA,1f2jA,0.50972,0.55574,0.47728,0.52027,0.4479961991310119,0.8283646702766418,c.1.16.3,c.1.10.1,0.04299,O93734,P07752
1rhcA,1to3A,0.4862,0.53508,0.4862,0.53508,0.4519152045249939,0.8594017028808594,c.1.16.3,c.1.10.1,0.0488799999999999,O93734,Q9L7R9
1rhcA,1nal1,0.5058,0.5058,0.5058,0.5058,0.5063512921333313,0.898383617401123,c.1.16.3,c.1.10.1,0.0,O93734,P0A6L4
1rhcA,1lrtA,0.52607,0.53029,0.51509,0.51986,0.3719596862792969,0.6884620189666748,c.1.16.3,c.1.5.1,0.0047699999999999,O93734,P50097
1rhcA,1eepA,0.50966,0.54401,0.50966,0.54401,0.3743439316749573,0.7379015684127808,c.1.16.3,c.1.5.1,0.0343499999999999,O93734,P49058
1rhcA,1jqxA,0.51334,0.55893,0.51334,0.55893,0.4591706693172455,0.8200386762619019,c.1.16.3,c.1.4.1,0.04559,O93734,A2RJT9
1rv8A,1l6wA,0.50658,0.50658,0.50658,0.50658,0.9527056217193604,0.9035237431526184,c.1.10.2,c.1.10.1,0.0,Q9RHA2,P78055
1rv8A,1vpxA,0.48761,0.49497,0.48761,0.49497,0.933290958404541,0.8785856366157532,c.1.10.2,c.1.10.1,0.00736,Q9RHA2,Q9WYD1
1rv8A,1wx0A,0.50751,0.50751,0.50751,0.50751,0.9351750612258912,0.8964571952819824,c.1.10.2,c.1.10.1,0.0,Q9RHA2,Q5SJE8
1sfjA,1zp3A,0.63314,0.67644,0.53082,0.56448,0.6888977289199829,0.9151236414909364,c.1.10.1,c.1.23.1,0.03366,Q6GII7,P0AEZ1
1sfjA,2fmnA,0.63284,0.67636,0.52484,0.55833,0.6465162634849548,0.9011987447738647,c.1.10.1,c.1.23.1,0.03349,Q6GII7,P0AEZ1
1sflA,1b5tA,0.63721,0.68959,0.5533,0.59649,0.6903027892112732,0.9247671961784364,c.1.10.1,c.1.23.1,0.0431899999999999,Q6GII7,P0AEZ1
1sflA,1om0A,0.65106,0.65106,0.5667,0.5667,0.8298050761222839,0.929520547389984,c.1.10.1,c.1.8.5,0.0,Q6GII7,Q8L5C6
1sgjA,1mzhA,0.64187,0.67645,0.64187,0.67645,0.8890012502670288,0.9580239057540894,c.1.12.5,c.1.10.1,0.0345799999999999,Q9RUZ0,O66540
1sgjA,1ojxA,0.64089,0.64089,0.59951,0.59951,0.9341622591018676,0.971786618232727,c.1.12.5,c.1.10.1,0.0,Q9RUZ0,P58315
1sgjA,1oy0A,0.60178,0.60178,0.56661,0.56661,0.9495695233345032,0.9713724851608276,c.1.12.5,c.1.12.8,0.0,Q9RUZ0,P9WIL7
1sgjA,1ct5A,0.56293,0.58577,0.56293,0.58577,0.8264980912208557,0.9253771305084229,c.1.12.5,c.1.6.2,0.0228399999999999,Q9RUZ0,P38197
1sgjA,7odcA,0.59449,0.62104,0.38751,0.40438,0.7864829897880554,0.6144716143608093,c.1.12.5,b.49.2.3,0.0168699999999999,Q9RUZ0,P00860
1sgjA,1y0eA,0.63363,0.63363,0.63363,0.63363,0.827142596244812,0.8550305962562561,c.1.12.5,c.1.2.5,0.0,Q9RUZ0,P65517
1sgjA,1sflA,0.65659,0.65112,0.65659,0.65112,0.9101942777633668,0.904191792011261,c.1.12.5,c.1.10.1,-0.0054699999999999,Q9RUZ0,Q6GII7
1sgjA,1n7kA,0.65209,0.66342,0.6451,0.65627,0.9181251525878906,0.9713696241378784,c.1.12.5,c.1.10.1,0.01117,Q9RUZ0,Q9Y948
1sgjA,1gqnA,0.69002,0.69002,0.6421,0.6421,0.9195271730422974,0.9305917024612428,c.1.12.5,c.1.10.1,0.0,Q9RUZ0,P24670
1sgjA,1wkeA,0.56852,0.67883,0.38346,0.45624,0.8976109027862549,0.8468719720840454,c.1.12.5,c.1.20.1,0.0727799999999999,Q9RUZ0,P28720
1so4A,1w5pA,0.66397,0.77123,0.46676,0.53395,0.8238406181335449,0.922906756401062,c.1.2.3,c.1.10.3,0.06719,P39304,Q59643
1so6A,1qpnA,0.51266,0.56233,0.40541,0.44365,0.499924749135971,0.5968043804168701,c.1.2.3,c.1.17.1,0.0382399999999999,P39304,P9WJJ7
1so6A,2hs6A,0.7374,0.72417,0.46676,0.46587,0.7448228001594543,0.8137456178665161,c.1.2.3,c.1.4.1,-0.00089,P39304,Q9FEW9
1so6A,1p6bA,0.66734,0.70028,0.47414,0.49278,0.7098720669746399,0.7570134401321411,c.1.2.3,c.1.9.3,0.0186399999999999,P39304,P0A433
1ssdA,1xwyA,0.60067,0.60067,0.57614,0.57614,0.827735424041748,0.6880996227264404,c.1.1.1,c.1.9.12,0.0,P00940,P27859
1sw0A,1xwyA,0.60368,0.60368,0.57891,0.57891,0.8323591351509094,0.6861308813095093,c.1.1.1,c.1.9.12,0.0,P00940,P27859
1sw3A,1xwyA,0.60451,0.60451,0.5797,0.5797,0.8327831029891968,0.6863613128662109,c.1.1.1,c.1.9.12,0.0,P00940,P27859
1sw3A,1twdA,0.59612,0.59381,0.59612,0.59381,0.7188557386398315,0.8724192380905151,c.1.1.1,c.1.30.1,-0.00231,P00940,P67825
1t8xA,1h1nA,0.64435,0.65563,0.5591,0.5692,0.8510109186172485,0.8906993865966797,c.1.10.4,c.1.8.3,0.0100999999999999,O66496,Q8TG26
1t8xA,1gzjA,0.63982,0.65058,0.5572,0.56721,0.8481448888778687,0.8770847320556641,c.1.10.4,c.1.8.3,0.0100099999999999,O66496,Q8TG26
1t8xA,1dorA,0.55924,0.6586,0.48226,0.5611,0.9300707578659058,0.9240694642066956,c.1.10.4,c.1.4.1,0.07884,O66496,A2RJT9
1t8xA,1i2pA,0.53985,0.58947,0.45321,0.49388,0.9290784597396852,0.8392907381057739,c.1.10.4,c.1.10.1,0.0406699999999999,O66496,P0A870
1t8xA,1f05A,0.54089,0.58782,0.44621,0.48578,0.9334124326705932,0.8414003849029541,c.1.10.4,c.1.10.1,0.0395699999999999,O66496,P37837
1t8xA,2cwnA,0.53591,0.59156,0.44353,0.48942,0.9348182678222656,0.8413448333740234,c.1.10.4,c.1.10.1,0.04589,O66496,Q93092
1t8xA,1adoA,0.6516,0.64373,0.48395,0.47968,0.961731493473053,0.8924036026000977,c.1.10.4,c.1.10.1,-0.0042699999999999,O66496,P00883
1t8xA,1vbjA,0.53786,0.5931,0.49973,0.5511,0.8772079944610596,0.9062615633010864,c.1.10.4,c.1.7.0,0.05137,O66496,Q9GV41
1ta3B,2guuA,0.57464,0.57464,0.55082,0.55082,0.8723248243331909,0.8279256820678711,c.1.8.3,c.1.2.3,0.0,Q00177,
1ta3B,1w54A,0.55268,0.58075,0.53809,0.56549,0.9046034216880798,0.9204261898994446,c.1.8.3,c.1.10.3,0.0274,Q00177,Q59643
1thfD,1bd0A,0.58044,0.61198,0.40947,0.43093,0.8793694972991943,0.6758598685264587,c.1.2.1,b.49.2.2,0.0214599999999999,Q9X0C6,P10724
1thfD,1gveA,0.59798,0.62216,0.4884,0.50908,0.6830881834030151,0.7603961825370789,c.1.2.1,c.1.7.1,0.0206799999999999,Q9X0C6,P38918
1thfD,1l6fA,0.57712,0.60879,0.40707,0.42866,0.8754594326019287,0.6676374077796936,c.1.2.1,b.49.2.2,0.0215899999999999,Q9X0C6,P10724
1tmhA,1wx0A,0.55543,0.55543,0.55543,0.55543,0.833030104637146,0.9352640509605408,c.1.1.1,c.1.10.1,0.0,P00940,Q5SJE8
1tmhA,1l6wA,0.55632,0.60155,0.55632,0.60155,0.8705093860626221,0.9494702219963074,c.1.1.1,c.1.10.1,0.0452299999999999,P00940,P78055
1tpb1,1twdA,0.59955,0.59955,0.59955,0.59955,0.7497803568840027,0.8743448257446289,c.1.1.1,c.1.30.1,0.0,P00940,P67825
1tpc1,1i2oA,0.51222,0.62447,0.41405,0.50373,0.8696345090866089,0.8935827016830444,c.1.1.1,c.1.10.1,0.08968,P00940,P0A870
1tph1,1xwyA,0.6082,0.6082,0.57942,0.57942,0.8355989456176758,0.6833106279373169,c.1.1.1,c.1.9.12,0.0,P00940,P27859
1tqjA,1klzA,0.74019,0.74019,0.74019,0.74019,0.9823057651519777,0.9517688751220704,c.1.2.2,c.1.2.3,0.0,P74061,O26232
1tqjA,2ftpA,0.69556,0.69786,0.53179,0.53586,0.852974534034729,0.7346823811531067,c.1.2.2,,0.00407,P74061,Q9I2A0
1tqxA,1zp4A,0.65159,0.67859,0.53342,0.55667,0.6592463254928589,0.7438336610794067,c.1.2.2,c.1.23.1,0.0232499999999999,Q8I5L3,P0AEZ1
1tr9A,1yxyA,0.43492,0.43492,0.43492,0.43492,0.632042407989502,0.7957785129547119,c.1.8.7,c.1.2.5,0.0,Q9KU37,P65522
1treA,1l6wA,0.56032,0.60232,0.56032,0.60232,0.8602486848831177,0.9502352476119996,c.1.1.1,c.1.10.1,0.0419999999999999,P0A858,P78055
1triA,1vpxA,0.56929,0.56929,0.56929,0.56929,0.9357330799102784,0.9460206031799316,c.1.1.1,c.1.10.1,0.0,P04789,Q9WYD1
1triA,1kv8A,0.63231,0.66611,0.63231,0.66611,0.9579023122787476,0.9545598030090332,c.1.1.1,c.1.2.3,0.0337999999999999,P04789,P39304
1ttiA,1kv8A,0.61579,0.66184,0.61579,0.66184,0.959032416343689,0.9537439942359924,c.1.1.1,c.1.2.3,0.04605,P04789,P39304
1ttiA,1vpxA,0.57563,0.57563,0.57563,0.57563,0.939734935760498,0.9556547403335572,c.1.1.1,c.1.10.1,0.0,P04789,Q9WYD1
1tvnA,1thfD,0.58544,0.58544,0.58544,0.58544,0.8203763961791992,0.7915182709693909,c.1.8.3,c.1.2.1,0.0,O86099,Q9X0C6
1twdA,1fwnA,0.68512,0.60577,0.61447,0.54308,0.7788892388343811,0.9153263568878174,c.1.30.1,c.1.10.4,-0.0713899999999999,P67825,O66496
1twdA,1lrnA,0.68569,0.66506,0.60888,0.5929,0.7845826745033264,0.9155312776565552,c.1.30.1,c.1.10.4,-0.0159799999999999,P67825,O66496
1twdA,1t8xA,0.68541,0.6653,0.61269,0.59657,0.7742021083831787,0.9118154048919678,c.1.30.1,c.1.10.4,-0.0161199999999999,P67825,O66496
1twdA,1hizA,0.66187,0.65301,0.43512,0.4316,0.6625109314918518,0.6600779294967651,c.1.30.1,c.1.8.3,-0.00352,P67825,P40943
1twdA,2fmnA,0.66885,0.67842,0.54283,0.55401,0.5535762310028076,0.7005375623703003,c.1.30.1,c.1.23.1,0.0111799999999999,P67825,P0AEZ1
1u5hA,1m3uA,0.61861,0.6189,0.54077,0.54271,0.9086047410964966,0.957530438899994,c.1.12.5,c.1.12.8,0.00194,P9WPE1,P31057
1u5hA,1ct5A,0.56923,0.59276,0.56527,0.58859,0.8088713884353638,0.919295370578766,c.1.12.5,c.1.6.2,0.0233199999999998,P9WPE1,P38197
1u5hA,1rv8A,0.66528,0.66528,0.52745,0.52745,0.9383318424224854,0.9170855283737184,c.1.12.5,c.1.10.2,0.0,P9WPE1,Q9RHA2
1u5vA,1m3uA,0.61652,0.61927,0.53895,0.54299,0.9050167798995972,0.9579212069511414,c.1.12.5,c.1.12.8,0.0040399999999999,P9WPE1,P31057
1u5vA,1xwyA,0.57751,0.65435,0.5131,0.57741,0.778027355670929,0.7616507411003113,c.1.12.5,c.1.9.12,0.0643099999999999,P9WPE1,P27859
1u5vA,1losA,0.63154,0.63154,0.63154,0.63154,0.965220272541046,0.9817249178886414,c.1.12.5,c.1.2.3,0.0,P9WPE1,O26232
1u5vA,1wx0A,0.62644,0.6492,0.62644,0.6492,0.9591411352157592,0.9796509146690368,c.1.12.5,c.1.10.1,0.02276,P9WPE1,Q5SJE8
1u5vA,1mzrA,0.62428,0.62428,0.52828,0.52828,0.9242674112319946,0.9070385694503784,c.1.12.5,c.1.7.1,0.0,P9WPE1,Q46857
1u5vA,1wa3A,0.63427,0.63427,0.63427,0.63427,0.9613301157951356,0.970329523086548,c.1.12.5,c.1.10.1,0.0,P9WPE1,Q9WXS1
1u5vA,1tvnA,0.67319,0.67319,0.5384,0.5384,0.8262995481491089,0.742021918296814,c.1.12.5,c.1.8.3,0.0,P9WPE1,O86099
1u83A,1ct5A,0.55458,0.6213,0.55069,0.61688,0.8030931949615479,0.9337422251701356,c.1.27.1,c.1.6.2,0.0661899999999999,O06739,P38197
1u83A,2j66A,0.5496,0.63283,0.34457,0.39671,0.8723907470703125,0.6322256922721863,c.1.27.1,,0.05214,O06739,Q2L4H3
1v5xA,1fwnA,0.75921,0.75278,0.61356,0.60851,0.892113447189331,0.8640549182891846,c.1.2.4,c.1.10.4,-0.0050499999999999,P83825,O66496
1v77A,1wa3A,0.54882,0.57232,0.54882,0.57232,0.7500126361846924,0.7568750381469727,c.6.3.2,c.1.10.1,0.0235,O59543,Q9WXS1
1v77A,1a5aA,0.54461,0.54067,0.45331,0.45537,0.6452344655990601,0.8133745193481445,c.6.3.2,c.1.2.4,0.00206,O59543,P00929
1v77A,1g4pA,0.55528,0.55528,0.52115,0.52115,0.787503719329834,0.8155075311660767,c.6.3.2,c.1.3.1,0.0,O59543,P39594
1v77A,1o60A,0.59031,0.59031,0.4821,0.4821,0.6578989028930664,0.7701776027679443,c.6.3.2,c.1.10.4,0.0,O59543,P45251
1v7yA,1i2rA,0.58722,0.58722,0.48014,0.48014,0.9210190773010254,0.8874161243438721,c.1.2.4,c.1.10.1,0.0,P0A877,P0A870
1v8eA,1yadA,0.62474,0.67362,0.62474,0.67362,0.8045142889022827,0.9397293329238892,c.1.18.3,,0.04888,Q53W25,P25053
1v93A,1gveB,0.61914,0.61914,0.60365,0.60365,0.9159595370292664,0.9389495849609376,c.1.23.1,c.1.7.1,0.0,Q9RA47,P38918
1v93A,2bp1A,0.63711,0.63711,0.5853,0.5853,0.8724924325942993,0.939783215522766,c.1.23.1,c.1.7.1,0.0,Q9RA47,O43488
1v93A,1l6wA,0.51406,0.51406,0.51406,0.51406,0.6761956214904785,0.7872833609580994,c.1.23.1,c.1.10.1,0.0,Q9RA47,P78055
1vbrA,1ezwA,0.54025,0.54025,0.51086,0.51086,0.6619926691055298,0.9012404084205629,c.1.8.3,c.1.16.3,0.0,Q9WXS5,Q8TXY4
1vcvA,1rd5A,0.64768,0.6745,0.57305,0.59607,0.9512337446212769,0.9303433895111084,c.1.10.1,c.1.2.4,0.02302,Q8ZXK7,P42390
1vh7A,1gveA,0.60599,0.64419,0.49002,0.52157,0.7170184850692749,0.7673645615577698,c.1.2.1,c.1.7.1,0.0315499999999999,Q9X0C6,P38918
1vh7A,1yx1A,0.56259,0.61645,0.56259,0.61645,0.7156463265419006,0.9417863488197328,c.1.2.1,c.1.15.7,0.05386,Q9X0C6,Q9I1L3
1vhcA,1vhnA,0.62614,0.66716,0.46514,0.49228,0.9685437083244324,0.9410995244979858,c.1.10.1,c.1.4.1,0.0271399999999999,P44480,Q9WXV1
1vhcA,1wx0A,0.63606,0.67744,0.6285,0.66927,0.9258350133895874,0.9567810297012328,c.1.10.1,c.1.10.1,0.04077,P44480,Q5SJE8
1vhcA,1ucwA,0.55801,0.67577,0.40068,0.4752,0.9401407837867736,0.8360582590103149,c.1.10.1,c.1.10.1,0.07452,P44480,P0A870
1vizA,1nvmA,0.66831,0.63085,0.47265,0.4533,0.9155881404876708,0.8541128039360046,c.1.4.1,a.5.7.1,-0.01935,O34790,P51016
1vizA,1izcA,0.62943,0.62943,0.49817,0.49817,0.8834800720214844,0.8626230955123901,c.1.4.1,c.1.12.5,0.0,O34790,Q9UVD4
1vizA,2hmcA,0.59188,0.6671,0.46471,0.51877,0.9136548042297364,0.8864544034004211,c.1.4.1,,0.0540599999999999,O34790,A9CGZ4
1vlwA,1wx0A,0.65935,0.65935,0.64372,0.64372,0.9731913805007936,0.9659883975982666,c.1.10.1,c.1.10.1,0.0,Q9WXS1,Q5SJE8
1vlwA,1v77A,0.53358,0.56401,0.53358,0.56401,0.751093864440918,0.7716920375823975,c.1.10.1,c.6.3.2,0.0304299999999999,Q9WXS1,O59543
1vpqA,1aw5A,0.61419,0.56923,0.51464,0.48005,0.7520211338996887,0.8840315341949463,c.1.32.1,c.1.10.3,-0.03459,Q9X1W6,P05373
1vpxA,1xuuA,0.63494,0.64152,0.41271,0.41383,0.886939525604248,0.8345074653625488,c.1.10.1,b.85.1.1,0.0011199999999999,Q9WYD1,Q57265
1vpxA,1vlwA,0.63483,0.67157,0.63483,0.67157,0.960983157157898,0.9605411291122437,c.1.10.1,c.1.10.1,0.0367399999999999,Q9WYD1,Q9WXS1
1vpxA,1rd5A,0.64764,0.64764,0.53586,0.53586,0.9331915974617004,0.9159784317016602,c.1.10.1,c.1.2.4,0.0,Q9WYD1,P42390
1vpxA,1ujpA,0.5789,0.6633,0.50855,0.57943,0.968658447265625,0.9164219498634338,c.1.10.1,c.1.2.4,0.07088,Q9WYD1,P16608
1vpxA,1vliA,0.64609,0.64609,0.41441,0.41441,0.9267364740371704,0.7862867116928101,c.1.10.1,b.85.1.1,0.0,Q9WYD1,P39625
1vpxA,1u5hA,0.63405,0.63405,0.59737,0.59737,0.9543145895004272,0.9687240719795228,c.1.10.1,c.1.12.5,0.0,Q9WYD1,P9WPE1
1vpxA,1u5vA,0.63489,0.63489,0.59806,0.59806,0.9541336297988892,0.9676671624183656,c.1.10.1,c.1.12.5,0.0,Q9WYD1,P9WPE1
1vpyA,1aj0A,0.52027,0.62479,0.46525,0.55267,0.6799651980400085,0.8125295042991638,c.1.32.1,c.1.21.1,0.08742,Q838R9,P0AC13
1vr6A,1rhcA,0.48969,0.48969,0.48969,0.48969,0.4127269685268402,0.9187184572219848,c.1.10.4,c.1.16.3,0.0,Q9WYH8,O93734
1vs1A,2bdqA,0.54968,0.54968,0.54968,0.54968,0.8754622936248779,0.8595107197761536,,,0.0,Q9YEJ7,Q8DYB9
1vzwA,2nlyA,0.51273,0.60472,0.51273,0.60472,0.6647490859031677,0.7609270811080933,c.1.2.1,c.6.2.7,0.09199,P16250,Q9KCS7
1vzwA,1yx1A,0.68629,0.68629,0.63089,0.63089,0.6824584007263184,0.9396685361862184,c.1.2.1,c.1.15.7,0.0,P16250,Q9I1L3
1w0mA,1o66A,0.53367,0.61004,0.51679,0.59036,0.8829469680786133,0.93208509683609,c.1.1.1,c.1.12.8,0.07357,Q8NKN9,Q9JZW6
1w0mA,1sgjA,0.65787,0.67658,0.64347,0.66166,0.7940646409988403,0.9468768835067748,c.1.1.1,c.1.12.5,0.01819,Q8NKN9,Q9RUZ0
1w17A,1n7kA,0.48702,0.48702,0.48702,0.48702,0.7676365375518799,0.6594138741493225,c.6.2.3,c.1.10.1,0.0,O34928,Q9Y948
1w1a1,1n7kA,0.46941,0.49769,0.46941,0.49769,0.7606369256973267,0.673149585723877,c.6.2.3,c.1.10.1,0.02828,O34928,Q9Y948
1w8gA,1kkoA,0.58899,0.61213,0.36635,0.38223,0.6451743841171265,0.563598096370697,,c.1.11.2,0.01588,P67080,O66145
1w8gA,1zahA,0.61738,0.60468,0.41879,0.41538,0.7873828411102295,0.8890658617019653,,c.1.10.1,-0.0034099999999999,P67080,P00883
1w8gA,1l6wA,0.54577,0.57723,0.54577,0.57723,0.8272631168365479,0.9489846229553224,,c.1.10.1,0.03146,P67080,P78055
1w8gA,1kbjA,0.59946,0.65306,0.38357,0.40817,0.819137692451477,0.7856541872024536,,c.1.4.1,0.0245999999999999,P67080,P00175
1w8gA,1onrA,0.56402,0.61165,0.42898,0.46061,0.8270821571350098,0.8572163581848145,,c.1.10.1,0.03163,P67080,P0A870
1w8gA,1aldA,0.61724,0.70644,0.41872,0.47502,0.7860493063926697,0.8509705066680908,,c.1.10.1,0.0563,P67080,P04075
1w8rA,2bdqA,0.57276,0.62643,0.57276,0.62643,0.8483772873878479,0.8411896228790283,c.1.10.1,,0.0536699999999999,,Q8DYB9
1w8rA,2hmcA,0.55132,0.55132,0.46936,0.46936,0.9839606881141664,0.9652290940284728,c.1.10.1,,0.0,,A9CGZ4
1w8sA,2hmcA,0.55201,0.55201,0.46986,0.46986,0.983517289161682,0.9637734889984132,c.1.10.1,,0.0,P58315,A9CGZ4
1wa3A,1wx0A,0.66112,0.69144,0.6377,0.66646,0.984856903553009,0.9626264572143556,c.1.10.1,c.1.10.1,0.02876,Q9WXS1,Q5SJE8
1wa3A,1onrA,0.57427,0.70957,0.39792,0.48158,0.9117550849914552,0.7847757935523987,c.1.10.1,c.1.10.1,0.08366,Q9WXS1,P0A870
1wa3A,2hbvA,0.61843,0.61843,0.42363,0.42363,0.6938491463661194,0.7001691460609436,c.1.10.1,c.1.9.15,0.0,Q9WXS1,Q83V25
1wa3A,1i2pA,0.64857,0.70876,0.44606,0.48095,0.911086916923523,0.7895442247390747,c.1.10.1,c.1.10.1,0.0348899999999999,Q9WXS1,P0A870
1wa3A,1i2rA,0.58582,0.70994,0.40597,0.48165,0.913243055343628,0.7892066836357117,c.1.10.1,c.1.10.1,0.07568,Q9WXS1,P0A870
1wx0A,1rd5A,0.6876,0.6876,0.57667,0.57667,0.9496596455574036,0.940624475479126,c.1.10.1,c.1.2.4,0.0,Q5SJE8,P42390
1x1zA,1vliA,0.70564,0.68698,0.46158,0.45726,0.9418988227844238,0.8223077654838562,c.1.2.3,b.85.1.1,-0.0043199999999999,O26232,P39625
1x1zA,1fwnA,0.71869,0.74625,0.61769,0.64346,0.9803403615951538,0.978483259677887,c.1.2.3,c.1.10.4,0.02577,O26232,O66496
1x1zA,1t8xA,0.71935,0.74581,0.61609,0.64104,0.9796050786972046,0.9774016737937928,c.1.2.3,c.1.10.4,0.02495,O26232,O66496
1xbxA,1x1oA,0.51962,0.57141,0.41732,0.45831,0.5536244511604309,0.6003570556640625,c.1.2.3,c.1.17.0,0.0409899999999999,P39304,Q5SJM3
1xbxA,2h9aA,0.73325,0.71401,0.4352,0.42758,0.925817608833313,0.5455677509307861,c.1.2.3,,-0.0076199999999999,P39304,Q3ACS3
1xbxA,1w5pA,0.65961,0.76994,0.46529,0.53362,0.827867865562439,0.9211269617080688,c.1.2.3,c.1.10.3,0.06833,P39304,Q59643
1xcfA,2b7nA,0.50079,0.57259,0.44433,0.50767,0.5021765828132629,0.6306583285331726,c.1.2.4,c.1.17.0,0.0633399999999999,P0A877,O25909
1xcfA,1onrA,0.60578,0.60578,0.47769,0.47769,0.8911515474319458,0.831570029258728,c.1.2.4,c.1.10.1,0.0,P0A877,P0A870
1xdlA,1zp3A,0.55727,0.5875,0.55727,0.5875,0.6609950065612793,0.8709902763366699,c.1.10.1,c.1.23.1,0.0302299999999999,P05062,P0AEZ1
1xdlA,2fmnA,0.55682,0.55682,0.55682,0.55682,0.6214683651924133,0.8671963214874268,c.1.10.1,c.1.23.1,0.0,P05062,P0AEZ1
1xi3A,2cwnA,0.68128,0.69816,0.45729,0.46998,0.8103078603744507,0.7629035711288452,c.1.3.1,c.1.10.1,0.01269,Q8U192,Q93092
1xx1A,1g4eA,0.46016,0.52022,0.46016,0.52022,0.6644262671470642,0.9007423520088196,,c.1.3.1,0.06006,Q8I914,P39594
1xxxA,2fmnA,0.54657,0.54657,0.54657,0.54657,0.6557763814926147,0.8801360130310059,c.1.10.1,c.1.23.1,0.0,P9WP25,P0AEZ1
1xxxA,1tuxA,0.53913,0.57451,0.53174,0.5664,0.8999892473220825,0.872393012046814,c.1.10.1,c.1.8.3,0.03466,P9WP25,P23360
1y5vA,1l6wA,0.44378,0.44378,0.44378,0.44378,0.8262843489646912,0.8371806144714355,c.1.20.1,c.1.10.1,0.0,P28720,P78055
1yadA,1vpxA,0.66429,0.72103,0.61771,0.66994,0.936954140663147,0.9390082359313964,,c.1.10.1,0.05223,P25053,Q9WYD1
1yadA,1xwyA,0.66548,0.70271,0.52108,0.54467,0.681141197681427,0.6118326187133789,,c.1.9.12,0.02359,P25053,P27859
1yadA,1wx0A,0.69726,0.73791,0.63819,0.67378,0.9576908349990844,0.930216670036316,,c.1.10.1,0.03559,P25053,Q5SJE8
1yadA,1jqxA,0.75175,0.77117,0.49574,0.5061,0.826637327671051,0.8741787672042847,,c.1.4.1,0.0103599999999999,P25053,A2RJT9
1yadA,1jubA,0.75277,0.75277,0.49626,0.49626,0.8262401819229126,0.8243471384048462,,c.1.4.1,0.0,P25053,A2RJT9
1yadA,2duaA,0.7013,0.6675,0.49557,0.47609,0.7010055780410767,0.8525727987289429,,c.1.12.0,-0.0194799999999999,P25053,Q84G06
1yadA,2b4gA,0.75748,0.77229,0.4958,0.50439,0.8481589555740356,0.8741052150726318,,c.1.4.1,0.0085899999999999,P25053,Q57U83
1yadA,1qwgA,0.70658,0.77127,0.56333,0.60837,0.8223854303359985,0.8901042938232422,,c.1.27.1,0.0450399999999999,P25053,Q57703
1yadA,2gzxA,0.64646,0.70029,0.52743,0.56595,0.7358525395393372,0.6244935393333435,,c.1.9.0,0.03852,P25053,
1yadA,1w8gA,0.62194,0.67774,0.54166,0.59082,0.7811571359634399,0.908780574798584,,,0.0491599999999999,P25053,P67080
1yx1A,1nvmA,0.58615,0.64505,0.45417,0.49808,0.7712944149971008,0.84825199842453,c.1.15.7,a.5.7.1,0.04391,Q9I1L3,P51016
1yx1A,1j2wA,0.62153,0.62153,0.62153,0.62153,0.7959921360015869,0.9164286255836488,c.1.15.7,c.1.10.1,0.0,Q9I1L3,Q5SJ28
1yx1A,1xc4A,0.62514,0.62261,0.62514,0.62261,0.7656497359275818,0.9322799444198608,c.1.15.7,c.1.2.4,-0.00253,Q9I1L3,P0A877
1yx1A,1kfcA,0.60853,0.60853,0.59686,0.59686,0.6986532211303711,0.9190959334373474,c.1.15.7,c.1.2.4,0.0,Q9I1L3,P00929
1yx1A,1o5qA,0.59048,0.62035,0.54907,0.57573,0.7822883129119873,0.8951325416564941,c.1.15.7,c.1.12.7,0.02666,Q9I1L3,Q56062
1yx1A,1pscA,0.62002,0.62336,0.49992,0.50279,0.7478077411651611,0.7773761749267578,c.1.15.7,c.1.9.3,0.0028699999999999,Q9I1L3,P0A434
1yx1A,1thfD,0.57105,0.57105,0.56188,0.56188,0.6937253475189209,0.936980664730072,c.1.15.7,c.1.2.1,0.0,Q9I1L3,Q9X0C6
1yx1A,1v93A,0.6058,0.6058,0.53456,0.53456,0.8163765668869019,0.8907610774040222,c.1.15.7,c.1.23.1,0.0,Q9I1L3,Q9RA47
1yx1A,1w37A,0.58865,0.58865,0.51379,0.51379,0.8645333051681519,0.9148455858230592,c.1.15.7,c.1.10.1,0.0,Q9I1L3,O54288
1yx1A,1oy0A,0.53426,0.53426,0.53426,0.53426,0.648341953754425,0.8683420419692993,c.1.15.7,c.1.12.8,0.0,Q9I1L3,P9WIL7
1yx1A,1o5kA,0.63642,0.63642,0.55092,0.55092,0.8131424188613892,0.9312005043029784,c.1.15.7,c.1.10.1,0.0,Q9I1L3,Q9X1K9
1yyaA,1vpxA,0.55358,0.55358,0.55358,0.55358,0.8277558088302612,0.948328137397766,,c.1.10.1,0.0,Q5SJR1,Q9WYD1
1yyaA,1wx0A,0.56136,0.56136,0.56136,0.56136,0.8443444967269897,0.9444399476051332,,c.1.10.1,0.0,Q5SJR1,Q5SJE8
1z69A,1sfjA,0.46593,0.48827,0.46593,0.48827,0.5195536017417908,0.8892468214035034,c.1.16.0,c.1.10.1,0.0223399999999999,Q46FV4,Q6GII7
1z69A,1sflA,0.47949,0.51888,0.47949,0.51888,0.5038594603538513,0.9095709323883056,c.1.16.0,c.1.10.1,0.0393899999999999,Q46FV4,Q6GII7
1z69A,1gqnA,0.48194,0.5255,0.48194,0.5255,0.4873200356960296,0.9215654730796814,c.1.16.0,c.1.10.1,0.0435599999999999,Q46FV4,P24670
1z69A,1o66A,0.4369,0.47645,0.4369,0.47645,0.445808470249176,0.7094920873641968,c.1.16.0,c.1.12.8,0.0395499999999999,Q46FV4,Q9JZW6
1z69A,1f6yA,0.45867,0.56538,0.45867,0.56538,0.4814516305923462,0.8367300629615784,c.1.16.0,c.1.21.2,0.1067099999999999,Q46FV4,Q46389
1z69A,1o60A,0.44959,0.53457,0.44959,0.53457,0.4754836857318878,0.8014973998069763,c.1.16.0,c.1.10.4,0.08498,Q46FV4,P45251
1z69A,1twsA,0.45998,0.5561,0.45998,0.5561,0.5228028893470764,0.7805445194244385,c.1.16.0,c.1.21.1,0.09612,Q46FV4,Q81VW8
1z6kA,1m3uA,0.61507,0.64699,0.53008,0.55603,0.8977501392364502,0.9393580555915833,c.1.12.5,c.1.12.8,0.02595,P9WPE1,P31057
1z6kA,1oy0A,0.59244,0.63112,0.53454,0.56768,0.90772145986557,0.9517322778701782,c.1.12.5,c.1.12.8,0.0331399999999999,P9WPE1,P9WIL7
1z6kA,1mzrA,0.61978,0.61978,0.51766,0.51766,0.8951221108436584,0.9018306136131288,c.1.12.5,c.1.7.1,0.0,P9WPE1,Q46857
1zahA,1rhcA,0.47836,0.47836,0.47836,0.47836,0.4691124558448791,0.8393331170082092,c.1.10.1,c.1.16.3,0.0,P00883,O93734
1zccA,1vc4A,0.56442,0.56615,0.53916,0.54068,0.88227379322052,0.8766162991523743,c.1.18.3,c.1.2.4,0.00152,A9CG82,P84126
1zccA,1km0A,0.56302,0.57197,0.56302,0.57197,0.7438034415245056,0.812244176864624,c.1.18.3,c.1.2.3,0.00895,A9CG82,O26232
1zccA,1a53A,0.55771,0.55771,0.54478,0.54478,0.8592737913131714,0.866520881652832,c.1.18.3,c.1.2.4,0.0,A9CG82,Q06121
1zp3A,2h8xA,0.61495,0.68086,0.50546,0.5587,0.4974505603313446,0.8470281362533569,c.1.23.1,c.1.4.0,0.0532399999999999,P0AEZ1,Q88NF7
1zp3A,2h8zA,0.61705,0.68404,0.50605,0.56028,0.4915059506893158,0.8456722497940063,c.1.23.1,c.1.4.0,0.05423,P0AEZ1,Q88NF7
1zp3A,1gveB,0.62444,0.63001,0.59488,0.60017,0.9149246215820312,0.9412429928779602,c.1.23.1,c.1.7.1,0.00529,P0AEZ1,P38918
1zp3A,2gouA,0.61966,0.66946,0.50033,0.54001,0.438626766204834,0.7490666508674622,c.1.23.1,c.1.4.0,0.0396799999999999,P0AEZ1,Q8EEC8
1zp3A,1ozmA,0.54136,0.59075,0.43311,0.47386,0.6361439228057861,0.7523887753486633,c.1.23.1,c.1.20.1,0.04075,P0AEZ1,P28720
1zp3A,1b30A,0.5954,0.62977,0.56775,0.60074,0.6199525594711304,0.919952630996704,c.1.23.1,c.1.8.3,0.03299,P0AEZ1,P56588
1zp3A,1gokA,0.59573,0.62971,0.56814,0.60068,0.6285948157310486,0.924655556678772,c.1.23.1,c.1.8.3,0.03254,P0AEZ1,P23360
1zp3A,2clpA,0.64106,0.64106,0.57539,0.57539,0.8750985264778137,0.941865086555481,c.1.23.1,c.1.7.1,0.0,P0AEZ1,O95154
1zp3A,2hs8A,0.62383,0.66669,0.50163,0.53631,0.47390216588974,0.7959060668945312,c.1.23.1,c.1.4.1,0.0346799999999999,P0AEZ1,Q9FEW9
1zp4A,1vliA,0.55461,0.56555,0.46075,0.46975,0.6354460716247559,0.8207951784133911,c.1.23.1,b.85.1.1,0.009,P0AEZ1,P39625
1zp4A,1icpA,0.60018,0.65384,0.49122,0.53407,0.5156068205833435,0.7835270166397095,c.1.23.1,c.1.4.1,0.04285,P0AEZ1,Q9XG54
1zp4A,1hw6A,0.55236,0.55801,0.55236,0.55801,0.8492340445518494,0.9450675249099731,c.1.23.1,c.1.7.1,0.00565,P0AEZ1,P06632
1zp4A,2hs6A,0.60876,0.6179,0.49234,0.50283,0.505794882774353,0.8015093207359314,c.1.23.1,c.1.4.1,0.01049,P0AEZ1,Q9FEW9
1zp4A,2gouA,0.61262,0.61258,0.49106,0.4936,0.4761454463005066,0.7546536326408386,c.1.23.1,c.1.4.0,0.0025399999999999,P0AEZ1,Q8EEC8
1zp4A,1gvoA,0.61012,0.60621,0.49324,0.49355,0.4949704110622406,0.7658650279045105,c.1.23.1,c.1.4.1,0.0003099999999999,P0AEZ1,P71278
1zp4A,1jpmA,0.50076,0.49842,0.4134,0.41132,0.6051516532897949,0.5949895977973938,c.1.23.1,c.1.11.2,-0.0020799999999999,P0AEZ1,O34508
2a0nA,1gveB,0.60406,0.62437,0.52082,0.53977,0.708743691444397,0.7495822906494141,c.1.2.1,c.1.7.1,0.01895,Q9X0C6,P38918
2a0nA,1k77A,0.61143,0.63288,0.6015,0.62296,0.5625174045562744,0.8821834921836853,c.1.2.1,c.1.15.5,0.0214599999999999,Q9X0C6,Q46891
2aamA,1w0mA,0.51798,0.55294,0.51798,0.55294,0.6338143348693848,0.831821620464325,c.1.8.15,c.1.1.1,0.0349599999999999,Q9X1D0,Q8NKN9
2agkA,1xxxA,0.65812,0.65812,0.53668,0.53668,0.938411831855774,0.8240957856178284,,c.1.10.1,0.0,P40545,P9WP25
2agkA,1m3uA,0.64231,0.64436,0.57985,0.58178,0.9082050323486328,0.8142411708831787,,c.1.12.8,0.0019299999999999,P40545,P31057
2agkA,1xm3A,0.60363,0.60363,0.59531,0.59531,0.8834450244903564,0.867810845375061,,c.1.31.1,0.0,P40545,O31618
2agkA,1xgeA,0.58638,0.58861,0.4367,0.43829,0.6320371031761169,0.6608050465583801,,c.1.9.4,0.00159,P40545,P05020
2b81A,1fwnA,0.44111,0.57113,0.44111,0.57113,0.6814236640930176,0.8402699828147888,,c.1.10.4,0.13002,Q81B18,O66496
2bnjA,2cwnA,0.55247,0.55247,0.52392,0.52392,0.9141587018966676,0.8197275400161743,c.1.8.3,c.1.10.1,0.0,P23360,Q93092
2bnjA,1b4kA,0.57861,0.60816,0.54203,0.56978,0.8576380014419556,0.9473235607147216,c.1.8.3,c.1.10.3,0.0277499999999999,P23360,Q59643
2btmA,1vpxA,0.54802,0.54802,0.54802,0.54802,0.81594318151474,0.9480351209640504,c.1.1.1,c.1.10.1,0.0,P00943,Q9WYD1
2btmA,2cw6A,0.65581,0.65581,0.57021,0.57021,0.8906192183494568,0.7850719690322876,c.1.1.1,,0.0,P00943,P35914
2btmA,1wx0A,0.55516,0.55516,0.55516,0.55516,0.8348365426063538,0.9456320405006408,c.1.1.1,c.1.10.1,0.0,P00943,Q5SJE8
2bv9A,1gveB,0.59312,0.59312,0.56546,0.56546,0.8333439826965332,0.8468548059463501,c.1.8.3,c.1.7.1,0.0,P16218,P38918
2bv9A,1zsxA,0.58314,0.6053,0.52449,0.54426,0.8214254379272461,0.7869473695755005,c.1.8.3,c.1.7.1,0.0197699999999999,P16218,Q13303
2bv9A,1fbaA,0.59043,0.6694,0.4894,0.54832,0.8718596696853638,0.7150965929031372,c.1.8.3,c.1.10.1,0.05892,P16218,P07764
2bv9A,1jgmA,0.5341,0.6126,0.47181,0.54126,0.7746254205703735,0.7432979345321655,c.1.8.3,c.1.9.3,0.0694499999999999,P16218,P0A434
2bv9A,1epxA,0.59689,0.59689,0.49778,0.49778,0.8496555685997009,0.7270841598510742,c.1.8.3,c.1.10.1,0.0,P16218,Q9U5N6
2bv9A,1zahA,0.59706,0.65311,0.49179,0.53708,0.8532878160476685,0.7181556224822998,c.1.8.3,c.1.10.1,0.04529,P16218,P00883
2bv9A,1f2jA,0.59704,0.66783,0.49793,0.55085,0.8441029787063599,0.7154858112335205,c.1.8.3,c.1.10.1,0.0529199999999999,P16218,P07752
2bv9A,1qrqA,0.57833,0.60035,0.51848,0.53748,0.8054311871528625,0.7791708707809448,c.1.8.3,c.1.7.1,0.0189999999999999,P16218,P62483
2bv9A,1xgeA,0.55703,0.57379,0.48033,0.49504,0.7371578812599182,0.6627301573753357,c.1.8.3,c.1.9.4,0.01471,P16218,P05020
2bv9A,1p6bA,0.5854,0.6061,0.5219,0.53931,0.7902528047561646,0.7714738845825195,c.1.8.3,c.1.9.3,0.0174099999999999,P16218,P0A433
2bv9A,1gveA,0.59161,0.59161,0.53058,0.53058,0.8353909254074097,0.8485052585601807,c.1.8.3,c.1.7.1,0.0,P16218,P38918
2bv9A,2a79A,0.58159,0.60105,0.51932,0.53685,0.798601508140564,0.7805340886116028,c.1.8.3,c.1.7.1,0.01753,P16218,P62483
2bv9A,1vs1A,0.56481,0.58676,0.56481,0.58676,0.8008424043655396,0.8306194543838501,c.1.8.3,,0.0219499999999999,P16218,Q9YEJ7
2bv9A,1ojxA,0.55892,0.55843,0.55892,0.55843,0.8055422306060791,0.7626368403434753,c.1.8.3,c.1.10.1,-0.0004899999999999,P16218,P58315
2bv9A,2bp1A,0.59052,0.59052,0.53079,0.53079,0.8270857930183411,0.8497025966644287,c.1.8.3,c.1.7.1,0.0,P16218,O43488
2bv9A,1aw1A,0.55601,0.62273,0.55601,0.62273,0.7899138927459717,0.7705602049827576,c.1.8.3,c.1.1.1,0.06672,P16218,P50921
2bv9A,1tmhA,0.557,0.61305,0.557,0.61305,0.7900234460830688,0.7657791376113892,c.1.8.3,c.1.1.1,0.0560499999999999,P16218,P00940
2bvdA,1km0A,0.56663,0.57261,0.56663,0.57261,0.688370943069458,0.7197719812393188,c.1.8.3,c.1.2.3,0.0059799999999999,P16218,O26232
2bvdA,1gveA,0.60347,0.60347,0.52863,0.52863,0.8791915774345398,0.8444819450378418,c.1.8.3,c.1.7.1,0.0,P16218,P38918
2bvdA,2bp1A,0.60464,0.60464,0.53101,0.53101,0.8701480031013489,0.8463072776794434,c.1.8.3,c.1.7.1,0.0,P16218,O43488
2bvdA,1gveB,0.60564,0.63162,0.56377,0.58809,0.883801281452179,0.8438440561294556,c.1.8.3,c.1.7.1,0.02432,P16218,P38918
2bvdA,2c91A,0.60291,0.62777,0.52704,0.54885,0.8923590779304504,0.8439654111862183,c.1.8.3,c.1.7.1,0.0218099999999999,P16218,Q8CG76
2bvdA,2clpA,0.60115,0.60115,0.528,0.528,0.8710211515426636,0.8515174984931946,c.1.8.3,c.1.7.1,0.0,P16218,O95154
2bvdA,1dv7A,0.55049,0.55853,0.55049,0.55853,0.764575719833374,0.7913551330566406,c.1.8.3,c.1.2.3,0.0080399999999999,P16218,O26232
2bvdA,1losA,0.56031,0.55689,0.56031,0.55689,0.7705305814743042,0.7881258726119995,c.1.8.3,c.1.2.3,-0.0034199999999999,P16218,O26232
2bvdA,2bdqA,0.55096,0.55096,0.55096,0.55096,0.8490746021270752,0.7955259680747986,c.1.8.3,,0.0,P16218,Q8DYB9
2bvdA,2a79A,0.58689,0.62077,0.51286,0.54096,0.8488391041755676,0.7712823152542114,c.1.8.3,c.1.7.1,0.0281,P16218,P62483
2c13A,1so6A,0.45191,0.49309,0.45191,0.49309,0.8103440999984741,0.9255867004394532,c.1.10.3,c.1.2.3,0.0411799999999999,Q59643,P39304
2c71A,2h8zA,0.52594,0.57284,0.33529,0.36646,0.643589437007904,0.7918521165847778,c.6.2.3,c.1.4.0,0.03117,O87119,Q88NF7
2c91A,1zp4A,0.57354,0.57354,0.57354,0.57354,0.8724894523620605,0.9427711963653564,c.1.7.1,c.1.23.1,0.0,Q8CG76,P0AEZ1
2cipA,2bdqA,0.55464,0.55464,0.55464,0.55464,0.8453890085220337,0.7991074323654175,c.1.8.3,,0.0,P16218,Q8DYB9
2cipA,1f76A,0.53882,0.60379,0.45945,0.51792,0.8633472323417664,0.8076727986335754,c.1.8.3,c.1.4.1,0.05847,P16218,P0A7E1
2cipA,1hw6A,0.56553,0.56611,0.56553,0.56611,0.8485960960388184,0.8077989816665649,c.1.8.3,c.1.7.1,0.00058,P16218,P06632
2cipA,1gveA,0.60938,0.60938,0.52895,0.52895,0.8723130226135254,0.8577847480773926,c.1.8.3,c.1.7.1,0.0,P16218,P38918
2cipA,2bp1A,0.60996,0.60996,0.53093,0.53093,0.8626256585121155,0.8591178059577942,c.1.8.3,c.1.7.1,0.0,P16218,O43488
2cipA,2c91A,0.60721,0.60721,0.5258,0.5258,0.8877810835838318,0.8561806082725525,c.1.8.3,c.1.7.1,0.0,P16218,Q8CG76
2cipA,1vrdA,0.56689,0.56504,0.49636,0.49443,0.6882455348968506,0.5761967897415161,c.1.8.3,c.1.5.1,-0.00193,P16218,Q9X168
2cipA,1dbtA,0.58173,0.58173,0.58173,0.58173,0.7247622609138489,0.7695693969726562,c.1.8.3,c.1.2.3,0.0,P16218,P25971
2cipA,2clpA,0.60633,0.60633,0.52797,0.52797,0.8633260130882263,0.8642451167106628,c.1.8.3,c.1.7.1,0.0,P16218,O95154
2cipA,1w8rA,0.57631,0.5874,0.57631,0.5874,0.7719498872756958,0.7374831438064575,c.1.8.3,c.1.10.1,0.01109,P16218,
2citA,1km0A,0.56749,0.56749,0.56749,0.56749,0.6925272941589355,0.72353595495224,c.1.8.3,c.1.2.3,0.0,P16218,O26232
2citA,1dvjA,0.56658,0.56658,0.56658,0.56658,0.7095010876655579,0.7325339913368225,c.1.8.3,c.1.2.3,0.0,P16218,O26232
2citA,2bp1A,0.60751,0.62896,0.53025,0.5488,0.8474491238594055,0.8527851700782776,c.1.8.3,c.1.7.1,0.0185499999999999,P16218,O43488
2citA,1klzA,0.56889,0.56675,0.56889,0.56675,0.6939570903778076,0.7597700357437134,c.1.8.3,c.1.2.3,-0.00214,P16218,O26232
2citA,1hw6A,0.56017,0.49363,0.56017,0.49363,0.8416404724121094,0.8102306127548218,c.1.8.3,c.1.7.1,-0.0665399999999999,P16218,P06632
2citA,1vrdA,0.5634,0.5634,0.495,0.495,0.7103803753852844,0.5786208510398865,c.1.8.3,c.1.5.1,0.0,P16218,Q9X168
2citA,1losA,0.56235,0.55675,0.56235,0.55675,0.7749879956245422,0.7840747833251953,c.1.8.3,c.1.2.3,-0.0056,P16218,O26232
2citA,1gveA,0.60638,0.62846,0.52781,0.54723,0.8567416667938232,0.8504745364189148,c.1.8.3,c.1.7.1,0.0194199999999999,P16218,P38918
2citA,2c91A,0.60657,0.63003,0.52693,0.54732,0.8707704544067383,0.85094153881073,c.1.8.3,c.1.7.1,0.02039,P16218,Q8CG76
2citA,2clpA,0.60489,0.62681,0.52794,0.54685,0.8478424549102783,0.8573253154754639,c.1.8.3,c.1.7.1,0.0189099999999999,P16218,O95154
2citA,1dv7A,0.55082,0.54605,0.55082,0.54605,0.7678406238555908,0.7886466383934021,c.1.8.3,c.1.2.3,-0.0047699999999999,P16218,O26232
2citA,1twsA,0.55143,0.62038,0.55143,0.62038,0.6856938004493713,0.6662826538085938,c.1.8.3,c.1.21.1,0.06895,P16218,Q81VW8
2citA,2a79A,0.59037,0.63378,0.51183,0.54831,0.829072892665863,0.7808352708816528,c.1.8.3,c.1.7.1,0.0364799999999999,P16218,P62483
2citA,1eixA,0.56866,0.59067,0.56866,0.59067,0.7100363373756409,0.7459180355072021,c.1.8.3,c.1.2.3,0.0220099999999999,P16218,P08244
2citA,1ynpA,0.56378,0.58765,0.54908,0.57218,0.848084032535553,0.8248462677001953,c.1.8.3,c.1.7.0,0.0231,P16218,Q9KE47
2citA,1ydnA,0.59957,0.59957,0.59431,0.59431,0.8424907922744751,0.9108453392982484,c.1.8.3,,0.0,P16218,Q8YEF2
2citA,1og6A,0.58456,0.58456,0.54786,0.54786,0.8822676539421082,0.8128458261489868,c.1.8.3,c.1.7.1,0.0,P16218,P76187
2dfaA,1m6jA,0.56143,0.60486,0.53916,0.5804,0.5690102577209473,0.8460837006568909,c.6.2.5,c.1.1.1,0.04124,Q53WG6,O02611
2dqwA,1k77A,0.59147,0.6407,0.58026,0.62856,0.7844370603561401,0.8494362831115723,,c.1.15.5,0.0483,Q5SLV2,Q46891
2dqwA,1pz1A,0.6022,0.62891,0.48562,0.50565,0.8611984252929688,0.8439531922340393,,c.1.7.1,0.02003,Q5SLV2,P80874
2dqwA,1mnsA,0.57982,0.58496,0.42657,0.43023,0.3865723013877868,0.6501399278640747,,c.1.11.2,0.0036599999999999,Q5SLV2,P11444
2dqwA,2amxA,0.53282,0.65058,0.39409,0.47466,0.7022857069969177,0.8167107105255127,,c.1.9.1,0.08057,Q5SLV2,Q7RMV2
2dqwA,1vbjA,0.60775,0.60775,0.55209,0.55209,0.8926372528076172,0.9440999627113342,,c.1.7.0,0.0,Q5SLV2,Q9GV41
2dqwA,1pyfA,0.62676,0.65727,0.52568,0.54919,0.8925118446350098,0.8924339413642883,,c.1.7.1,0.0235099999999999,Q5SLV2,P46336
2f6uA,1nvmA,0.66042,0.66042,0.47498,0.47498,0.9065954685211182,0.8408003449440002,c.1.4.1,a.5.7.1,0.0,O29844,P51016
2f6uA,1so6A,0.62455,0.66936,0.62455,0.66936,0.8714343905448914,0.8871378898620605,c.1.4.1,c.1.2.3,0.0448099999999999,O29844,P39304
2f6uA,1xcfA,0.56265,0.58659,0.54962,0.57283,0.8916528820991516,0.931152641773224,c.1.4.1,c.1.2.4,0.0232099999999999,O29844,P0A877
2f6uA,1vpqA,0.56705,0.59434,0.51692,0.54201,0.6922781467437744,0.8836002349853516,c.1.4.1,c.1.32.1,0.0250899999999999,O29844,Q9X1W6
2fjkA,1l6wA,0.50012,0.50012,0.50012,0.50012,0.924561619758606,0.9312634468078612,c.1.10.2,c.1.10.1,0.0,Q703I2,P78055
2fjkA,1i2qA,0.48232,0.53815,0.45879,0.51105,0.9318432211875916,0.9166363477706908,c.1.10.2,c.1.10.1,0.05226,Q703I2,P0A870
2fjkA,1i2pA,0.48309,0.48309,0.45949,0.45949,0.9343788623809814,0.9167225956916808,c.1.10.2,c.1.10.1,0.0,Q703I2,P0A870
2fjkA,1i2oA,0.48373,0.53826,0.46008,0.51054,0.932491421699524,0.9195412397384644,c.1.10.2,c.1.10.1,0.05046,Q703I2,P0A870
2fjkA,1i2rA,0.48291,0.48291,0.45932,0.45932,0.932159423828125,0.9195807576179504,c.1.10.2,c.1.10.1,0.0,Q703I2,P0A870
2fjkA,1i2nA,0.4829,0.5073,0.45933,0.48129,0.9307292699813844,0.9182538986206056,c.1.10.2,c.1.10.1,0.0219599999999999,Q703I2,P0A870
2fjkA,1onrA,0.48361,0.48361,0.46,0.46,0.9313837885856628,0.9197604656219482,c.1.10.2,c.1.10.1,0.0,Q703I2,P0A870
2fjkA,2cwnA,0.48773,0.51156,0.45796,0.47911,0.9456009864807128,0.93349951505661,c.1.10.2,c.1.10.1,0.02115,Q703I2,Q93092
2fmnA,2hs8A,0.61903,0.65918,0.50421,0.5362,0.4329734444618225,0.7930525541305542,c.1.23.1,c.1.4.1,0.0319899999999999,P0AEZ1,Q9FEW9
2fmnA,2bgnE,0.56223,0.60457,0.47755,0.51515,0.6168690323829651,0.8489406108856201,c.1.23.1,c.1.9.1,0.0376,P0AEZ1,P56658
2fmnA,1q45A,0.60471,0.60471,0.49527,0.49527,0.408606469631195,0.7751240134239197,c.1.23.1,c.1.4.1,0.0,P0AEZ1,Q9FUP0
2fmnA,1bxbA,0.55876,0.62353,0.43804,0.48949,0.7675685882568359,0.8792271614074707,c.1.23.1,c.1.15.3,0.0514499999999999,P0AEZ1,P26997
2g0wA,2fmnA,0.57338,0.57338,0.54408,0.54408,0.8009005784988403,0.9485175609588624,c.1.15.4,c.1.23.1,0.0,,P0AEZ1
2g0wA,1ujpA,0.55555,0.55972,0.55555,0.55972,0.6237316727638245,0.9125007390975952,c.1.15.4,c.1.2.4,0.00417,,P16608
2g0wA,1a4lA,0.60612,0.60612,0.49188,0.49188,0.721847653388977,0.8231533169746399,c.1.15.4,c.1.9.1,0.0,,P03958
2gzxA,1nvmA,0.60818,0.63072,0.47152,0.48757,0.8235784769058228,0.8787604570388794,c.1.9.0,a.5.7.1,0.01605,,P51016
2h8xA,1o60A,0.48582,0.49275,0.48582,0.49275,0.8578687310218811,0.9267750978469848,c.1.4.0,c.1.10.4,0.00693,Q88NF7,P45251
2h8zA,1o60A,0.48565,0.41575,0.48565,0.41575,0.8574818968772888,0.9318900108337402,c.1.4.0,c.1.10.4,-0.0699,Q88NF7,P45251
2hcvA,1f07A,0.41861,0.41861,0.41861,0.41861,0.807546854019165,0.7734470367431641,,c.1.16.3,0.0,Q75WH8,Q50744
2hk0A,1m3uA,0.47433,0.47433,0.47433,0.47433,0.6803804039955139,0.7950371503829956,,c.1.12.8,0.0,A9CH28,P31057
2hk0A,1zsxA,0.567,0.59304,0.51012,0.53467,0.9110883474349976,0.8943156003952026,,c.1.7.1,0.0245499999999999,A9CH28,Q13303
2hk0A,1gveB,0.57783,0.61832,0.54988,0.58828,0.8983321189880371,0.9133424758911132,,c.1.7.1,0.0383999999999999,A9CH28,P38918
2hk0A,1f07A,0.55195,0.55195,0.4984,0.4984,0.7204189300537109,0.8345008492469788,,c.1.16.3,0.0,A9CH28,Q50744
2i7gA,1klyA,0.48219,0.49568,0.48219,0.49568,0.4868706464767456,0.8036119937896729,,c.1.2.3,0.01349,A9CI16,O26232
2nlyA,1nvmA,0.54967,0.68416,0.38487,0.46295,0.5524271726608276,0.7270644307136536,c.6.2.7,a.5.7.1,0.0780799999999999,Q9KCS7,P51016
1al3A,2b4lA,0.58055,0.65966,0.52531,0.59435,0.9755362272262572,0.959882915019989,c.94.1.1,,0.0690399999999999,P45600,P46922
1laxA,2b4lA,0.41132,0.41132,0.41132,0.41132,0.9698717594146729,0.9825522899627686,c.94.1.1,,0.0,P0AEX9,P46922
1twyA,2b4lA,0.51989,0.61324,0.48194,0.56651,0.9755767583847046,0.9337948560714722,c.94.1.1,,0.0845699999999999,Q9KLD9,P46922
1xs5A,2b4lA,0.55154,0.55154,0.50545,0.50545,0.974948525428772,0.9793353080749512,c.94.1.1,,0.0,O07950,P46922
2b4lA,1r9lA,0.59641,0.89281,0.52946,0.78241,0.9658882021903992,0.9930423498153688,,c.94.1.1,0.25295,P46922,P0AFM2
2b4lA,1sw2A,0.57294,0.78873,0.56939,0.78343,0.9629343748092652,0.9890881180763244,,c.94.1.1,0.21404,P46922,O29280
2b4lA,1amfA,0.51042,0.60164,0.51042,0.60164,0.9658966064453124,0.9757692813873292,,c.94.1.1,0.0912199999999999,P46922,P37329
2b4lA,2o1mA,0.51549,0.57688,0.51549,0.57688,0.9737456440925598,0.9669838547706604,,c.94.1.0,0.0613899999999999,P46922,O34852
2b4lA,1sw1A,0.5626,0.77258,0.5626,0.77258,0.9709545373916626,0.9883092641830444,,c.94.1.1,0.20998,P46922,O29280
2b4lA,1atgA,0.49321,0.57043,0.49321,0.57043,0.9647483825683594,0.9804282188415528,,c.94.1.1,0.07722,P46922,Q7SIH2
2b4lA,2g29A,0.51957,0.58892,0.38928,0.44124,0.9554498195648192,0.9832180738449096,,c.94.1.1,0.05196,P46922,P73452
2b4lA,2i48A,0.53004,0.59137,0.38418,0.4305,0.9552425742149352,0.9859483242034912,,c.94.1.1,0.0463199999999999,P46922,Q55460
2b4lA,1us4A,0.54798,0.63273,0.50908,0.58589,0.9592950344085692,0.968230128288269,,c.94.1.1,0.07681,P46922,P83817
2b4lA,2hxrA,0.48823,0.56108,0.48823,0.56108,0.9732982516288756,0.9718859791755676,,,0.07285,P46922,P27111
2nxoA,2b4lA,0.4518,0.53982,0.4518,0.53982,0.9666370749473572,0.9848222732543944,c.94.1.1,,0.0880199999999999,Q9L0T8,P46922
1fntA,9gacA,0.35025,0.50874,0.30914,0.45006,0.6348168253898621,0.9711529016494752,,d.153.1.5,0.14092,P21243,Q47898
1fntA,9gaaA,0.41211,0.50837,0.36449,0.45089,0.6471123695373535,0.9719977378845216,,d.153.1.5,0.0864,P21243,Q47898
1fntA,9gafA,0.41054,0.51835,0.35218,0.44713,0.6613213419914246,0.9708110094070436,,d.153.1.5,0.09495,P21243,Q47898
1g0uD,9gacA,0.37004,0.54334,0.31635,0.46639,0.6390528678894043,0.9717031717300416,d.153.1.4,d.153.1.5,0.15004,P32379,Q47898
1g0uD,2a8lA,0.40792,0.54724,0.33116,0.43628,0.6927993297576904,0.9455212354660034,d.153.1.4,,0.1051199999999999,P32379,Q9H6P5
1g0uD,9gaaA,0.41645,0.54416,0.35871,0.46808,0.6518586874008179,0.972359538078308,d.153.1.4,d.153.1.5,0.10937,P32379,Q47898
1g0uE,9gacA,0.4312,0.54503,0.37196,0.46913,0.6399041414260864,0.9644448161125184,d.153.1.4,d.153.1.5,0.0971699999999999,P40302,Q47898
1g0uF,9gaaA,0.40929,0.52519,0.36841,0.46981,0.6639828085899353,0.9721556901931764,d.153.1.4,d.153.1.5,0.1013999999999999,P21242,Q47898
1g0uF,9gacA,0.40848,0.52573,0.36643,0.46914,0.6519218683242798,0.9713398218154908,d.153.1.4,d.153.1.5,0.10271,P21242,Q47898
1g3iG,9gafA,0.45555,0.66032,0.30793,0.43325,0.6922561526298523,0.947030544281006,d.153.1.4,d.153.1.5,0.12532,P43772,Q47898
1g3iG,9gaaA,0.45926,0.66402,0.31948,0.44937,0.6745702624320984,0.94765442609787,d.153.1.4,d.153.1.5,0.12989,P43772,Q47898
1g65D,9gacA,0.40514,0.52389,0.3635,0.46763,0.6396758556365967,0.9669817686080932,d.153.1.4,d.153.1.5,0.10413,P32379,Q47898
1g65F,9gaaA,0.41069,0.52199,0.37036,0.46987,0.6623258590698242,0.968466818332672,d.153.1.4,d.153.1.5,0.0995099999999999,P21242,Q47898
1g65F,9gacA,0.4141,0.52302,0.37248,0.46952,0.6506204605102539,0.967480480670929,d.153.1.4,d.153.1.5,0.09704,P21242,Q47898
1g65F,1p4kA,0.41458,0.5398,0.35745,0.46476,0.7262014150619507,0.9609684944152832,d.153.1.4,d.153.1.5,0.10731,P21242,Q47898
1iruA,9gacA,0.38551,0.49915,0.34781,0.44887,0.641843855381012,0.9740017652511596,d.153.1.4,d.153.1.5,0.1010599999999999,Q2YDE4,Q47898
1iruA,9gafA,0.39674,0.50986,0.347,0.4466,0.6676310300827026,0.9747377038002014,d.153.1.4,d.153.1.5,0.0996,Q2YDE4,Q47898
1j2qA,9gacA,0.35436,0.50839,0.31064,0.44783,0.6645821332931519,0.9697858691215516,d.153.1.4,d.153.1.5,0.1371899999999999,O29760,Q47898
1j2qA,1p4kA,0.3878,0.52415,0.33059,0.44317,0.7342623472213745,0.9663408994674684,d.153.1.4,d.153.1.5,0.11258,O29760,Q47898
1kuuA,2a8lA,0.46081,0.60808,0.32975,0.433,0.6803838014602661,0.9251532554626464,d.153.2.1,,0.10325,O27099,Q9H6P5
1m4yA,2gg0A,0.37427,0.44075,0.27001,0.31716,0.5840532183647156,0.8041508793830872,d.153.1.4,d.127.1.1,0.04715,Q9WYZ1,P0AE18
1nedA,2a8mA,0.49321,0.64661,0.28316,0.28316,0.6611887216567993,0.7179758548736572,d.153.1.4,,0.0,P0A7B8,Q9H6P5
1nedA,1p4kA,0.43821,0.66425,0.28949,0.28949,0.6778367161750793,0.7494328618049622,d.153.1.4,d.153.1.5,0.0,P0A7B8,Q47898
1nedA,2a8lA,0.49044,0.66155,0.28591,0.28591,0.6482784748077393,0.7202876210212708,d.153.1.4,,0.0,P0A7B8,Q9H6P5
1p4kA,1yauA,0.35563,0.39019,0.35563,0.39019,0.7113509774208069,0.9477149844169616,d.153.1.5,d.153.1.4,0.0345599999999999,Q47898,P25156
1p4kA,2imhA,0.37563,0.53169,0.37563,0.53169,0.6662681698799133,0.9182125329971312,d.153.1.5,d.153.1.7,0.1560599999999999,Q47898,Q5LQD5
1p4kA,1iruA,0.33614,0.44461,0.33614,0.44461,0.7089563608169556,0.9652128219604492,d.153.1.5,d.153.1.4,0.10847,Q47898,Q2YDE4
1p4kA,1yarA,0.35452,0.44629,0.35452,0.44629,0.7045043706893921,0.9560093879699708,d.153.1.5,d.153.1.4,0.09177,Q47898,P25156
1p4kA,1g0uF,0.35709,0.46011,0.35709,0.46011,0.7261706590652466,0.9639937877655028,d.153.1.5,d.153.1.4,0.10302,Q47898,P21242
1p4kA,1m4yA,0.31529,0.44261,0.31529,0.44261,0.7193970680236816,0.9329777359962464,d.153.1.5,d.153.1.4,0.12732,Q47898,Q9WYZ1
1p4kA,1iruE,0.33948,0.46114,0.33948,0.46114,0.7123629450798035,0.9645261764526368,d.153.1.5,d.153.1.4,0.1216599999999999,Q47898,Q5E987
1p4kA,1g0uE,0.35986,0.46398,0.35986,0.46398,0.7133540511131287,0.9522360563278198,d.153.1.5,d.153.1.4,0.1041199999999999,Q47898,P40302
1p4kA,1iruF,0.35371,0.45847,0.35371,0.45847,0.7244470119476318,0.9596610069274902,d.153.1.5,d.153.1.4,0.1047599999999999,Q47898,Q3T0X5
1p4kA,2fhgH,0.36492,0.48313,0.36492,0.48313,0.7241092920303345,0.968507707118988,d.153.1.5,,0.1182099999999999,Q47898,P9WHT9
1p4kA,1kuuA,0.34599,0.40003,0.34599,0.40003,0.689674973487854,0.9102310538291932,d.153.1.5,d.153.2.1,0.0540399999999999,Q47898,O27099
1p4kA,1q5rH,0.36574,0.49292,0.36574,0.49292,0.7231582403182983,0.9614952206611632,d.153.1.5,d.153.1.4,0.12718,Q47898,Q53079
1p4kA,2h6jH,0.36506,0.4922,0.36506,0.4922,0.7274430394172668,0.9648942947387696,d.153.1.5,d.153.1.4,0.12714,Q47898,Q53079
1p4kA,1q5qA,0.33828,0.45246,0.33828,0.45246,0.7274981737136841,0.9509689211845398,d.153.1.5,d.153.1.4,0.1141799999999999,Q47898,Q53080
1p4kA,1g3iG,0.30302,0.42867,0.30302,0.42867,0.7352367043495178,0.9392863512039183,d.153.1.5,d.153.1.4,0.1256499999999999,Q47898,P43772
1p4kA,1g65E,0.36015,0.46596,0.36015,0.46596,0.7094090580940247,0.9519861340522766,d.153.1.5,d.153.1.4,0.1058099999999999,Q47898,P40302
1p4kA,1j2qH,0.34887,0.46251,0.34887,0.46251,0.7344762086868286,0.958356499671936,d.153.1.5,d.153.1.4,0.1136399999999999,Q47898,Q9P996
1pmaA,9gacA,0.43313,0.54238,0.36247,0.45242,0.6455449461936951,0.9622349739074708,d.153.1.4,d.153.1.5,0.0899499999999999,P25156,Q47898
1yauA,2a8lA,0.42836,0.54115,0.33959,0.42124,0.6914681196212769,0.9287970066070556,d.153.1.4,,0.08165,P25156,Q9H6P5
1yyfD,9gafA,0.48126,0.67591,0.33223,0.46052,0.6706273555755615,0.9517779350280762,d.153.1.4,d.153.1.5,0.1282899999999999,P39070,Q47898
9gaaA,1yarA,0.3675,0.454,0.3675,0.454,0.6445097327232361,0.9669761657714844,d.153.1.5,d.153.1.4,0.0865,Q47898,P25156
9gaaA,1iruF,0.36383,0.45775,0.36383,0.45775,0.6625505685806274,0.9691481590270996,d.153.1.5,d.153.1.4,0.09392,Q47898,Q3T0X5
9gaaA,1yauA,0.36844,0.45528,0.36844,0.45528,0.6534594297409058,0.9606823325157166,d.153.1.5,d.153.1.4,0.08684,Q47898,P25156
9gaaA,1iruA,0.34748,0.45201,0.34748,0.45201,0.6519942283630371,0.9747632145881652,d.153.1.5,d.153.1.4,0.10453,Q47898,Q2YDE4
9gaaA,1iruE,0.34159,0.46374,0.34159,0.46374,0.6501380205154419,0.9706476926803588,d.153.1.5,d.153.1.4,0.1221499999999999,Q47898,Q5E987
9gaaA,1m4yA,0.33159,0.46562,0.33159,0.46562,0.6550000905990601,0.9401570558547974,d.153.1.5,d.153.1.4,0.1340299999999999,Q47898,Q9WYZ1
9gaaA,1q5qH,0.36146,0.50486,0.36146,0.50486,0.6626389026641846,0.979711890220642,d.153.1.5,d.153.1.4,0.1433999999999999,Q47898,Q53079
9gaaA,1g65D,0.36255,0.46497,0.36255,0.46497,0.6512522101402283,0.9680700302124025,d.153.1.5,d.153.1.4,0.10242,Q47898,P32379
9gaaA,2imhA,0.38801,0.43862,0.38801,0.43862,0.5911973118782043,0.9352794885635376,d.153.1.5,d.153.1.7,0.0506099999999999,Q47898,Q5LQD5
9gaaA,2fhgH,0.36116,0.5035,0.36116,0.5035,0.6595783829689026,0.9773253202438354,d.153.1.5,,0.1423399999999999,Q47898,P9WHT9
9gaaA,1g0uL,0.36954,0.47166,0.36954,0.47166,0.6643789410591125,0.9628292322158812,d.153.1.5,d.153.1.4,0.10212,Q47898,P23724
9gaaA,1g65G,0.37035,0.45369,0.37035,0.45369,0.666916012763977,0.9727174043655396,d.153.1.5,d.153.1.4,0.0833399999999999,Q47898,P21243
9gaaA,1iruL,0.36782,0.48,0.36782,0.48,0.6616649627685547,0.9657882452011108,d.153.1.5,d.153.1.4,0.11218,Q47898,Q32KL2
9gaaA,1e94A,0.31286,0.46577,0.31286,0.46577,0.6581611633300781,0.9392688274383544,d.153.1.5,d.153.1.4,0.15291,Q47898,P0A7B8
9gaaA,1iruK,0.3705,0.47226,0.3705,0.47226,0.6811600923538208,0.9567775130271912,d.153.1.5,d.153.1.4,0.10176,Q47898,Q5E9K0
9gaaA,1ya7H,0.35927,0.48352,0.35927,0.48352,0.6782366037368774,0.9727768898010254,d.153.1.5,d.153.1.4,0.12425,Q47898,P28061
9gaaA,1g0uM,0.37484,0.48842,0.18332,0.19051,0.3692613542079925,0.4604687392711639,d.153.1.5,d.153.1.4,0.00719,Q47898,P30657
9gaaA,1q5qA,0.3758,0.4574,0.3758,0.4574,0.6642196774482727,0.9658184051513672,d.153.1.5,d.153.1.4,0.0815999999999999,Q47898,Q53080
9gaaA,2h6jH,0.35823,0.50716,0.35823,0.50716,0.6643983125686646,0.9703248739242554,d.153.1.5,d.153.1.4,0.14893,Q47898,Q53079
9gaaA,1q5rH,0.36601,0.50788,0.36601,0.50788,0.6566454172134399,0.9666247367858888,d.153.1.5,d.153.1.4,0.14187,Q47898,Q53079
9gacA,1iruF,0.36644,0.36644,0.36644,0.36644,0.6508868932723999,0.9685733318328856,d.153.1.5,d.153.1.4,0.0,Q47898,Q3T0X5
9gacA,1m4yA,0.32387,0.46545,0.32387,0.46545,0.6430097818374634,0.9391580820083618,d.153.1.5,d.153.1.4,0.1415799999999999,Q47898,Q9WYZ1
9gacA,1q5qH,0.3651,0.50511,0.3651,0.50511,0.6496715545654297,0.9793906807899476,d.153.1.5,d.153.1.4,0.1400099999999999,Q47898,Q53079
9gacA,1yarA,0.36177,0.45105,0.36177,0.45105,0.6329817771911621,0.966106414794922,d.153.1.5,d.153.1.4,0.08928,Q47898,P25156
9gacA,2imhA,0.38727,0.55563,0.38727,0.55563,0.5810535550117493,0.9336455464363098,d.153.1.5,d.153.1.7,0.1683599999999999,Q47898,Q5LQD5
9gacA,1nedA,0.3114,0.45958,0.30205,0.30205,0.6185370683670044,0.7476533651351929,d.153.1.5,d.153.1.4,0.0,Q47898,P0A7B8
9gacA,1g3iG,0.31782,0.44566,0.31782,0.44566,0.6630129814147949,0.9467788934707642,d.153.1.5,d.153.1.4,0.12784,Q47898,P43772
9gacA,1e94A,0.31097,0.46229,0.31097,0.46229,0.6463979482650757,0.9375513792037964,d.153.1.5,d.153.1.4,0.1513199999999999,Q47898,P0A7B8
9gacA,1kuuA,0.35868,0.41821,0.35868,0.41821,0.6140570044517517,0.9199422597885132,d.153.1.5,d.153.2.1,0.05953,Q47898,O27099
9gacA,2h6jH,0.36155,0.50609,0.36155,0.50609,0.6531806588172913,0.9702681303024292,d.153.1.5,d.153.1.4,0.14454,Q47898,Q53079
9gacA,1q5rH,0.36472,0.50585,0.36472,0.50585,0.6452799439430237,0.9660460352897644,d.153.1.5,d.153.1.4,0.14113,Q47898,Q53079
9gacA,1ya7H,0.34255,0.48056,0.34255,0.48056,0.6670095324516296,0.97243070602417,d.153.1.5,d.153.1.4,0.1380099999999999,Q47898,P28061
9gacA,1g0uM,0.37483,0.4868,0.1816,0.19291,0.3671066164970398,0.4551435708999634,d.153.1.5,d.153.1.4,0.0113099999999999,Q47898,P30657
9gacA,1q5qA,0.37491,0.45752,0.37491,0.45752,0.6521297097206116,0.9646152257919312,d.153.1.5,d.153.1.4,0.0826099999999999,Q47898,Q53080
9gafA,1g65F,0.36065,0.46774,0.36065,0.46774,0.6757028102874756,0.9683526158332824,d.153.1.5,d.153.1.4,0.1070899999999999,Q47898,P21242
9gafA,1iruF,0.355,0.3898,0.355,0.3898,0.6797966957092285,0.967850923538208,d.153.1.5,d.153.1.4,0.0348,Q47898,Q3T0X5
9gafA,1pmaA,0.36037,0.39592,0.36037,0.39592,0.6687999963760376,0.9617458581924438,d.153.1.5,d.153.1.4,0.0355499999999999,Q47898,P25156
9gafA,1m4yA,0.31684,0.44961,0.31684,0.44961,0.6745498180389404,0.9389841556549072,d.153.1.5,d.153.1.4,0.13277,Q47898,Q9WYZ1
9gafA,1yauA,0.35891,0.39478,0.35891,0.39478,0.6651670336723328,0.9579067826271056,d.153.1.5,d.153.1.4,0.03587,Q47898,P25156
9gafA,1g0uF,0.35979,0.46011,0.35979,0.46011,0.676619827747345,0.9711805582046508,d.153.1.5,d.153.1.4,0.10032,Q47898,P21242
9gafA,1q5qH,0.37057,0.48927,0.37057,0.48927,0.6776778697967529,0.9799331426620485,d.153.1.5,d.153.1.4,0.1186999999999999,Q47898,Q53079
9gafA,2imhA,0.37758,0.53828,0.37758,0.53828,0.6249078512191772,0.9256212711334229,d.153.1.5,d.153.1.7,0.1606999999999999,Q47898,Q5LQD5
9gafA,1yarA,0.35265,0.39126,0.35265,0.39126,0.6593149304389954,0.9647384881973268,d.153.1.5,d.153.1.4,0.0386099999999999,Q47898,P25156
9gafA,2fhgH,0.3688,0.48969,0.3688,0.48969,0.6765022277832031,0.977433979511261,d.153.1.5,,0.12089,Q47898,P9WHT9
9gafA,1iruE,0.34194,0.46225,0.34194,0.46225,0.666094183921814,0.9715800285339355,d.153.1.5,d.153.1.4,0.1203099999999999,Q47898,Q5E987
9gafA,1q5rH,0.37107,0.49747,0.37107,0.49747,0.6734895706176758,0.9669808745384216,d.153.1.5,d.153.1.4,0.1264,Q47898,Q53079
9gafA,1nedA,0.30584,0.4448,0.29181,0.29181,0.6465004682540894,0.7516751289367676,d.153.1.5,d.153.1.4,0.0,Q47898,P0A7B8
9gafA,2h6jH,0.35015,0.49689,0.35015,0.49689,0.6806790232658386,0.9708759784698486,d.153.1.5,d.153.1.4,0.1467399999999999,Q47898,Q53079
9gafA,1g0uM,0.36604,0.4772,0.17942,0.17942,0.3613258600234985,0.4511219263076782,d.153.1.5,d.153.1.4,0.0,Q47898,P30657
9gafA,1q5qA,0.3179,0.45737,0.3179,0.45737,0.6793208718299866,0.962071180343628,d.153.1.5,d.153.1.4,0.1394699999999999,Q47898,Q53080
9gafA,1g0uE,0.36159,0.36159,0.36159,0.36159,0.6673154234886169,0.9614823460578918,d.153.1.5,d.153.1.4,0.0,Q47898,P40302
9gafA,1ya7H,0.34893,0.46804,0.34893,0.46804,0.6994378566741943,0.9702956676483154,d.153.1.5,d.153.1.4,0.11911,Q47898,P28061
9gafA,1e94A,0.32289,0.44669,0.32289,0.44669,0.6774913668632507,0.9368634223937988,d.153.1.5,d.153.1.4,0.1237999999999999,Q47898,P0A7B8
121pA,1pujA,0.48763,0.71325,0.3257,0.47569,0.9711736440658568,0.945830225944519,c.37.1.8,c.37.1.8,0.14999,P01112,O31743
121pA,1htwA,0.39495,0.47413,0.39495,0.47413,0.7611057162284851,0.9116776585578918,c.37.1.8,c.37.1.18,0.0791799999999999,P01112,P44492
1a0oA,1m8fA,0.42518,0.49174,0.34325,0.40361,0.6806216239929199,0.7037729024887085,c.23.1.1,c.26.1.3,0.06036,P0AE67,O26253
1a0oA,1qq5A,0.50205,0.50421,0.30921,0.31036,0.5517203211784363,0.664221465587616,c.23.1.1,c.108.1.1,0.00115,P0AE67,Q60099
1a0oA,1h1dA,0.56493,0.62484,0.38129,0.42002,0.56541907787323,0.5005865097045898,c.23.1.1,c.66.1.1,0.0387299999999999,P0AE67,P22734
1a2bA,1pujA,0.45876,0.66868,0.326,0.4749,0.9578274488449096,0.9555132389068604,c.37.1.8,c.37.1.8,0.1488999999999999,P61586,O31743
1a2bA,1fl9A,0.39052,0.4681,0.39052,0.4681,0.7742498517036438,0.8708769679069519,c.37.1.8,c.37.1.18,0.07758,P61586,P44492
1a4rA,1pujA,0.45159,0.65098,0.34129,0.49042,0.958647608757019,0.93462073802948,c.37.1.8,c.37.1.8,0.14913,P60953,O31743
1aa9A,1pujA,0.46076,0.67352,0.32148,0.4692,0.9650533199310304,0.9221579432487488,c.37.1.8,c.37.1.8,0.14772,P01112,O31743
1ab5A,2hjvA,0.47211,0.57253,0.40117,0.48751,0.7641276717185974,0.5712976455688477,c.23.1.1,c.37.1.0,0.0863399999999999,P0AE67,P42305
1ab5A,1fukA,0.49955,0.57435,0.42672,0.48922,0.7641229629516602,0.6128712296485901,c.23.1.1,c.37.1.19,0.0625,P0AE67,P10081
1ab6A,1fukA,0.50025,0.58444,0.42754,0.49563,0.7631823420524597,0.6030381321907043,c.23.1.1,c.37.1.19,0.06809,P0AE67,P10081
1agpA,1pujA,0.48817,0.7127,0.32606,0.47559,0.9701038599014282,0.9424588680267334,c.37.1.8,c.37.1.8,0.14953,P01112,O31743
1agpA,1htwA,0.39248,0.4531,0.39248,0.4531,0.7654893398284912,0.9065985679626464,c.37.1.8,c.37.1.18,0.06062,P01112,P44492
1agpA,1fl9A,0.39712,0.46315,0.39712,0.46315,0.7650853395462036,0.8810106515884399,c.37.1.8,c.37.1.18,0.06603,P01112,P44492
1aiuA,1yd3A,0.29625,0.29625,0.29625,0.29625,0.7379856109619141,0.7797023057937622,c.47.1.1,,0.0,P10599,Q9WYA3
1akqA,1yn9A,0.41292,0.53792,0.37325,0.48568,0.531527042388916,0.5129814743995667,c.23.5.1,,0.1124299999999999,P00323,P24656
1akqA,1fpzA,0.41159,0.48691,0.36154,0.429,0.533410370349884,0.5313366651535034,c.23.5.1,c.45.1.1,0.06746,P00323,Q16667
1akqA,1vhrA,0.34599,0.48161,0.30348,0.41866,0.5116499066352844,0.5115763545036316,c.23.5.1,c.45.1.1,0.1151799999999999,P00323,P51452
1akqA,1rz3A,0.38459,0.38459,0.33046,0.33046,0.7114889621734619,0.5454832911491394,c.23.5.1,c.37.1.6,0.0,P00323,P84134
1akrA,1yn9A,0.38611,0.54395,0.35088,0.49149,0.5304949879646301,0.5162176489830017,c.23.5.1,,0.1406099999999999,P00323,P24656
1akrA,1fpzA,0.40948,0.47572,0.35946,0.41923,0.5316448211669922,0.534011960029602,c.23.5.1,c.45.1.1,0.0597699999999999,P00323,Q16667
1aktA,1qgeD,0.39531,0.49798,0.30322,0.36098,0.5591238737106323,0.6560475826263428,c.23.5.1,c.69.1.18,0.05776,P00323,P0DUB9
1aktA,1fpzA,0.4097,0.47831,0.35962,0.42188,0.531934380531311,0.5461573600769043,c.23.5.1,c.45.1.1,0.0622599999999999,P00323,Q16667
1akwA,1yn9A,0.38542,0.54348,0.34942,0.49109,0.5334576964378357,0.5219492316246033,c.23.5.1,,0.14167,P00323,P24656
1akwA,1vhrA,0.34093,0.49036,0.29939,0.42544,0.5147128105163574,0.5202427506446838,c.23.5.1,c.45.1.1,0.12605,P00323,P51452
1akwA,1qgeD,0.39645,0.49782,0.30282,0.36125,0.5647764801979065,0.6490499973297119,c.23.5.1,c.69.1.18,0.05843,P00323,P0DUB9
1am4D,1pujA,0.46184,0.67698,0.32133,0.47127,0.9607340097427368,0.9487327933311462,c.37.1.8,c.37.1.8,0.14994,P60953,O31743
1an0A,1pujA,0.45596,0.65521,0.33965,0.48682,0.9555954337120056,0.942713499069214,c.37.1.8,c.37.1.8,0.1471699999999999,P60953,O31743
1asuA,1cp7A,0.3588,0.3588,0.25195,0.25195,0.4979693293571472,0.361517459154129,c.55.3.2,c.56.5.4,0.0,O92956,P80561
1atzA,1so8A,0.53328,0.56978,0.48632,0.51941,0.6453857421875,0.7975815534591675,c.62.1.1,c.2.1.2,0.03309,P04275,Q99714
1aucA,1yd4A,0.29601,0.29601,0.29601,0.29601,0.7509486675262451,0.7943003177642822,c.47.1.1,,0.0,P10599,Q9WYA3
1aucA,1yd3A,0.30501,0.30501,0.30501,0.30501,0.7361739277839661,0.7801002264022827,c.47.1.1,,0.0,P10599,Q9WYA3
1aucA,1yczA,0.30216,0.30216,0.30216,0.30216,0.7561438083648682,0.7929151058197021,c.47.1.1,,0.0,P10599,Q9WYA3
1auoA,1vh0A,0.39514,0.39514,0.39514,0.39514,0.4956877827644348,0.7269382476806641,c.69.1.14,c.116.1.3,0.0,Q53547,P0C1V0
1azlA,1yn9A,0.41653,0.54418,0.37669,0.49168,0.5322629809379578,0.5211292505264282,c.23.5.1,,0.1149899999999999,P00323,P24656
1azlA,1qgeD,0.39704,0.49883,0.30334,0.36186,0.561445415019989,0.6484904885292053,c.23.5.1,c.69.1.18,0.05852,P00323,P0DUB9
1b00A,1veeA,0.4872,0.52429,0.45476,0.48754,0.7981312274932861,0.9025675058364868,c.23.1.1,,0.0327799999999999,P0AFJ5,Q9M158
1b1cA,1pzmA,0.41442,0.49949,0.40735,0.49085,0.6846510767936707,0.7635251879692078,c.23.5.2,c.61.1.1,0.0835,P16435,Q9NJI5
1ba2A,1orrA,0.43423,0.43423,0.36194,0.36194,0.6283248662948608,0.6525523662567139,c.93.1.1,c.2.1.2,0.0,P02925,P14169
1booA,2b25A,0.35379,0.51042,0.35379,0.51042,0.7149844765663147,0.9738001227378844,c.66.1.11,c.66.1.13,0.15663,P11409,Q9BVS5
1bu5A,1yn9A,0.41541,0.54273,0.37557,0.49024,0.5276443362236023,0.5234118700027466,c.23.5.1,,0.11467,P00323,P24656
1bvyF,1nonA,0.43958,0.50637,0.42138,0.48549,0.7951810359954834,0.8163042068481445,c.23.5.1,c.61.1.1,0.06411,P14779,P41007
1c0eA,1hjzA,0.38205,0.38043,0.3216,0.32,0.5964642763137817,0.611308217048645,c.44.1.1,c.50.1.2,-0.0015999999999999,P11064,O28751
1c0eA,1vhuA,0.37705,0.56603,0.32535,0.48696,0.6133513450622559,0.6090685725212097,c.44.1.1,c.50.1.2,0.16161,P11064,O28751
1c0eA,1spvA,0.34032,0.55327,0.3168,0.51041,0.6292105913162231,0.5959904193878174,c.44.1.1,c.50.1.2,0.19361,P11064,P0A8D6
1c1xA,2ho3A,0.38907,0.43942,0.38907,0.43942,0.8819817304611206,0.8188906908035278,c.2.1.7,,0.0503499999999999,Q59771,
1c1yA,1pujA,0.47853,0.69944,0.32135,0.46874,0.971173882484436,0.9377895593643188,c.37.1.8,c.37.1.8,0.1473899999999999,P62834,O31743
1c1yA,1jmvA,0.3752,0.45091,0.3752,0.45091,0.6399797797203064,0.8714107275009155,c.37.1.8,c.26.2.4,0.07571,P62834,P44880
1c7eA,1yn9A,0.3843,0.54232,0.34874,0.48998,0.5315062403678894,0.5115446448326111,c.23.5.1,,0.14124,P00323,P24656
1c7eA,1fpzA,0.40882,0.4672,0.35933,0.41247,0.5343832969665527,0.5316919088363647,c.23.5.1,c.45.1.1,0.05314,P00323,Q16667
1c7eA,1j2tA,0.55893,0.55893,0.36146,0.36146,0.6809514760971069,0.7848477959632874,c.23.5.1,c.125.1.1,0.0,P00323,P83772
1c7eA,1qhfA,0.40502,0.52439,0.27749,0.36358,0.5432307124137878,0.6630024909973145,c.23.5.1,c.60.1.1,0.08609,P00323,P00950
1cc0A,1pujA,0.35321,0.64289,0.27465,0.4787,0.953723132610321,0.9522178173065186,c.37.1.8,c.37.1.8,0.20405,P61586,O31743
1chdA,1eizA,0.41767,0.48567,0.41767,0.48567,0.7532424926757812,0.8413662314414978,c.40.1.1,c.66.1.2,0.068,P04042,P0C0R7
1cjkA,1ry9A,0.31035,0.40496,0.31035,0.40496,0.4430837631225586,0.5929912328720093,d.58.29.1,d.198.1.1,0.0946099999999999,P30803,P35530
1cluA,1pujA,0.5026,0.7286,0.32544,0.47067,0.9676923751831056,0.9429590702056884,c.37.1.8,c.37.1.8,0.1452299999999999,P01112,O31743
1cqgA,1yd4A,0.30834,0.30834,0.30834,0.30834,0.7446362972259521,0.7890947461128235,c.47.1.1,,0.0,P10599,Q9WYA3
1cqgA,1yczA,0.29787,0.29787,0.29787,0.29787,0.7499359250068665,0.7878090143203735,c.47.1.1,,0.0,P10599,Q9WYA3
1cs4A,1ry9A,0.31123,0.40723,0.31123,0.40723,0.4453159868717193,0.5903381109237671,d.58.29.1,d.198.1.1,0.0959999999999999,P30803,P35530
1cyeA,1u7oA,0.5486,0.5486,0.4573,0.4573,0.6018291711807251,0.758870005607605,c.23.1.1,c.108.1.17,0.0,P0AE67,Q9D967
1d1qA,1spvA,0.36545,0.53854,0.34604,0.50961,0.6561293601989746,0.6041622757911682,c.44.1.1,c.50.1.2,0.16357,P40347,P0A8D6
1d2aA,1c25A,0.37443,0.50977,0.3662,0.4966,0.6027560234069824,0.7109384536743164,c.44.1.1,c.46.1.1,0.1303999999999999,P40347,P30304
1d2aA,1spvA,0.37525,0.54172,0.34971,0.50569,0.6311317682266235,0.6092458963394165,c.44.1.1,c.50.1.2,0.1559799999999999,P40347,P0A8D6
1d4zA,2hjvA,0.47296,0.56805,0.40924,0.49071,0.7385297417640686,0.5844576358795166,c.23.1.1,c.37.1.0,0.0814699999999999,P0AE67,P42305
1d4zA,1lssA,0.57829,0.57829,0.56421,0.56421,0.8662627935409546,0.7407774329185486,c.23.1.1,c.2.1.9,0.0,P0AE67,Q58505
1d5cA,1pujA,0.47193,0.6833,0.30619,0.44213,0.9571131467819214,0.936506986618042,c.37.1.8,c.37.1.8,0.13594,Q26000,O31743
1d5wA,2bfwA,0.61473,0.61473,0.42553,0.42553,0.6652470827102661,0.5868047475814819,c.23.1.1,c.87.1.8,0.0,P10958,Q9V2J8
1dcfA,1h1dA,0.5612,0.60042,0.38643,0.40948,0.5998451113700867,0.5303385257720947,c.23.1.2,c.66.1.1,0.02305,P49333,P22734
1dctA,1wy7A,0.37148,0.4554,0.37148,0.4554,0.8209248781204224,0.8873348832130432,c.66.1.26,c.66.1.32,0.08392,P20589,O59611
1di0A,2akoA,0.50862,0.48223,0.34944,0.34093,0.4693478345870971,0.3755268454551697,c.16.1.1,c.73.1.3,-0.0085099999999999,P61711,Q9PJ29
1djmA,1te2A,0.55057,0.55057,0.37203,0.37203,0.5394601821899414,0.6368746757507324,c.23.1.1,c.108.1.6,0.0,P0AE67,P77247
1doaA,1pujA,0.35641,0.64674,0.28035,0.48657,0.96662175655365,0.9471791982650756,c.37.1.8,c.37.1.8,0.20622,P60953,O31743
1dpfA,1pujA,0.45382,0.67128,0.32229,0.47601,0.9553157687187196,0.9461167454719543,c.37.1.8,c.37.1.8,0.1537199999999999,P61586,O31743
1dpfA,1htwA,0.39397,0.47228,0.39397,0.47228,0.7648698687553406,0.9074746370315552,c.37.1.8,c.37.1.18,0.0783099999999999,P61586,P44492
1ds6A,1pujA,0.45764,0.66762,0.32994,0.48139,0.9579534530639648,0.9482725858688354,c.37.1.8,c.37.1.8,0.1514499999999999,P15153,O31743
1dz3A,1o1xA,0.51107,0.51107,0.45727,0.45727,0.7263471484184265,0.6118330955505371,c.23.1.1,c.121.1.1,0.0,P52934,Q9X0G9
1dziA,1vlhA,0.37258,0.37258,0.37258,0.37258,0.5871700048446655,0.5132340788841248,c.62.1.1,c.26.1.3,0.0,P17301,Q9WZK0
1e0sA,1pujA,0.45188,0.65681,0.31465,0.45852,0.9508956670761108,0.9056969285011292,c.37.1.8,c.37.1.8,0.14387,P62330,O31743
1e6kA,1te2A,0.55482,0.49425,0.37373,0.35053,0.5575345158576965,0.6574375033378601,c.23.1.1,c.108.1.6,-0.0232,P0AE67,P77247
1e6lA,1fukA,0.49924,0.55947,0.43159,0.4827,0.7535415291786194,0.6045414805412292,c.23.1.1,c.37.1.19,0.05111,P0AE67,P10081
1e6lA,1j8dA,0.51225,0.59903,0.40983,0.46751,0.5273677110671997,0.6513875722885132,c.23.1.1,c.108.1.5,0.0576799999999999,P0AE67,P45314
1e96A,1pujA,0.45329,0.66549,0.32219,0.47278,0.9620403051376344,0.9506320357322692,c.37.1.8,c.37.1.8,0.15059,P63000,O31743
1e9cA,1odfA,0.59296,0.66506,0.46971,0.52439,0.9442133903503418,0.910787045955658,c.37.1.1,c.37.1.6,0.05468,P23919,P42938
1e9fA,1odfA,0.59372,0.667,0.45648,0.51065,0.942482590675354,0.9216928482055664,c.37.1.1,c.37.1.6,0.05417,P0A720,P42938
1eavA,1jmvA,0.45205,0.48485,0.45205,0.48485,0.584195613861084,0.6196153163909912,c.57.1.1,c.26.2.4,0.0327999999999999,Q39054,P44880
1eavA,2gm3A,0.4205,0.52495,0.4205,0.52495,0.6119426488876343,0.6426454782485962,c.57.1.1,c.26.2.4,0.10445,Q39054,Q8LGG8
1eg2A,1jg1A,0.35938,0.45607,0.35938,0.45607,0.657859742641449,0.900929033756256,c.66.1.11,c.66.1.7,0.09669,P14751,Q8TZR3
1eg2A,1i1nA,0.28356,0.46471,0.28356,0.46471,0.6473324298858643,0.8902313709259033,c.66.1.11,c.66.1.7,0.18115,P14751,P22061
1eg2A,2bzgA,0.33457,0.55823,0.33457,0.55823,0.7533198595046997,0.9387145042419434,c.66.1.11,c.66.1.36,0.22366,P14751,P51580
1eg2A,2esrA,0.34287,0.49474,0.34287,0.49474,0.6646723747253418,0.9258363842964172,c.66.1.11,c.66.1.46,0.15187,P14751,
1eg2A,1wg8A,0.37946,0.53602,0.36834,0.51714,0.5783999562263489,0.8370453119277954,c.66.1.11,a.60.13.1,0.1488,P14751,Q5SJD8
1eg2A,2gb4A,0.34269,0.57055,0.34269,0.57055,0.7611151933670044,0.960258960723877,c.66.1.11,c.66.1.36,0.22786,P14751,O55060
1eg2A,1f38A,0.30972,0.54107,0.30972,0.54107,0.6578165292739868,0.9630569219589232,c.66.1.11,c.66.1.22,0.23135,P14751,O26249
1eg2A,1qyrA,0.33675,0.47953,0.33675,0.47953,0.6843286752700806,0.9443618059158324,c.66.1.11,c.66.1.24,0.14278,P14751,P06992
1eg2A,2o05A,0.37436,0.58498,0.35787,0.55706,0.6376553773880005,0.9366259574890136,c.66.1.11,c.66.1.17,0.1991899999999999,P14751,P19623
1eg2A,1dusA,0.37723,0.52715,0.37723,0.52715,0.6142207384109497,0.9650322198867798,c.66.1.11,c.66.1.4,0.14992,P14751,Q58292
1eg2A,1yb2A,0.31591,0.35596,0.31591,0.35596,0.7186682820320129,0.9657097458839417,c.66.1.11,c.66.1.13,0.0400499999999999,P14751,Q9HJW1
1eg2A,2fhpA,0.36049,0.5092,0.36049,0.5092,0.6401256918907166,0.9474059343338012,c.66.1.11,c.66.1.46,0.14871,P14751,Q831P8
1eg2A,1fukA,0.37456,0.37456,0.37456,0.37456,0.5941598415374756,0.6886689066886902,c.66.1.11,c.37.1.19,0.0,P14751,P10081
1eg2A,1xcjA,0.35052,0.547,0.35052,0.547,0.6360814571380615,0.9588247537612916,c.66.1.11,c.66.1.16,0.19648,P14751,P10868
1eg2A,1g8aA,0.30823,0.508,0.30823,0.508,0.7250360250473022,0.9495760202407836,c.66.1.11,c.66.1.3,0.19977,P14751,O57811
1eg2A,1pryA,0.3105,0.50826,0.3105,0.50826,0.7243476510047913,0.9495946168899536,c.66.1.11,c.66.1.3,0.19776,P14751,Q8U4M2
1ehcA,1wo8A,0.4935,0.4935,0.4935,0.4935,0.8636085987091064,0.8655177354812622,c.23.1.1,c.24.1.2,0.0,P0AE67,Q5SHD6
1ehcA,2hjvA,0.48377,0.57273,0.41428,0.49428,0.7307313084602356,0.5729572176933289,c.23.1.1,c.37.1.0,0.08,P0AE67,P42305
1ehcA,1s89A,0.5129,0.5129,0.44908,0.44908,0.8586218953132629,0.8690567016601562,c.23.1.1,c.24.1.2,0.0,P0AE67,P0A731
1ehcA,2avdA,0.55066,0.55462,0.36579,0.37781,0.5598438382148743,0.4913474917411804,c.23.1.1,c.66.1.1,0.0120199999999999,P0AE67,Q86VU5
1ehcA,1fukA,0.50077,0.57543,0.4345,0.49668,0.7334418892860413,0.6122822761535645,c.23.1.1,c.37.1.19,0.06218,P0AE67,P10081
1ek0A,1pujA,0.46039,0.67975,0.31329,0.46006,0.9710123538970948,0.9450347423553468,c.37.1.8,c.37.1.8,0.14677,P36017,O31743
1f38A,1chdA,0.45788,0.52988,0.4244,0.48924,0.6893343925476074,0.7806501388549805,c.66.1.22,c.40.1.1,0.06484,O26249,P04042
1f4pA,1yn9A,0.4145,0.54386,0.3746,0.49128,0.5314469933509827,0.5158822536468506,c.23.5.1,,0.11668,P00323,P24656
1f4pA,1vhrA,0.33997,0.49361,0.29827,0.42766,0.5119784474372864,0.5153692364692688,c.23.5.1,c.45.1.1,0.12939,P00323,P51452
1f4pA,2akoA,0.50106,0.50106,0.34919,0.34919,0.3342243432998657,0.4882590174674988,c.23.5.1,c.73.1.3,0.0,P00323,Q9PJ29
1f51E,1h1dA,0.58519,0.66683,0.37055,0.42083,0.5604150295257568,0.5348443388938904,c.23.1.1,c.66.1.1,0.0502799999999999,P06628,P22734
1f51E,1vhkA,0.54929,0.63314,0.32128,0.37065,0.495937168598175,0.5485703349113464,c.23.1.1,b.122.1.2,0.0493699999999999,P06628,P54461
1f51E,1pqwA,0.58728,0.64748,0.41722,0.46077,0.7662329077720642,0.7140804529190063,c.23.1.1,c.2.1.1,0.04355,P06628,P96202
1fl9A,1udwA,0.42572,0.51974,0.3468,0.41948,0.733311653137207,0.8450556993484497,c.37.1.18,c.37.1.6,0.07268,P44492,Q9BZX2
1flaA,1fukA,0.42404,0.51479,0.38657,0.47087,0.758656919002533,0.5876321196556091,c.23.5.1,c.37.1.19,0.0842999999999999,P00322,P10081
1fldA,1fukA,0.42388,0.51366,0.38668,0.46982,0.75794517993927,0.584710419178009,c.23.5.1,c.37.1.19,0.0831399999999999,P00322,P10081
1flnA,1fukA,0.42396,0.49005,0.38678,0.44793,0.761802077293396,0.5863643288612366,c.23.5.1,c.37.1.19,0.0611499999999999,P00322,P10081
1foeB,1pujA,0.45389,0.66185,0.32032,0.46772,0.9585126638412476,0.9604929685592652,c.37.1.8,c.37.1.8,0.1474,P63000,O31743
1ftnA,1pujA,0.45269,0.65952,0.3217,0.46717,0.9539909958839417,0.9584425091743468,c.37.1.8,c.37.1.8,0.14547,P61586,O31743
1fvxA,1fukA,0.4233,0.49081,0.38594,0.44845,0.7560570240020752,0.5880134701728821,c.23.5.1,c.37.1.19,0.06251,P00322,P10081
1fzqA,1pujA,0.44061,0.65667,0.31247,0.46409,0.9606599807739258,0.900668740272522,c.37.1.8,c.37.1.8,0.1516199999999999,Q9WUL7,O31743
1g16A,1pujA,0.50049,0.72451,0.31792,0.45874,0.9707151651382446,0.9603487253189088,c.37.1.8,c.37.1.8,0.14082,P07560,O31743
1g4uR,1pujA,0.45306,0.66582,0.32555,0.4777,0.9634124040603638,0.9497288465499878,c.37.1.8,c.37.1.8,0.15215,P63000,O31743
1g55A,1ne2A,0.35222,0.42617,0.35222,0.42617,0.8594141602516174,0.9125590324401855,c.66.1.26,c.66.1.32,0.07395,O14717,Q9HIL9
1g55A,2avdA,0.37252,0.46433,0.37252,0.46433,0.8212636709213257,0.8677611351013184,c.66.1.26,c.66.1.1,0.09181,O14717,Q86VU5
1g55A,1jsxA,0.32943,0.42891,0.32943,0.42891,0.8178919553756714,0.8923372626304626,c.66.1.26,c.66.1.20,0.09948,O14717,P0A6U5
1g55A,2bm8A,0.36061,0.46015,0.36061,0.46015,0.8143653869628906,0.92281836271286,c.66.1.26,c.66.1.50,0.09954,O14717,B5GLB3
1g60A,1yzhA,0.38218,0.52698,0.38218,0.52698,0.6507716774940491,0.8819477558135986,c.66.1.11,c.66.1.53,0.1447999999999999,P23192,P67506
1g60A,1wy7A,0.38989,0.58692,0.38989,0.58692,0.690485417842865,0.9816451072692872,c.66.1.11,c.66.1.32,0.1970299999999999,P23192,O59611
1g60A,2b9eA,0.41597,0.59129,0.36822,0.52157,0.7159726023674011,0.9345350861549376,c.66.1.11,c.66.1.38,0.15335,P23192,Q96P11
1g60A,1zx0A,0.40308,0.59512,0.40308,0.59512,0.6459795832633972,0.9800493717193604,c.66.1.11,c.66.1.16,0.19204,P23192,
1g60A,2esrA,0.38635,0.5464,0.38635,0.5464,0.6834493279457092,0.9220455884933472,c.66.1.11,c.66.1.46,0.1600499999999999,P23192,
1g60A,2fcaA,0.39319,0.54876,0.39319,0.54876,0.6565866470336914,0.9006755352020264,c.66.1.11,c.66.1.53,0.15557,P23192,O34522
1g60A,2iftA,0.38815,0.54967,0.38815,0.54967,0.6756377816200256,0.9210404753684998,c.66.1.11,c.66.1.46,0.16152,P23192,P44869
1g60A,1khhA,0.39854,0.59294,0.39854,0.59294,0.6904597878456116,0.9765251278877258,c.66.1.11,c.66.1.16,0.1944,P23192,P10868
1g60A,1wznA,0.37979,0.5712,0.37211,0.55841,0.6560357809066772,0.9377465844154358,c.66.1.11,c.66.1.43,0.1862999999999999,P23192,O59000
1g60A,1wg8A,0.39674,0.61017,0.34564,0.52638,0.5862854719161987,0.8555026054382324,c.66.1.11,a.60.13.1,0.1807399999999999,P23192,Q5SJD8
1g60A,2fk7A,0.36974,0.37403,0.32869,0.33278,0.6658022403717041,0.9587582945823668,c.66.1.11,c.66.1.18,0.00409,P23192,Q79FX8
1g60A,1l1eA,0.37869,0.61778,0.33551,0.54701,0.6854227781295776,0.9584224820137024,c.66.1.11,c.66.1.18,0.2115,P23192,P9WPB3
1g60A,1xcjA,0.40214,0.59363,0.40214,0.59363,0.6444974541664124,0.9771509170532228,c.66.1.11,c.66.1.16,0.19149,P23192,P10868
1g60A,1ve3A,0.37786,0.56003,0.37786,0.56003,0.666692852973938,0.9521421194076538,c.66.1.11,c.66.1.43,0.18217,P23192,O57965
1g60A,1tpyA,0.37467,0.37583,0.32758,0.32836,0.6827006936073303,0.9529446363449096,c.66.1.11,c.66.1.18,0.00078,P23192,Q79FX6
1g60A,1f38A,0.38928,0.55573,0.38928,0.55573,0.6593368649482727,0.9678259491920472,c.66.1.11,c.66.1.22,0.1664499999999999,P23192,O26249
1g60A,1p1bA,0.3981,0.59203,0.3981,0.59203,0.6931945085525513,0.976948857307434,c.66.1.11,c.66.1.16,0.1939299999999999,P23192,P10868
1g60A,2fpoA,0.39546,0.54669,0.39546,0.54669,0.6910448670387268,0.9370489120483398,c.66.1.11,c.66.1.46,0.15123,P23192,P0ADX9
1g60A,1dusA,0.38811,0.55962,0.38811,0.55962,0.6395295858383179,0.9620736837387084,c.66.1.11,c.66.1.4,0.17151,P23192,Q58292
1g60A,1i9gA,0.40744,0.57495,0.3737,0.52332,0.7218050360679626,0.9726669192314148,c.66.1.11,c.66.1.13,0.14962,P23192,P9WFZ1
1g60A,1kpiA,0.39163,0.62186,0.33149,0.51861,0.6755314469337463,0.9561114311218262,c.66.1.11,c.66.1.18,0.18712,P23192,P9WPB5
1g60A,1ri1A,0.39801,0.58951,0.3799,0.56036,0.5839099884033203,0.9547879099845886,c.66.1.11,c.66.1.34,0.1804599999999999,P23192,Q8SR66
1g60A,2fhpA,0.32156,0.54276,0.32156,0.54276,0.6557231545448303,0.9318971633911132,c.66.1.11,c.66.1.46,0.2212,P23192,Q831P8
1g60A,1xxlA,0.38775,0.59364,0.38775,0.59364,0.627593457698822,0.96037495136261,c.66.1.11,c.66.1.41,0.2058899999999999,P23192,O31474
1g60A,1yb2A,0.36972,0.51967,0.36972,0.51967,0.7298034429550171,0.9740594625473022,c.66.1.11,c.66.1.13,0.1499499999999999,P23192,Q9HJW1
1g60A,1xtpA,0.35249,0.55447,0.35135,0.55245,0.7192456722259521,0.9561988711357116,c.66.1.11,c.66.1.42,0.2011,P23192,Q4Q7M2
1g60A,1im8A,0.37807,0.55407,0.37807,0.55407,0.6358975172042847,0.9586880207061768,c.66.1.11,c.66.1.14,0.1759999999999999,P23192,P43985
1g60A,1d2gA,0.3853,0.57667,0.32643,0.48189,0.6158881783485413,0.9413394927978516,c.66.1.11,c.66.1.5,0.15546,P23192,P13255
1g60A,2o57A,0.38779,0.60486,0.34332,0.53024,0.7117059230804443,0.95268714427948,c.66.1.11,c.66.1.18,0.18692,P23192,
1g60A,1vl5A,0.3866,0.58482,0.3866,0.58482,0.6097921133041382,0.9606378078460692,c.66.1.11,c.66.1.41,0.19822,P23192,Q9KAF6
1g60A,2ex4A,0.35732,0.57292,0.35732,0.57292,0.7052510976791382,0.9531911611557008,c.66.1.11,c.66.1.42,0.2155999999999999,P23192,Q9BV86
1g60A,2i9kA,0.44183,0.60371,0.33744,0.45719,0.6592545509338379,0.8529176712036133,c.66.1.11,c.66.1.26,0.1197499999999999,P23192,P05102
1g60A,1xj5A,0.36541,0.63102,0.31978,0.5429,0.6668579578399658,0.9643652439117432,c.66.1.11,c.66.1.17,0.22312,P23192,Q9ZUB3
1g60A,1xdzA,0.35267,0.54706,0.35267,0.54706,0.6507749557495117,0.9183810949325562,c.66.1.11,c.66.1.20,0.19439,P23192,P25813
1g60A,1y8cA,0.38175,0.56822,0.37388,0.55571,0.6552801728248596,0.9531662464141846,c.66.1.11,c.66.1.43,0.18183,P23192,Q97GJ5
1g60A,2avdA,0.33833,0.57034,0.33833,0.57034,0.7133164405822754,0.963820219039917,c.66.1.11,c.66.1.1,0.2320099999999999,P23192,Q86VU5
1g60A,2h00A,0.35951,0.58412,0.35951,0.58412,0.7253310680389404,0.9720694422721864,c.66.1.11,c.66.1.54,0.2246099999999999,P23192,Q86W50
1g60A,2b25A,0.3563,0.55263,0.3395,0.52093,0.7222545146942139,0.9728068709373474,c.66.1.11,c.66.1.13,0.1814299999999999,P23192,Q9BVS5
1g60A,2nwqA,0.36922,0.5189,0.36922,0.5189,0.6472295522689819,0.6557546257972717,c.66.1.11,c.2.1.0,0.14968,P23192,Q9HUQ6
1g60A,1r8xA,0.38666,0.57227,0.33559,0.49145,0.610196053981781,0.9434196949005128,c.66.1.11,c.66.1.5,0.15586,P23192,Q9QXF8
1g60A,1r74A,0.36787,0.57103,0.32953,0.50333,0.6124303340911865,0.9417911767959596,c.66.1.11,c.66.1.5,0.1738,P23192,Q14749
1g60A,1xq1A,0.3659,0.51933,0.3659,0.51933,0.6540930271148682,0.7030690908432007,c.66.1.11,c.2.1.2,0.1534299999999999,P23192,P0DKI3
1g60A,1ib6A,0.37459,0.51002,0.29955,0.4066,0.5769007205963135,0.7172607183456421,c.66.1.11,c.2.1.5,0.10705,P23192,P61889
1g60A,1fjxA,0.44253,0.60501,0.33782,0.45784,0.6525460481643677,0.8627006411552429,c.66.1.11,c.66.1.26,0.12002,P23192,P05102
1g60A,1kjnA,0.35563,0.40612,0.35563,0.40612,0.6542370319366455,0.6174476742744446,c.66.1.11,c.115.1.1,0.0504899999999999,P23192,O26871
1g60A,1emdA,0.37373,0.51011,0.29877,0.4067,0.5753598809242249,0.7308372259140015,c.66.1.11,c.2.1.5,0.10793,P23192,P61889
1g60A,2i6gA,0.30981,0.51766,0.30981,0.51766,0.6365031003952026,0.9442045092582704,c.66.1.11,c.66.1.44,0.20785,P23192,Q8ZPC3
1g60A,1sovA,0.37827,0.52851,0.29969,0.41528,0.5455994009971619,0.7210583686828613,c.66.1.11,c.2.1.0,0.1155899999999999,P23192,Q27797
1g60A,1sevA,0.38398,0.52995,0.30552,0.4207,0.5730732083320618,0.7271425724029541,c.66.1.11,c.2.1.0,0.11518,P23192,P19446
1g63A,1h1dA,0.56257,0.60243,0.46146,0.49263,0.5564480423927307,0.624165415763855,c.34.1.1,c.66.1.1,0.03117,P30197,P22734
1gkyA,1t5iA,0.41592,0.41592,0.41592,0.41592,0.9571638107299804,0.9401625394821168,c.37.1.1,c.37.1.19,0.0,P15454,Q13838
1gmxA,1e6kA,0.45559,0.49332,0.39914,0.43313,0.7238532304763794,0.7550798058509827,c.46.1.3,c.23.1.1,0.03399,P0A6V5,P0AE67
1gmxA,1d4zA,0.46941,0.46941,0.41469,0.41469,0.6945792436599731,0.7442625761032104,c.46.1.3,c.23.1.1,0.0,P0A6V5,P0AE67
1gmxA,1ehcA,0.46875,0.46875,0.41434,0.41434,0.7281328439712524,0.7659825086593628,c.46.1.3,c.23.1.1,0.0,P0A6V5,P0AE67
1gmxA,2fkaA,0.46864,0.46864,0.4141,0.4141,0.7202844619750977,0.7590445280075073,c.46.1.3,c.23.1.1,0.0,P0A6V5,P0A2D5
1gmxA,2cheA,0.47049,0.47049,0.41586,0.41586,0.7259173393249512,0.7608710527420044,c.46.1.3,c.23.1.1,0.0,P0A6V5,P0A2D5
1gmxA,1c4wA,0.46451,0.46451,0.41341,0.41341,0.7187774181365967,0.756332278251648,c.46.1.3,c.23.1.1,0.0,P0A6V5,P0AE67
1gmxA,1u8tA,0.44465,0.52564,0.41315,0.481,0.7059468626976013,0.7881671190261841,c.46.1.3,c.23.1.1,0.0678499999999999,P0A6V5,P0AE67
1gmxA,1e6mA,0.46416,0.46416,0.41064,0.41064,0.7249382138252258,0.7640103101730347,c.46.1.3,c.23.1.1,0.0,P0A6V5,P0AE67
1gmxA,1e6lA,0.46588,0.46588,0.41452,0.41452,0.7284106016159058,0.77442866563797,c.46.1.3,c.23.1.1,0.0,P0A6V5,P0AE67
1gmxA,1jbeA,0.4603,0.4603,0.41079,0.41079,0.7311890125274658,0.7465183138847351,c.46.1.3,c.23.1.1,0.0,P0A6V5,P0AE67
1gmxA,1ymvA,0.44316,0.50849,0.40132,0.45444,0.7099833488464355,0.7773628234863281,c.46.1.3,c.23.1.1,0.05312,P0A6V5,P0AE67
1gmxA,1vlzA,0.46235,0.46235,0.40944,0.40944,0.7275219559669495,0.765129804611206,c.46.1.3,c.23.1.1,0.0,P0A6V5,P0AE67
1gmxA,1ab6A,0.45062,0.51391,0.40306,0.45692,0.7153765559196472,0.7784864902496338,c.46.1.3,c.23.1.1,0.05386,P0A6V5,P0AE67
1gmxA,1mihA,0.45787,0.45787,0.40586,0.40586,0.72551429271698,0.7557769417762756,c.46.1.3,c.23.1.1,0.0,P0A6V5,P0AE67
1gmxA,1s8nA,0.42132,0.42132,0.27957,0.27957,0.6773220300674438,0.6394942998886108,c.46.1.3,c.23.1.1,0.0,P0A6V5,P9WGM3
1gmxA,5chyA,0.47559,0.47559,0.41928,0.41928,0.724884033203125,0.7619810104370117,c.46.1.3,c.23.1.1,0.0,P0A6V5,P0AE67
1gmxA,1udrA,0.46394,0.46394,0.41179,0.41179,0.7189180254936218,0.7775675058364868,c.46.1.3,c.23.1.1,0.0,P0A6V5,P0AE67
1gmxA,1heyA,0.43115,0.43115,0.38518,0.38518,0.7273156046867371,0.7825201749801636,c.46.1.3,c.23.1.1,0.0,P0A6V5,P0AE67
1gmxA,1ab5A,0.44941,0.51374,0.40223,0.45691,0.7142904996871948,0.770310640335083,c.46.1.3,c.23.1.1,0.05468,P0A6V5,P0AE67
1gmxA,1pqwA,0.46484,0.46484,0.31823,0.31823,0.551879346370697,0.6598506569862366,c.46.1.3,c.2.1.1,0.0,P0A6V5,P96202
1gmxA,1a0oA,0.46986,0.46986,0.41506,0.41506,0.7258616089820862,0.7589627504348755,c.46.1.3,c.23.1.1,0.0,P0A6V5,P0AE67
1gmxA,1cyeA,0.48204,0.48204,0.42289,0.42289,0.7144885063171387,0.7497531175613403,c.46.1.3,c.23.1.1,0.0,P0A6V5,P0AE67
1gqoA,1hybA,0.41935,0.4931,0.38145,0.44774,0.6169321537017822,0.6717215180397034,c.23.13.1,c.26.1.3,0.06629,P54517,O26253
1grnA,1pujA,0.43962,0.63728,0.33343,0.4816,0.9587046504020692,0.941710352897644,c.37.1.8,c.37.1.8,0.1481699999999999,P60953,O31743
1gs5A,1qkkA,0.2954,0.2954,0.2954,0.2954,0.4607709646224975,0.6569468379020691,c.73.1.2,c.23.1.1,0.0,P0A6C8,P13632
1gs5A,1l5yA,0.27677,0.34003,0.27677,0.34003,0.4717210531234741,0.643751323223114,c.73.1.2,c.23.1.1,0.0632599999999999,P0A6C8,P13632
1gs5A,1puiA,0.34803,0.3196,0.34803,0.3196,0.3023090958595276,0.8403029441833496,c.73.1.2,c.37.1.8,-0.02843,P0A6C8,P0A6P7
1guaA,1pujA,0.47126,0.6905,0.31808,0.46404,0.9687943458557128,0.9408780336380004,c.37.1.8,c.37.1.8,0.14596,P62834,O31743
1gwnA,1pujA,0.37708,0.65867,0.28312,0.47129,0.9531001448631288,0.9506574273109436,c.37.1.8,c.37.1.8,0.18817,P61588,O31743
1h3qA,1veuB,0.47631,0.5355,0.47631,0.5355,0.8156689405441284,0.9871267676353456,d.110.4.3,d.110.7.1,0.0591899999999999,Q9CQP2,Q9JHS3
1h3qA,1j3wA,0.54164,0.65895,0.54164,0.65895,0.8434500694274902,0.9850590229034424,d.110.4.3,d.110.7.1,0.11731,Q9CQP2,Q9X9L0
1h4xA,1ytlA,0.52171,0.5635,0.39306,0.43162,0.5319092869758606,0.5817645788192749,c.13.2.1,c.31.1.6,0.0385599999999999,O32723,O30273
1he1C,1pujA,0.45399,0.67644,0.3185,0.47383,0.961808979511261,0.9464174509048462,c.37.1.8,c.37.1.8,0.1553299999999999,P63000,O31743
1he1C,1o94C,0.39569,0.46244,0.32145,0.37425,0.6545003056526184,0.8686956763267517,c.37.1.8,c.26.2.3,0.0528,P63000,P53570
1he8B,1pujA,0.48132,0.70712,0.32326,0.47318,0.96796715259552,0.9431478977203368,c.37.1.8,c.37.1.8,0.14992,P01112,O31743
1heyA,1b93A,0.51241,0.54287,0.45522,0.48533,0.8631657361984253,0.8859175443649292,c.23.1.1,c.24.1.2,0.0301099999999999,P0AE67,P0A731
1hh4A,1pujA,0.34193,0.64338,0.27292,0.48194,0.9604493379592896,0.9459473490715028,c.37.1.8,c.37.1.8,0.2090199999999999,P63000,O31743
1huqA,1pujA,0.47262,0.70365,0.31331,0.46504,0.9712179899215698,0.9418967962265016,c.37.1.8,c.37.1.8,0.15173,P35278,O31743
1hurA,1pujA,0.44117,0.63682,0.31985,0.46213,0.9656701683998108,0.8943203687667847,c.37.1.8,c.37.1.8,0.1422799999999999,P84077,O31743
1hybA,1puiA,0.41161,0.50237,0.39486,0.48294,0.7124444842338562,0.7591568827629089,c.26.1.3,c.37.1.8,0.0880799999999999,O26253,P0A6P7
1i3cA,1i13A,0.49746,0.59533,0.40207,0.48294,0.7255570888519287,0.8062201142311096,c.23.1.1,c.61.1.1,0.08087,Q55169,Q4DRC4
1i3cA,1xu7A,0.50777,0.60472,0.31317,0.35983,0.8200713396072388,0.7351707220077515,c.23.1.1,c.2.1.2,0.0466599999999999,Q55169,P28845
1i3cA,1i0lA,0.50038,0.59873,0.39564,0.47541,0.7325718998908997,0.8048547506332397,c.23.1.1,c.61.1.1,0.07977,Q55169,Q4DRC4
1i4dD,1pujA,0.46167,0.67512,0.32616,0.47616,0.957029104232788,0.9484477043151855,c.37.1.8,c.37.1.8,0.15,P63000,O31743
1i4dD,1fl9A,0.37958,0.45184,0.37958,0.45184,0.7724459171295166,0.8761261701583862,c.37.1.8,c.37.1.18,0.07226,P63000,P44492
1i4tD,1pujA,0.45882,0.6747,0.32452,0.47614,0.9562044143676758,0.9550439715385436,c.37.1.8,c.37.1.8,0.15162,P63000,O31743
1i6wA,1s8fA,0.50351,0.50351,0.50351,0.50351,0.4713230729103088,0.5588949918746948,c.69.1.18,c.37.1.8,0.0,P37957,P24408
1i7qB,1fukA,0.37106,0.44269,0.37106,0.44269,0.510909914970398,0.5860030055046082,c.23.16.1,c.37.1.19,0.0716299999999999,P00900,P10081
1iaqA,1pujA,0.49371,0.73818,0.30039,0.44653,0.9636531472206116,0.9406827688217164,c.37.1.8,c.37.1.8,0.14614,P01112,O31743
1idoA,1spxA,0.53431,0.5751,0.4396,0.47311,0.6213961839675903,0.735913872718811,c.62.1.1,c.2.1.2,0.0335099999999999,P11215,Q18946
1idoA,2a4kA,0.53283,0.53283,0.43749,0.43749,0.6312782764434814,0.7033746242523193,c.62.1.1,c.2.1.2,0.0,P11215,
1ifqA,1veuB,0.53661,0.62196,0.53661,0.62196,0.7572753429412842,0.9885774850845336,d.110.4.1,d.110.7.1,0.0853499999999999,O08547,Q9JHS3
1ifqA,1skoA,0.5939,0.68268,0.5939,0.68268,0.7950767278671265,0.9861843585968018,d.110.4.1,d.110.7.1,0.0887799999999999,O08547,Q9UHA4
1ihnA,1d1zA,0.31859,0.42608,0.31859,0.42608,0.4799658954143524,0.6942427754402161,c.103.1.1,d.93.1.1,0.10749,O27021,O60880
1iu9A,2g1uA,0.47981,0.47981,0.41111,0.41111,0.7322472333908081,0.6083910465240479,c.78.2.1,c.2.1.0,0.0,O58403,
1iu9A,1lssA,0.46611,0.51746,0.41029,0.4576,0.7363970279693604,0.6518375873565674,c.78.2.1,c.2.1.9,0.04731,O58403,Q58505
1j2jA,1pujA,0.46664,0.69786,0.3134,0.46441,0.9612504243850708,0.9131746292114258,c.37.1.8,c.37.1.8,0.1510099999999999,P84078,O31743
1j4xA,1zcaA,0.34289,0.38298,0.22015,0.2426,0.5982850193977356,0.8565226197242737,c.45.1.1,a.66.1.1,0.0224499999999999,P51452,P27600
1j4xA,1y3aA,0.36306,0.41336,0.24491,0.28021,0.6274693012237549,0.8247266411781311,c.45.1.1,a.66.1.1,0.0353,P51452,P63096
1j4xA,1tadA,0.38615,0.38611,0.2464,0.24667,0.6134958863258362,0.8229674696922302,c.45.1.1,a.66.1.1,0.0002699999999999,P51452,P04695
1j8qA,1vhrA,0.33886,0.50229,0.29721,0.43697,0.5118551254272461,0.5211214423179626,c.23.5.1,c.45.1.1,0.13976,P00323,P51452
1j8qA,1rz3A,0.38308,0.51084,0.32944,0.43576,0.709892213344574,0.5539577603340149,c.23.5.1,c.37.1.6,0.1063199999999999,P00323,P84134
1j9eA,1yn9A,0.41157,0.53758,0.37215,0.48568,0.531067967414856,0.5230371356010437,c.23.5.1,,0.11353,P00323,P24656
1j9eA,1rz3A,0.41485,0.5088,0.3545,0.43419,0.7079742550849915,0.5567687153816223,c.23.5.1,c.37.1.6,0.07969,P00323,P84134
1j9eA,1fpzA,0.39815,0.46632,0.35097,0.41163,0.5338937044143677,0.5406233072280884,c.23.5.1,c.45.1.1,0.0606599999999999,P00323,Q16667
1j9eA,1vhrA,0.33925,0.50289,0.29849,0.43661,0.5112413167953491,0.5206059813499451,c.23.5.1,c.45.1.1,0.13812,P00323,P51452
1j9gA,1yn9A,0.41376,0.48728,0.37406,0.44197,0.5305008292198181,0.5163555145263672,c.23.5.1,,0.0679099999999999,P00323,P24656
1j9gA,1fpzA,0.3978,0.47503,0.35054,0.41865,0.533405065536499,0.5367411375045776,c.23.5.1,c.45.1.1,0.06811,P00323,Q16667
1j9gA,1vhrA,0.33938,0.49501,0.29789,0.42892,0.5118057131767273,0.5163148045539856,c.23.5.1,c.45.1.1,0.13103,P00323,P51452
1jahA,1pujA,0.49179,0.7124,0.32791,0.47441,0.9691823720932008,0.9401166439056396,c.37.1.8,c.37.1.8,0.1465,P01112,O31743
1jbeA,1j8dA,0.52476,0.62734,0.41606,0.49289,0.5247703194618225,0.6708982586860657,c.23.1.1,c.108.1.5,0.07683,P0AE67,P45314
1jf8A,1wrmA,0.36848,0.5348,0.32345,0.46843,0.3604404926300049,0.784308671951294,c.44.1.1,c.45.1.0,0.14498,P0A006,Q9NRW4
1jf8A,2esbA,0.38099,0.54921,0.32322,0.46806,0.3624207079410553,0.779139518737793,c.44.1.1,c.45.1.0,0.1448399999999999,P0A006,Q8NEJ0
1jf8A,2hcmA,0.37824,0.52466,0.32594,0.45478,0.3781556189060211,0.7879981994628906,c.44.1.1,c.45.1.0,0.12884,P0A006,Q8BTR5
1jf8A,1zzwA,0.37316,0.5369,0.34211,0.49092,0.3691844940185547,0.7970889806747437,c.44.1.1,c.45.1.0,0.14881,P0A006,Q9Y6W6
1jf8A,1xm2A,0.36524,0.5635,0.3372,0.5137,0.3908377289772033,0.8079442977905273,c.44.1.1,c.45.1.1,0.1765,P0A006,Q93096
1jf8A,2imgA,0.38257,0.53633,0.34778,0.48623,0.3694443106651306,0.7938919067382812,c.44.1.1,,0.13845,P0A006,Q9BVJ7
1jf8A,1yz4A,0.37739,0.51986,0.32459,0.44764,0.3550174236297607,0.7722601890563965,c.44.1.1,c.45.1.0,0.1230499999999999,P0A006,Q9H1R2
1jf8A,2hxpA,0.38862,0.52419,0.36045,0.48732,0.3931419849395752,0.792007565498352,c.44.1.1,c.45.1.1,0.1268699999999999,P0A006,Q99956
1jf8A,1zclA,0.37808,0.54433,0.33722,0.47916,0.3910228013992309,0.7944508790969849,c.44.1.1,c.45.1.1,0.1419399999999999,P0A006,Q78EG7
1jf8A,1ywfA,0.41851,0.58152,0.26444,0.35855,0.3634513616561889,0.8124892711639404,c.44.1.1,c.45.1.5,0.0941099999999999,P0A006,P96830
1jl3A,2hcmA,0.36042,0.51518,0.32308,0.46189,0.3816085159778595,0.7870369553565979,c.44.1.1,c.45.1.0,0.13881,P45947,Q8BTR5
1jl3A,1ywfA,0.42113,0.57137,0.2745,0.3669,0.3728826642036438,0.8033479452133179,c.44.1.1,c.45.1.5,0.0923999999999999,P45947,P96830
1jlkA,1i0iA,0.49208,0.60581,0.3954,0.48491,0.7406563758850098,0.7909274697303772,c.23.1.1,c.61.1.1,0.08951,Q55169,Q4DRC4
1jp3A,1xq1A,0.43184,0.43184,0.41965,0.41965,0.6595703363418579,0.640872061252594,c.101.1.1,c.2.1.2,0.0,P60472,P0DKI3
1jrlA,2a1fA,0.44024,0.56591,0.35511,0.45904,0.3179924786090851,0.5097116827964783,c.23.10.5,c.73.1.3,0.10393,P0ADA1,P43890
1jwqA,1wjgA,0.36664,0.38455,0.36664,0.38455,0.4901909530162811,0.4900232553482055,c.56.5.6,c.26.2.4,0.0179099999999999,Q9LCR3,Q5SJV7
1kaoA,1pujA,0.46982,0.68834,0.31779,0.46418,0.9691042304039,0.9493712186813354,c.37.1.8,c.37.1.8,0.1463899999999999,P10114,O31743
1khtA,1t64A,0.39567,0.55063,0.25251,0.33191,0.3417800664901733,0.8237866163253784,c.37.1.1,c.42.1.2,0.0793999999999999,P43411,Q9BY41
1khtA,1fpzA,0.34255,0.47884,0.34255,0.47884,0.626419186592102,0.8706961274147034,c.37.1.1,c.45.1.1,0.1362899999999999,P43411,Q16667
1ki1A,1pujA,0.45598,0.66567,0.32403,0.47263,0.9581034183502196,0.9600163698196412,c.37.1.8,c.37.1.8,0.1486,P60953,O31743
1ki9A,1t64A,0.40484,0.49908,0.25857,0.30108,0.3409353792667389,0.8152402639389038,c.37.1.1,c.42.1.2,0.0425099999999999,P43410,Q9BY41
1kjnA,2hq1A,0.69559,0.69559,0.50075,0.50075,0.9262672662734984,0.9091740846633912,c.115.1.1,c.2.1.0,0.0,O26871,A3DDY9
1kjnA,1xseA,0.68769,0.68769,0.41188,0.41188,0.907409131526947,0.9206720590591432,c.115.1.1,c.2.1.2,0.0,O26871,Q6QLL4
1kjnA,1y5mA,0.67781,0.67781,0.42053,0.42053,0.9057055711746216,0.933308243751526,c.115.1.1,c.2.1.2,0.0,O26871,P50172
1kjnA,2belA,0.68547,0.6734,0.45566,0.45185,0.9026432037353516,0.9391131401062012,c.115.1.1,c.2.1.2,-0.00381,O26871,P28845
1kjnA,1tq8A,0.46485,0.46485,0.46485,0.46485,0.6829607486724854,0.690313458442688,c.115.1.1,c.26.2.4,0.0,O26871,P9WFC9
1kjnA,1th8B,0.41864,0.44999,0.41864,0.44999,0.4354386925697326,0.5343125462532043,c.115.1.1,c.13.2.1,0.0313499999999999,O26871,O32726
1kjnA,1w19A,0.54734,0.54734,0.54734,0.54734,0.6952751278877258,0.5067566633224487,c.115.1.1,,0.0,O26871,P9WHE9
1kmqA,1pujA,0.36932,0.66532,0.27774,0.47047,0.9566547870635986,0.9493639469146729,c.37.1.8,c.37.1.8,0.19273,P61586,O31743
1ksgA,1pujA,0.43509,0.64179,0.31427,0.46259,0.9563568830490112,0.9247837662696838,c.37.1.8,c.37.1.8,0.14832,Q9D0J4,O31743
1kxjA,1fy2A,0.53122,0.63508,0.49669,0.59404,0.895646333694458,0.972044050693512,c.23.16.1,c.23.16.4,0.0973499999999999,Q9X0C8,P36936
1ky2A,1pujA,0.44283,0.64915,0.32122,0.46921,0.9694803953170776,0.9504135847091676,c.37.1.8,c.37.1.8,0.14799,P32939,O31743
1kyvA,1t1jA,0.3819,0.50902,0.3819,0.50902,0.770325779914856,0.813895583152771,c.16.1.1,c.23.14.2,0.12712,Q9UUB1,Q9I3M0
1kz1A,1t1jA,0.41034,0.50556,0.41034,0.50556,0.7489861249923706,0.8158835172653198,c.16.1.1,c.23.14.2,0.09522,Q9UUB1,Q9I3M0
1kz4A,1t1jA,0.38049,0.49374,0.38049,0.49374,0.7722564935684204,0.8093752861022949,c.16.1.1,c.23.14.2,0.11325,Q9UUB1,Q9I3M0
1kz6A,1t1jA,0.38072,0.51298,0.38072,0.51298,0.7695809602737427,0.8125591278076172,c.16.1.1,c.23.14.2,0.13226,Q9UUB1,Q9I3M0
1kz9A,1t1jA,0.41386,0.49211,0.41386,0.49211,0.770439863204956,0.8181307315826416,c.16.1.1,c.23.14.2,0.0782499999999999,Q9UUB1,Q9I3M0
1lb1B,1pujA,0.32782,0.65727,0.25193,0.46799,0.9561818838119508,0.9601429104804992,c.37.1.8,c.37.1.8,0.21606,P61586,O31743
1lb1B,1htwA,0.37042,0.45491,0.37042,0.45491,0.7715146541595459,0.9035136699676514,c.37.1.8,c.37.1.18,0.0844899999999999,P61586,P44492
1lf0A,1pujA,0.48365,0.70967,0.32335,0.47329,0.9713497161865234,0.9317494034767152,c.37.1.8,c.37.1.8,0.1499399999999999,P01112,O31743
1lfdB,1pujA,0.48486,0.70706,0.32649,0.47492,0.9699659943580629,0.9441075325012208,c.37.1.8,c.37.1.8,0.14843,P01112,O31743
1ljlA,1wrmA,0.36943,0.53744,0.32444,0.47038,0.3586545288562774,0.7864185571670532,c.44.1.1,c.45.1.0,0.14594,P0A006,Q9NRW4
1ljlA,2hcmA,0.37315,0.54448,0.32233,0.46896,0.3756124079227447,0.7901445627212524,c.44.1.1,c.45.1.0,0.1466299999999999,P0A006,Q8BTR5
1ljlA,2esbA,0.38836,0.54937,0.32719,0.46782,0.3610724806785583,0.780990481376648,c.44.1.1,c.45.1.0,0.14063,P0A006,Q8NEJ0
1ljlA,1yz4A,0.37586,0.52932,0.3241,0.4577,0.3529105186462402,0.774458646774292,c.44.1.1,c.45.1.0,0.1336,P0A006,Q9H1R2
1ljlA,2g6zA,0.38678,0.53539,0.35361,0.48992,0.3614609837532043,0.7816091179847717,c.44.1.1,c.45.1.0,0.13631,P0A006,Q16690
1ljlA,1zzwA,0.37582,0.53722,0.34396,0.49113,0.3675856590270996,0.7990652322769165,c.44.1.1,c.45.1.0,0.14717,P0A006,Q9Y6W6
1ljlA,1xm2A,0.3629,0.55635,0.33511,0.50753,0.3885493278503418,0.8092246055603027,c.44.1.1,c.45.1.1,0.17242,P0A006,Q93096
1ljlA,2imgA,0.37825,0.53025,0.34424,0.48048,0.3676858246326446,0.7959665060043335,c.44.1.1,,0.13624,P0A006,Q9BVJ7
1ljlA,1zclA,0.38461,0.55427,0.34162,0.48976,0.3889344036579132,0.7961059808731079,c.44.1.1,c.45.1.1,0.14814,P0A006,Q78EG7
1ljlA,2hxpA,0.38587,0.51439,0.3582,0.47935,0.3912238776683807,0.7939656972885132,c.44.1.1,c.45.1.1,0.1211499999999999,P0A006,Q99956
1ljuA,2esbA,0.39209,0.54182,0.33308,0.46013,0.3729769587516784,0.771134078502655,c.44.1.1,c.45.1.0,0.12705,P0A006,Q8NEJ0
1ljuA,1wrmA,0.37131,0.52557,0.32548,0.45904,0.3725382089614868,0.7780474424362183,c.44.1.1,c.45.1.0,0.13356,P0A006,Q9NRW4
1ljuA,2hcmA,0.38508,0.52645,0.33194,0.45524,0.3884596526622772,0.7815437316894531,c.44.1.1,c.45.1.0,0.1232999999999999,P0A006,Q8BTR5
1ljuA,1yz4A,0.38239,0.52853,0.32999,0.4535,0.3666786849498749,0.7681675553321838,c.44.1.1,c.45.1.0,0.12351,P0A006,Q9H1R2
1ljuA,2g6zA,0.39143,0.52219,0.35782,0.47721,0.3740156292915344,0.7738004326820374,c.44.1.1,c.45.1.0,0.11939,P0A006,Q16690
1ljuA,1zclA,0.38674,0.55257,0.34497,0.48853,0.4029136896133423,0.786375880241394,c.44.1.1,c.45.1.1,0.14356,P0A006,Q78EG7
1ljuA,1ywfA,0.41791,0.57908,0.26927,0.35801,0.3756003677845001,0.8088783025741577,c.44.1.1,c.45.1.5,0.0887399999999999,P0A006,P96830
1ljuA,1zzwA,0.3853,0.52663,0.35305,0.48095,0.3806730508804321,0.7899998426437378,c.44.1.1,c.45.1.0,0.1279,P0A006,Q9Y6W6
1ljuA,2hxpA,0.39335,0.49744,0.36466,0.46388,0.4043554663658142,0.7850300073623657,c.44.1.1,c.45.1.1,0.09922,P0A006,Q99956
1lk0A,2esbA,0.38012,0.54303,0.32302,0.4636,0.3547350764274597,0.7674859762191772,c.44.1.1,c.45.1.0,0.14058,P0A006,Q8NEJ0
1lk0A,1wrmA,0.37021,0.53118,0.32473,0.46502,0.3538579046726227,0.7737016677856445,c.44.1.1,c.45.1.0,0.1402899999999999,P0A006,Q9NRW4
1lk0A,2hcmA,0.37655,0.55537,0.32451,0.47615,0.3695853650569916,0.7766203284263611,c.44.1.1,c.45.1.0,0.15164,P0A006,Q8BTR5
1lk0A,1xm2A,0.36377,0.56432,0.33494,0.51472,0.3842594027519226,0.7963517308235168,c.44.1.1,c.45.1.1,0.1797799999999999,P0A006,Q93096
1lk0A,2imgA,0.38361,0.54142,0.34848,0.49016,0.3637907803058624,0.7821477651596069,c.44.1.1,,0.1416799999999999,P0A006,Q9BVJ7
1lk0A,1yz4A,0.37685,0.52593,0.325,0.45084,0.3480521440505981,0.7616191506385803,c.44.1.1,c.45.1.0,0.12584,P0A006,Q9H1R2
1lk0A,1zzwA,0.37618,0.53526,0.3442,0.4897,0.3627889156341553,0.7858985066413879,c.44.1.1,c.45.1.0,0.1455,P0A006,Q9Y6W6
1lk0A,1qgeD,0.44006,0.44006,0.29378,0.29378,0.4725120365619659,0.8951390981674194,c.44.1.1,c.69.1.18,0.0,P0A006,P0DUB9
1lk0A,1x24A,0.37344,0.48002,0.33489,0.42951,0.3857131004333496,0.7747982144355774,c.44.1.1,,0.0946199999999999,P0A006,Q78EG7
1m7bA,1pujA,0.31789,0.6658,0.24594,0.47524,0.956045627593994,0.9542403221130372,c.37.1.8,c.37.1.8,0.2293,P61587,O31743
1m8gA,2o2zA,0.45301,0.55573,0.28581,0.34233,0.5947592854499817,0.8107784986495972,c.26.1.3,c.143.1.1,0.05652,O26253,Q9K706
1m8jA,2o2zA,0.47298,0.55673,0.29847,0.34278,0.5939574241638184,0.8146908283233643,c.26.1.3,c.143.1.1,0.0443099999999999,O26253,Q9K706
1mh1A,1pujA,0.44584,0.65522,0.0,0.0,,,c.37.1.8,c.37.1.8,0.0,P63000,O31743
1mihA,2gelA,0.42869,0.48339,0.29714,0.32108,0.5257847905158997,0.5842376947402954,c.23.1.1,c.55.1.0,0.0239399999999999,P0AE67,Q7CQE0
1mihA,2hjvA,0.47582,0.56096,0.41039,0.48532,0.728225588798523,0.5653799772262573,c.23.1.1,c.37.1.0,0.07493,P0AE67,P42305
1mihA,1te2A,0.56615,0.49354,0.37947,0.34694,0.5622536540031433,0.6524292230606079,c.23.1.1,c.108.1.6,-0.0325299999999999,P0AE67,P77247
1mjhA,1ooeA,0.438,0.46978,0.30808,0.32252,0.6135497689247131,0.8091083765029907,c.26.2.4,c.2.1.2,0.0144399999999999,Q57997,Q9XVJ3
1mjhA,1hdrA,0.46084,0.46084,0.31662,0.31662,0.6095201969146729,0.7985142469406128,c.26.2.4,c.2.1.2,0.0,Q57997,P09417
1mozA,1pujA,0.44307,0.62664,0.31852,0.45087,0.9629138112068176,0.8895372152328491,c.37.1.8,c.37.1.8,0.1323499999999999,P38116,O31743
1mr3F,1pujA,0.44098,0.65624,0.31506,0.467,0.952566385269165,0.8889251947402954,c.37.1.8,c.37.1.8,0.15194,P19146,O31743
1mvoA,2a1iA,0.57103,0.57103,0.54505,0.54505,0.74827641248703,0.7523350715637207,c.23.1.1,c.52.1.20,0.0,P13792,P07992
1mvoA,1t5iA,0.5162,0.63753,0.42167,0.51966,0.7372326254844666,0.6030392050743103,c.23.1.1,c.37.1.19,0.09799,P13792,Q13838
1mvoA,2hjvA,0.47433,0.5961,0.39394,0.49237,0.7278962135314941,0.5961439609527588,c.23.1.1,c.37.1.0,0.0984299999999999,P13792,P42305
1mvoA,1jmvA,0.42969,0.52411,0.39153,0.47248,0.6535652875900269,0.8107504844665527,c.23.1.1,c.26.2.4,0.08095,P13792,P44880
1mxfA,1sq0A,0.45954,0.4575,0.45954,0.4575,0.6920703649520874,0.7593766450881958,c.2.1.2,c.62.1.1,-0.0020399999999999,Q8I814,P04275
1n6hA,1pujA,0.46673,0.68683,0.31394,0.46142,0.9743386507034302,0.943729281425476,c.37.1.8,c.37.1.8,0.14748,P20339,O31743
1n6iA,1pujA,0.46557,0.69311,0.31333,0.46551,0.9703617691993712,0.9371574521064758,c.37.1.8,c.37.1.8,0.1521799999999999,P20339,O31743
1n6iA,1t6bY,0.49803,0.49803,0.49155,0.49155,0.4553819298744201,0.6021755337715149,c.37.1.8,c.62.1.1,0.0,P20339,P58335
1n6nA,1pujA,0.46716,0.694,0.31415,0.46587,0.9743528366088868,0.942737340927124,c.37.1.8,c.37.1.8,0.15172,P20339,O31743
1n6oA,1pujA,0.47119,0.68882,0.32245,0.47047,0.9748289585113524,0.9375371932983398,c.37.1.8,c.37.1.8,0.1480199999999999,P20339,O31743
1n6pA,1pujA,0.47278,0.70077,0.31324,0.46318,0.9719650745391846,0.9406311511993408,c.37.1.8,c.37.1.8,0.1499399999999999,P20339,O31743
1n6rA,1pujA,0.46472,0.6869,0.31287,0.4615,0.9746638536453248,0.9431772232055664,c.37.1.8,c.37.1.8,0.14863,P20339,O31743
1na5A,1h5qA,0.54038,0.54038,0.4323,0.4323,0.6609591841697693,0.7441601753234863,c.62.1.1,c.2.1.2,0.0,P11215,O93868
1na5A,1ja9A,0.55365,0.55365,0.44361,0.44361,0.6437870264053345,0.6794945001602173,c.62.1.1,c.2.1.2,0.0,P11215,Q9HFV6
1na5A,1ae1A,0.5564,0.55363,0.46626,0.46651,0.6582697033882141,0.7585792541503906,c.62.1.1,c.2.1.2,0.0002499999999999,P11215,P50162
1na5A,1fdwA,0.54487,0.56019,0.41161,0.42607,0.6705343723297119,0.6928807497024536,c.62.1.1,c.2.1.2,0.01446,P11215,P14061
1na5A,1ybvA,0.55509,0.57512,0.43014,0.44434,0.678393542766571,0.7088869214057922,c.62.1.1,c.2.1.2,0.0141999999999999,P11215,Q12634
1nksA,2akoA,0.46859,0.48481,0.40185,0.41604,0.3703654408454895,0.8694270849227905,c.37.1.1,c.73.1.3,0.01419,P35028,Q9PJ29
1np6A,1htwA,0.40906,0.50076,0.40906,0.50076,0.7286756634712219,0.9204416275024414,c.37.1.10,c.37.1.18,0.0917,P32125,P44492
1ns5A,1tikA,0.4522,0.49055,0.36365,0.39758,0.5686765909194946,0.8061532974243164,c.116.1.3,c.23.5.3,0.03393,P0A8I8,P41407
1nu0A,1u5wA,0.37641,0.52759,0.32124,0.43822,0.4535257518291473,0.7920416593551636,c.55.3.8,c.51.4.3,0.1169799999999999,P0A8I1,P39411
1nu0A,1u14A,0.41086,0.51674,0.33417,0.42645,0.4581794440746307,0.8053629994392395,c.55.3.8,c.51.4.3,0.0922799999999999,P0A8I1,P39432
1nvvQ,1pujA,0.48201,0.70103,0.32286,0.46877,0.9691787958145142,0.9468435645103456,c.37.1.8,c.37.1.8,0.14591,P01112,O31743
1nw8A,1jg1A,0.35625,0.4503,0.35625,0.4503,0.6458342671394348,0.902160108089447,c.66.1.11,c.66.1.7,0.0940499999999999,P14751,Q8TZR3
1nw8A,2fk7A,0.3532,0.5784,0.34756,0.56918,0.6650491952896118,0.9444775581359864,c.66.1.11,c.66.1.18,0.22162,P14751,Q79FX8
1nw8A,1r18A,0.29576,0.4609,0.29576,0.4609,0.635802149772644,0.8800740242004395,c.66.1.11,c.66.1.7,0.1651399999999999,P14751,Q27869
1nw8A,2esrA,0.37712,0.49256,0.37712,0.49256,0.6634442210197449,0.9253004789352416,c.66.1.11,c.66.1.46,0.1154399999999999,P14751,
1nw8A,1kp9A,0.3467,0.56403,0.3467,0.56403,0.6914159059524536,0.9526507258415222,c.66.1.11,c.66.1.18,0.21733,P14751,P9WPB7
1nw8A,2bzgA,0.33334,0.55513,0.33334,0.55513,0.7404172420501709,0.9398415088653564,c.66.1.11,c.66.1.36,0.22179,P14751,P51580
1nw8A,1qyrA,0.33322,0.3388,0.33322,0.3388,0.6620594263076782,0.9415878057479858,c.66.1.11,c.66.1.24,0.0055799999999999,P14751,P06992
1nw8A,2gb4A,0.34142,0.56703,0.34142,0.56703,0.7432163953781128,0.9611175060272216,c.66.1.11,c.66.1.36,0.22561,P14751,O55060
1nw8A,1ne2A,0.35728,0.5062,0.35728,0.5062,0.6758720874786377,0.9646060466766356,c.66.1.11,c.66.1.32,0.14892,P14751,Q9HIL9
1nw8A,2frnA,0.36707,0.51069,0.36707,0.51069,0.6001549959182739,0.9458959698677064,c.66.1.11,c.66.1.47,0.1436199999999999,P14751,
1nw8A,1yb2A,0.3698,0.3612,0.3698,0.3612,0.696290135383606,0.9661420583724976,c.66.1.11,c.66.1.13,-0.0085999999999999,P14751,Q9HJW1
1nw8A,1xj5A,0.36554,0.5906,0.35415,0.57109,0.6394457817077637,0.9486463069915771,c.66.1.11,c.66.1.17,0.2169399999999999,P14751,Q9ZUB3
1nw8A,1pryA,0.35803,0.50484,0.35803,0.50484,0.7115569114685059,0.9484659433364868,c.66.1.11,c.66.1.3,0.1468099999999999,P14751,Q8U4M2
1nw8A,1g8aA,0.30926,0.50613,0.30926,0.50613,0.7131104469299316,0.9485753774642944,c.66.1.11,c.66.1.3,0.19687,P14751,O57811
1nw8A,1fukA,0.37623,0.37623,0.37623,0.37623,0.5869791507720947,0.6842325925827026,c.66.1.11,c.37.1.19,0.0,P14751,P10081
1nw8A,2gpyA,0.37373,0.4931,0.37373,0.4931,0.6606067419052124,0.9301726818084716,c.66.1.11,c.66.1.0,0.1193699999999999,P14751,Q9KDE1
1nxoA,1t9gR,0.48123,0.55828,0.34926,0.39946,0.6310548782348633,0.7092987895011902,c.23.1.1,c.26.2.3,0.0501999999999999,A0A0H2UQ68,P13804
1nxoA,1fukA,0.47589,0.61626,0.3919,0.49446,0.7150330543518066,0.6573638916015625,c.23.1.1,c.37.1.19,0.1025599999999999,A0A0H2UQ68,P10081
1o6dA,2d2rA,0.37408,0.46343,0.29079,0.35084,0.6549164652824402,0.631340503692627,c.116.1.3,c.101.1.0,0.0600499999999999,Q9WZU8,P55984
1o6dA,2b98A,0.44959,0.48957,0.44959,0.48957,0.6665663123130798,0.7004503607749939,c.116.1.3,,0.03998,Q9WZU8,Q58584
1o6dA,2faxA,0.39031,0.39031,0.39031,0.39031,0.5770455002784729,0.8051975965499878,c.116.1.3,c.23.5.1,0.0,Q9WZU8,P00322
1o8qA,2gm3A,0.42457,0.51654,0.42457,0.51654,0.6127049326896667,0.6299086809158325,c.57.1.1,c.26.2.4,0.09197,Q39054,Q8LGG8
1o9gA,1g60A,0.35878,0.53619,0.35878,0.53619,0.5730215311050415,0.8901408910751343,c.66.1.29,c.66.1.11,0.17741,Q9F5K5,P23192
1od6A,1ydgA,0.49349,0.49349,0.40277,0.40277,0.6479211449623108,0.6526880264282227,c.26.1.3,c.23.5.8,0.0,Q5SJS9,Q9RYU4
1ofuX,1o6dA,0.41204,0.5499,0.3542,0.47368,0.5348424911499023,0.6538899540901184,c.37.1.22,c.116.1.3,0.1194799999999999,Q9HZJ8,Q9WZU8
1ofuX,1bq3D,0.51626,0.51626,0.32161,0.32161,0.5727948546409607,0.5896722674369812,c.37.1.22,c.60.1.1,0.0,Q9HZJ8,P00950
1oivA,1pujA,0.46523,0.68698,0.31571,0.46516,0.9725818037986756,0.94948148727417,c.37.1.8,c.37.1.8,0.14945,P62491,O31743
1oiwA,1pujA,0.47468,0.71058,0.31713,0.47372,0.9776389598846436,0.9404653310775756,c.37.1.8,c.37.1.8,0.1565899999999999,P62491,O31743
1oxbB,2avdA,0.54304,0.60289,0.35133,0.38992,0.5652698874473572,0.4839745461940765,c.23.1.1,c.66.1.1,0.03859,P39928,Q86VU5
1oxbB,1zrmA,0.57416,0.50122,0.36261,0.33285,0.5382986068725586,0.6107199192047119,c.23.1.1,c.108.1.1,-0.02976,P39928,Q53464
1oxbB,1g60A,0.4721,0.61741,0.28939,0.36578,0.612731397151947,0.4512229859828949,c.23.1.1,c.66.1.11,0.07639,P39928,P23192
1oy1A,1i14A,0.37255,0.46809,0.37255,0.46809,0.6793909668922424,0.7308727502822876,c.23.16.2,c.61.1.1,0.09554,P0ABU5,Q4DRC4
1p6qA,1h1dA,0.52183,0.59129,0.35897,0.40117,0.5564574599266052,0.5286793112754822,c.23.1.1,c.66.1.1,0.0422,Q52884,P22734
1p6qA,1ne2A,0.4637,0.49664,0.37574,0.40147,0.6573662757873535,0.4984208941459656,c.23.1.1,c.66.1.32,0.0257299999999999,Q52884,Q9HIL9
1p8aA,1b1aA,0.42887,0.49463,0.42887,0.49463,0.7288170456886292,0.7602779865264893,c.44.1.1,c.23.6.1,0.06576,O00810,P80078
1peyA,2gxqA,0.48866,0.66157,0.32726,0.43306,0.7211176156997681,0.6259045600891113,c.23.1.1,c.37.1.0,0.1058,P06628,O07897
1peyA,1j8dA,0.56849,0.63514,0.42627,0.47343,0.5377864837646484,0.6596937775611877,c.23.1.1,c.108.1.5,0.04716,P06628,P45314
1puiA,1pujA,0.46388,0.6638,0.3181,0.45537,0.9407835602760316,0.8815224170684814,c.37.1.8,c.37.1.8,0.13727,P0A6P7,O31743
1q77A,1auoA,0.45973,0.45973,0.3179,0.3179,0.3580502569675445,0.6462236046791077,c.26.2.4,c.69.1.14,0.0,O66565,Q53547
1q77A,2nm0A,0.49191,0.55135,0.33339,0.38571,0.5950770378112793,0.7850180268287659,c.26.2.4,c.2.1.0,0.0523199999999999,O66565,Q9S274
1qgoA,1p5jA,0.41717,0.48003,0.35605,0.40872,0.649861216545105,0.61482173204422,c.92.1.2,c.79.1.1,0.05267,Q05592,P20132
1qgoA,1fcjA,0.44152,0.5,0.39038,0.44163,0.6535049676895142,0.6250759363174438,c.92.1.2,c.79.1.1,0.05125,Q05592,P0A1E3
1qkkA,1x94A,0.54629,0.58738,0.45367,0.48855,0.5969970226287842,0.9101869463920592,c.23.1.1,c.80.1.3,0.0348799999999999,P13632,Q9KPY2
1qkkA,1rlkA,0.3212,0.3212,0.3212,0.3212,0.5397028923034668,0.6123456358909607,c.23.1.1,c.131.1.1,0.0,P13632,Q9HLW6
1r4aA,1pujA,0.46744,0.69203,0.31396,0.46214,0.9626164436340332,0.925321102142334,c.37.1.8,c.37.1.8,0.1481799999999999,P61212,O31743
1r8qA,1pujA,0.43887,0.64524,0.31686,0.46683,0.9570683240890504,0.9305784702301024,c.37.1.8,c.37.1.8,0.14997,P84080,O31743
1r8sA,1pujA,0.47813,0.68589,0.31209,0.44747,0.96230286359787,0.9365973472595216,c.37.1.8,c.37.1.8,0.13538,P84080,O31743
1rcuA,2faxA,0.48296,0.50547,0.48296,0.50547,0.7464694976806641,0.6880141496658325,c.129.1.1,c.23.5.1,0.0225099999999999,Q9X0E5,P00322
1rcuA,2foxA,0.48463,0.48463,0.48463,0.48463,0.7522590160369873,0.7010840773582458,c.129.1.1,c.23.5.1,0.0,Q9X0E5,P00322
1rkbA,1d2nA,0.48069,0.45903,0.35752,0.34868,0.9221959710121156,0.9257595539093018,c.37.1.1,c.37.1.20,-0.00884,Q9Y3D8,P18708
1rkbA,1nsfA,0.46068,0.5566,0.33836,0.41114,0.8973914384841919,0.9135748147964478,c.37.1.1,c.37.1.20,0.07278,Q9Y3D8,P18708
1rkbA,1htwA,0.39739,0.48806,0.39739,0.48806,0.754214882850647,0.8701729774475098,c.37.1.1,c.37.1.18,0.0906699999999999,Q9Y3D8,P44492
1rkbA,1odfA,0.63084,0.71176,0.4266,0.47995,0.9246056079864502,0.8963510990142822,c.37.1.1,c.37.1.6,0.05335,Q9Y3D8,P42938
1rliA,1u7oA,0.36004,0.42034,0.35128,0.41044,0.6703382134437561,0.6056113243103027,c.23.5.6,c.108.1.17,0.05916,P96726,Q9D967
1rliA,1vrcA,0.38611,0.38611,0.38611,0.38611,0.6647918820381165,0.7237218022346497,c.23.5.6,c.54.1.0,0.0,P96726,P69797
1rliA,1pdoA,0.3854,0.3854,0.3854,0.3854,0.6640715003013611,0.7237038612365723,c.23.5.6,c.54.1.1,0.0,P96726,P69797
1rxeA,2esbA,0.38292,0.56775,0.32546,0.48113,0.3626691997051239,0.7748786211013794,c.44.1.1,c.45.1.0,0.1556699999999999,P0A006,Q8NEJ0
1rxeA,2hcmA,0.37942,0.53048,0.3276,0.46087,0.381199836730957,0.7849826812744141,c.44.1.1,c.45.1.0,0.13327,P0A006,Q8BTR5
1rxeA,2imgA,0.38437,0.54533,0.35124,0.49668,0.3705035150051117,0.7898609638214111,c.44.1.1,,0.14544,P0A006,Q9BVJ7
1rxeA,1zzwA,0.37707,0.54423,0.34681,0.49871,0.3712289929389953,0.7932941913604736,c.44.1.1,c.45.1.0,0.1518999999999999,P0A006,Q9Y6W6
1rxeA,1xm2A,0.36897,0.57078,0.34178,0.52354,0.3925446569919586,0.8017038702964783,c.44.1.1,c.45.1.1,0.18176,P0A006,Q93096
1ryfA,1pujA,0.41387,0.64199,0.0,0.0,,,c.37.1.8,c.37.1.8,0.0,P63000,O31743
1s1cA,1pujA,0.45762,0.66808,0.32662,0.47695,0.9624993205070496,0.9480039477348328,c.37.1.8,c.37.1.8,0.1503299999999999,P61586,O31743
1s8aA,1udrA,0.39773,0.39773,0.39773,0.39773,0.8606523275375366,0.8666005730628967,c.24.1.2,c.23.1.1,0.0,P0A731,P0AE67
1s8aA,2b4qA,0.52915,0.52915,0.35119,0.35119,0.747658908367157,0.6177790760993958,c.24.1.2,c.2.1.0,0.0,P0A731,Q9RPT1
1s8fA,1pujA,0.46908,0.68687,0.31798,0.46595,0.9730279445648192,0.939340353012085,c.37.1.8,c.37.1.8,0.14797,P24408,O31743
1shuX,2a4kA,0.53231,0.57188,0.43385,0.46567,0.6539055109024048,0.6986135244369507,c.62.1.1,c.2.1.2,0.0318199999999999,P58335,
1spvA,1njrA,0.69492,0.80601,0.51284,0.59327,0.9807946681976318,0.9426907300949096,c.50.1.2,c.50.1.2,0.08043,P0A8D6,Q04299
1spvA,1wy7A,0.4536,0.51081,0.41232,0.4608,0.4667284786701202,0.5922346711158752,c.50.1.2,c.66.1.32,0.0484799999999999,P0A8D6,O59611
1spvA,1y8cA,0.47979,0.47979,0.36653,0.36653,0.3765684366226196,0.5386613607406616,c.50.1.2,c.66.1.43,0.0,P0A8D6,Q97GJ5
1sulA,1pujA,0.42798,0.63814,0.31867,0.47584,0.9334499835968018,0.8649642467498779,c.37.1.8,c.37.1.8,0.1571699999999999,P38424,O31743
1sulA,1gcoA,0.52474,0.51418,0.40338,0.39097,0.586722731590271,0.4672036170959472,c.37.1.8,c.2.1.2,-0.01241,P38424,P40288
1t5iA,1j8yF,0.52712,0.52332,0.3349,0.33819,0.9283087253570556,0.9164144992828368,c.37.1.19,a.24.13.1,0.00329,Q13838,P70722
1t5iA,1rj9B,0.50277,0.54137,0.32913,0.35843,0.9395267963409424,0.9132340550422668,c.37.1.19,a.24.13.1,0.0293,Q13838,O07347
1t5iA,1jpjA,0.48874,0.48874,0.31171,0.31171,0.9327357411384584,0.9190229177474976,c.37.1.19,a.24.13.1,0.0,Q13838,O07347
1t5iA,1ffhA,0.50492,0.54533,0.32354,0.3587,0.9406225085258484,0.9211511015892028,c.37.1.19,a.24.13.1,0.03516,Q13838,O07347
1t5iA,2d13A,0.40173,0.42866,0.32202,0.34019,0.7150037288665771,0.7707927227020264,c.37.1.19,c.26.2.1,0.01817,Q13838,O58996
1t91A,1pujA,0.4564,0.66598,0.3263,0.47293,0.965337872505188,0.9421685934066772,c.37.1.8,c.37.1.8,0.14663,P51149,O31743
1tevA,2akoA,0.41249,0.48196,0.35881,0.41672,0.3814042508602142,0.8775429129600525,c.37.1.1,c.73.1.3,0.0579099999999999,P30085,Q9PJ29
1th8B,1u02A,0.44541,0.37662,0.27306,0.24326,0.3882471024990082,0.4495943784713745,c.13.2.1,c.108.1.15,-0.0298,O32726,Q9HIW7
1tjnA,1rttA,0.50174,0.50174,0.39815,0.39815,0.4585901796817779,0.5997743606567383,c.92.1.3,c.23.5.4,0.0,O29537,Q9I4D4
1tmyA,1h1dA,0.57508,0.67759,0.36803,0.4238,0.5535504817962646,0.5262904763221741,c.23.1.1,c.66.1.1,0.0557699999999999,Q56312,P22734
1tmyA,1j8dA,0.56786,0.6735,0.42397,0.49794,0.5246256589889526,0.649029016494751,c.23.1.1,c.108.1.5,0.0739699999999999,Q56312,P45314
1to0A,1auoA,0.49905,0.49905,0.35455,0.35455,0.4824916124343872,0.7401375770568848,c.116.1.3,c.69.1.14,0.0,Q45601,Q53547
1to0A,1f75A,0.37273,0.46791,0.27612,0.34458,0.6294054985046387,0.6030430793762207,c.116.1.3,c.101.1.1,0.06846,Q45601,O82827
1tu3A,1pujA,0.47259,0.69839,0.31508,0.46379,0.9684712886810304,0.9382555484771729,c.37.1.8,c.37.1.8,0.1487099999999999,P20339,O31743
1tx4B,1pujA,0.46394,0.67933,0.32214,0.47201,0.9592867493629456,0.9448941946029664,c.37.1.8,c.37.1.8,0.14987,P61586,O31743
1u0sY,1h1dA,0.595,0.6682,0.37488,0.42056,0.5514695644378662,0.530512273311615,c.23.1.1,c.66.1.1,0.04568,Q56312,P22734
1u7oA,1t5iA,0.3833,0.50677,0.3833,0.50677,0.6931237578392029,0.5837613940238953,c.108.1.17,c.37.1.19,0.12347,Q9D967,Q13838
1u8tA,2hjvA,0.46444,0.49136,0.38749,0.40443,0.7173805236816406,0.5788332223892212,c.23.1.1,c.37.1.0,0.01694,P0AE67,P42305
1u8yA,1pujA,0.46183,0.70913,0.28897,0.44278,0.9515609741210938,0.9508013725280762,c.37.1.8,c.37.1.8,0.15381,P63320,O31743
1uadA,1pujA,0.4862,0.70694,0.33836,0.49039,0.9722328186035156,0.9434941411018372,c.37.1.8,c.37.1.8,0.15203,P11233,O31743
1uayA,1e19A,0.37045,0.48488,0.30363,0.39733,0.4619312584400177,0.7071813344955444,c.2.1.2,c.73.1.1,0.0937,Q7SIA1,P95474
1udrA,2hjvA,0.47213,0.56961,0.40305,0.48694,0.7617830038070679,0.5666691660881042,c.23.1.1,c.37.1.0,0.0838899999999999,P0AE67,P42305
1ufkA,1g55A,0.43479,0.55613,0.35625,0.46029,0.7479321956634521,0.928389310836792,c.66.1.39,c.66.1.26,0.1040399999999999,Q84BQ9,O14717
1ukvY,1pujA,0.44039,0.6296,0.34493,0.49145,0.965845227241516,0.9312778115272522,c.37.1.8,c.37.1.8,0.1465199999999999,P01123,O31743
1uptA,1pujA,0.45865,0.69369,0.30411,0.45635,0.9659998416900636,0.9231892824172974,c.37.1.8,c.37.1.8,0.15224,P40616,O31743
1uptA,1ebbA,0.36083,0.50628,0.30678,0.42918,0.6012928485870361,0.7262150049209595,c.37.1.8,c.60.1.1,0.1224,P40616,Q9ALU0
1uslA,1drkA,0.49189,0.46632,0.31303,0.31057,0.7438607215881348,0.6903019547462463,c.121.1.1,c.93.1.1,-0.0024599999999999,P9WKD7,P02925
1uslA,1dbpA,0.49185,0.4661,0.31304,0.31068,0.7441151738166809,0.6871404051780701,c.121.1.1,c.93.1.1,-0.0023599999999999,P9WKD7,P02925
1uuxA,2gm3A,0.4065,0.48686,0.4065,0.48686,0.5993996858596802,0.6247743964195251,c.57.1.1,c.26.2.4,0.08036,Q39054,Q8LGG8
1v6zA,1i9cA,0.33183,0.33183,0.33183,0.33183,0.4703429043292999,0.5237374305725098,b.122.1.2,c.23.6.1,0.0,Q5SKI6,P80078
1v6zA,1cb7A,0.3314,0.37482,0.3314,0.37482,0.469733864068985,0.5211789608001709,b.122.1.2,c.23.6.1,0.04342,Q5SKI6,P80078
1vg0B,1pujA,0.45154,0.65494,0.33271,0.48033,0.9671140909194946,0.9506548643112184,c.37.1.8,c.37.1.8,0.1476199999999999,P09527,O31743
1vg1A,1pujA,0.47653,0.68687,0.32351,0.46366,0.9668047428131104,0.9417796730995178,c.37.1.8,c.37.1.8,0.14015,P09527,O31743
1vh0A,1bwrA,0.43303,0.53857,0.34611,0.42946,0.4811833202838897,0.7878912687301636,c.116.1.3,c.23.10.3,0.08335,P0C1V0,Q29460
1vh0A,1bwqA,0.43167,0.53932,0.34499,0.42984,0.4784895777702331,0.7966026067733765,c.116.1.3,c.23.10.3,0.0848499999999999,P0C1V0,Q29460
1vh0A,1qgoA,0.38456,0.38456,0.27324,0.27324,0.6102856993675232,0.5252838134765625,c.116.1.3,c.92.1.2,0.0,P0C1V0,Q05592
1vh0A,1i01A,0.43428,0.43428,0.33322,0.33322,0.5331574082374573,0.5487219095230103,c.116.1.3,c.2.1.2,0.0,P0C1V0,P0AEK2
1vh0A,1bwpA,0.43198,0.53957,0.34509,0.43015,0.4761767387390136,0.7881744503974915,c.116.1.3,c.23.10.3,0.0850599999999999,P0C1V0,Q29460
1vh0A,2foxA,0.39447,0.39447,0.39447,0.39447,0.5784777998924255,0.8031020164489746,c.116.1.3,c.23.5.1,0.0,P0C1V0,P00322
1vh0A,2faxA,0.38917,0.38917,0.38917,0.38917,0.5840666890144348,0.8154263496398926,c.116.1.3,c.23.5.1,0.0,P0C1V0,P00322
1vh0A,1r1dA,0.42646,0.42646,0.32148,0.32148,0.4237240850925445,0.7175540924072266,c.116.1.3,c.69.1.29,0.0,P0C1V0,Q06174
1vhrA,1gilA,0.34891,0.42403,0.23547,0.27428,0.59840989112854,0.8207739591598511,c.45.1.1,a.66.1.1,0.03881,P51452,P10824
1vhrA,2gtpA,0.3419,0.51935,0.2351,0.33525,0.6297907829284668,0.808181881904602,c.45.1.1,a.66.1.1,0.1001499999999999,P51452,P63096
1vhrA,1bh2A,0.34548,0.52249,0.23048,0.33333,0.5925211310386658,0.8295946717262268,c.45.1.1,a.66.1.1,0.10285,P51452,P10824
1vhrA,1as0A,0.34736,0.51913,0.23382,0.33273,0.5963633060455322,0.8319343328475952,c.45.1.1,a.66.1.1,0.09891,P51452,P10824
1vhrA,2ihbA,0.3435,0.40062,0.23229,0.25911,0.6085995435714722,0.808751106262207,c.45.1.1,,0.02682,P51452,P08754
1vlzA,2avdA,0.55076,0.55902,0.36426,0.38276,0.5550506114959717,0.4952586591243744,c.23.1.1,c.66.1.1,0.0185,P0AE67,Q86VU5
1vrcA,1jmvA,0.39555,0.39555,0.37393,0.37393,0.6737949252128601,0.6294492483139038,c.54.1.0,c.26.2.4,0.0,P69797,P44880
1wa5A,1pujA,0.4484,0.66962,0.30944,0.45874,0.96886146068573,0.9291056394577026,c.37.1.8,c.37.1.8,0.1493,P62825,O31743
1wcxA,1drjA,0.41518,0.55804,0.38832,0.52155,0.5055596232414246,0.7921172380447388,c.113.1.1,c.93.1.1,0.1332299999999999,Q5SKH2,P02925
1wjgA,1hdrA,0.3962,0.3962,0.27247,0.27247,0.6050575375556946,0.7821419835090637,c.26.2.4,c.2.1.2,0.0,Q5SJV7,P09417
1wmsA,1pujA,0.46984,0.6876,0.32185,0.47006,0.9734718203544616,0.9346322417259216,c.37.1.8,c.37.1.8,0.1482099999999999,P51151,O31743
1wmsA,1fl9A,0.37774,0.46614,0.37774,0.46614,0.7569093704223633,0.8744738101959229,c.37.1.8,c.37.1.18,0.0883999999999999,P51151,P44492
1wo8A,1te2A,0.5506,0.5506,0.37144,0.37144,0.7613368034362793,0.7322743535041809,c.24.1.2,c.108.1.6,0.0,Q5SHD6,P77247
1wo8A,1c4wA,0.49573,0.53535,0.4928,0.53242,0.8591721653938293,0.869509756565094,c.24.1.2,c.23.1.1,0.0396199999999999,Q5SHD6,P0AE67
1wo8A,2hdoA,0.53556,0.53556,0.38712,0.38712,0.7460610270500183,0.6865088939666748,c.24.1.2,c.108.1.6,0.0,Q5SHD6,F9UM81
1wo8A,1e6mA,0.50301,0.50301,0.49705,0.49705,0.85809326171875,0.8739636540412903,c.24.1.2,c.23.1.1,0.0,Q5SHD6,P0AE67
1wsbA,1yn9A,0.41068,0.53856,0.37145,0.48658,0.531580924987793,0.5166352391242981,c.23.5.1,,0.11513,P00323,P24656
1wsbA,1fpzA,0.40706,0.47422,0.35785,0.41835,0.5345861315727234,0.5338217616081238,c.23.5.1,c.45.1.1,0.0605,P00323,Q16667
1wsbA,1vhrA,0.33797,0.49235,0.29659,0.42685,0.5113576650619507,0.5135806798934937,c.23.5.1,c.45.1.1,0.13026,P00323,P51452
1wzcA,2faxA,0.27349,0.38424,0.27349,0.38424,0.5134551525115967,0.540452241897583,c.108.1.10,c.23.5.1,0.11075,O58690,P00322
1wzcA,2foxA,0.26709,0.38383,0.26709,0.38383,0.5204474329948425,0.5493741631507874,c.108.1.10,c.23.5.1,0.11674,O58690,P00322
1x1rA,1pujA,0.46049,0.67743,0.31585,0.46266,0.97123122215271,0.9569323062896729,c.37.1.8,c.37.1.8,0.14681,O08989,O31743
1x1rA,1nzjA,0.35058,0.45183,0.23973,0.31884,0.7218083143234253,0.8424447774887085,c.37.1.8,c.26.1.1,0.07911,O08989,P27305
1x1rA,1jmvA,0.36737,0.36737,0.36737,0.36737,0.6467130780220032,0.889006495475769,c.37.1.8,c.26.2.4,0.0,O08989,P44880
1x3sA,1pujA,0.46323,0.6773,0.32849,0.47908,0.9722047448158264,0.93357115983963,c.37.1.8,c.37.1.8,0.15059,Q9NP72,O31743
1xcgB,1pujA,0.45357,0.66199,0.32231,0.47069,0.9592195153236388,0.9566648006439208,c.37.1.8,c.37.1.8,0.14838,P61586,O31743
1xcgB,1ebbA,0.36613,0.49649,0.33197,0.45105,0.580538272857666,0.7125604748725891,c.37.1.8,c.60.1.1,0.11908,P61586,Q9ALU0
1xcmA,1pujA,0.47807,0.70875,0.32137,0.47381,0.969763994216919,0.938390851020813,c.37.1.8,c.37.1.8,0.15244,P01112,O31743
1xeaA,1bw9A,0.40749,0.48543,0.36683,0.43344,0.8772485852241516,0.7617716789245605,c.2.1.3,c.2.1.7,0.06661,Q9KKQ4,Q59771
1xheA,2fhpA,0.56809,0.62654,0.4198,0.46336,0.7527947425842285,0.487303763628006,c.23.1.1,c.66.1.46,0.0435599999999999,P0A9Q1,Q831P8
1xj0A,1pujA,0.46973,0.69527,0.31577,0.46367,0.9685903787612916,0.9498976469039916,c.37.1.8,c.37.1.8,0.1479,P01112,O31743
1xjcA,1fl9A,0.43344,0.52823,0.39955,0.48797,0.7525774836540222,0.8893728256225586,c.37.1.10,c.37.1.18,0.08842,D0VWV1,P44492
1xmpA,2akoA,0.43852,0.50265,0.32548,0.36955,0.4512772560119629,0.5874140858650208,c.23.8.1,c.73.1.3,0.04407,A0A6L7HA71,Q9PJ29
1xtqA,1pujA,0.45708,0.68248,0.31379,0.46627,0.971565306186676,0.9376648664474488,c.37.1.8,c.37.1.8,0.15248,Q15382,O31743
1xtqA,1nzjA,0.39484,0.46609,0.27131,0.32239,0.7255567312240601,0.8166040182113647,c.37.1.8,c.26.1.1,0.05108,Q15382,P27305
1xwwA,1vhuA,0.37331,0.55375,0.32649,0.48429,0.6189733743667603,0.6044862270355225,c.44.1.1,c.50.1.2,0.1578,P24666,O28751
1y1lA,2esbA,0.40068,0.5484,0.32748,0.44635,0.3584845066070556,0.8013994097709656,c.44.1.1,c.45.1.0,0.11887,O28910,Q8NEJ0
1y1lA,2hxpA,0.40959,0.52856,0.36555,0.472,0.3868564963340759,0.8135786056518555,c.44.1.1,c.45.1.1,0.1064499999999999,O28910,Q99956
1y1lA,2g6zA,0.40663,0.54593,0.35795,0.48141,0.360112726688385,0.7995526194572449,c.44.1.1,c.45.1.0,0.12346,O28910,Q16690
1y1lA,2imgA,0.39429,0.53112,0.34662,0.46532,0.3678227066993713,0.8145588040351868,c.44.1.1,,0.1187,O28910,Q9BVJ7
1y1lA,1wrmA,0.39826,0.535,0.3361,0.45383,0.3578929007053375,0.8043431639671326,c.44.1.1,c.45.1.0,0.11773,O28910,Q9NRW4
1y1lA,2hcmA,0.39662,0.55001,0.32918,0.45696,0.3743219375610351,0.8106054067611694,c.44.1.1,c.45.1.0,0.12778,O28910,Q8BTR5
1y1lA,1m3gA,0.37268,0.46566,0.33309,0.4187,0.3771383762359619,0.7771247029304504,c.44.1.1,c.45.1.1,0.08561,O28910,Q05923
1y5eA,1rliA,0.4351,0.4351,0.42923,0.42923,0.5117645263671875,0.7042406797409058,c.57.1.1,c.23.5.6,0.0,Q816R0,P96726
1y5eA,2foxA,0.44379,0.4909,0.44379,0.4909,0.4837352037429809,0.7049200534820557,c.57.1.1,c.23.5.1,0.0471099999999999,Q816R0,P00322
1y63A,1htwA,0.41908,0.50828,0.41908,0.50828,0.7538810968399048,0.8795028924942017,c.37.1.1,c.37.1.18,0.0891999999999999,Q4Q7A6,P44492
1y81A,1wpnA,0.55657,0.55657,0.38568,0.38568,0.7642898559570312,0.7228951454162598,c.2.1.8,c.107.1.1,0.0,Q8U2V3,P37487
1ycoA,1ydhA,0.32431,0.37384,0.32431,0.37384,0.4503300786018371,0.5140070915222168,,c.129.1.1,0.04953,Q834I9,Q84MC2
1yd3A,1cqgA,0.32912,0.36,0.30333,0.32826,0.7302588224411011,0.7743483781814575,,c.47.1.1,0.02493,Q9WYA3,P10599
1yd9A,2ielA,0.35607,0.35607,0.35607,0.35607,0.6202784180641174,0.6074283123016357,c.50.1.2,c.26.2.4,0.0,Q02874,Q72LM7
1ykgA,1r2kB,0.52126,0.52126,0.47482,0.47482,0.4638542532920837,0.6947238445281982,c.23.5.2,c.57.1.1,0.0,P38038,P0AEZ9
1ykgA,1fpzA,0.41541,0.48346,0.3648,0.42394,0.5552268624305725,0.5738502740859985,c.23.5.2,c.45.1.1,0.0591399999999999,P38038,Q16667
1ykgA,1a3cA,0.45549,0.52166,0.41324,0.47439,0.7795895338058472,0.7610017657279968,c.23.5.2,c.61.1.1,0.0611499999999999,P38038,P39765
1ymuA,2hjvA,0.4589,0.57051,0.38556,0.48598,0.7567502856254578,0.552717387676239,c.23.1.1,c.37.1.0,0.10042,P0AE67,P42305
1ymuA,1ws6A,0.51783,0.58508,0.41101,0.46441,0.7354998588562012,0.5235793590545654,c.23.1.1,c.66.1.46,0.0534,P0AE67,Q5SJT0
1ymuA,1t9gR,0.46624,0.54534,0.35891,0.41049,0.6480697989463806,0.6530941128730774,c.23.1.1,c.26.2.3,0.05158,P0AE67,P13804
1ymuA,2g2jA,0.51783,0.51783,0.43603,0.43603,0.7482999563217163,0.5808780193328857,c.23.1.1,,0.0,P0AE67,
1ymvA,1fukA,0.4683,0.58084,0.3971,0.49096,0.7596544623374939,0.6237443089485168,c.23.1.1,c.37.1.19,0.09386,P0AE67,P10081
1yu9A,1pujA,0.45892,0.6705,0.32189,0.47052,0.9539384841918944,0.9348750710487366,c.37.1.8,c.37.1.8,0.1486299999999999,P20338,O31743
1yvdA,1pujA,0.47779,0.70293,0.31887,0.46846,0.9726375341415404,0.9319316148757936,c.37.1.8,c.37.1.8,0.14959,P35285,O31743
1yzgA,1pujA,0.44517,0.66072,0.30203,0.4483,0.9477914571762084,0.922142744064331,c.37.1.8,c.37.1.8,0.1462699999999999,Q96KC2,O31743
1yzkA,1pujA,0.47946,0.71382,0.32376,0.48086,0.9764336347579956,0.9408813118934632,c.37.1.8,c.37.1.8,0.1571,P62491,O31743
1yzlA,1pujA,0.46693,0.68497,0.32236,0.47289,0.9705425500869752,0.9313503503799438,c.37.1.8,c.37.1.8,0.15053,Q9R0M6,O31743
1yznA,1pujA,0.43651,0.66392,0.31377,0.47236,0.9499659538269044,0.9504321217536926,c.37.1.8,c.37.1.8,0.15859,P01123,O31743
1yzqA,1pujA,0.48625,0.68858,0.32307,0.45659,0.9515376687049866,0.9305278062820436,c.37.1.8,c.37.1.8,0.1335199999999999,P20340,O31743
1yzqA,1u7oA,0.40902,0.50592,0.40902,0.50592,0.7110441327095032,0.7160589098930359,c.37.1.8,c.108.1.17,0.0969,P20340,Q9D967
1yztA,1pujA,0.45097,0.6888,0.28606,0.43411,0.9704545736312866,0.9512311220169068,c.37.1.8,c.37.1.8,0.14805,Q9UL25,O31743
1yzuA,1pujA,0.46916,0.69222,0.31484,0.4622,0.9709050059318542,0.9487059712409972,c.37.1.0,c.37.1.8,0.14736,Q9UL25,O31743
1z06A,1pujA,0.44498,0.66877,0.29895,0.44667,0.9708728790283204,0.9517447352409364,c.37.1.8,c.37.1.8,0.14772,O35963,O31743
1z06A,1u7oA,0.39522,0.4977,0.39522,0.4977,0.7036124467849731,0.7160564661026001,c.37.1.8,c.108.1.17,0.1024799999999999,O35963,Q9D967
1z07A,1pujA,0.47259,0.7043,0.31492,0.46782,0.9738905429840088,0.947013795375824,c.37.1.8,c.37.1.8,0.1529,P35278,O31743
1z07A,1htwA,0.39112,0.47965,0.39112,0.47965,0.7680917978286743,0.8983583450317383,c.37.1.8,c.37.1.18,0.08853,P35278,P44492
1z08A,1pujA,0.4611,0.69861,0.30025,0.45177,0.9676928520202636,0.9410219788551332,c.37.1.8,c.37.1.8,0.15152,Q9UL25,O31743
1z0aA,1pujA,0.4753,0.707,0.31886,0.47279,0.9722265005111694,0.9449533224105836,c.37.1.8,c.37.1.8,0.15393,P61019,O31743
1z0dA,1pujA,0.47311,0.69275,0.31564,0.46105,0.9750243425369264,0.952049970626831,c.37.1.8,c.37.1.8,0.14541,P35278,O31743
1z0fA,1pujA,0.45228,0.6737,0.30887,0.45356,0.9726415872573853,0.9479935765266418,c.37.1.0,c.37.1.8,0.14469,P61106,O31743
1z0jA,1pujA,0.47842,0.70021,0.32384,0.47408,0.9759724736213684,0.9393657445907592,c.37.1.8,c.37.1.8,0.1502399999999999,P35285,O31743
1z0kA,1pujA,0.4746,0.68762,0.32279,0.46751,0.9732701778411864,0.9285255670547484,c.37.1.8,c.37.1.8,0.1447199999999999,P20338,O31743
1z22A,1pujA,0.46684,0.69324,0.31265,0.46117,0.9634795188903807,0.9501299858093262,c.37.1.8,c.37.1.8,0.14852,P35288,O31743
1z22A,1nzjA,0.37777,0.48966,0.25827,0.33053,0.7286038994789124,0.8186883330345154,c.37.1.8,c.26.1.1,0.0722599999999999,P35288,P27305
1z22A,1fl9A,0.36917,0.45017,0.36917,0.45017,0.7636566162109375,0.8812243342399597,c.37.1.8,c.37.1.18,0.081,P35288,P44492
1z2cA,1pujA,0.37196,0.66023,0.28066,0.4716,0.9684547185897828,0.9530367851257324,c.37.1.8,c.37.1.8,0.19094,P08134,O31743
1z5nA,1j7jA,0.32784,0.36785,0.32784,0.36785,0.3518507480621338,0.3960849046707153,c.56.2.1,c.61.1.1,0.0400099999999999,P0AF12,O33799
1z5oA,1hgxA,0.30377,0.37355,0.30377,0.37355,0.3175118565559387,0.3871438205242157,c.56.2.1,c.61.1.1,0.06978,P0AF12,P51900
1z6xA,1pujA,0.43982,0.64354,0.31011,0.4555,0.9626913070678712,0.9095519781112672,c.37.1.8,c.37.1.8,0.14539,P18085,O31743
1z6yA,1pujA,0.37966,0.6299,0.28137,0.42992,0.9619092345237732,0.9175875186920166,c.37.1.0,c.37.1.8,0.14855,Q9Y689,O31743
1zbdA,1pujA,0.47286,0.68931,0.32646,0.47395,0.9729904532432556,0.9392624497413636,c.37.1.8,c.37.1.8,0.14749,P63012,O31743
1zbdA,1fl9A,0.37766,0.45554,0.37766,0.45554,0.7647750377655029,0.8857594728469849,c.37.1.8,c.37.1.18,0.07788,P63012,P44492
1zc3A,1pujA,0.48636,0.70207,0.3384,0.48733,0.970356583595276,0.9489666819572448,c.37.1.8,c.37.1.8,0.14893,P11233,O31743
1zd9A,1pujA,0.44629,0.66791,0.30296,0.45006,0.9627469778060912,0.9321130514144896,c.37.1.8,c.37.1.8,0.1471,Q96BM9,O31743
1zesA,1t9gR,0.4851,0.54656,0.36272,0.40703,0.6416158080101013,0.6913278102874756,c.23.1.1,c.26.2.3,0.04431,P0AFJ5,P13804
1zesA,1wy7A,0.55867,0.56213,0.38521,0.39394,0.7033243179321289,0.4516351222991943,c.23.1.1,c.66.1.32,0.00873,P0AFJ5,O59611
1zesA,1b93A,0.48922,0.56437,0.42546,0.48793,0.8500024080276489,0.8860750198364258,c.23.1.1,c.24.1.2,0.0624699999999999,P0AFJ5,P0A731
1zggA,1nonA,0.42773,0.53829,0.40582,0.50885,0.5713217258453369,0.7620973587036133,c.44.1.0,c.61.1.1,0.10303,P39155,P41007
1zggA,1a3cA,0.43833,0.4943,0.40524,0.45813,0.5789381861686707,0.74692302942276,c.44.1.0,c.61.1.1,0.0528899999999999,P39155,P39765
1zggA,2imgA,0.33824,0.50843,0.33824,0.50843,0.3700239360332489,0.7539385557174683,c.44.1.0,,0.17019,P39155,Q9BVJ7
1zgzA,1t9gR,0.45449,0.56012,0.33732,0.39959,0.6369460821151733,0.6968954205513,c.23.1.1,c.26.2.3,0.0622699999999999,P38684,P13804
1zgzA,1fukA,0.49778,0.5631,0.40749,0.4577,0.6942774057388306,0.6318526268005371,c.23.1.1,c.37.1.19,0.0502099999999999,P38684,P10081
1zgzA,1h1dA,0.57458,0.60481,0.35951,0.39003,0.5882012248039246,0.5429505109786987,c.23.1.1,c.66.1.1,0.0305199999999999,P38684,P22734
1zicA,1so8A,0.44945,0.44945,0.44945,0.44945,0.676666796207428,0.689816951751709,c.69.1.9,c.2.1.2,0.0,P0A114,Q99714
1zixA,1so8A,0.44851,0.44851,0.44851,0.44851,0.6768616437911987,0.6879092454910278,c.69.1.9,c.2.1.2,0.0,P0A114,Q99714
1zj6A,1pujA,0.44171,0.64276,0.30892,0.44786,0.9610478281974792,0.9035263061523438,c.37.1.8,c.37.1.8,0.13894,Q9Y689,O31743
1zosA,1j7jA,0.32773,0.31928,0.32773,0.31928,0.3602098822593689,0.3899492025375366,c.56.2.0,c.61.1.1,-0.00845,Q8DQ16,O33799
1zvqA,1pujA,0.47413,0.69844,0.31982,0.46774,0.9689954519271852,0.9516034126281738,c.37.1.8,c.37.1.8,0.14792,P01112,O31743
1zvqA,1t9gR,0.37916,0.48583,0.3529,0.44898,0.6286762952804565,0.8802191615104675,c.37.1.8,c.26.2.3,0.09608,P01112,P13804
1zwkA,1i0lA,0.47799,0.58302,0.43361,0.52668,0.6784347295761108,0.8270293474197388,c.23.5.8,c.61.1.1,0.09307,Q9I509,Q4DRC4
1zwyA,1ekeA,0.3213,0.45749,0.25489,0.36049,0.5807068347930908,0.9289771318435668,c.51.4.3,c.55.3.1,0.1055999999999999,Q9KU27,Q57599
1zz0A,1x7gA,0.308,0.41524,0.308,0.41524,0.4795894026756286,0.6822153925895691,,c.2.1.2,0.10724,Q70I53,P16544
221pA,1pujA,0.48689,0.70472,0.32553,0.47081,0.969948947429657,0.946703314781189,c.37.1.8,c.37.1.8,0.14528,P01112,O31743
2a5dA,1pujA,0.47062,0.70276,0.31052,0.46078,0.9613792896270752,0.909665584564209,c.37.1.8,c.37.1.8,0.15026,P62330,O31743
2a5gA,1pujA,0.46574,0.70034,0.30679,0.4575,0.960702121257782,0.9133700132369996,c.37.1.8,c.37.1.8,0.15071,P62330,O31743
2a5jA,1pujA,0.46023,0.67961,0.32821,0.48287,0.9686673879623412,0.9482978582382202,c.37.1.8,c.37.1.8,0.15466,Q8WUD1,O31743
2a78A,1pujA,0.48822,0.70218,0.33474,0.47948,0.9646222591400146,0.9559991359710692,c.37.1.8,c.37.1.8,0.14474,P11233,O31743
2aedA,1pujA,0.48301,0.70733,0.30631,0.44315,0.9710557460784912,0.958415985107422,c.37.1.8,c.37.1.8,0.1368399999999999,,O31743
2al7A,1pujA,0.4794,0.70584,0.3056,0.44558,0.953333854675293,0.922940731048584,c.37.1.8,c.37.1.8,0.13998,Q9NVJ2,O31743
2atvA,1pujA,0.47598,0.68456,0.32383,0.46451,0.9601153135299684,0.9532318115234376,c.37.1.8,c.37.1.8,0.1406799999999999,Q96A58,O31743
2atxA,1pujA,0.44394,0.64382,0.32731,0.47488,0.961357593536377,0.9505895972251892,c.37.1.8,c.37.1.8,0.14757,P17081,O31743
2ayzA,1i0lA,0.5056,0.5056,0.37773,0.37773,0.7829257249832153,0.7426831722259521,c.23.1.1,c.61.1.1,0.0,P0DMC5,Q4DRC4
2b0cA,1o1xA,0.32667,0.38955,0.32667,0.38955,0.4430586099624634,0.5922157168388367,c.108.1.2,c.121.1.1,0.0628799999999999,P0A8Y3,Q9X0G9
2b4aA,1byrA,0.41226,0.47456,0.34227,0.38962,0.6035802364349365,0.6129028797149658,c.23.1.1,d.136.1.1,0.04735,Q9K8I2,Q46707
2b6hA,1pujA,0.4462,0.65135,0.31042,0.45097,0.9548549652099608,0.8999946117401123,c.37.1.8,c.37.1.8,0.14055,P84085,O31743
2b98A,2a1fA,0.42108,0.42108,0.28608,0.28608,0.5223012566566467,0.4506461024284363,,c.73.1.3,0.0,Q58584,P43890
2b98A,2bneA,0.51987,0.51987,0.34359,0.34359,0.488526850938797,0.4509165287017822,,c.73.1.3,0.0,Q58584,P0A7E9
2bcgY,1pujA,0.44761,0.63867,0.34509,0.49187,0.9727307558059692,0.9365209937095642,c.37.1.8,c.37.1.8,0.1467799999999999,P01123,O31743
2besA,1drkA,0.4818,0.48286,0.31293,0.31852,0.744181215763092,0.6836485862731934,c.121.1.1,c.93.1.1,0.00559,P9WKD7,P02925
2besA,1dbpA,0.49248,0.46611,0.31438,0.3116,0.7444556355476379,0.6805417537689209,c.121.1.1,c.93.1.1,-0.00278,P9WKD7,P02925
2bkuA,1pujA,0.45266,0.67258,0.31044,0.45796,0.9624651670455932,0.9296712875366212,c.37.1.8,c.37.1.8,0.1475199999999999,P62825,O31743
2bmdA,1pujA,0.47952,0.69035,0.33491,0.47998,0.967043161392212,0.9315089583396912,c.37.1.8,c.37.1.8,0.14507,P20338,O31743
2bmjA,1pujA,0.43808,0.6404,0.31272,0.45355,0.9683014154434204,0.9183069467544556,c.37.1.8,c.37.1.8,0.14083,Q99490,O31743
2bovA,1pujA,0.48145,0.69661,0.3358,0.48439,0.9724718928337096,0.9583953022956848,c.37.1.0,c.37.1.8,0.14859,P11233,O31743
2c2hA,1pujA,0.48073,0.69788,0.32382,0.46904,0.9653677344322203,0.9432125091552734,c.37.1.8,c.37.1.8,0.14522,P60763,O31743
2c5lA,1pujA,0.47946,0.70588,0.32179,0.47215,0.9712188243865968,0.9465389251708984,c.37.1.8,c.37.1.8,0.15036,P01112,O31743
2cd7A,2esbA,0.37994,0.54802,0.32554,0.46958,0.3455840945243835,0.7780725955963135,c.44.1.1,c.45.1.0,0.14404,P0A006,Q8NEJ0
2cd7A,1wrmA,0.36903,0.53323,0.32593,0.46975,0.3461533188819885,0.7852201461791992,c.44.1.1,c.45.1.0,0.14382,P0A006,Q9NRW4
2cd7A,2hcmA,0.37712,0.5302,0.3268,0.46049,0.3702297806739807,0.7863895297050476,c.44.1.1,c.45.1.0,0.13369,P0A006,Q8BTR5
2cd7A,1zzwA,0.37692,0.54745,0.34669,0.50158,0.3546120226383209,0.7961375713348389,c.44.1.1,c.45.1.0,0.15489,P0A006,Q9Y6W6
2cd7A,1xm2A,0.36797,0.57087,0.34083,0.52306,0.3789293766021728,0.8033450245857239,c.44.1.1,c.45.1.1,0.1822299999999999,P0A006,Q93096
2cd7A,1yz4A,0.3785,0.52696,0.32712,0.45895,0.3417656123638153,0.7740725874900818,c.44.1.1,c.45.1.0,0.13183,P0A006,Q9H1R2
2cd7A,2imgA,0.38135,0.54016,0.34876,0.49199,0.356969803571701,0.7940570712089539,c.44.1.1,,0.1432299999999999,P0A006,Q9BVJ7
2cd7A,2hxpA,0.38667,0.5149,0.36081,0.48217,0.3792117238044739,0.7919121980667114,c.44.1.1,c.45.1.1,0.1213599999999999,P0A006,Q99956
2cd7A,2g6zA,0.38537,0.54248,0.35437,0.49668,0.3484248518943786,0.7796239852905273,c.44.1.1,c.45.1.0,0.14231,P0A006,Q16690
2cd7A,1ywfA,0.42278,0.5867,0.26745,0.36348,0.3468822538852691,0.8162847757339478,c.44.1.1,c.45.1.5,0.09603,P0A006,P96830
2cd7A,1nonA,0.44855,0.57025,0.38386,0.48207,0.5458097457885742,0.7180191874504089,c.44.1.1,c.61.1.1,0.09821,P0A006,P41007
2cjwA,1pujA,0.44911,0.65804,0.31447,0.45896,0.9687246084213256,0.9514387845993042,c.37.1.8,c.37.1.8,0.1444899999999999,P55040,O31743
2clsA,1pujA,0.44372,0.66259,0.31756,0.47286,0.967501699924469,0.9423773884773254,c.37.1.8,c.37.1.8,0.1553,Q92730,O31743
2cxxA,1pujA,0.39862,0.65843,0.29488,0.47661,0.9605061411857604,0.9141210913658142,c.37.1.8,c.37.1.8,0.18173,O57939,O31743
2cyjA,1i3zA,0.34135,0.41738,0.34135,0.41738,0.4885708391666412,0.7153651118278503,c.103.1.1,d.93.1.1,0.0760299999999999,O59174,O35324
2cyjA,1d1zA,0.32508,0.32508,0.32508,0.32508,0.5036723017692566,0.7162224054336548,c.103.1.1,d.93.1.1,0.0,O59174,O60880
2d0oB,1h4yA,0.33409,0.45142,0.32189,0.43137,0.4355786144733429,0.6910672187805176,c.51.3.2,c.13.2.1,0.1094799999999999,O68196,O32723
2d2rA,1xq1A,0.4098,0.46059,0.40557,0.45589,0.6495209336280823,0.6687160730361938,c.101.1.0,c.2.1.2,0.05032,P55984,P0DKI3
2d2rA,1ivnA,0.35813,0.45086,0.35813,0.45086,0.4034428000450134,0.7703284621238708,c.101.1.0,c.23.10.5,0.0927299999999999,P55984,P0ADA1
2d2rA,2ntnA,0.38222,0.4887,0.37854,0.48341,0.6054776906967163,0.6976889371871948,c.101.1.0,c.2.1.0,0.10487,P55984,P9WGT3
2d7cA,1pujA,0.46598,0.69676,0.31292,0.46618,0.9749324321746826,0.932016372680664,c.37.1.8,c.37.1.8,0.15326,P62491,O31743
2d80A,1pv1A,0.35704,0.64226,0.35704,0.64226,0.6461347937583923,0.9892661571502686,c.69.1.37,c.69.1.34,0.28522,B2NHN2,P40363
2d80A,1jjfA,0.34839,0.60566,0.34839,0.60566,0.5702037215232849,0.97890704870224,c.69.1.37,c.69.1.2,0.25727,B2NHN2,P10478
2d80A,1auoA,0.3428,0.57327,0.3428,0.57327,0.5595384836196899,0.9194021821022034,c.69.1.37,c.69.1.14,0.2304699999999999,B2NHN2,Q53547
2d80A,1dqzA,0.32452,0.59182,0.32452,0.59182,0.646160364151001,0.9860468506813048,c.69.1.37,c.69.1.3,0.2673,B2NHN2,P9WQN9
2d80A,1va5A,0.31623,0.59461,0.31623,0.59461,0.6550359129905701,0.9870301485061646,c.69.1.37,c.69.1.3,0.2783799999999999,B2NHN2,P9WQN9
2d80A,1lzkA,0.33147,0.59419,0.33147,0.59419,0.5952585935592651,0.9796590805053712,c.69.1.37,c.69.1.2,0.26272,B2NHN2,
2d80A,1dqyA,0.35134,0.59181,0.35134,0.59181,0.6660418510437012,0.9860164523124696,c.69.1.37,c.69.1.3,0.2404699999999999,B2NHN2,P9WQN9
2d80A,1jjiA,0.34743,0.59022,0.34743,0.59022,0.5811050534248352,0.9689880609512328,c.69.1.37,c.69.1.2,0.2427899999999999,B2NHN2,O28558
2d81A,1pv1A,0.33525,0.64016,0.33525,0.64016,0.6522065997123718,0.9894776344299316,c.69.1.37,c.69.1.34,0.3049099999999999,B2NHN2,P40363
2d81A,1dqzA,0.3246,0.59101,0.3246,0.59101,0.6507881283760071,0.986931562423706,c.69.1.37,c.69.1.3,0.26641,B2NHN2,P9WQN9
2d81A,1jjfA,0.34888,0.60625,0.34888,0.60625,0.5738459229469299,0.9782532453536988,c.69.1.37,c.69.1.2,0.2573699999999999,B2NHN2,P10478
2d81A,1va5A,0.32875,0.59514,0.32875,0.59514,0.6598798632621765,0.9877977967262268,c.69.1.37,c.69.1.3,0.26639,B2NHN2,P9WQN9
2d81A,1dqyA,0.31977,0.59361,0.31977,0.59361,0.67097008228302,0.986745059490204,c.69.1.37,c.69.1.3,0.27384,B2NHN2,P9WQN9
2d81A,1jjiA,0.32765,0.59243,0.32765,0.59243,0.5854036808013916,0.9698757529258728,c.69.1.37,c.69.1.2,0.26478,B2NHN2,O28558
2d81A,1auoA,0.34392,0.57634,0.34392,0.57634,0.5637989044189453,0.9206030368804932,c.69.1.37,c.69.1.14,0.2324199999999999,B2NHN2,Q53547
2dfkB,1pujA,0.41062,0.64018,0.3088,0.47642,0.9571077823638916,0.9493287801742554,c.37.1.8,c.37.1.8,0.16762,P60953,O31743
2dj5A,2hupA,0.46708,0.46708,0.39298,0.39298,0.5705965757369995,0.8663744926452637,c.92.1.3,c.37.1.0,0.0,O29537,Q86YS6
2dj5A,1agpA,0.5006,0.54198,0.40515,0.44511,0.5664324760437012,0.8519718647003174,c.92.1.3,c.37.1.8,0.0399599999999999,O29537,P01112
2dj5A,521pA,0.49373,0.5397,0.40115,0.44344,0.5675463676452637,0.8520903587341309,c.92.1.3,c.37.1.8,0.0422899999999999,O29537,P01112
2dpxA,1pujA,0.50981,0.74789,0.30594,0.44646,0.973133623600006,0.942382037639618,c.37.1.8,c.37.1.8,0.14052,P55042,O31743
2dpxA,1j7jA,0.46821,0.55842,0.43042,0.51017,0.6193474531173706,0.7010457515716553,c.37.1.8,c.61.1.1,0.0797499999999999,P55042,O33799
2dpxA,1u7oA,0.43242,0.43242,0.40245,0.40245,0.7009409070014954,0.6784763336181641,c.37.1.8,c.108.1.17,0.0,P55042,Q9D967
2erxA,1pujA,0.49612,0.70282,0.33651,0.47474,0.9655770063400269,0.9363263845443726,c.37.1.8,c.37.1.8,0.13823,Q96HU8,O31743
2eryA,1pujA,0.47722,0.69663,0.32165,0.46895,0.9685102701187134,0.946873664855957,c.37.1.8,c.37.1.8,0.1473,P62070,O31743
2ew1A,1pujA,0.47599,0.69846,0.32763,0.47905,0.97552889585495,0.9426100850105286,c.37.1.8,c.37.1.8,0.15142,Q15771,O31743
2f1rA,2hjvA,0.40677,0.40677,0.38785,0.38785,0.9691966772079468,0.8903142213821411,c.37.1.0,c.37.1.0,0.0,O28031,P42305
2f1rA,1fukA,0.4579,0.52945,0.43853,0.50572,0.9674161672592164,0.91191965341568,c.37.1.0,c.37.1.19,0.0671899999999999,O28031,P10081
2f51A,1y80A,0.42418,0.4892,0.38983,0.44614,0.5773462653160095,0.6878512501716614,c.47.1.1,,0.0563099999999999,Q8IEV4,Q2RJ67
2f7sA,1pujA,0.44671,0.59281,0.32487,0.42852,0.9619460701942444,0.9276811480522156,c.37.1.8,c.37.1.8,0.10365,O00194,O31743
2f9lA,1pujA,0.47906,0.69875,0.33286,0.48576,0.9759216904640198,0.9414418339729308,c.37.1.8,c.37.1.8,0.1529,Q15907,O31743
2faxA,1o9gA,0.41558,0.56852,0.26869,0.36312,0.512307345867157,0.5474885702133179,c.23.5.1,c.66.1.29,0.09443,P00322,Q9F5K5
2faxA,1t9gR,0.42839,0.55952,0.34707,0.44928,0.6298336982727051,0.695510745048523,c.23.5.1,c.26.2.3,0.10221,P00322,P13804
2faxA,1fukA,0.42435,0.51538,0.38703,0.47124,0.7538913488388062,0.5805191397666931,c.23.5.1,c.37.1.19,0.08421,P00322,P10081
2fcjA,1hybA,0.43137,0.50012,0.33704,0.39649,0.649338960647583,0.7041323781013489,c.136.1.1,c.26.1.3,0.05945,Q5KVJ9,O26253
2fcjA,1m8gA,0.43427,0.50263,0.34319,0.38963,0.6261491775512695,0.700444221496582,c.136.1.1,c.26.1.3,0.0464399999999999,Q5KVJ9,O26253
2fe4A,1pujA,0.4903,0.70247,0.323,0.46053,0.9538705945014954,0.9494070410728456,c.37.1.8,c.37.1.8,0.1375299999999999,Q9NRW1,O31743
2fekA,1zzwA,0.35828,0.52214,0.35828,0.52214,0.3999456167221069,0.7631955146789551,c.44.1.0,c.45.1.0,0.16386,P0AAB2,Q9Y6W6
2fg5A,1pujA,0.48194,0.70428,0.31971,0.46655,0.9724810123443604,0.9429681897163392,c.37.1.8,c.37.1.8,0.14684,Q13636,O31743
2fh5A,1skoA,0.46118,0.53776,0.46118,0.53776,0.8041183948516846,0.960177719593048,d.110.4.4,d.110.7.1,0.07658,P08240,Q9UHA4
2fi1A,1t6t1,0.32291,0.36234,0.32291,0.36234,0.6009044051170349,0.5736605525016785,c.108.1.3,c.136.1.1,0.03943,A0A0H2UPC8,O67859
2fjuA,1pujA,0.32621,0.67436,0.24996,0.47526,0.9642566442489624,0.946686327457428,c.37.1.8,c.37.1.8,0.2253,P63000,O31743
2fjuA,1o94C,0.39217,0.45443,0.32039,0.37059,0.6597700119018555,0.8688093423843384,c.37.1.8,c.26.2.3,0.0501999999999999,P63000,P53570
2fkaA,1m8gA,0.42844,0.49098,0.34559,0.40324,0.682241678237915,0.7213665246963501,c.23.1.1,c.26.1.3,0.0576499999999999,P0A2D5,O26253
2fkaA,2hjvA,0.47821,0.56671,0.41197,0.49009,0.7215284109115601,0.5793870687484741,c.23.1.1,c.37.1.0,0.07812,P0A2D5,P42305
2fn4A,1pujA,0.46851,0.68689,0.32694,0.47775,0.9706861972808838,0.9567465782165528,c.37.1.8,c.37.1.8,0.15081,P10301,O31743
2folA,1pujA,0.47495,0.70859,0.29762,0.44281,0.9678442478179932,0.9481818079948424,c.37.1.8,c.37.1.8,0.1451899999999999,P62820,O31743
2foxA,1fukA,0.42404,0.49237,0.38674,0.44978,0.75992351770401,0.5876709222793579,c.23.5.1,c.37.1.19,0.06304,P00322,P10081
2foxA,1t9gR,0.40832,0.55495,0.33362,0.44627,0.631402313709259,0.6970865726470947,c.23.5.1,c.26.2.3,0.1126499999999999,P00322,P13804
2foxA,1fpzA,0.41629,0.48091,0.35049,0.40519,0.5514054894447327,0.5952445864677429,c.23.5.1,c.45.1.1,0.0546999999999999,P00322,Q16667
2fv8A,1pujA,0.45087,0.65482,0.32549,0.4726,0.96131831407547,0.9415283203125,c.37.1.8,c.37.1.8,0.14711,P62745,O31743
2fxvA,2d13A,0.35965,0.44209,0.32778,0.40477,0.5996878147125244,0.857939600944519,c.61.1.1,c.26.2.1,0.07699,P42085,O58996
2fz5A,1t9gR,0.43018,0.5611,0.34617,0.45316,0.6344549655914307,0.7172727584838867,c.23.5.1,c.26.2.3,0.10699,P00321,P13804
2fz5A,2d13A,0.44241,0.52255,0.31336,0.37458,0.6412633061408997,0.6976040601730347,c.23.5.1,c.26.2.1,0.06122,P00321,O58996
2g0nA,1pujA,0.45744,0.67544,0.32609,0.48094,0.9637699127197266,0.9446535110473632,c.37.1.8,c.37.1.8,0.15485,P60763,O31743
2g1pA,1g60A,0.32457,0.32457,0.32457,0.32457,0.7678990960121155,0.8402384519577026,c.66.1.28,c.66.1.11,0.0,P0AEE8,P23192
2g2jA,1qfjA,0.45591,0.45591,0.3509,0.3509,0.4966784119606018,0.7137635946273804,,b.43.4.2,0.0,,P0AEN1
2g3yA,1pujA,0.45706,0.68342,0.31435,0.46608,0.9685672521591188,0.9534614086151124,c.37.1.8,c.37.1.8,0.1517299999999999,P55040,O31743
2g6bA,1pujA,0.45211,0.68413,0.29618,0.44563,0.9738219976425172,0.9329358339309692,c.37.1.8,c.37.1.8,0.14945,Q9ULW5,O31743
2g77B,1pujA,0.44142,0.66058,0.30597,0.45477,0.9747055768966676,0.9314780235290528,c.37.1.8,c.37.1.8,0.1488,O35963,O31743
2g77B,1fl9A,0.4032,0.48653,0.4032,0.48653,0.7591283321380615,0.8794445991516113,c.37.1.8,c.37.1.18,0.08333,O35963,P44492
2g77B,1ebbA,0.38087,0.50481,0.33382,0.44532,0.5709138512611389,0.7439290285110474,c.37.1.8,c.60.1.1,0.1114999999999999,O35963,Q9ALU0
2garA,1wd5A,0.3636,0.45682,0.34314,0.42754,0.7684282064437866,0.9275498390197754,c.65.1.1,c.61.1.1,0.0843999999999999,P08179,Q5SIB2
2gb4A,1booA,0.43131,0.69016,0.3634,0.58,0.7637659311294556,0.9601413011550904,c.66.1.36,c.66.1.11,0.2165999999999999,O55060,P11409
2gf0A,1pujA,0.48512,0.68815,0.33672,0.47545,0.9710376262664796,0.928164005279541,c.37.1.8,c.37.1.8,0.1387299999999999,O95057,O31743
2gf9A,1pujA,0.4732,0.69454,0.33292,0.48811,0.9653304815292358,0.9263548851013184,c.37.1.8,c.37.1.8,0.15519,O95716,O31743
2gilA,1pujA,0.48322,0.69926,0.31477,0.45444,0.9507357478141784,0.9476488828659058,c.37.1.8,c.37.1.8,0.13967,P20340,O31743
2gj8A,1pujA,0.45195,0.70152,0.28761,0.44106,0.962230920791626,0.8824739456176758,c.37.1.8,c.37.1.8,0.15345,P25522,O31743
2gjsA,1pujA,0.50813,0.73321,0.31389,0.44846,0.9682493209838868,0.9458581805229188,c.37.1.8,c.37.1.8,0.13457,P55042,O31743
2gm3A,2fwaA,0.4481,0.4481,0.42766,0.42766,0.6173593401908875,0.7802762985229492,c.26.2.4,c.23.8.1,0.0,Q8LGG8,Q2QJL3
2gm3A,2fwiA,0.4488,0.4488,0.42829,0.42829,0.618096649646759,0.7712569236755371,c.26.2.4,c.23.8.1,0.0,Q8LGG8,Q2QJL3
2gzdA,1pujA,0.46952,0.70952,0.3155,0.47341,0.9768563508987428,0.9367221593856812,c.37.1.8,c.37.1.8,0.15791,P62491,O31743
2h16A,1pujA,0.4789,0.69604,0.29369,0.42384,0.9691947102546692,0.9252170324325562,c.37.1.0,c.37.1.8,0.13015,Q9Y689,O31743
2h17A,1pujA,0.46696,0.6795,0.30454,0.44308,0.9641903638839722,0.9096243977546692,c.37.1.0,c.37.1.8,0.13854,Q9Y689,O31743
2h18A,1pujA,0.44014,0.64694,0.30848,0.45266,0.942347288131714,0.9243351221084596,c.37.1.0,c.37.1.8,0.14418,Q96BM9,O31743
2h57A,1pujA,0.38449,0.67749,0.27821,0.45229,0.9612821340560912,0.9269543886184692,c.37.1.0,c.37.1.8,0.17408,Q9H0F7,O31743
2h7vA,1pujA,0.44831,0.65292,0.0,0.0,,,c.37.1.8,c.37.1.8,0.0,P63000,O31743
2heiA,1pujA,0.48979,0.71974,0.32176,0.47151,0.9651533365249634,0.9447048902511596,c.37.1.8,c.37.1.8,0.14975,P61020,O31743
2hhgA,1pqwA,0.41569,0.46942,0.32144,0.35987,0.53824383020401,0.6230340600013733,,c.2.1.1,0.03843,Q6N3S9,P96202
2hhgA,1jbeA,0.43076,0.45656,0.43076,0.45656,0.725042462348938,0.7395349144935608,,c.23.1.1,0.0258,Q6N3S9,P0AE67
2hjvA,2al7A,0.42667,0.52313,0.42667,0.52313,0.9744030237197876,0.920950174331665,c.37.1.0,c.37.1.8,0.0964599999999999,P42305,Q9NVJ2
2hmsA,1p6qA,0.49417,0.49417,0.49417,0.49417,0.8274635672569275,0.7616071701049805,c.2.1.9,c.23.1.1,0.0,O32080,Q52884
2ho3A,1c1xB,0.43369,0.48082,0.39025,0.42996,0.8872566223144531,0.8211562633514404,,c.2.1.7,0.03971,,Q59771
2ho3A,1bw9B,0.43499,0.48125,0.39107,0.43007,0.8843549489974976,0.8220909833908081,,c.2.1.7,0.039,,Q59771
2hpvA,2cxxA,0.46579,0.46579,0.46579,0.46579,0.6949448585510254,0.7255837917327881,,c.37.1.8,0.0,Q831B2,O57939
2ht6A,1pujA,0.47928,0.70028,0.32193,0.46849,0.9617264866828918,0.9490987062454224,c.37.1.8,c.37.1.8,0.14656,P55040,O31743
2hupA,1pujA,0.49899,0.72021,0.3295,0.47344,0.9657405614852904,0.9329508543014526,c.37.1.0,c.37.1.8,0.14394,Q86YS6,O31743
2hv8A,1pujA,0.48218,0.71555,0.32621,0.48364,0.9763951301574708,0.9432520270347596,c.37.1.8,c.37.1.8,0.15743,P62491,O31743
2hwwA,1t6t1,0.3061,0.39971,0.3061,0.39971,0.7233612537384033,0.758070707321167,,c.136.1.1,0.09361,Q86US8,O67859
2hwwA,1rkbA,0.38416,0.48084,0.36229,0.45509,0.7193897366523743,0.8152868151664734,,c.37.1.1,0.0928,Q86US8,Q9Y3D8
2hwxA,1t6t1,0.31247,0.38359,0.31247,0.38359,0.6822718381881714,0.7414275407791138,,c.136.1.1,0.0711199999999999,Q86US8,O67859
2ic5A,1pujA,0.46162,0.68198,0.32545,0.48079,0.9588478207588196,0.9432128071784972,c.37.1.8,c.37.1.8,0.1553399999999999,P60763,O31743
2icaA,1w19A,0.44667,0.44667,0.44667,0.44667,0.4479981660842895,0.4934658408164978,c.62.1.1,,0.0,P20701,P9WHE9
2ielA,1puiA,0.46548,0.55875,0.38157,0.46688,0.6604598760604858,0.8011118769645691,c.26.2.4,c.37.1.8,0.08531,Q72LM7,P0A6P7
2ielA,2fukA,0.48917,0.50783,0.32715,0.35512,0.3915283381938934,0.6439267992973328,c.26.2.4,c.69.1.36,0.0279699999999999,Q72LM7,B0RM26
2il1A,1pujA,0.49619,0.72094,0.32748,0.47326,0.9622865915298462,0.9244623780250548,c.37.1.0,c.37.1.8,0.14578,Q6IQ22,O31743
2issD,1fy2A,0.56624,0.67534,0.48679,0.58115,0.9013036489486694,0.9471772909164428,c.23.16.1,c.23.16.4,0.09436,Q9WYU3,P36936
2j0vA,1pujA,0.43146,0.65785,0.30968,0.46855,0.9664665460586548,0.9545067548751832,c.37.1.0,c.37.1.8,0.15887,O82480,O31743
2j1lA,1pujA,0.43851,0.65741,0.28596,0.41793,0.9644404649734496,0.9441722631454468,c.37.1.0,c.37.1.8,0.13197,O00212,O31743
2j1lA,2h58A,0.35149,0.35149,0.21867,0.21867,0.950537085533142,0.9399847984313964,c.37.1.0,,0.0,O00212,
2j3tC,1veuB,0.50384,0.57102,0.50384,0.57102,0.810210108757019,0.9930368661880492,,d.110.7.1,0.06718,Q5NCF2,Q9JHS3
2j3tC,1skoA,0.54321,0.64292,0.54321,0.64292,0.8282485604286194,0.9828349947929382,,d.110.7.1,0.09971,Q5NCF2,Q9UHA4
2j3tC,1vetB,0.51512,0.58222,0.51512,0.58222,0.8203185200691223,0.9928431510925292,,d.110.7.1,0.0670999999999999,Q5NCF2,Q9JHS3
2j3wA,2a2lA,0.42688,0.51525,0.42031,0.50722,0.6347253322601318,0.918159246444702,d.110.4.3,d.110.9.1,0.0869099999999999,Q9CQP2,Q48422
2j41A,1htwA,0.34506,0.47471,0.34506,0.47471,0.7638317346572876,0.8778867721557617,c.37.1.0,c.37.1.18,0.12965,Q5HGM3,P44492
2j41A,1fl9A,0.40452,0.46518,0.40452,0.46518,0.7603559494018555,0.8657028675079346,c.37.1.0,c.37.1.18,0.0606599999999999,Q5HGM3,P44492
2j41A,1pujA,0.36629,0.50598,0.26501,0.36024,0.9051074385643004,0.8460568189620972,c.37.1.0,c.37.1.8,0.0952299999999999,Q5HGM3,O31743
2jaqA,1jo0A,0.24133,0.24133,0.24133,0.24133,0.7402797937393188,0.7130869626998901,c.37.1.0,d.68.4.1,0.0,Q93IG4,P71376
2jb9A,1t9gR,0.45537,0.53061,0.34409,0.3955,0.6383837461471558,0.7090385556221008,c.23.1.1,c.26.2.3,0.05141,P0AFJ5,P13804
2jb9A,2hjvA,0.48406,0.6081,0.39993,0.5024,0.7205287218093872,0.6082805395126343,c.23.1.1,c.37.1.0,0.1024699999999999,P0AFJ5,P42305
2jb9A,1iu9A,0.45963,0.5054,0.45963,0.5054,0.7930961847305298,0.8518034815788269,c.23.1.1,c.78.2.1,0.0457699999999999,P0AFJ5,O58403
2nzjA,1pujA,0.48957,0.71288,0.31243,0.45126,0.966692328453064,0.9551066756248474,c.37.1.8,c.37.1.8,0.13883,O75628,O31743
2o52A,1pujA,0.4875,0.70332,0.33159,0.47613,0.9694371819496156,0.9493607878684998,c.37.1.8,c.37.1.8,0.14454,P61018,O31743
2ocbA,1pujA,0.46311,0.68279,0.322,0.47378,0.971706748008728,0.931920289993286,c.37.1.8,c.37.1.8,0.1517799999999999,Q9NP90,O31743
2q21A,1pujA,0.47918,0.69765,0.3318,0.48002,0.9703785181045532,0.950444757938385,c.37.1.8,c.37.1.8,0.14822,P01112,O31743
2q21A,2h58A,0.39568,0.39568,0.2555,0.2555,0.9244496822357178,0.9428420662879944,c.37.1.8,,0.0,P01112,
3nllA,1t5iA,0.44178,0.53117,0.40007,0.48153,0.759243369102478,0.5659592747688293,c.23.5.1,c.37.1.19,0.08146,P00322,Q13838
3nllA,1t9gR,0.42683,0.55832,0.34648,0.44934,0.6289489269256592,0.7007286548614502,c.23.5.1,c.26.2.3,0.10286,P00322,P13804
3nllA,1fukA,0.42437,0.51857,0.38664,0.47379,0.7594175338745117,0.5895960330963135,c.23.5.1,c.37.1.19,0.08715,P00322,P10081
3rabA,1pujA,0.47328,0.69607,0.32226,0.47265,0.972707986831665,0.935871124267578,c.37.1.8,c.37.1.8,0.15039,P63012,O31743
421pA,1pujA,0.4857,0.70463,0.32557,0.47081,0.9686554074287416,0.9412699937820436,c.37.1.8,c.37.1.8,0.1452399999999999,P01112,O31743
4q21A,1pujA,0.47863,0.6999,0.32615,0.47384,0.9695613384246826,0.9504977464675904,c.37.1.8,c.37.1.8,0.14769,P01112,O31743
4q21A,1ebbA,0.36292,0.50034,0.31756,0.4366,0.5997728109359741,0.7325049638748169,c.37.1.8,c.60.1.1,0.1190399999999999,P01112,Q9ALU0
521pA,1pujA,0.48858,0.70766,0.32658,0.47233,0.9681963324546814,0.942777156829834,c.37.1.8,c.37.1.8,0.14575,P01112,O31743
5chyA,1wo8A,0.48911,0.48911,0.48911,0.48911,0.8613204956054688,0.8765820860862732,c.23.1.1,c.24.1.2,0.0,P0AE67,Q5SHD6
5chyA,1j8dA,0.51428,0.59866,0.41397,0.47073,0.5212283730506897,0.6594111919403076,c.23.1.1,c.108.1.5,0.0567599999999999,P0AE67,P45314
621pA,1pujA,0.48488,0.70335,0.32448,0.4701,0.9705238342285156,0.9437192678451538,c.37.1.8,c.37.1.8,0.14562,P01112,O31743
6chyA,1wo8A,0.48799,0.53644,0.48799,0.53644,0.8544604778289795,0.8583518266677856,c.23.1.1,c.24.1.2,0.04845,P0AE67,Q5SHD6
721pA,1pujA,0.48678,0.70752,0.32553,0.47199,0.9693449139595032,0.946587860584259,c.37.1.8,c.37.1.8,0.14646,P01112,O31743
1bc6A,1iqzA,0.54896,0.54896,0.52852,0.52852,0.8938220739364624,0.9550124406814576,d.58.1.2,d.58.1.4,0.0,Q45560,P10245
1bluA,1jnrB,0.63261,0.63261,0.36284,0.36284,0.8837184309959412,0.9693467617034912,d.58.1.1,d.58.1.5,0.0,P00208,O28604
1bqxA,1iqzA,0.55171,0.55171,0.53145,0.53145,0.8894305229187012,0.9691540002822876,d.58.1.2,d.58.1.4,0.0,Q45560,P10245
1clfA,1dwlA,0.52028,0.52028,0.50233,0.50233,0.9844005703926086,0.9506648778915404,d.58.1.1,i.4.1.1,0.0,P00195,P07485
1rgvA,1jnrB,0.61178,0.61178,0.35722,0.35722,0.8801136016845703,0.9719369411468506,d.58.1.1,d.58.1.5,0.0,O88151,O28604
1rofA,1frkA,0.56063,0.54872,0.38131,0.37516,0.699530839920044,0.844694972038269,d.58.1.4,d.58.1.2,-0.0061499999999999,P46797,P00214
1rofA,1frjA,0.56669,0.55489,0.38361,0.37738,0.7219098210334778,0.8714299201965332,d.58.1.4,d.58.1.2,-0.00623,P46797,P00214
1rofA,1frlA,0.55928,0.54712,0.38082,0.37458,0.7008587121963501,0.8406288623809814,d.58.1.4,d.58.1.2,-0.0062399999999999,P46797,P00214
1rofA,1friA,0.56231,0.54868,0.38077,0.37518,0.6994355320930481,0.8452434539794922,d.58.1.4,d.58.1.2,-0.0055899999999999,P46797,P00214
1rofA,1f5bA,0.56179,0.54937,0.38158,0.37524,0.6981236934661865,0.8400415778160095,d.58.1.4,d.58.1.2,-0.0063399999999999,P46797,P00214
1rofA,1a6lA,0.56553,0.53556,0.38317,0.36664,0.6967505812644958,0.8492113351821899,d.58.1.4,d.58.1.2,-0.0165299999999999,P46797,P00214
1rofA,1frhA,0.5622,0.5484,0.3807,0.37502,0.7000535726547241,0.8420552611351013,d.58.1.4,d.58.1.2,-0.0056799999999999,P46797,P00214
1rofA,1h98A,0.55326,0.58737,0.47384,0.50018,0.9437586069107056,0.9463533759117126,d.58.1.4,d.58.1.2,0.0263399999999999,P46797,P03942
1rofA,1g3oA,0.56212,0.54999,0.3818,0.37539,0.6964105367660522,0.8417829275131226,d.58.1.4,d.58.1.2,-0.0064099999999999,P46797,P00214
1rofA,1gaoA,0.5592,0.54658,0.37949,0.3741,0.7093151807785034,0.8443804979324341,d.58.1.4,d.58.1.2,-0.00539,P46797,P00214
1rofA,2fd2A,0.55887,0.54721,0.38064,0.37458,0.6983197927474976,0.84470534324646,d.58.1.4,d.58.1.2,-0.0060599999999999,P46797,P00214
1rofA,1axqA,0.55982,0.54795,0.38091,0.37476,0.6946650743484497,0.8441517353057861,d.58.1.4,d.58.1.2,-0.00615,P46797,P00214
1rofA,1pc5A,0.56136,0.56136,0.38162,0.38162,0.69673752784729,0.8400503396987915,d.58.1.4,d.58.1.2,0.0,P46797,P00214
1rofA,1g6bA,0.55991,0.54819,0.38108,0.37504,0.700960636138916,0.8483932614326477,d.58.1.4,d.58.1.2,-0.0060399999999999,P46797,P00214
1rofA,1ff2A,0.5601,0.5479,0.38124,0.37503,0.7038246393203735,0.8307144641876221,d.58.1.4,d.58.1.2,-0.00621,P46797,P00214
1rofA,1ftcA,0.54155,0.57863,0.37313,0.39257,0.7047637104988098,0.834976315498352,d.58.1.4,d.58.1.2,0.0194399999999999,P46797,P00214
1rofA,1pc4A,0.55976,0.54754,0.38124,0.37501,0.6985073685646057,0.8419822454452515,d.58.1.4,d.58.1.2,-0.00623,P46797,P00214
1rofA,1fddA,0.56233,0.55073,0.38205,0.37601,0.6978780031204224,0.8514243364334106,d.58.1.4,d.58.1.2,-0.0060399999999999,P46797,P00214
2fgoA,1jnrB,0.62432,0.62432,0.36223,0.36223,0.8892362117767334,0.9703292846679688,d.58.1.1,d.58.1.5,0.0,Q9I6D2,O28604
1o50A,2j9lA,0.62109,0.62109,0.54444,0.54444,0.9693169593811036,0.9685677289962769,d.37.1.1,d.37.1.1,0.0,Q9X033,P51795
2d4zA,1o50A,0.49902,0.5593,0.49902,0.5593,0.972495436668396,0.9758360981941224,d.37.1.1,d.37.1.1,0.06028,P21564,Q9X033
2j9lA,1pbjA,0.49033,0.52368,0.49033,0.52368,0.9801903367042542,0.9619840383529664,d.37.1.1,d.37.1.1,0.03335,P51795,O27659
2j9lA,2nycA,0.56831,0.58848,0.56831,0.58848,0.974273443222046,0.9679592847824096,d.37.1.1,d.37.1.1,0.02017,P51795,P12904
1a7gE,2iygA,0.53842,0.56101,0.44711,0.46341,0.7748063206672668,0.7920212745666504,d.58.8.1,d.58.10.2,0.0162999999999999,P17383,Q3J677
1aq3A,2il5A,0.36487,0.43294,0.32405,0.3764,0.6410529613494873,0.7368988394737244,d.85.1.1,d.129.3.5,0.05235,P03612,A0A0H2XIZ7
1aq3A,1icxA,0.3865,0.39841,0.33942,0.3533,0.620305061340332,0.7145483493804932,d.85.1.1,d.129.3.1,0.01388,P03612,P52778
1aq4A,2il5A,0.37022,0.4373,0.3273,0.38127,0.6407232284545898,0.7338392734527588,d.85.1.1,d.129.3.5,0.05397,P03612,A0A0H2XIZ7
1aq4A,1icxA,0.38674,0.4091,0.33985,0.35519,0.6193663477897644,0.7110528349876404,d.85.1.1,d.129.3.1,0.01534,P03612,P52778
1aq4A,2b79A,0.39975,0.43331,0.37211,0.40351,0.6554773449897766,0.6949847936630249,d.85.1.1,d.129.3.9,0.0313999999999999,P03612,
1askA,1kppA,0.38024,0.38024,0.34298,0.34298,0.4753497838973999,0.7266411781311035,d.17.4.2,d.20.1.2,0.0,P61972,Q99816
1b64A,1xn9A,0.43167,0.49528,0.39816,0.45921,0.4377185404300689,0.8567268252372742,d.58.12.1,d.12.1.3,0.0610499999999999,P24534,Q8PZ95
1b64A,1ywxA,0.40248,0.48215,0.36965,0.44474,0.4372792840003967,0.8421978950500488,d.58.12.1,d.12.1.3,0.07509,P24534,P61193
1cmiA,1y13A,0.40608,0.58132,0.26965,0.35211,0.5117560625076294,0.7877984046936035,d.39.1.1,d.96.1.2,0.0824599999999999,P63167,C6KTB6
1cqmA,1i3qK,0.39986,0.56502,0.36148,0.49944,0.4852756559848785,0.8570110201835632,d.58.14.1,d.74.3.2,0.1379599999999999,Q5SLP8,P38902
1cqmA,1uv7A,0.46816,0.545,0.46816,0.545,0.4358458817005157,0.8556230664253235,d.58.14.1,d.67.4.1,0.07684,Q5SLP8,P41851
1d1rA,1uflA,0.43783,0.49887,0.36583,0.42074,0.639417290687561,0.7829002737998962,d.64.1.1,d.58.5.1,0.05491,P08245,P83820
1dhnA,1ygtA,0.38219,0.53362,0.38219,0.53362,0.6859993934631348,0.9322375059127808,d.96.1.3,,0.15143,P56740,Q94524
1dt4A,2cxcA,0.42435,0.51775,0.25597,0.32235,0.5971996784210205,0.8135154247283936,d.51.1.1,,0.06638,P51513,Q9YAU4
1gczA,1cbkA,0.45499,0.45499,0.37236,0.37236,0.6199434399604797,0.5240607261657715,d.80.1.3,d.58.30.1,0.0,P14174,P43777
1i5dA,2akpA,0.43413,0.54405,0.43413,0.54405,0.8879339694976807,0.9017002582550048,d.122.1.3,,0.10992,Q56310,P02829
1is7K,1kafA,0.42594,0.55025,0.35986,0.46571,0.5354005098342896,0.8073710203170776,d.205.1.1,d.199.1.1,0.10585,P70552,P22915
1j27A,1cbkA,0.53649,0.71181,0.37988,0.46854,0.5013149380683899,0.7704338431358337,d.58.50.1,d.58.30.1,0.08866,Q84BR1,P43777
1j27A,2nyiA,0.55998,0.63929,0.37028,0.41468,0.6954642534255981,0.8939998745918274,d.58.50.1,,0.0443999999999999,Q84BR1,J3QW32
1j27A,1rtzA,0.5747,0.71988,0.40511,0.49673,0.544920802116394,0.7726450562477112,d.58.50.1,d.58.30.1,0.0916199999999999,Q84BR1,P26281
1j27A,1dy3A,0.54897,0.71681,0.38778,0.47468,0.5294546484947205,0.7639429569244385,d.58.50.1,d.58.30.1,0.0868999999999999,Q84BR1,P26281
1j27A,1hq2A,0.54517,0.71775,0.38651,0.47424,0.5250195860862732,0.7697454690933228,d.58.50.1,d.58.30.1,0.0877299999999999,Q84BR1,P26281
1j27A,1f9hA,0.5461,0.71743,0.38696,0.47403,0.5231401920318604,0.7676246166229248,d.58.50.1,d.58.30.1,0.0870699999999999,Q84BR1,P26281
1j27A,1tmjA,0.56234,0.73484,0.39496,0.48668,0.5110479593276978,0.7966376543045044,d.58.50.1,d.58.30.1,0.09172,Q84BR1,P26281
1j27A,2bkyA,0.37124,0.48032,0.37124,0.48032,0.4377287030220032,0.6083000302314758,d.58.50.1,d.68.6.1,0.10908,Q84BR1,P60849
1j27A,1h0xA,0.37502,0.47943,0.37502,0.47943,0.4486764669418335,0.5922142267227173,d.58.50.1,d.68.6.1,0.10441,Q84BR1,P60849
1j27A,1nfhA,0.36752,0.47112,0.36752,0.47112,0.4505347907543182,0.5641459226608276,d.58.50.1,d.68.6.1,0.1035999999999999,Q84BR1,O28323
1louA,1i3qK,0.4045,0.5667,0.36348,0.49711,0.4854896664619446,0.857811689376831,d.58.14.1,d.74.3.2,0.1336299999999999,P23370,P38902
1louA,1xppA,0.39675,0.53551,0.39146,0.527,0.4785104095935821,0.841600775718689,d.58.14.1,d.74.3.2,0.13554,P23370,Q9HIC5
1louA,2fb0A,0.50164,0.50164,0.50164,0.50164,0.8141270875930786,0.9460503458976746,d.58.14.1,,0.0,P23370,Q8A7U6
1mfiA,1qjhA,0.50524,0.52057,0.50524,0.52057,0.8073077201843262,0.5902277231216431,d.80.1.3,d.58.14.1,0.0153299999999999,P34884,P23370
1mwqA,1kr4A,0.49528,0.55682,0.46994,0.52596,0.8399472832679749,0.7316186428070068,d.58.4.7,d.58.5.2,0.0560199999999999,P44887,Q9X0E6
1mwqA,1j2vA,0.48894,0.52803,0.48562,0.52423,0.791861891746521,0.7076956629753113,d.58.4.7,d.58.5.2,0.0386099999999999,P44887,O58720
1mwwA,2ifxA,0.4024,0.4024,0.4024,0.4024,0.8045125007629395,0.5823801159858704,d.80.1.4,d.58.4.19,0.0,O86237,O51799
1o51A,2f1fA,0.60973,0.60973,0.37014,0.37014,0.8741657733917236,0.891281008720398,d.58.5.4,d.58.18.6,0.0,Q9WXM9,P00894
1o5jA,1pchA,0.43356,0.45617,0.43356,0.45617,0.7086186408996582,0.5708423852920532,d.58.5.2,d.94.1.1,0.02261,Q9X0E6,P45611
1o5jA,1y4yA,0.42589,0.42589,0.42589,0.42589,0.7107295989990234,0.5650710463523865,d.58.5.2,d.94.1.1,0.0,Q9X0E6,P42013
1o5jA,1mwqA,0.50402,0.54668,0.50402,0.54668,0.8312100768089294,0.7217506766319275,d.58.5.2,d.58.4.7,0.04266,Q9X0E6,P44887
1q8bA,2nyiA,0.54191,0.64141,0.34403,0.37855,0.7104418277740479,0.9260462522506714,d.58.4.6,,0.0345199999999999,O31641,J3QW32
1q8bA,1zpvA,0.50256,0.50256,0.50256,0.50256,0.7541344165802002,0.9379234910011292,d.58.4.6,d.58.18.7,0.0,O31641,P67382
1qjhA,1xkpB,0.42638,0.6088,0.36275,0.5061,0.4930371046066284,0.7509970664978027,d.58.14.1,d.198.1.1,0.1433499999999999,P23370,P61380
1qjhA,1k6zA,0.42386,0.56898,0.35618,0.46936,0.5001077651977539,0.6917321681976318,d.58.14.1,d.198.1.1,0.11318,P23370,P31491
1qjhA,1jyaA,0.41699,0.57572,0.36282,0.49062,0.5118396878242493,0.7225962281227112,d.58.14.1,d.198.1.1,0.1278,P23370,P31491
1qjhA,1i3qK,0.42197,0.57605,0.36766,0.48896,0.5036787390708923,0.8977951407432556,d.58.14.1,d.74.3.2,0.1213,P23370,P38902
1qy7A,2bxjA,0.50614,0.50614,0.50614,0.50614,0.8501151204109192,0.7910352945327759,d.58.5.1,d.58.14.1,0.0,P0A3F4,P23370
1r62A,1usmA,0.28388,0.34632,0.28388,0.34632,0.5461233258247375,0.7147901058197021,d.122.1.3,d.74.1.1,0.0624399999999999,P0AFB5,P83819
1r62A,1usoA,0.27792,0.3504,0.27792,0.3504,0.5207028985023499,0.7359839081764221,d.122.1.3,d.74.1.1,0.0724799999999999,P0AFB5,Q5SHC7
1r62A,1vhfA,0.34882,0.38802,0.34882,0.38802,0.439382940530777,0.5557517409324646,d.122.1.3,d.58.5.2,0.0391999999999999,P0AFB5,Q9X0E6
1r62A,1ru0A,0.31502,0.35219,0.31502,0.35219,0.5399884581565857,0.701551616191864,d.122.1.3,d.74.1.1,0.0371699999999999,P0AFB5,Q9CZL5
1r62A,2acyA,0.29717,0.37203,0.29717,0.37203,0.4333342909812927,0.7902133464813232,d.122.1.3,d.58.10.1,0.07486,P0AFB5,P41500
1r62A,1v3zA,0.29292,0.39763,0.29292,0.39763,0.4219622910022735,0.7660411596298218,d.122.1.3,d.58.10.1,0.1047099999999999,P0AFB5,P84142
1r62A,2bjdA,0.30568,0.39563,0.30568,0.39563,0.4154607057571411,0.7756502032279968,d.122.1.3,d.58.10.0,0.0899499999999999,P0AFB5,Q97ZL0
1r62A,2dclA,0.34559,0.40777,0.34559,0.40777,0.5011100172996521,0.6413674354553223,d.122.1.3,d.58.5.0,0.06218,P0AFB5,O59172
1r62A,1ulrA,0.30498,0.39937,0.30498,0.39937,0.4100313484668731,0.7554401159286499,d.122.1.3,d.58.10.1,0.09439,P0AFB5,Q5SKS6
1r62A,1urrA,0.29652,0.37747,0.29652,0.37747,0.4262267351150512,0.7987384796142578,d.122.1.3,d.58.10.1,0.08095,P0AFB5,Q9VF36
1r62A,1dchA,0.32724,0.32724,0.32724,0.32724,0.547018826007843,0.7107862234115601,d.122.1.3,d.74.1.1,0.0,P0AFB5,P61459
1s14A,1ys3A,0.4033,0.54584,0.4033,0.54584,0.9147007465362548,0.935410499572754,d.122.1.2,d.122.1.3,0.14254,P20083,P9WGK7
1s14A,1id0A,0.38773,0.57133,0.38773,0.57133,0.8863378763198853,0.9304318428039552,d.122.1.2,d.122.1.3,0.1835999999999999,P20083,P23837
1s72X,1o22A,0.38826,0.4449,0.252,0.29726,0.3972165286540985,0.6385729312896729,d.29.1.1,d.238.1.1,0.04526,P18138,Q9WZX8
1ukuA,1mwqA,0.51588,0.51588,0.51588,0.51588,0.8352018594741821,0.7213537693023682,d.58.5.2,d.58.4.7,0.0,O58720,P44887
1ulrA,1f9hA,0.55938,0.65221,0.36366,0.40846,0.6697756052017212,0.6875488758087158,d.58.10.1,d.58.30.1,0.0448,Q5SKS6,P26281
1ulrA,1hq2A,0.55848,0.65292,0.36336,0.40829,0.6740835309028625,0.690650224685669,d.58.10.1,d.58.30.1,0.0449299999999999,Q5SKS6,P26281
1ulrA,1dy3A,0.55462,0.64458,0.36141,0.40422,0.6787458658218384,0.6862953305244446,d.58.10.1,d.58.30.1,0.04281,Q5SKS6,P26281
1ulrA,1cbkA,0.55492,0.6315,0.35769,0.39534,0.649643063545227,0.7262355089187622,d.58.10.1,d.58.30.1,0.03765,Q5SKS6,P43777
1usmA,1lxnA,0.49062,0.53661,0.42451,0.46396,0.5650840997695923,0.7860704660415649,d.74.1.1,d.58.48.1,0.0394499999999999,P83819,O27255
1usmA,1lxjA,0.48291,0.58942,0.40445,0.48227,0.4333346486091614,0.7940444946289062,d.74.1.1,d.58.48.1,0.07782,P83819,P35195
1usoA,1lxnA,0.47409,0.59233,0.40978,0.50184,0.5905357003211975,0.8135685324668884,d.74.1.1,d.58.48.1,0.0920599999999999,Q5SHC7,O27255
1usoA,1lxjA,0.47739,0.58044,0.39302,0.4722,0.4616411626338959,0.8252815008163452,d.74.1.1,d.58.48.1,0.07918,Q5SHC7,P35195
1utaA,1uawA,0.50038,0.52639,0.50038,0.52639,0.7702707052230835,0.8733484745025635,d.58.52.1,d.58.7.1,0.0260099999999999,P29131,Q61474
1uv7A,1zpvA,0.55597,0.62923,0.51549,0.58704,0.4528693556785583,0.9553146958351136,d.67.4.1,d.58.18.7,0.07155,P41851,P67382
1uv7A,2acyA,0.57217,0.58942,0.46883,0.48758,0.3069041669368744,0.7757006883621216,d.67.4.1,d.58.10.1,0.0187499999999999,P41851,P41500
1uv7A,1v3zA,0.53246,0.5835,0.46301,0.51301,0.2911425232887268,0.7554917931556702,d.67.4.1,d.58.10.1,0.0499999999999999,P41851,P84142
1uv7A,2bjdA,0.54182,0.58676,0.46955,0.51828,0.2934097051620483,0.8061671853065491,d.67.4.1,d.58.10.0,0.0487299999999999,P41851,Q97ZL0
1vjqA,1ulrA,0.53019,0.57741,0.4714,0.50097,0.8712183237075806,0.7528760433197021,k.43.1.1,d.58.10.1,0.02957,,Q5SKS6
1vjqA,2cz4A,0.61831,0.64835,0.48204,0.50521,0.9330002665519714,0.9160333871841432,k.43.1.1,d.58.5.1,0.02317,,Q5SKX7
1vjqA,1gnkA,0.60136,0.60136,0.47385,0.47385,0.8822776079177856,0.8983041048049927,k.43.1.1,d.58.5.1,0.0,,P0AC55
1vr7A,2aalA,0.41117,0.41117,0.39008,0.39008,0.5215815305709839,0.5918748378753662,d.156.1.2,d.80.1.6,0.0,Q9WZC3,Q9EV83
1wwjA,1cgqA,0.42535,0.42535,0.38747,0.38747,0.7022644877433777,0.7105741500854492,c.47.1.15,d.80.1.3,0.0,P74645,P14174
1wwjA,1mffA,0.4206,0.4206,0.38456,0.38456,0.7214846014976501,0.7101253271102905,c.47.1.15,d.80.1.3,0.0,P74645,P34884
1xk8A,1opdA,0.3585,0.39649,0.3585,0.39649,0.7677155137062073,0.5192763209342957,d.58.5.2,d.94.1.1,0.03799,O60888,P0AA04
1xk8A,1pchA,0.37806,0.45397,0.37806,0.45397,0.7455520629882812,0.5434169769287109,d.58.5.2,d.94.1.1,0.0759099999999999,O60888,P45611
1xk8A,1y4yA,0.38095,0.38095,0.38095,0.38095,0.7487697601318359,0.5410815477371216,d.58.5.2,d.94.1.1,0.0,O60888,P42013
1ygtA,2dttA,0.40773,0.57367,0.4047,0.5695,0.6054242849349976,0.9386852979660034,,d.96.1.0,0.1648,Q94524,O58368
1yrxA,1nxiA,0.42781,0.44677,0.39561,0.41227,0.6974515318870544,0.7014341354370117,d.58.10.2,d.58.47.1,0.01666,Q53119,Q9KUU1
1z9wA,1ygtA,0.3792,0.55247,0.3792,0.55247,0.6505625247955322,0.9089103937149048,d.96.1.3,,0.17327,P9WNC5,Q94524
1zhvA,1ulrA,0.36357,0.41892,0.36357,0.41892,0.6788859963417053,0.8308647871017456,d.58.18.8,d.58.10.1,0.05535,A9CJY8,Q5SKS6
1zhvA,1gnkA,0.34934,0.43281,0.34934,0.43281,0.640740156173706,0.8477317690849304,d.58.18.8,d.58.5.1,0.0834699999999999,A9CJY8,P0AC55
1zhvA,1x5pA,0.32841,0.40675,0.32841,0.40675,0.6899461150169373,0.9020927548408508,d.58.18.8,d.58.7.1,0.07834,A9CJY8,P18615
1zpvA,1j27A,0.57487,0.70217,0.51389,0.61356,0.730032205581665,0.880658745765686,d.58.18.7,d.58.50.1,0.09967,P67382,Q84BR1
1zpvA,2id1A,0.50938,0.52814,0.40173,0.41603,0.5165744423866272,0.595698356628418,d.58.18.7,d.218.1.12,0.0143,P67382,Q7P0P8
1ztgA,2cxcA,0.40592,0.41434,0.26545,0.27724,0.5975256562232971,0.7721309661865234,d.51.1.1,,0.0117899999999999,Q15365,Q9YAU4
2a10A,2b8pA,0.51267,0.54404,0.44337,0.47008,0.8369770646095276,0.8343001008033752,d.58.56.1,d.58.6.1,0.02671,P73407,Q5UQL3
2a10A,2b8qA,0.52158,0.55604,0.4394,0.47053,0.7718378305435181,0.8427725434303284,d.58.56.1,d.58.6.1,0.0311299999999999,P73407,Q5UQL3
2a10A,1ehwA,0.54928,0.56308,0.44193,0.44763,0.7963721752166748,0.7798527479171753,d.58.56.1,d.58.6.1,0.0056999999999999,P73407,O00746
2a10A,1b4sA,0.60499,0.60499,0.4597,0.4597,0.7713266611099243,0.7797664403915405,d.58.56.1,d.58.6.1,0.0,P73407,P22887
2a10A,1u8wA,0.59408,0.59408,0.45887,0.45887,0.7611035108566284,0.7666581869125366,d.58.56.1,d.58.6.1,0.0,P73407,P39207
2a10A,1npkA,0.60522,0.60522,0.45985,0.45985,0.7771801352500916,0.7727738618850708,d.58.56.1,d.58.6.1,0.0,P73407,P22887
2a1bA,2b8pA,0.51373,0.55039,0.43651,0.46475,0.8532596826553345,0.7882701754570007,d.58.56.1,d.58.6.1,0.0282399999999999,P72761,Q5UQL3
2aj0A,2nptB,0.3506,0.32219,0.32134,0.29971,0.430361807346344,0.5809440612792969,,d.15.2.2,-0.02163,Q60048,Q9Y2U5
2bvzA,1i3qK,0.40487,0.56426,0.36381,0.49583,0.4876805245876312,0.8557353615760803,d.58.14.1,d.74.3.2,0.1320199999999999,P23370,P38902
2bvzA,1xppA,0.39634,0.54134,0.39105,0.53263,0.4813806116580963,0.8391352891921997,d.58.14.1,d.74.3.2,0.14158,P23370,Q9HIC5
2bvzA,2fb0A,0.5093,0.56186,0.5093,0.56186,0.8141904473304749,0.9447165727615356,d.58.14.1,,0.05256,P23370,Q8A7U6
2bxjA,1k6zA,0.40845,0.55349,0.35514,0.47624,0.4774844050407409,0.6133778095245361,d.58.14.1,d.198.1.1,0.1210999999999999,P23370,P31491
2bxjA,2fb0A,0.49678,0.49678,0.49678,0.49678,0.8012526035308838,0.926910400390625,d.58.14.1,,0.0,P23370,Q8A7U6
2bxjA,1n5bA,0.42394,0.56448,0.35165,0.46421,0.4846114814281463,0.6464040279388428,d.58.14.1,d.198.1.1,0.11256,P23370,P31490
2bxjA,1i3qK,0.40512,0.55713,0.36604,0.493,0.4882142841815948,0.8361588716506958,d.58.14.1,d.74.3.2,0.12696,P23370,P38902
2cz4A,1cqmA,0.5774,0.57855,0.5774,0.57855,0.8265913724899292,0.7835420370101929,d.58.5.1,d.58.14.1,0.0011499999999999,Q5SKX7,Q5SLP8
2cz4A,1louA,0.57508,0.58126,0.57508,0.58126,0.8227235078811646,0.7873827219009399,d.58.5.1,d.58.14.1,0.0061799999999999,Q5SKX7,P23370
2d5rB,2iycA,0.35229,0.34518,0.22268,0.21794,0.6167845129966736,0.6732667088508606,d.370.1.1,d.3.1.7,-0.0047399999999999,P50616,Q9P0U3
2dirA,1ao3A,0.39256,0.49525,0.24868,0.30672,0.4774366021156311,0.593368649482727,d.308.1.3,c.62.1.1,0.0580399999999999,Q9NXG2,P04275
2dttA,2gjvA,0.36299,0.36299,0.30417,0.30417,0.5726205110549927,0.7011715769767761,d.96.1.0,d.323.1.2,0.0,O58368,Q8ZKJ0
2dttA,1askA,0.30986,0.38987,0.27939,0.34792,0.4545297026634216,0.5289548635482788,d.96.1.0,d.17.4.2,0.0685299999999999,O58368,P61972
2dttA,1ar0A,0.31813,0.39021,0.28763,0.34897,0.4531396925449371,0.5297151207923889,d.96.1.0,d.17.4.2,0.06134,O58368,P61972
2f40A,2u1aA,0.57616,0.57616,0.51571,0.51571,0.9648135900497437,0.9146415591239928,i.11.1.1,d.58.7.1,0.0,Q8U0X6,P09012
2fhmA,1f9hA,0.55421,0.6662,0.37158,0.42124,0.6552351117134094,0.7167235612869263,d.58.10.0,d.58.30.1,0.0496599999999999,O35031,P26281
2fhmA,1hq2A,0.55234,0.67333,0.37104,0.42381,0.6592968702316284,0.7196488380432129,d.58.10.0,d.58.30.1,0.05277,O35031,P26281
2fhmA,1dy3A,0.55125,0.66668,0.36968,0.42062,0.6625460982322693,0.7166385650634766,d.58.10.0,d.58.30.1,0.0509399999999999,O35031,P26281
2gjfA,1uv7A,0.51809,0.58508,0.5089,0.575,0.4018392860889435,0.9433574676513672,,d.67.4.1,0.0660999999999999,,P41851
2gjfA,2bjdA,0.55104,0.55104,0.48493,0.48493,0.7306949496269226,0.7015637755393982,,d.58.10.0,0.0,,Q97ZL0
2gjvA,1rtzA,0.391,0.51342,0.36332,0.47049,0.4726924896240234,0.7523496150970459,d.323.1.2,d.58.30.1,0.10717,Q8ZKJ0,P26281
2gskB,1rfeA,0.30406,0.46328,0.19912,0.29561,0.4976688027381897,0.616729736328125,d.212.1.2,b.45.1.1,0.0964899999999999,P02929,O53240
2ia9A,1z54A,0.28595,0.43832,0.23176,0.33676,0.3731506466865539,0.555988073348999,d.366.1.1,d.38.1.1,0.105,P28015,Q5SJV0
2ia9A,2cyeA,0.29195,0.4624,0.23613,0.35714,0.3797287940979004,0.5687218308448792,d.366.1.1,d.38.1.1,0.12101,P28015,Q5SH84
2ifxA,2ns1B,0.45049,0.45049,0.41738,0.41738,0.6810944080352783,0.7806460857391357,d.58.4.19,d.58.5.1,0.0,O51799,P0AC55
2iqqA,1s1hK,0.34014,0.44486,0.34014,0.44486,0.3184911608695984,0.898196816444397,d.81.2.1,i.1.1.1,0.1047199999999999,Q5ZXE1,
2ivyA,2ak7A,0.34006,0.34006,0.34006,0.34006,0.7050322890281677,0.7026746273040771,d.58.58.1,d.94.1.1,0.0,Q97YC2,O06976
2o3bB,1cbkA,0.31563,0.42959,0.28185,0.37932,0.5130451321601868,0.5337590575218201,d.221.1.1,d.58.30.1,0.09747,,P43777
1xj4A,1udiI,0.31972,0.31972,0.31972,0.31972,0.590125322341919,0.7399691939353943,d.110.3.2,d.17.5.1,0.0,P23222,P14739
1xo1A,1x92A,0.28086,0.32724,0.28086,0.32724,0.584908127784729,0.7276303172111511,a.60.7.1,c.80.1.3,0.0463799999999999,P06229,Q9HVZ0
1ne9A,2hv2A,0.47437,0.58842,0.4309,0.52972,0.8245363235473633,0.9666754007339478,d.108.1.4,d.106.1.4,0.0988199999999999,Q9EY50,Q836T6
1ne9A,2i00A,0.45958,0.57789,0.40587,0.50476,0.856810986995697,0.9736183881759644,d.108.1.4,d.106.1.4,0.0988899999999999,Q9EY50,Q831Y9
1xe4A,2hv2A,0.47581,0.59132,0.43224,0.53209,0.8324164152145386,0.9693199396133424,d.108.1.4,d.106.1.4,0.0998499999999999,Q9EY50,Q836T6
1xe4A,2i00A,0.45702,0.58056,0.40431,0.50684,0.8603626489639282,0.974862813949585,d.108.1.4,d.106.1.4,0.1025299999999999,Q9EY50,Q831Y9
1xf8A,2hv2A,0.47354,0.59084,0.43024,0.53167,0.8353433609008789,0.9656630158424376,d.108.1.4,d.106.1.4,0.1014299999999999,Q9EY50,Q836T6
1xf8A,2i00A,0.45886,0.58051,0.40551,0.5068,0.8607620000839233,0.9710348844528198,d.108.1.4,d.106.1.4,0.10129,Q9EY50,Q831Y9
2ab5A,1mowA,0.60886,0.66448,0.60886,0.66448,0.942900002002716,0.9730792045593262,d.95.2.0,d.95.2.1,0.05562,Q9ZZW7,P05725
